
===========================================================================
report_checks -path_delay max (Setup)
============================================================================
======================= max_ss_100C_1v60 Corner ===================================

Startpoint: _0796_ (rising edge-triggered flip-flop clocked by clk)
Endpoint: PSEL1 (output port clocked by clk)
Path Group: clk
Path Type: max

Fanout         Cap        Slew       Delay        Time   Description
---------------------------------------------------------------------------------------------
                                  0.000000    0.000000   clock clk (rise edge)
                                  0.000000    0.000000   clock source latency
     1    0.016751    0.127641    0.086648    0.086648 ^ clk (in)
                                                         clk (net)
                      0.127675    0.000000    0.086648 ^ clkbuf_0_clk/A (sky130_fd_sc_hd__clkbuf_16)
     2    0.019248    0.066503    0.246637    0.333285 ^ clkbuf_0_clk/X (sky130_fd_sc_hd__clkbuf_16)
                                                         clknet_0_clk (net)
                      0.066503    0.001119    0.334405 ^ clkbuf_1_1__f_clk/A (sky130_fd_sc_hd__clkbuf_16)
    10    0.034153    0.086226    0.239644    0.574048 ^ clkbuf_1_1__f_clk/X (sky130_fd_sc_hd__clkbuf_16)
                                                         clknet_1_1__leaf_clk (net)
                      0.086251    0.001395    0.575443 ^ _0796_/CLK (sky130_fd_sc_hd__dfrtp_1)
     5    0.015408    0.179603    0.856497    1.431941 v _0796_/Q (sky130_fd_sc_hd__dfrtp_1)
                                                         current_state[1] (net)
                      0.179603    0.000539    1.432479 v fanout242/A (sky130_fd_sc_hd__clkbuf_2)
    10    0.028278    0.202066    0.358764    1.791243 v fanout242/X (sky130_fd_sc_hd__clkbuf_2)
                                                         net242 (net)
                      0.202079    0.001785    1.793028 v _0438_/A (sky130_fd_sc_hd__or4b_4)
     6    0.020837    0.208782    1.202428    2.995456 v _0438_/X (sky130_fd_sc_hd__or4b_4)
                                                         _0125_ (net)
                      0.208787    0.001440    2.996897 v _0439_/A (sky130_fd_sc_hd__inv_2)
     1    0.004929    0.074951    0.133820    3.130717 ^ _0439_/Y (sky130_fd_sc_hd__inv_2)
                                                         net88 (net)
                      0.074952    0.000376    3.131093 ^ fanout181/A (sky130_fd_sc_hd__clkbuf_2)
     8    0.032010    0.276326    0.341909    3.473002 ^ fanout181/X (sky130_fd_sc_hd__clkbuf_2)
                                                         net181 (net)
                      0.276329    0.001356    3.474358 ^ fanout180/A (sky130_fd_sc_hd__clkbuf_4)
    10    0.053114    0.261681    0.480926    3.955284 ^ fanout180/X (sky130_fd_sc_hd__clkbuf_4)
                                                         net180 (net)
                      0.261753    0.004237    3.959521 ^ _0443_/A (sky130_fd_sc_hd__nor2_2)
     6    0.026284    0.138223    0.223572    4.183093 v _0443_/Y (sky130_fd_sc_hd__nor2_2)
                                                         _0129_ (net)
                      0.138236    0.001433    4.184525 v _0446_/A2 (sky130_fd_sc_hd__a211oi_1)
     1    0.007431    0.513086    0.583283    4.767808 ^ _0446_/Y (sky130_fd_sc_hd__a211oi_1)
                                                         net67 (net)
                      0.513087    0.000607    4.768415 ^ output67/A (sky130_fd_sc_hd__buf_2)
     1    0.036600    0.291266    0.539086    5.307501 ^ output67/X (sky130_fd_sc_hd__buf_2)
                                                         PSEL1 (net)
                      0.291280    0.002277    5.309778 ^ PSEL1 (out)
                                              5.309778   data arrival time

                                 20.000000   20.000000   clock clk (rise edge)
                                  0.000000   20.000000   clock network delay (propagated)
                                 -0.250000   19.750002   clock uncertainty
                                  0.000000   19.750002   clock reconvergence pessimism
                                 -4.000000   15.750001   output external delay
                                             15.750001   data required time
---------------------------------------------------------------------------------------------
                                             15.750001   data required time
                                             -5.309778   data arrival time
---------------------------------------------------------------------------------------------
                                             10.440223   slack (MET)


Startpoint: _0796_ (rising edge-triggered flip-flop clocked by clk)
Endpoint: PSEL3 (output port clocked by clk)
Path Group: clk
Path Type: max

Fanout         Cap        Slew       Delay        Time   Description
---------------------------------------------------------------------------------------------
                                  0.000000    0.000000   clock clk (rise edge)
                                  0.000000    0.000000   clock source latency
     1    0.016751    0.127641    0.086648    0.086648 ^ clk (in)
                                                         clk (net)
                      0.127675    0.000000    0.086648 ^ clkbuf_0_clk/A (sky130_fd_sc_hd__clkbuf_16)
     2    0.019248    0.066503    0.246637    0.333285 ^ clkbuf_0_clk/X (sky130_fd_sc_hd__clkbuf_16)
                                                         clknet_0_clk (net)
                      0.066503    0.001119    0.334405 ^ clkbuf_1_1__f_clk/A (sky130_fd_sc_hd__clkbuf_16)
    10    0.034153    0.086226    0.239644    0.574048 ^ clkbuf_1_1__f_clk/X (sky130_fd_sc_hd__clkbuf_16)
                                                         clknet_1_1__leaf_clk (net)
                      0.086251    0.001395    0.575443 ^ _0796_/CLK (sky130_fd_sc_hd__dfrtp_1)
     5    0.015408    0.179603    0.856497    1.431941 v _0796_/Q (sky130_fd_sc_hd__dfrtp_1)
                                                         current_state[1] (net)
                      0.179603    0.000539    1.432479 v fanout242/A (sky130_fd_sc_hd__clkbuf_2)
    10    0.028278    0.202066    0.358764    1.791243 v fanout242/X (sky130_fd_sc_hd__clkbuf_2)
                                                         net242 (net)
                      0.202079    0.001785    1.793028 v _0438_/A (sky130_fd_sc_hd__or4b_4)
     6    0.020837    0.208782    1.202428    2.995456 v _0438_/X (sky130_fd_sc_hd__or4b_4)
                                                         _0125_ (net)
                      0.208787    0.001440    2.996897 v _0439_/A (sky130_fd_sc_hd__inv_2)
     1    0.004929    0.074951    0.133820    3.130717 ^ _0439_/Y (sky130_fd_sc_hd__inv_2)
                                                         net88 (net)
                      0.074952    0.000376    3.131093 ^ fanout181/A (sky130_fd_sc_hd__clkbuf_2)
     8    0.032010    0.276326    0.341909    3.473002 ^ fanout181/X (sky130_fd_sc_hd__clkbuf_2)
                                                         net181 (net)
                      0.276329    0.001356    3.474358 ^ fanout180/A (sky130_fd_sc_hd__clkbuf_4)
    10    0.053114    0.261681    0.480926    3.955284 ^ fanout180/X (sky130_fd_sc_hd__clkbuf_4)
                                                         net180 (net)
                      0.261753    0.004237    3.959521 ^ _0443_/A (sky130_fd_sc_hd__nor2_2)
     6    0.026284    0.138223    0.223572    4.183093 v _0443_/Y (sky130_fd_sc_hd__nor2_2)
                                                         _0129_ (net)
                      0.138237    0.001465    4.184558 v _0445_/B (sky130_fd_sc_hd__nand2_1)
     4    0.009497    0.161749    0.199117    4.383675 ^ _0445_/Y (sky130_fd_sc_hd__nand2_1)
                                                         _0131_ (net)
                      0.161749    0.000262    4.383937 ^ _0448_/C (sky130_fd_sc_hd__and3b_1)
     1    0.005956    0.128911    0.384297    4.768234 ^ _0448_/X (sky130_fd_sc_hd__and3b_1)
                                                         net69 (net)
                      0.128911    0.000436    4.768671 ^ output69/A (sky130_fd_sc_hd__buf_2)
     1    0.036549    0.289505    0.382014    5.150684 ^ output69/X (sky130_fd_sc_hd__buf_2)
                                                         PSEL3 (net)
                      0.289519    0.002254    5.152938 ^ PSEL3 (out)
                                              5.152938   data arrival time

                                 20.000000   20.000000   clock clk (rise edge)
                                  0.000000   20.000000   clock network delay (propagated)
                                 -0.250000   19.750002   clock uncertainty
                                  0.000000   19.750002   clock reconvergence pessimism
                                 -4.000000   15.750001   output external delay
                                             15.750001   data required time
---------------------------------------------------------------------------------------------
                                             15.750001   data required time
                                             -5.152938   data arrival time
---------------------------------------------------------------------------------------------
                                             10.597063   slack (MET)


Startpoint: _0796_ (rising edge-triggered flip-flop clocked by clk)
Endpoint: PSEL2 (output port clocked by clk)
Path Group: clk
Path Type: max

Fanout         Cap        Slew       Delay        Time   Description
---------------------------------------------------------------------------------------------
                                  0.000000    0.000000   clock clk (rise edge)
                                  0.000000    0.000000   clock source latency
     1    0.016751    0.127641    0.086648    0.086648 ^ clk (in)
                                                         clk (net)
                      0.127675    0.000000    0.086648 ^ clkbuf_0_clk/A (sky130_fd_sc_hd__clkbuf_16)
     2    0.019248    0.066503    0.246637    0.333285 ^ clkbuf_0_clk/X (sky130_fd_sc_hd__clkbuf_16)
                                                         clknet_0_clk (net)
                      0.066503    0.001119    0.334405 ^ clkbuf_1_1__f_clk/A (sky130_fd_sc_hd__clkbuf_16)
    10    0.034153    0.086226    0.239644    0.574048 ^ clkbuf_1_1__f_clk/X (sky130_fd_sc_hd__clkbuf_16)
                                                         clknet_1_1__leaf_clk (net)
                      0.086251    0.001395    0.575443 ^ _0796_/CLK (sky130_fd_sc_hd__dfrtp_1)
     5    0.015408    0.179603    0.856497    1.431941 v _0796_/Q (sky130_fd_sc_hd__dfrtp_1)
                                                         current_state[1] (net)
                      0.179603    0.000539    1.432479 v fanout242/A (sky130_fd_sc_hd__clkbuf_2)
    10    0.028278    0.202066    0.358764    1.791243 v fanout242/X (sky130_fd_sc_hd__clkbuf_2)
                                                         net242 (net)
                      0.202079    0.001785    1.793028 v _0438_/A (sky130_fd_sc_hd__or4b_4)
     6    0.020837    0.208782    1.202428    2.995456 v _0438_/X (sky130_fd_sc_hd__or4b_4)
                                                         _0125_ (net)
                      0.208787    0.001440    2.996897 v _0439_/A (sky130_fd_sc_hd__inv_2)
     1    0.004929    0.074951    0.133820    3.130717 ^ _0439_/Y (sky130_fd_sc_hd__inv_2)
                                                         net88 (net)
                      0.074952    0.000376    3.131093 ^ fanout181/A (sky130_fd_sc_hd__clkbuf_2)
     8    0.032010    0.276326    0.341909    3.473002 ^ fanout181/X (sky130_fd_sc_hd__clkbuf_2)
                                                         net181 (net)
                      0.276329    0.001356    3.474358 ^ fanout180/A (sky130_fd_sc_hd__clkbuf_4)
    10    0.053114    0.261681    0.480926    3.955284 ^ fanout180/X (sky130_fd_sc_hd__clkbuf_4)
                                                         net180 (net)
                      0.261753    0.004237    3.959521 ^ _0443_/A (sky130_fd_sc_hd__nor2_2)
     6    0.026284    0.138223    0.223572    4.183093 v _0443_/Y (sky130_fd_sc_hd__nor2_2)
                                                         _0129_ (net)
                      0.138237    0.001465    4.184558 v _0445_/B (sky130_fd_sc_hd__nand2_1)
     4    0.009497    0.161749    0.199117    4.383675 ^ _0445_/Y (sky130_fd_sc_hd__nand2_1)
                                                         _0131_ (net)
                      0.161749    0.000470    4.384145 ^ _0447_/B (sky130_fd_sc_hd__and3b_1)
     1    0.003740    0.099931    0.342249    4.726394 ^ _0447_/X (sky130_fd_sc_hd__and3b_1)
                                                         net68 (net)
                      0.099931    0.000223    4.726617 ^ output68/A (sky130_fd_sc_hd__buf_2)
     1    0.035311    0.280188    0.362101    5.088718 ^ output68/X (sky130_fd_sc_hd__buf_2)
                                                         PSEL2 (net)
                      0.280197    0.001910    5.090628 ^ PSEL2 (out)
                                              5.090628   data arrival time

                                 20.000000   20.000000   clock clk (rise edge)
                                  0.000000   20.000000   clock network delay (propagated)
                                 -0.250000   19.750002   clock uncertainty
                                  0.000000   19.750002   clock reconvergence pessimism
                                 -4.000000   15.750001   output external delay
                                             15.750001   data required time
---------------------------------------------------------------------------------------------
                                             15.750001   data required time
                                             -5.090628   data arrival time
---------------------------------------------------------------------------------------------
                                             10.659372   slack (MET)


Startpoint: _0796_ (rising edge-triggered flip-flop clocked by clk)
Endpoint: PSEL4 (output port clocked by clk)
Path Group: clk
Path Type: max

Fanout         Cap        Slew       Delay        Time   Description
---------------------------------------------------------------------------------------------
                                  0.000000    0.000000   clock clk (rise edge)
                                  0.000000    0.000000   clock source latency
     1    0.016751    0.127641    0.086648    0.086648 ^ clk (in)
                                                         clk (net)
                      0.127675    0.000000    0.086648 ^ clkbuf_0_clk/A (sky130_fd_sc_hd__clkbuf_16)
     2    0.019248    0.066503    0.246637    0.333285 ^ clkbuf_0_clk/X (sky130_fd_sc_hd__clkbuf_16)
                                                         clknet_0_clk (net)
                      0.066503    0.001119    0.334405 ^ clkbuf_1_1__f_clk/A (sky130_fd_sc_hd__clkbuf_16)
    10    0.034153    0.086226    0.239644    0.574048 ^ clkbuf_1_1__f_clk/X (sky130_fd_sc_hd__clkbuf_16)
                                                         clknet_1_1__leaf_clk (net)
                      0.086251    0.001395    0.575443 ^ _0796_/CLK (sky130_fd_sc_hd__dfrtp_1)
     5    0.015408    0.179603    0.856497    1.431941 v _0796_/Q (sky130_fd_sc_hd__dfrtp_1)
                                                         current_state[1] (net)
                      0.179603    0.000539    1.432479 v fanout242/A (sky130_fd_sc_hd__clkbuf_2)
    10    0.028278    0.202066    0.358764    1.791243 v fanout242/X (sky130_fd_sc_hd__clkbuf_2)
                                                         net242 (net)
                      0.202079    0.001785    1.793028 v _0438_/A (sky130_fd_sc_hd__or4b_4)
     6    0.020837    0.208782    1.202428    2.995456 v _0438_/X (sky130_fd_sc_hd__or4b_4)
                                                         _0125_ (net)
                      0.208787    0.001440    2.996897 v _0439_/A (sky130_fd_sc_hd__inv_2)
     1    0.004929    0.074951    0.133820    3.130717 ^ _0439_/Y (sky130_fd_sc_hd__inv_2)
                                                         net88 (net)
                      0.074952    0.000376    3.131093 ^ fanout181/A (sky130_fd_sc_hd__clkbuf_2)
     8    0.032010    0.276326    0.341909    3.473002 ^ fanout181/X (sky130_fd_sc_hd__clkbuf_2)
                                                         net181 (net)
                      0.276329    0.001356    3.474358 ^ fanout180/A (sky130_fd_sc_hd__clkbuf_4)
    10    0.053114    0.261681    0.480926    3.955284 ^ fanout180/X (sky130_fd_sc_hd__clkbuf_4)
                                                         net180 (net)
                      0.261753    0.004237    3.959521 ^ _0443_/A (sky130_fd_sc_hd__nor2_2)
     6    0.026284    0.138223    0.223572    4.183093 v _0443_/Y (sky130_fd_sc_hd__nor2_2)
                                                         _0129_ (net)
                      0.138237    0.001465    4.184558 v _0445_/B (sky130_fd_sc_hd__nand2_1)
     4    0.009497    0.161749    0.199117    4.383675 ^ _0445_/Y (sky130_fd_sc_hd__nand2_1)
                                                         _0131_ (net)
                      0.161749    0.000481    4.384155 ^ _0449_/C (sky130_fd_sc_hd__and3_1)
     1    0.002377    0.081319    0.326843    4.710998 ^ _0449_/X (sky130_fd_sc_hd__and3_1)
                                                         net70 (net)
                      0.081319    0.000159    4.711156 ^ output70/A (sky130_fd_sc_hd__buf_2)
     1    0.034240    0.272149    0.347882    5.059038 ^ output70/X (sky130_fd_sc_hd__buf_2)
                                                         PSEL4 (net)
                      0.272154    0.001629    5.060668 ^ PSEL4 (out)
                                              5.060668   data arrival time

                                 20.000000   20.000000   clock clk (rise edge)
                                  0.000000   20.000000   clock network delay (propagated)
                                 -0.250000   19.750002   clock uncertainty
                                  0.000000   19.750002   clock reconvergence pessimism
                                 -4.000000   15.750001   output external delay
                                             15.750001   data required time
---------------------------------------------------------------------------------------------
                                             15.750001   data required time
                                             -5.060668   data arrival time
---------------------------------------------------------------------------------------------
                                             10.689333   slack (MET)


Startpoint: _0796_ (rising edge-triggered flip-flop clocked by clk)
Endpoint: PWRITE (output port clocked by clk)
Path Group: clk
Path Type: max

Fanout         Cap        Slew       Delay        Time   Description
---------------------------------------------------------------------------------------------
                                  0.000000    0.000000   clock clk (rise edge)
                                  0.000000    0.000000   clock source latency
     1    0.016751    0.127641    0.086648    0.086648 ^ clk (in)
                                                         clk (net)
                      0.127675    0.000000    0.086648 ^ clkbuf_0_clk/A (sky130_fd_sc_hd__clkbuf_16)
     2    0.019248    0.066503    0.246637    0.333285 ^ clkbuf_0_clk/X (sky130_fd_sc_hd__clkbuf_16)
                                                         clknet_0_clk (net)
                      0.066503    0.001119    0.334405 ^ clkbuf_1_1__f_clk/A (sky130_fd_sc_hd__clkbuf_16)
    10    0.034153    0.086226    0.239644    0.574048 ^ clkbuf_1_1__f_clk/X (sky130_fd_sc_hd__clkbuf_16)
                                                         clknet_1_1__leaf_clk (net)
                      0.086251    0.001395    0.575443 ^ _0796_/CLK (sky130_fd_sc_hd__dfrtp_1)
     5    0.015408    0.179603    0.856497    1.431941 v _0796_/Q (sky130_fd_sc_hd__dfrtp_1)
                                                         current_state[1] (net)
                      0.179603    0.000539    1.432479 v fanout242/A (sky130_fd_sc_hd__clkbuf_2)
    10    0.028278    0.202066    0.358764    1.791243 v fanout242/X (sky130_fd_sc_hd__clkbuf_2)
                                                         net242 (net)
                      0.202079    0.001785    1.793028 v _0438_/A (sky130_fd_sc_hd__or4b_4)
     6    0.020837    0.208782    1.202428    2.995456 v _0438_/X (sky130_fd_sc_hd__or4b_4)
                                                         _0125_ (net)
                      0.208787    0.001440    2.996897 v _0439_/A (sky130_fd_sc_hd__inv_2)
     1    0.004929    0.074951    0.133820    3.130717 ^ _0439_/Y (sky130_fd_sc_hd__inv_2)
                                                         net88 (net)
                      0.074952    0.000376    3.131093 ^ fanout181/A (sky130_fd_sc_hd__clkbuf_2)
     8    0.032010    0.276326    0.341909    3.473002 ^ fanout181/X (sky130_fd_sc_hd__clkbuf_2)
                                                         net181 (net)
                      0.276329    0.001356    3.474358 ^ fanout180/A (sky130_fd_sc_hd__clkbuf_4)
    10    0.053114    0.261681    0.480926    3.955284 ^ fanout180/X (sky130_fd_sc_hd__clkbuf_4)
                                                         net180 (net)
                      0.261753    0.004237    3.959521 ^ _0443_/A (sky130_fd_sc_hd__nor2_2)
     6    0.026284    0.138223    0.223572    4.183093 v _0443_/Y (sky130_fd_sc_hd__nor2_2)
                                                         _0129_ (net)
                      0.138237    0.001465    4.184558 v _0445_/B (sky130_fd_sc_hd__nand2_1)
     4    0.009497    0.161749    0.199117    4.383675 ^ _0445_/Y (sky130_fd_sc_hd__nand2_1)
                                                         _0131_ (net)
                      0.161749    0.000438    4.384113 ^ _0450_/B (sky130_fd_sc_hd__and2_1)
     1    0.002247    0.072566    0.253480    4.637593 ^ _0450_/X (sky130_fd_sc_hd__and2_1)
                                                         net87 (net)
                      0.072566    0.000152    4.637745 ^ output87/A (sky130_fd_sc_hd__buf_2)
     1    0.034894    0.277023    0.347193    4.984938 ^ output87/X (sky130_fd_sc_hd__buf_2)
                                                         PWRITE (net)
                      0.277030    0.001805    4.986743 ^ PWRITE (out)
                                              4.986743   data arrival time

                                 20.000000   20.000000   clock clk (rise edge)
                                  0.000000   20.000000   clock network delay (propagated)
                                 -0.250000   19.750002   clock uncertainty
                                  0.000000   19.750002   clock reconvergence pessimism
                                 -4.000000   15.750001   output external delay
                                             15.750001   data required time
---------------------------------------------------------------------------------------------
                                             15.750001   data required time
                                             -4.986743   data arrival time
---------------------------------------------------------------------------------------------
                                             10.763257   slack (MET)


Startpoint: _0798_ (rising edge-triggered flip-flop clocked by clk)
Endpoint: rlast (output port clocked by clk)
Path Group: clk
Path Type: max

Fanout         Cap        Slew       Delay        Time   Description
---------------------------------------------------------------------------------------------
                                  0.000000    0.000000   clock clk (rise edge)
                                  0.000000    0.000000   clock source latency
     1    0.016751    0.127641    0.086648    0.086648 ^ clk (in)
                                                         clk (net)
                      0.127675    0.000000    0.086648 ^ clkbuf_0_clk/A (sky130_fd_sc_hd__clkbuf_16)
     2    0.019248    0.066503    0.246637    0.333285 ^ clkbuf_0_clk/X (sky130_fd_sc_hd__clkbuf_16)
                                                         clknet_0_clk (net)
                      0.066503    0.001119    0.334405 ^ clkbuf_1_1__f_clk/A (sky130_fd_sc_hd__clkbuf_16)
    10    0.034153    0.086226    0.239644    0.574048 ^ clkbuf_1_1__f_clk/X (sky130_fd_sc_hd__clkbuf_16)
                                                         clknet_1_1__leaf_clk (net)
                      0.086259    0.001564    0.575612 ^ _0798_/CLK (sky130_fd_sc_hd__dfrtp_1)
     3    0.014122    0.168883    0.847464    1.423076 v _0798_/Q (sky130_fd_sc_hd__dfrtp_1)
                                                         current_state[3] (net)
                      0.168883    0.000470    1.423546 v fanout240/A (sky130_fd_sc_hd__clkbuf_2)
    10    0.027531    0.197216    0.349885    1.773431 v fanout240/X (sky130_fd_sc_hd__clkbuf_2)
                                                         net240 (net)
                      0.197229    0.001749    1.775180 v _0453_/B (sky130_fd_sc_hd__or4bb_1)
     1    0.003642    0.181103    1.154404    2.929584 v _0453_/X (sky130_fd_sc_hd__or4bb_1)
                                                         _0133_ (net)
                      0.181103    0.000269    2.929852 v fanout187/A (sky130_fd_sc_hd__clkbuf_4)
    10    0.054445    0.203590    0.426885    3.356738 v fanout187/X (sky130_fd_sc_hd__clkbuf_4)
                                                         net187 (net)
                      0.203677    0.003908    3.360646 v _0454_/A (sky130_fd_sc_hd__inv_2)
    10    0.040555    0.299857    0.317360    3.678005 ^ _0454_/Y (sky130_fd_sc_hd__inv_2)
                                                         net109 (net)
                      0.299921    0.003677    3.681683 ^ _0455_/B (sky130_fd_sc_hd__and2_1)
     1    0.002735    0.079923    0.306662    3.988344 ^ _0455_/X (sky130_fd_sc_hd__and2_1)
                                                         net108 (net)
                      0.079923    0.000178    3.988523 ^ output108/A (sky130_fd_sc_hd__buf_2)
     1    0.034505    0.274114    0.348609    4.337132 ^ output108/X (sky130_fd_sc_hd__buf_2)
                                                         rlast (net)
                      0.274120    0.001671    4.338802 ^ rlast (out)
                                              4.338802   data arrival time

                                 20.000000   20.000000   clock clk (rise edge)
                                  0.000000   20.000000   clock network delay (propagated)
                                 -0.250000   19.750002   clock uncertainty
                                  0.000000   19.750002   clock reconvergence pessimism
                                 -4.000000   15.750001   output external delay
                                             15.750001   data required time
---------------------------------------------------------------------------------------------
                                             15.750001   data required time
                                             -4.338802   data arrival time
---------------------------------------------------------------------------------------------
                                             11.411199   slack (MET)


Startpoint: _0798_ (rising edge-triggered flip-flop clocked by clk)
Endpoint: rvalid (output port clocked by clk)
Path Group: clk
Path Type: max

Fanout         Cap        Slew       Delay        Time   Description
---------------------------------------------------------------------------------------------
                                  0.000000    0.000000   clock clk (rise edge)
                                  0.000000    0.000000   clock source latency
     1    0.016751    0.127641    0.086648    0.086648 ^ clk (in)
                                                         clk (net)
                      0.127675    0.000000    0.086648 ^ clkbuf_0_clk/A (sky130_fd_sc_hd__clkbuf_16)
     2    0.019248    0.066503    0.246637    0.333285 ^ clkbuf_0_clk/X (sky130_fd_sc_hd__clkbuf_16)
                                                         clknet_0_clk (net)
                      0.066503    0.001119    0.334405 ^ clkbuf_1_1__f_clk/A (sky130_fd_sc_hd__clkbuf_16)
    10    0.034153    0.086226    0.239644    0.574048 ^ clkbuf_1_1__f_clk/X (sky130_fd_sc_hd__clkbuf_16)
                                                         clknet_1_1__leaf_clk (net)
                      0.086259    0.001564    0.575612 ^ _0798_/CLK (sky130_fd_sc_hd__dfrtp_1)
     3    0.014122    0.168883    0.847464    1.423076 v _0798_/Q (sky130_fd_sc_hd__dfrtp_1)
                                                         current_state[3] (net)
                      0.168883    0.000470    1.423546 v fanout240/A (sky130_fd_sc_hd__clkbuf_2)
    10    0.027531    0.197216    0.349885    1.773431 v fanout240/X (sky130_fd_sc_hd__clkbuf_2)
                                                         net240 (net)
                      0.197229    0.001749    1.775180 v _0453_/B (sky130_fd_sc_hd__or4bb_1)
     1    0.003642    0.181103    1.154404    2.929584 v _0453_/X (sky130_fd_sc_hd__or4bb_1)
                                                         _0133_ (net)
                      0.181103    0.000269    2.929852 v fanout187/A (sky130_fd_sc_hd__clkbuf_4)
    10    0.054445    0.203590    0.426885    3.356738 v fanout187/X (sky130_fd_sc_hd__clkbuf_4)
                                                         net187 (net)
                      0.203677    0.003908    3.360646 v _0454_/A (sky130_fd_sc_hd__inv_2)
    10    0.040555    0.299857    0.317360    3.678005 ^ _0454_/Y (sky130_fd_sc_hd__inv_2)
                                                         net109 (net)
                      0.299952    0.004444    3.682449 ^ _1110_/A (sky130_fd_sc_hd__clkbuf_1)
     1    0.002599    0.071319    0.232276    3.914726 ^ _1110_/X (sky130_fd_sc_hd__clkbuf_1)
                                                         net110 (net)
                      0.071319    0.000177    3.914902 ^ output110/A (sky130_fd_sc_hd__buf_2)
     1    0.034481    0.273929    0.344537    4.259439 ^ output110/X (sky130_fd_sc_hd__buf_2)
                                                         rvalid (net)
                      0.273935    0.001670    4.261110 ^ rvalid (out)
                                              4.261110   data arrival time

                                 20.000000   20.000000   clock clk (rise edge)
                                  0.000000   20.000000   clock network delay (propagated)
                                 -0.250000   19.750002   clock uncertainty
                                  0.000000   19.750002   clock reconvergence pessimism
                                 -4.000000   15.750001   output external delay
                                             15.750001   data required time
---------------------------------------------------------------------------------------------
                                             15.750001   data required time
                                             -4.261110   data arrival time
---------------------------------------------------------------------------------------------
                                             11.488891   slack (MET)


Startpoint: _0798_ (rising edge-triggered flip-flop clocked by clk)
Endpoint: rresp (output port clocked by clk)
Path Group: clk
Path Type: max

Fanout         Cap        Slew       Delay        Time   Description
---------------------------------------------------------------------------------------------
                                  0.000000    0.000000   clock clk (rise edge)
                                  0.000000    0.000000   clock source latency
     1    0.016751    0.127641    0.086648    0.086648 ^ clk (in)
                                                         clk (net)
                      0.127675    0.000000    0.086648 ^ clkbuf_0_clk/A (sky130_fd_sc_hd__clkbuf_16)
     2    0.019248    0.066503    0.246637    0.333285 ^ clkbuf_0_clk/X (sky130_fd_sc_hd__clkbuf_16)
                                                         clknet_0_clk (net)
                      0.066503    0.001119    0.334405 ^ clkbuf_1_1__f_clk/A (sky130_fd_sc_hd__clkbuf_16)
    10    0.034153    0.086226    0.239644    0.574048 ^ clkbuf_1_1__f_clk/X (sky130_fd_sc_hd__clkbuf_16)
                                                         clknet_1_1__leaf_clk (net)
                      0.086259    0.001564    0.575612 ^ _0798_/CLK (sky130_fd_sc_hd__dfrtp_1)
     3    0.014122    0.168883    0.847464    1.423076 v _0798_/Q (sky130_fd_sc_hd__dfrtp_1)
                                                         current_state[3] (net)
                      0.168883    0.000470    1.423546 v fanout240/A (sky130_fd_sc_hd__clkbuf_2)
    10    0.027531    0.197216    0.349885    1.773431 v fanout240/X (sky130_fd_sc_hd__clkbuf_2)
                                                         net240 (net)
                      0.197229    0.001749    1.775180 v _0453_/B (sky130_fd_sc_hd__or4bb_1)
     1    0.003642    0.181103    1.154404    2.929584 v _0453_/X (sky130_fd_sc_hd__or4bb_1)
                                                         _0133_ (net)
                      0.181103    0.000269    2.929852 v fanout187/A (sky130_fd_sc_hd__clkbuf_4)
    10    0.054445    0.203590    0.426885    3.356738 v fanout187/X (sky130_fd_sc_hd__clkbuf_4)
                                                         net187 (net)
                      0.203677    0.003908    3.360646 v _0454_/A (sky130_fd_sc_hd__inv_2)
    10    0.040555    0.299857    0.317360    3.678005 ^ _0454_/Y (sky130_fd_sc_hd__inv_2)
                                                         net109 (net)
                      0.299917    0.003563    3.681569 ^ output109/A (sky130_fd_sc_hd__buf_2)
     1    0.034505    0.274741    0.445631    4.127200 ^ output109/X (sky130_fd_sc_hd__buf_2)
                                                         rresp (net)
                      0.274746    0.001671    4.128870 ^ rresp (out)
                                              4.128870   data arrival time

                                 20.000000   20.000000   clock clk (rise edge)
                                  0.000000   20.000000   clock network delay (propagated)
                                 -0.250000   19.750002   clock uncertainty
                                  0.000000   19.750002   clock reconvergence pessimism
                                 -4.000000   15.750001   output external delay
                                             15.750001   data required time
---------------------------------------------------------------------------------------------
                                             15.750001   data required time
                                             -4.128870   data arrival time
---------------------------------------------------------------------------------------------
                                             11.621131   slack (MET)


Startpoint: _0795_ (rising edge-triggered flip-flop clocked by clk)
Endpoint: PENABLE (output port clocked by clk)
Path Group: clk
Path Type: max

Fanout         Cap        Slew       Delay        Time   Description
---------------------------------------------------------------------------------------------
                                  0.000000    0.000000   clock clk (rise edge)
                                  0.000000    0.000000   clock source latency
     1    0.016751    0.127641    0.086648    0.086648 ^ clk (in)
                                                         clk (net)
                      0.127675    0.000000    0.086648 ^ clkbuf_0_clk/A (sky130_fd_sc_hd__clkbuf_16)
     2    0.019248    0.066503    0.246637    0.333285 ^ clkbuf_0_clk/X (sky130_fd_sc_hd__clkbuf_16)
                                                         clknet_0_clk (net)
                      0.066503    0.001230    0.334515 ^ clkbuf_1_0__f_clk/A (sky130_fd_sc_hd__clkbuf_16)
    10    0.028395    0.078341    0.231011    0.565526 ^ clkbuf_1_0__f_clk/X (sky130_fd_sc_hd__clkbuf_16)
                                                         clknet_1_0__leaf_clk (net)
                      0.078388    0.001758    0.567284 ^ _0795_/CLK (sky130_fd_sc_hd__dfrtp_1)
     2    0.009706    0.135589    0.804104    1.371388 v _0795_/Q (sky130_fd_sc_hd__dfrtp_1)
                                                         current_state[0] (net)
                      0.135589    0.000530    1.371918 v fanout243/A (sky130_fd_sc_hd__clkbuf_2)
    10    0.027212    0.195045    0.332742    1.704660 v fanout243/X (sky130_fd_sc_hd__clkbuf_2)
                                                         net243 (net)
                      0.195074    0.002362    1.707022 v _0399_/A (sky130_fd_sc_hd__or3b_1)
     4    0.012651    0.239873    1.040013    2.747035 v _0399_/X (sky130_fd_sc_hd__or3b_1)
                                                         _0102_ (net)
                      0.239873    0.000596    2.747632 v _0400_/B (sky130_fd_sc_hd__nor2_1)
     1    0.004119    0.171910    0.235613    2.983244 ^ _0400_/Y (sky130_fd_sc_hd__nor2_1)
                                                         _0103_ (net)
                      0.171910    0.000260    2.983505 ^ fanout183/A (sky130_fd_sc_hd__clkbuf_4)
     9    0.063081    0.304976    0.466122    3.449627 ^ fanout183/X (sky130_fd_sc_hd__clkbuf_4)
                                                         net183 (net)
                      0.305009    0.003332    3.452959 ^ _0451_/A (sky130_fd_sc_hd__or2_1)
     1    0.004928    0.094715    0.281621    3.734580 ^ _0451_/X (sky130_fd_sc_hd__or2_1)
                                                         net66 (net)
                      0.094715    0.000344    3.734924 ^ output66/A (sky130_fd_sc_hd__buf_2)
     1    0.034974    0.277656    0.357913    4.092837 ^ output66/X (sky130_fd_sc_hd__buf_2)
                                                         PENABLE (net)
                      0.277664    0.001831    4.094668 ^ PENABLE (out)
                                              4.094668   data arrival time

                                 20.000000   20.000000   clock clk (rise edge)
                                  0.000000   20.000000   clock network delay (propagated)
                                 -0.250000   19.750002   clock uncertainty
                                  0.000000   19.750002   clock reconvergence pessimism
                                 -4.000000   15.750001   output external delay
                                             15.750001   data required time
---------------------------------------------------------------------------------------------
                                             15.750001   data required time
                                             -4.094668   data arrival time
---------------------------------------------------------------------------------------------
                                             11.655333   slack (MET)


Startpoint: _0797_ (rising edge-triggered flip-flop clocked by clk)
Endpoint: wready (output port clocked by clk)
Path Group: clk
Path Type: max

Fanout         Cap        Slew       Delay        Time   Description
---------------------------------------------------------------------------------------------
                                  0.000000    0.000000   clock clk (rise edge)
                                  0.000000    0.000000   clock source latency
     1    0.016751    0.127641    0.086648    0.086648 ^ clk (in)
                                                         clk (net)
                      0.127675    0.000000    0.086648 ^ clkbuf_0_clk/A (sky130_fd_sc_hd__clkbuf_16)
     2    0.019248    0.066503    0.246637    0.333285 ^ clkbuf_0_clk/X (sky130_fd_sc_hd__clkbuf_16)
                                                         clknet_0_clk (net)
                      0.066503    0.001119    0.334405 ^ clkbuf_1_1__f_clk/A (sky130_fd_sc_hd__clkbuf_16)
    10    0.034153    0.086226    0.239644    0.574048 ^ clkbuf_1_1__f_clk/X (sky130_fd_sc_hd__clkbuf_16)
                                                         clknet_1_1__leaf_clk (net)
                      0.086264    0.001657    0.575705 ^ _0797_/CLK (sky130_fd_sc_hd__dfrtp_1)
     2    0.007592    0.116630    0.788423    1.364129 v _0797_/Q (sky130_fd_sc_hd__dfrtp_1)
                                                         current_state[2] (net)
                      0.116630    0.000249    1.364377 v fanout241/A (sky130_fd_sc_hd__clkbuf_2)
    10    0.023751    0.172261    0.307377    1.671755 v fanout241/X (sky130_fd_sc_hd__clkbuf_2)
                                                         net241 (net)
                      0.172268    0.001251    1.673006 v _0394_/A_N (sky130_fd_sc_hd__and2b_1)
     4    0.013531    0.208955    0.527529    2.200535 ^ _0394_/X (sky130_fd_sc_hd__and2b_1)
                                                         _0098_ (net)
                      0.208955    0.000713    2.201249 ^ _0395_/C_N (sky130_fd_sc_hd__or3b_2)
     4    0.018035    0.254540    1.232134    3.433382 v _0395_/X (sky130_fd_sc_hd__or3b_2)
                                                         _0099_ (net)
                      0.254540    0.001204    3.434586 v _0396_/A (sky130_fd_sc_hd__inv_2)
     3    0.015439    0.139938    0.212664    3.647250 ^ _0396_/Y (sky130_fd_sc_hd__inv_2)
                                                         net111 (net)
                      0.139946    0.001173    3.648423 ^ output111/A (sky130_fd_sc_hd__buf_2)
     1    0.034603    0.274964    0.377283    4.025706 ^ output111/X (sky130_fd_sc_hd__buf_2)
                                                         wready (net)
                      0.274970    0.001680    4.027386 ^ wready (out)
                                              4.027386   data arrival time

                                 20.000000   20.000000   clock clk (rise edge)
                                  0.000000   20.000000   clock network delay (propagated)
                                 -0.250000   19.750002   clock uncertainty
                                  0.000000   19.750002   clock reconvergence pessimism
                                 -4.000000   15.750001   output external delay
                                             15.750001   data required time
---------------------------------------------------------------------------------------------
                                             15.750001   data required time
                                             -4.027386   data arrival time
---------------------------------------------------------------------------------------------
                                             11.722615   slack (MET)


Startpoint: _0796_ (rising edge-triggered flip-flop clocked by clk)
Endpoint: arready (output port clocked by clk)
Path Group: clk
Path Type: max

Fanout         Cap        Slew       Delay        Time   Description
---------------------------------------------------------------------------------------------
                                  0.000000    0.000000   clock clk (rise edge)
                                  0.000000    0.000000   clock source latency
     1    0.016751    0.127641    0.086648    0.086648 ^ clk (in)
                                                         clk (net)
                      0.127675    0.000000    0.086648 ^ clkbuf_0_clk/A (sky130_fd_sc_hd__clkbuf_16)
     2    0.019248    0.066503    0.246637    0.333285 ^ clkbuf_0_clk/X (sky130_fd_sc_hd__clkbuf_16)
                                                         clknet_0_clk (net)
                      0.066503    0.001119    0.334405 ^ clkbuf_1_1__f_clk/A (sky130_fd_sc_hd__clkbuf_16)
    10    0.034153    0.086226    0.239644    0.574048 ^ clkbuf_1_1__f_clk/X (sky130_fd_sc_hd__clkbuf_16)
                                                         clknet_1_1__leaf_clk (net)
                      0.086251    0.001395    0.575443 ^ _0796_/CLK (sky130_fd_sc_hd__dfrtp_1)
     5    0.015408    0.179603    0.856497    1.431941 v _0796_/Q (sky130_fd_sc_hd__dfrtp_1)
                                                         current_state[1] (net)
                      0.179603    0.000539    1.432479 v fanout242/A (sky130_fd_sc_hd__clkbuf_2)
    10    0.028278    0.202066    0.358764    1.791243 v fanout242/X (sky130_fd_sc_hd__clkbuf_2)
                                                         net242 (net)
                      0.202079    0.001785    1.793028 v _0438_/A (sky130_fd_sc_hd__or4b_4)
     6    0.020837    0.208782    1.202428    2.995456 v _0438_/X (sky130_fd_sc_hd__or4b_4)
                                                         _0125_ (net)
                      0.208787    0.001440    2.996897 v _0439_/A (sky130_fd_sc_hd__inv_2)
     1    0.004929    0.074951    0.133820    3.130717 ^ _0439_/Y (sky130_fd_sc_hd__inv_2)
                                                         net88 (net)
                      0.074952    0.000376    3.131093 ^ fanout181/A (sky130_fd_sc_hd__clkbuf_2)
     8    0.032010    0.276326    0.341909    3.473002 ^ fanout181/X (sky130_fd_sc_hd__clkbuf_2)
                                                         net181 (net)
                      0.276331    0.001533    3.474535 ^ output88/A (sky130_fd_sc_hd__buf_2)
     1    0.034070    0.271397    0.434205    3.908741 ^ output88/X (sky130_fd_sc_hd__buf_2)
                                                         arready (net)
                      0.271402    0.001599    3.910340 ^ arready (out)
                                              3.910340   data arrival time

                                 20.000000   20.000000   clock clk (rise edge)
                                  0.000000   20.000000   clock network delay (propagated)
                                 -0.250000   19.750002   clock uncertainty
                                  0.000000   19.750002   clock reconvergence pessimism
                                 -4.000000   15.750001   output external delay
                                             15.750001   data required time
---------------------------------------------------------------------------------------------
                                             15.750001   data required time
                                             -3.910340   data arrival time
---------------------------------------------------------------------------------------------
                                             11.839662   slack (MET)


Startpoint: _0797_ (rising edge-triggered flip-flop clocked by clk)
Endpoint: bvalid (output port clocked by clk)
Path Group: clk
Path Type: max

Fanout         Cap        Slew       Delay        Time   Description
---------------------------------------------------------------------------------------------
                                  0.000000    0.000000   clock clk (rise edge)
                                  0.000000    0.000000   clock source latency
     1    0.016751    0.127641    0.086648    0.086648 ^ clk (in)
                                                         clk (net)
                      0.127675    0.000000    0.086648 ^ clkbuf_0_clk/A (sky130_fd_sc_hd__clkbuf_16)
     2    0.019248    0.066503    0.246637    0.333285 ^ clkbuf_0_clk/X (sky130_fd_sc_hd__clkbuf_16)
                                                         clknet_0_clk (net)
                      0.066503    0.001119    0.334405 ^ clkbuf_1_1__f_clk/A (sky130_fd_sc_hd__clkbuf_16)
    10    0.034153    0.086226    0.239644    0.574048 ^ clkbuf_1_1__f_clk/X (sky130_fd_sc_hd__clkbuf_16)
                                                         clknet_1_1__leaf_clk (net)
                      0.086264    0.001657    0.575705 ^ _0797_/CLK (sky130_fd_sc_hd__dfrtp_1)
     2    0.007592    0.116630    0.788423    1.364129 v _0797_/Q (sky130_fd_sc_hd__dfrtp_1)
                                                         current_state[2] (net)
                      0.116630    0.000249    1.364377 v fanout241/A (sky130_fd_sc_hd__clkbuf_2)
    10    0.023751    0.172261    0.307377    1.671755 v fanout241/X (sky130_fd_sc_hd__clkbuf_2)
                                                         net241 (net)
                      0.172268    0.001251    1.673006 v _0394_/A_N (sky130_fd_sc_hd__and2b_1)
     4    0.013531    0.208955    0.527529    2.200535 ^ _0394_/X (sky130_fd_sc_hd__and2b_1)
                                                         _0098_ (net)
                      0.208955    0.000461    2.200996 ^ _0459_/B (sky130_fd_sc_hd__and3b_1)
     5    0.021565    0.343082    0.557414    2.758410 ^ _0459_/X (sky130_fd_sc_hd__and3b_1)
                                                         net90 (net)
                      0.343092    0.002293    2.760703 ^ _1109_/A (sky130_fd_sc_hd__clkbuf_1)
     1    0.002907    0.076992    0.248380    3.009083 ^ _1109_/X (sky130_fd_sc_hd__clkbuf_1)
                                                         net91 (net)
                      0.076992    0.000197    3.009280 ^ output91/A (sky130_fd_sc_hd__buf_2)
     1    0.034886    0.276955    0.349232    3.358512 ^ output91/X (sky130_fd_sc_hd__buf_2)
                                                         bvalid (net)
                      0.276962    0.001743    3.360255 ^ bvalid (out)
                                              3.360255   data arrival time

                                 20.000000   20.000000   clock clk (rise edge)
                                  0.000000   20.000000   clock network delay (propagated)
                                 -0.250000   19.750002   clock uncertainty
                                  0.000000   19.750002   clock reconvergence pessimism
                                 -4.000000   15.750001   output external delay
                                             15.750001   data required time
---------------------------------------------------------------------------------------------
                                             15.750001   data required time
                                             -3.360255   data arrival time
---------------------------------------------------------------------------------------------
                                             12.389746   slack (MET)


Startpoint: _0797_ (rising edge-triggered flip-flop clocked by clk)
Endpoint: bresp (output port clocked by clk)
Path Group: clk
Path Type: max

Fanout         Cap        Slew       Delay        Time   Description
---------------------------------------------------------------------------------------------
                                  0.000000    0.000000   clock clk (rise edge)
                                  0.000000    0.000000   clock source latency
     1    0.016751    0.127641    0.086648    0.086648 ^ clk (in)
                                                         clk (net)
                      0.127675    0.000000    0.086648 ^ clkbuf_0_clk/A (sky130_fd_sc_hd__clkbuf_16)
     2    0.019248    0.066503    0.246637    0.333285 ^ clkbuf_0_clk/X (sky130_fd_sc_hd__clkbuf_16)
                                                         clknet_0_clk (net)
                      0.066503    0.001119    0.334405 ^ clkbuf_1_1__f_clk/A (sky130_fd_sc_hd__clkbuf_16)
    10    0.034153    0.086226    0.239644    0.574048 ^ clkbuf_1_1__f_clk/X (sky130_fd_sc_hd__clkbuf_16)
                                                         clknet_1_1__leaf_clk (net)
                      0.086264    0.001657    0.575705 ^ _0797_/CLK (sky130_fd_sc_hd__dfrtp_1)
     2    0.007592    0.116630    0.788423    1.364129 v _0797_/Q (sky130_fd_sc_hd__dfrtp_1)
                                                         current_state[2] (net)
                      0.116630    0.000249    1.364377 v fanout241/A (sky130_fd_sc_hd__clkbuf_2)
    10    0.023751    0.172261    0.307377    1.671755 v fanout241/X (sky130_fd_sc_hd__clkbuf_2)
                                                         net241 (net)
                      0.172268    0.001251    1.673006 v _0394_/A_N (sky130_fd_sc_hd__and2b_1)
     4    0.013531    0.208955    0.527529    2.200535 ^ _0394_/X (sky130_fd_sc_hd__and2b_1)
                                                         _0098_ (net)
                      0.208955    0.000461    2.200996 ^ _0459_/B (sky130_fd_sc_hd__and3b_1)
     5    0.021565    0.343082    0.557414    2.758410 ^ _0459_/X (sky130_fd_sc_hd__and3b_1)
                                                         net90 (net)
                      0.343093    0.002352    2.760762 ^ output90/A (sky130_fd_sc_hd__buf_2)
     1    0.034507    0.274956    0.462403    3.223165 ^ output90/X (sky130_fd_sc_hd__buf_2)
                                                         bresp (net)
                      0.274962    0.001671    3.224836 ^ bresp (out)
                                              3.224836   data arrival time

                                 20.000000   20.000000   clock clk (rise edge)
                                  0.000000   20.000000   clock network delay (propagated)
                                 -0.250000   19.750002   clock uncertainty
                                  0.000000   19.750002   clock reconvergence pessimism
                                 -4.000000   15.750001   output external delay
                                             15.750001   data required time
---------------------------------------------------------------------------------------------
                                             15.750001   data required time
                                             -3.224836   data arrival time
---------------------------------------------------------------------------------------------
                                             12.525166   slack (MET)


Startpoint: _0798_ (rising edge-triggered flip-flop clocked by clk)
Endpoint: awready (output port clocked by clk)
Path Group: clk
Path Type: max

Fanout         Cap        Slew       Delay        Time   Description
---------------------------------------------------------------------------------------------
                                  0.000000    0.000000   clock clk (rise edge)
                                  0.000000    0.000000   clock source latency
     1    0.016751    0.127641    0.086648    0.086648 ^ clk (in)
                                                         clk (net)
                      0.127675    0.000000    0.086648 ^ clkbuf_0_clk/A (sky130_fd_sc_hd__clkbuf_16)
     2    0.019248    0.066503    0.246637    0.333285 ^ clkbuf_0_clk/X (sky130_fd_sc_hd__clkbuf_16)
                                                         clknet_0_clk (net)
                      0.066503    0.001119    0.334405 ^ clkbuf_1_1__f_clk/A (sky130_fd_sc_hd__clkbuf_16)
    10    0.034153    0.086226    0.239644    0.574048 ^ clkbuf_1_1__f_clk/X (sky130_fd_sc_hd__clkbuf_16)
                                                         clknet_1_1__leaf_clk (net)
                      0.086259    0.001564    0.575612 ^ _0798_/CLK (sky130_fd_sc_hd__dfrtp_1)
     3    0.014122    0.168883    0.847464    1.423076 v _0798_/Q (sky130_fd_sc_hd__dfrtp_1)
                                                         current_state[3] (net)
                      0.168883    0.000470    1.423546 v fanout240/A (sky130_fd_sc_hd__clkbuf_2)
    10    0.027531    0.197216    0.349885    1.773431 v fanout240/X (sky130_fd_sc_hd__clkbuf_2)
                                                         net240 (net)
                      0.197233    0.001940    1.775371 v _0676_/B_N (sky130_fd_sc_hd__and4bb_1)
     5    0.021824    0.361073    0.825325    2.600696 ^ _0676_/X (sky130_fd_sc_hd__and4bb_1)
                                                         net89 (net)
                      0.361079    0.002090    2.602786 ^ output89/A (sky130_fd_sc_hd__buf_2)
     1    0.034505    0.275023    0.469374    3.072160 ^ output89/X (sky130_fd_sc_hd__buf_2)
                                                         awready (net)
                      0.275029    0.001671    3.073830 ^ awready (out)
                                              3.073830   data arrival time

                                 20.000000   20.000000   clock clk (rise edge)
                                  0.000000   20.000000   clock network delay (propagated)
                                 -0.250000   19.750002   clock uncertainty
                                  0.000000   19.750002   clock reconvergence pessimism
                                 -4.000000   15.750001   output external delay
                                             15.750001   data required time
---------------------------------------------------------------------------------------------
                                             15.750001   data required time
                                             -3.073830   data arrival time
---------------------------------------------------------------------------------------------
                                             12.676170   slack (MET)


Startpoint: PREADY (input port clocked by clk)
Endpoint: _1108_ (rising edge-triggered flip-flop clocked by clk)
Path Group: clk
Path Type: max

Fanout         Cap        Slew       Delay        Time   Description
---------------------------------------------------------------------------------------------
                                  0.000000    0.000000   clock clk (rise edge)
                                  0.000000    0.000000   clock network delay (propagated)
                                  4.000000    4.000000 v input external delay
     1    0.003099    0.019606    0.010222    4.010222 v PREADY (in)
                                                         PREADY (net)
                      0.019607    0.000000    4.010222 v input17/A (sky130_fd_sc_hd__clkbuf_2)
     7    0.032431    0.229537    0.303020    4.313243 v input17/X (sky130_fd_sc_hd__clkbuf_2)
                                                         net17 (net)
                      0.229666    0.003202    4.316445 v _0773_/A1 (sky130_fd_sc_hd__a32o_1)
     1    0.001722    0.062246    0.449059    4.765503 v _0773_/X (sky130_fd_sc_hd__a32o_1)
                                                         _0372_ (net)
                      0.062246    0.000078    4.765582 v _0776_/B (sky130_fd_sc_hd__or4_2)
     5    0.017891    0.320513    1.715040    6.480621 v _0776_/X (sky130_fd_sc_hd__or4_2)
                                                         _0375_ (net)
                      0.320513    0.001191    6.481812 v _0777_/A_N (sky130_fd_sc_hd__and2b_1)
     4    0.014233    0.218339    0.605162    7.086974 ^ _0777_/X (sky130_fd_sc_hd__and2b_1)
                                                         _0376_ (net)
                      0.218339    0.000551    7.087525 ^ _0794_/B1 (sky130_fd_sc_hd__a22o_1)
     1    0.004386    0.101158    0.313092    7.400617 ^ _0794_/X (sky130_fd_sc_hd__a22o_1)
                                                         _0093_ (net)
                      0.101158    0.000335    7.400952 ^ _1108_/D (sky130_fd_sc_hd__dfrtp_1)
                                              7.400952   data arrival time

                                 20.000000   20.000000   clock clk (rise edge)
                                  0.000000   20.000000   clock source latency
     1    0.016751    0.127641    0.086649   20.086649 ^ clk (in)
                                                         clk (net)
                      0.127675    0.000000   20.086649 ^ clkbuf_0_clk/A (sky130_fd_sc_hd__clkbuf_16)
     2    0.019248    0.066503    0.246636   20.333286 ^ clkbuf_0_clk/X (sky130_fd_sc_hd__clkbuf_16)
                                                         clknet_0_clk (net)
                      0.066503    0.001229   20.334515 ^ clkbuf_1_0__f_clk/A (sky130_fd_sc_hd__clkbuf_16)
    10    0.028395    0.078341    0.231012   20.565527 ^ clkbuf_1_0__f_clk/X (sky130_fd_sc_hd__clkbuf_16)
                                                         clknet_1_0__leaf_clk (net)
                      0.078404    0.001982   20.567509 ^ _1108_/CLK (sky130_fd_sc_hd__dfrtp_1)
                                 -0.250000   20.317511   clock uncertainty
                                  0.000000   20.317511   clock reconvergence pessimism
                                 -0.139409   20.178101   library setup time
                                             20.178101   data required time
---------------------------------------------------------------------------------------------
                                             20.178101   data required time
                                             -7.400952   data arrival time
---------------------------------------------------------------------------------------------
                                             12.777149   slack (MET)


Startpoint: PREADY (input port clocked by clk)
Endpoint: _1106_ (rising edge-triggered flip-flop clocked by clk)
Path Group: clk
Path Type: max

Fanout         Cap        Slew       Delay        Time   Description
---------------------------------------------------------------------------------------------
                                  0.000000    0.000000   clock clk (rise edge)
                                  0.000000    0.000000   clock network delay (propagated)
                                  4.000000    4.000000 v input external delay
     1    0.003099    0.019606    0.010222    4.010222 v PREADY (in)
                                                         PREADY (net)
                      0.019607    0.000000    4.010222 v input17/A (sky130_fd_sc_hd__clkbuf_2)
     7    0.032431    0.229537    0.303020    4.313243 v input17/X (sky130_fd_sc_hd__clkbuf_2)
                                                         net17 (net)
                      0.229666    0.003202    4.316445 v _0773_/A1 (sky130_fd_sc_hd__a32o_1)
     1    0.001722    0.062246    0.449059    4.765503 v _0773_/X (sky130_fd_sc_hd__a32o_1)
                                                         _0372_ (net)
                      0.062246    0.000078    4.765582 v _0776_/B (sky130_fd_sc_hd__or4_2)
     5    0.017891    0.320513    1.715040    6.480621 v _0776_/X (sky130_fd_sc_hd__or4_2)
                                                         _0375_ (net)
                      0.320513    0.001191    6.481812 v _0777_/A_N (sky130_fd_sc_hd__and2b_1)
     4    0.014233    0.218339    0.605162    7.086974 ^ _0777_/X (sky130_fd_sc_hd__and2b_1)
                                                         _0376_ (net)
                      0.218339    0.000661    7.087635 ^ _0784_/B1 (sky130_fd_sc_hd__a22o_1)
     1    0.003045    0.083769    0.294201    7.381836 ^ _0784_/X (sky130_fd_sc_hd__a22o_1)
                                                         _0091_ (net)
                      0.083769    0.000219    7.382055 ^ _1106_/D (sky130_fd_sc_hd__dfrtp_1)
                                              7.382055   data arrival time

                                 20.000000   20.000000   clock clk (rise edge)
                                  0.000000   20.000000   clock source latency
     1    0.016751    0.127641    0.086649   20.086649 ^ clk (in)
                                                         clk (net)
                      0.127675    0.000000   20.086649 ^ clkbuf_0_clk/A (sky130_fd_sc_hd__clkbuf_16)
     2    0.019248    0.066503    0.246636   20.333286 ^ clkbuf_0_clk/X (sky130_fd_sc_hd__clkbuf_16)
                                                         clknet_0_clk (net)
                      0.066503    0.001229   20.334515 ^ clkbuf_1_0__f_clk/A (sky130_fd_sc_hd__clkbuf_16)
    10    0.028395    0.078341    0.231012   20.565527 ^ clkbuf_1_0__f_clk/X (sky130_fd_sc_hd__clkbuf_16)
                                                         clknet_1_0__leaf_clk (net)
                      0.078458    0.002585   20.568111 ^ _1106_/CLK (sky130_fd_sc_hd__dfrtp_1)
                                 -0.250000   20.318111   clock uncertainty
                                  0.000000   20.318111   clock reconvergence pessimism
                                 -0.135017   20.183094   library setup time
                                             20.183094   data required time
---------------------------------------------------------------------------------------------
                                             20.183094   data required time
                                             -7.382055   data arrival time
---------------------------------------------------------------------------------------------
                                             12.801040   slack (MET)


Startpoint: PREADY (input port clocked by clk)
Endpoint: _1105_ (rising edge-triggered flip-flop clocked by clk)
Path Group: clk
Path Type: max

Fanout         Cap        Slew       Delay        Time   Description
---------------------------------------------------------------------------------------------
                                  0.000000    0.000000   clock clk (rise edge)
                                  0.000000    0.000000   clock network delay (propagated)
                                  4.000000    4.000000 v input external delay
     1    0.003099    0.019606    0.010222    4.010222 v PREADY (in)
                                                         PREADY (net)
                      0.019607    0.000000    4.010222 v input17/A (sky130_fd_sc_hd__clkbuf_2)
     7    0.032431    0.229537    0.303020    4.313243 v input17/X (sky130_fd_sc_hd__clkbuf_2)
                                                         net17 (net)
                      0.229666    0.003202    4.316445 v _0773_/A1 (sky130_fd_sc_hd__a32o_1)
     1    0.001722    0.062246    0.449059    4.765503 v _0773_/X (sky130_fd_sc_hd__a32o_1)
                                                         _0372_ (net)
                      0.062246    0.000078    4.765582 v _0776_/B (sky130_fd_sc_hd__or4_2)
     5    0.017891    0.320513    1.715040    6.480621 v _0776_/X (sky130_fd_sc_hd__or4_2)
                                                         _0375_ (net)
                      0.320513    0.001807    6.482429 v _0778_/A1 (sky130_fd_sc_hd__mux2_1)
     1    0.002265    0.104952    0.743508    7.225937 v _0778_/X (sky130_fd_sc_hd__mux2_1)
                                                         _0090_ (net)
                      0.104952    0.000101    7.226038 v _1105_/D (sky130_fd_sc_hd__dfrtp_1)
                                              7.226038   data arrival time

                                 20.000000   20.000000   clock clk (rise edge)
                                  0.000000   20.000000   clock source latency
     1    0.016751    0.127641    0.086649   20.086649 ^ clk (in)
                                                         clk (net)
                      0.127675    0.000000   20.086649 ^ clkbuf_0_clk/A (sky130_fd_sc_hd__clkbuf_16)
     2    0.019248    0.066503    0.246636   20.333286 ^ clkbuf_0_clk/X (sky130_fd_sc_hd__clkbuf_16)
                                                         clknet_0_clk (net)
                      0.066503    0.001229   20.334515 ^ clkbuf_1_0__f_clk/A (sky130_fd_sc_hd__clkbuf_16)
    10    0.028395    0.078341    0.231012   20.565527 ^ clkbuf_1_0__f_clk/X (sky130_fd_sc_hd__clkbuf_16)
                                                         clknet_1_0__leaf_clk (net)
                      0.078454    0.002546   20.568071 ^ _1105_/CLK (sky130_fd_sc_hd__dfrtp_1)
                                 -0.250000   20.318073   clock uncertainty
                                  0.000000   20.318073   clock reconvergence pessimism
                                 -0.288886   20.029188   library setup time
                                             20.029188   data required time
---------------------------------------------------------------------------------------------
                                             20.029188   data required time
                                             -7.226038   data arrival time
---------------------------------------------------------------------------------------------
                                             12.803149   slack (MET)


Startpoint: PREADY (input port clocked by clk)
Endpoint: _1107_ (rising edge-triggered flip-flop clocked by clk)
Path Group: clk
Path Type: max

Fanout         Cap        Slew       Delay        Time   Description
---------------------------------------------------------------------------------------------
                                  0.000000    0.000000   clock clk (rise edge)
                                  0.000000    0.000000   clock network delay (propagated)
                                  4.000000    4.000000 v input external delay
     1    0.003099    0.019606    0.010222    4.010222 v PREADY (in)
                                                         PREADY (net)
                      0.019607    0.000000    4.010222 v input17/A (sky130_fd_sc_hd__clkbuf_2)
     7    0.032431    0.229537    0.303020    4.313243 v input17/X (sky130_fd_sc_hd__clkbuf_2)
                                                         net17 (net)
                      0.229666    0.003202    4.316445 v _0773_/A1 (sky130_fd_sc_hd__a32o_1)
     1    0.001722    0.062246    0.449059    4.765503 v _0773_/X (sky130_fd_sc_hd__a32o_1)
                                                         _0372_ (net)
                      0.062246    0.000078    4.765582 v _0776_/B (sky130_fd_sc_hd__or4_2)
     5    0.017891    0.320513    1.715040    6.480621 v _0776_/X (sky130_fd_sc_hd__or4_2)
                                                         _0375_ (net)
                      0.320513    0.001191    6.481812 v _0777_/A_N (sky130_fd_sc_hd__and2b_1)
     4    0.014233    0.218339    0.605162    7.086974 ^ _0777_/X (sky130_fd_sc_hd__and2b_1)
                                                         _0376_ (net)
                      0.218339    0.000692    7.087666 ^ _0790_/B1 (sky130_fd_sc_hd__a22o_1)
     1    0.002728    0.079995    0.289742    7.377409 ^ _0790_/X (sky130_fd_sc_hd__a22o_1)
                                                         _0092_ (net)
                      0.079995    0.000179    7.377588 ^ _1107_/D (sky130_fd_sc_hd__dfrtp_1)
                                              7.377588   data arrival time

                                 20.000000   20.000000   clock clk (rise edge)
                                  0.000000   20.000000   clock source latency
     1    0.016751    0.127641    0.086649   20.086649 ^ clk (in)
                                                         clk (net)
                      0.127675    0.000000   20.086649 ^ clkbuf_0_clk/A (sky130_fd_sc_hd__clkbuf_16)
     2    0.019248    0.066503    0.246636   20.333286 ^ clkbuf_0_clk/X (sky130_fd_sc_hd__clkbuf_16)
                                                         clknet_0_clk (net)
                      0.066503    0.001229   20.334515 ^ clkbuf_1_0__f_clk/A (sky130_fd_sc_hd__clkbuf_16)
    10    0.028395    0.078341    0.231012   20.565527 ^ clkbuf_1_0__f_clk/X (sky130_fd_sc_hd__clkbuf_16)
                                                         clknet_1_0__leaf_clk (net)
                      0.078449    0.002494   20.568020 ^ _1107_/CLK (sky130_fd_sc_hd__dfrtp_1)
                                 -0.250000   20.318022   clock uncertainty
                                  0.000000   20.318022   clock reconvergence pessimism
                                 -0.134067   20.183954   library setup time
                                             20.183954   data required time
---------------------------------------------------------------------------------------------
                                             20.183954   data required time
                                             -7.377588   data arrival time
---------------------------------------------------------------------------------------------
                                             12.806367   slack (MET)


Startpoint: awvalid (input port clocked by clk)
Endpoint: _1103_ (rising edge-triggered flip-flop clocked by clk)
Path Group: clk
Path Type: max

Fanout         Cap        Slew       Delay        Time   Description
---------------------------------------------------------------------------------------------
                                  0.000000    0.000000   clock clk (rise edge)
                                  0.000000    0.000000   clock network delay (propagated)
                                  4.000000    4.000000 ^ input external delay
     1    0.003439    0.036511    0.019213    4.019213 ^ awvalid (in)
                                                         awvalid (net)
                      0.036511    0.000000    4.019213 ^ input41/A (sky130_fd_sc_hd__buf_1)
     2    0.012338    0.243531    0.258911    4.278124 ^ input41/X (sky130_fd_sc_hd__buf_1)
                                                         net41 (net)
                      0.243540    0.001238    4.279362 ^ _0392_/A (sky130_fd_sc_hd__inv_2)
     2    0.004588    0.058560    0.116352    4.395714 v _0392_/Y (sky130_fd_sc_hd__inv_2)
                                                         _0096_ (net)
                      0.058560    0.000227    4.395942 v _0712_/A2_N (sky130_fd_sc_hd__o2bb2a_1)
     2    0.008104    0.152192    0.490849    4.886790 ^ _0712_/X (sky130_fd_sc_hd__o2bb2a_1)
                                                         _0322_ (net)
                      0.152192    0.000259    4.887049 ^ _0715_/B1 (sky130_fd_sc_hd__o211a_2)
     6    0.025484    0.257801    0.558852    5.445901 ^ _0715_/X (sky130_fd_sc_hd__o211a_2)
                                                         _0325_ (net)
                      0.257816    0.002277    5.448178 ^ _0761_/B1 (sky130_fd_sc_hd__o41a_2)
     5    0.018296    0.175948    0.444579    5.892756 ^ _0761_/X (sky130_fd_sc_hd__o41a_2)
                                                         _0363_ (net)
                      0.175950    0.001015    5.893772 ^ _0767_/A1_N (sky130_fd_sc_hd__o2bb2a_1)
     1    0.003704    0.113814    0.492787    6.386559 v _0767_/X (sky130_fd_sc_hd__o2bb2a_1)
                                                         _0368_ (net)
                      0.113814    0.000247    6.386806 v _0769_/B1 (sky130_fd_sc_hd__o22a_1)
     1    0.002536    0.080228    0.352840    6.739646 v _0769_/X (sky130_fd_sc_hd__o22a_1)
                                                         _0088_ (net)
                      0.080228    0.000168    6.739814 v _1103_/D (sky130_fd_sc_hd__dfrtp_1)
                                              6.739814   data arrival time

                                 20.000000   20.000000   clock clk (rise edge)
                                  0.000000   20.000000   clock source latency
     1    0.016751    0.127641    0.086649   20.086649 ^ clk (in)
                                                         clk (net)
                      0.127675    0.000000   20.086649 ^ clkbuf_0_clk/A (sky130_fd_sc_hd__clkbuf_16)
     2    0.019248    0.066503    0.246636   20.333286 ^ clkbuf_0_clk/X (sky130_fd_sc_hd__clkbuf_16)
                                                         clknet_0_clk (net)
                      0.066503    0.001119   20.334406 ^ clkbuf_1_1__f_clk/A (sky130_fd_sc_hd__clkbuf_16)
    10    0.034153    0.086226    0.239645   20.574049 ^ clkbuf_1_1__f_clk/X (sky130_fd_sc_hd__clkbuf_16)
                                                         clknet_1_1__leaf_clk (net)
                      0.086236    0.000973   20.575024 ^ _1103_/CLK (sky130_fd_sc_hd__dfrtp_1)
                                 -0.250000   20.325024   clock uncertainty
                                  0.000000   20.325024   clock reconvergence pessimism
                                 -0.276502   20.048521   library setup time
                                             20.048521   data required time
---------------------------------------------------------------------------------------------
                                             20.048521   data required time
                                             -6.739814   data arrival time
---------------------------------------------------------------------------------------------
                                             13.308707   slack (MET)


Startpoint: awvalid (input port clocked by clk)
Endpoint: _1102_ (rising edge-triggered flip-flop clocked by clk)
Path Group: clk
Path Type: max

Fanout         Cap        Slew       Delay        Time   Description
---------------------------------------------------------------------------------------------
                                  0.000000    0.000000   clock clk (rise edge)
                                  0.000000    0.000000   clock network delay (propagated)
                                  4.000000    4.000000 ^ input external delay
     1    0.003439    0.036511    0.019213    4.019213 ^ awvalid (in)
                                                         awvalid (net)
                      0.036511    0.000000    4.019213 ^ input41/A (sky130_fd_sc_hd__buf_1)
     2    0.012338    0.243531    0.258911    4.278124 ^ input41/X (sky130_fd_sc_hd__buf_1)
                                                         net41 (net)
                      0.243540    0.001238    4.279362 ^ _0392_/A (sky130_fd_sc_hd__inv_2)
     2    0.004588    0.058560    0.116352    4.395714 v _0392_/Y (sky130_fd_sc_hd__inv_2)
                                                         _0096_ (net)
                      0.058560    0.000227    4.395942 v _0712_/A2_N (sky130_fd_sc_hd__o2bb2a_1)
     2    0.008104    0.152192    0.490849    4.886790 ^ _0712_/X (sky130_fd_sc_hd__o2bb2a_1)
                                                         _0322_ (net)
                      0.152192    0.000259    4.887049 ^ _0715_/B1 (sky130_fd_sc_hd__o211a_2)
     6    0.025484    0.257801    0.558852    5.445901 ^ _0715_/X (sky130_fd_sc_hd__o211a_2)
                                                         _0325_ (net)
                      0.257816    0.002277    5.448178 ^ _0761_/B1 (sky130_fd_sc_hd__o41a_2)
     5    0.018296    0.175948    0.444579    5.892756 ^ _0761_/X (sky130_fd_sc_hd__o41a_2)
                                                         _0363_ (net)
                      0.175953    0.001221    5.893978 ^ _0764_/S (sky130_fd_sc_hd__mux2_1)
     1    0.002697    0.109324    0.733855    6.627833 v _0764_/X (sky130_fd_sc_hd__mux2_1)
                                                         _0087_ (net)
                      0.109324    0.000192    6.628025 v _1102_/D (sky130_fd_sc_hd__dfrtp_1)
                                              6.628025   data arrival time

                                 20.000000   20.000000   clock clk (rise edge)
                                  0.000000   20.000000   clock source latency
     1    0.016751    0.127641    0.086649   20.086649 ^ clk (in)
                                                         clk (net)
                      0.127675    0.000000   20.086649 ^ clkbuf_0_clk/A (sky130_fd_sc_hd__clkbuf_16)
     2    0.019248    0.066503    0.246636   20.333286 ^ clkbuf_0_clk/X (sky130_fd_sc_hd__clkbuf_16)
                                                         clknet_0_clk (net)
                      0.066503    0.001119   20.334406 ^ clkbuf_1_1__f_clk/A (sky130_fd_sc_hd__clkbuf_16)
    10    0.034153    0.086226    0.239645   20.574049 ^ clkbuf_1_1__f_clk/X (sky130_fd_sc_hd__clkbuf_16)
                                                         clknet_1_1__leaf_clk (net)
                      0.086243    0.001188   20.575237 ^ _1102_/CLK (sky130_fd_sc_hd__dfrtp_1)
                                 -0.250000   20.325239   clock uncertainty
                                  0.000000   20.325239   clock reconvergence pessimism
                                 -0.288631   20.036608   library setup time
                                             20.036608   data required time
---------------------------------------------------------------------------------------------
                                             20.036608   data required time
                                             -6.628025   data arrival time
---------------------------------------------------------------------------------------------
                                             13.408583   slack (MET)


Startpoint: arvalid (input port clocked by clk)
Endpoint: _0796_ (rising edge-triggered flip-flop clocked by clk)
Path Group: clk
Path Type: max

Fanout         Cap        Slew       Delay        Time   Description
---------------------------------------------------------------------------------------------
                                  0.000000    0.000000   clock clk (rise edge)
                                  0.000000    0.000000   clock network delay (propagated)
                                  4.000000    4.000000 ^ input external delay
     1    0.002763    0.032004    0.015642    4.015642 ^ arvalid (in)
                                                         arvalid (net)
                      0.032004    0.000000    4.015642 ^ input29/A (sky130_fd_sc_hd__dlymetal6s2s_1)
     5    0.025493    0.406981    0.384872    4.400514 ^ input29/X (sky130_fd_sc_hd__dlymetal6s2s_1)
                                                         net29 (net)
                      0.406998    0.002188    4.402702 ^ _0700_/A (sky130_fd_sc_hd__or3_1)
     1    0.004001    0.081789    0.320611    4.723312 ^ _0700_/X (sky130_fd_sc_hd__or3_1)
                                                         _0313_ (net)
                      0.081789    0.000258    4.723571 ^ _0701_/C1 (sky130_fd_sc_hd__o311a_1)
     1    0.005007    0.119717    0.347240    5.070811 ^ _0701_/X (sky130_fd_sc_hd__o311a_1)
                                                         _0314_ (net)
                      0.119717    0.000495    5.071306 ^ _0702_/B1 (sky130_fd_sc_hd__o31ai_1)
     2    0.007771    0.178931    0.213344    5.284650 v _0702_/Y (sky130_fd_sc_hd__o31ai_1)
                                                         _0315_ (net)
                      0.178931    0.000339    5.284988 v _0707_/A (sky130_fd_sc_hd__or4b_1)
     1    0.003906    0.191884    1.264038    6.549027 v _0707_/X (sky130_fd_sc_hd__or4b_1)
                                                         _0076_ (net)
                      0.191884    0.000261    6.549288 v _0796_/D (sky130_fd_sc_hd__dfrtp_1)
                                              6.549288   data arrival time

                                 20.000000   20.000000   clock clk (rise edge)
                                  0.000000   20.000000   clock source latency
     1    0.016751    0.127641    0.086649   20.086649 ^ clk (in)
                                                         clk (net)
                      0.127675    0.000000   20.086649 ^ clkbuf_0_clk/A (sky130_fd_sc_hd__clkbuf_16)
     2    0.019248    0.066503    0.246636   20.333286 ^ clkbuf_0_clk/X (sky130_fd_sc_hd__clkbuf_16)
                                                         clknet_0_clk (net)
                      0.066503    0.001119   20.334406 ^ clkbuf_1_1__f_clk/A (sky130_fd_sc_hd__clkbuf_16)
    10    0.034153    0.086226    0.239645   20.574049 ^ clkbuf_1_1__f_clk/X (sky130_fd_sc_hd__clkbuf_16)
                                                         clknet_1_1__leaf_clk (net)
                      0.086251    0.001394   20.575443 ^ _0796_/CLK (sky130_fd_sc_hd__dfrtp_1)
                                 -0.250000   20.325445   clock uncertainty
                                  0.000000   20.325445   clock reconvergence pessimism
                                 -0.323051   20.002394   library setup time
                                             20.002394   data required time
---------------------------------------------------------------------------------------------
                                             20.002394   data required time
                                             -6.549288   data arrival time
---------------------------------------------------------------------------------------------
                                             13.453106   slack (MET)


Startpoint: arvalid (input port clocked by clk)
Endpoint: _0797_ (rising edge-triggered flip-flop clocked by clk)
Path Group: clk
Path Type: max

Fanout         Cap        Slew       Delay        Time   Description
---------------------------------------------------------------------------------------------
                                  0.000000    0.000000   clock clk (rise edge)
                                  0.000000    0.000000   clock network delay (propagated)
                                  4.000000    4.000000 ^ input external delay
     1    0.002763    0.032004    0.015642    4.015642 ^ arvalid (in)
                                                         arvalid (net)
                      0.032004    0.000000    4.015642 ^ input29/A (sky130_fd_sc_hd__dlymetal6s2s_1)
     5    0.025493    0.406981    0.384872    4.400514 ^ input29/X (sky130_fd_sc_hd__dlymetal6s2s_1)
                                                         net29 (net)
                      0.406998    0.002188    4.402702 ^ _0700_/A (sky130_fd_sc_hd__or3_1)
     1    0.004001    0.081789    0.320611    4.723312 ^ _0700_/X (sky130_fd_sc_hd__or3_1)
                                                         _0313_ (net)
                      0.081789    0.000258    4.723571 ^ _0701_/C1 (sky130_fd_sc_hd__o311a_1)
     1    0.005007    0.119717    0.347240    5.070811 ^ _0701_/X (sky130_fd_sc_hd__o311a_1)
                                                         _0314_ (net)
                      0.119717    0.000495    5.071306 ^ _0702_/B1 (sky130_fd_sc_hd__o31ai_1)
     2    0.007771    0.178931    0.213344    5.284650 v _0702_/Y (sky130_fd_sc_hd__o31ai_1)
                                                         _0315_ (net)
                      0.178931    0.000362    5.285012 v _0709_/B (sky130_fd_sc_hd__or4b_1)
     1    0.002734    0.174848    1.197442    6.482454 v _0709_/X (sky130_fd_sc_hd__or4b_1)
                                                         _0077_ (net)
                      0.174848    0.000179    6.482633 v _0797_/D (sky130_fd_sc_hd__dfrtp_1)
                                              6.482633   data arrival time

                                 20.000000   20.000000   clock clk (rise edge)
                                  0.000000   20.000000   clock source latency
     1    0.016751    0.127641    0.086649   20.086649 ^ clk (in)
                                                         clk (net)
                      0.127675    0.000000   20.086649 ^ clkbuf_0_clk/A (sky130_fd_sc_hd__clkbuf_16)
     2    0.019248    0.066503    0.246636   20.333286 ^ clkbuf_0_clk/X (sky130_fd_sc_hd__clkbuf_16)
                                                         clknet_0_clk (net)
                      0.066503    0.001119   20.334406 ^ clkbuf_1_1__f_clk/A (sky130_fd_sc_hd__clkbuf_16)
    10    0.034153    0.086226    0.239645   20.574049 ^ clkbuf_1_1__f_clk/X (sky130_fd_sc_hd__clkbuf_16)
                                                         clknet_1_1__leaf_clk (net)
                      0.086264    0.001656   20.575705 ^ _0797_/CLK (sky130_fd_sc_hd__dfrtp_1)
                                 -0.250000   20.325706   clock uncertainty
                                  0.000000   20.325706   clock reconvergence pessimism
                                 -0.315945   20.009762   library setup time
                                             20.009762   data required time
---------------------------------------------------------------------------------------------
                                             20.009762   data required time
                                             -6.482633   data arrival time
---------------------------------------------------------------------------------------------
                                             13.527128   slack (MET)


Startpoint: awvalid (input port clocked by clk)
Endpoint: _1104_ (rising edge-triggered flip-flop clocked by clk)
Path Group: clk
Path Type: max

Fanout         Cap        Slew       Delay        Time   Description
---------------------------------------------------------------------------------------------
                                  0.000000    0.000000   clock clk (rise edge)
                                  0.000000    0.000000   clock network delay (propagated)
                                  4.000000    4.000000 ^ input external delay
     1    0.003439    0.036511    0.019213    4.019213 ^ awvalid (in)
                                                         awvalid (net)
                      0.036511    0.000000    4.019213 ^ input41/A (sky130_fd_sc_hd__buf_1)
     2    0.012338    0.243531    0.258911    4.278124 ^ input41/X (sky130_fd_sc_hd__buf_1)
                                                         net41 (net)
                      0.243540    0.001238    4.279362 ^ _0392_/A (sky130_fd_sc_hd__inv_2)
     2    0.004588    0.058560    0.116352    4.395714 v _0392_/Y (sky130_fd_sc_hd__inv_2)
                                                         _0096_ (net)
                      0.058560    0.000227    4.395942 v _0712_/A2_N (sky130_fd_sc_hd__o2bb2a_1)
     2    0.008104    0.152192    0.490849    4.886790 ^ _0712_/X (sky130_fd_sc_hd__o2bb2a_1)
                                                         _0322_ (net)
                      0.152192    0.000259    4.887049 ^ _0715_/B1 (sky130_fd_sc_hd__o211a_2)
     6    0.025484    0.257801    0.558852    5.445901 ^ _0715_/X (sky130_fd_sc_hd__o211a_2)
                                                         _0325_ (net)
                      0.257816    0.002277    5.448178 ^ _0761_/B1 (sky130_fd_sc_hd__o41a_2)
     5    0.018296    0.175948    0.444579    5.892756 ^ _0761_/X (sky130_fd_sc_hd__o41a_2)
                                                         _0363_ (net)
                      0.175948    0.000655    5.893411 ^ _0766_/A (sky130_fd_sc_hd__nand2_1)
     1    0.003530    0.089457    0.147081    6.040492 v _0766_/Y (sky130_fd_sc_hd__nand2_1)
                                                         _0367_ (net)
                      0.089457    0.000256    6.040748 v _0772_/A2 (sky130_fd_sc_hd__a22o_1)
     1    0.003294    0.075635    0.420721    6.461469 v _0772_/X (sky130_fd_sc_hd__a22o_1)
                                                         _0089_ (net)
                      0.075635    0.000212    6.461681 v _1104_/D (sky130_fd_sc_hd__dfrtp_1)
                                              6.461681   data arrival time

                                 20.000000   20.000000   clock clk (rise edge)
                                  0.000000   20.000000   clock source latency
     1    0.016751    0.127641    0.086649   20.086649 ^ clk (in)
                                                         clk (net)
                      0.127675    0.000000   20.086649 ^ clkbuf_0_clk/A (sky130_fd_sc_hd__clkbuf_16)
     2    0.019248    0.066503    0.246636   20.333286 ^ clkbuf_0_clk/X (sky130_fd_sc_hd__clkbuf_16)
                                                         clknet_0_clk (net)
                      0.066503    0.001119   20.334406 ^ clkbuf_1_1__f_clk/A (sky130_fd_sc_hd__clkbuf_16)
    10    0.034153    0.086226    0.239645   20.574049 ^ clkbuf_1_1__f_clk/X (sky130_fd_sc_hd__clkbuf_16)
                                                         clknet_1_1__leaf_clk (net)
                      0.086240    0.001105   20.575155 ^ _1104_/CLK (sky130_fd_sc_hd__dfrtp_1)
                                 -0.250000   20.325155   clock uncertainty
                                  0.000000   20.325155   clock reconvergence pessimism
                                 -0.274586   20.050570   library setup time
                                             20.050570   data required time
---------------------------------------------------------------------------------------------
                                             20.050570   data required time
                                             -6.461681   data arrival time
---------------------------------------------------------------------------------------------
                                             13.588888   slack (MET)


Startpoint: _1102_ (rising edge-triggered flip-flop clocked by clk)
Endpoint: PADDR[0] (output port clocked by clk)
Path Group: clk
Path Type: max

Fanout         Cap        Slew       Delay        Time   Description
---------------------------------------------------------------------------------------------
                                  0.000000    0.000000   clock clk (rise edge)
                                  0.000000    0.000000   clock source latency
     1    0.016751    0.127641    0.086648    0.086648 ^ clk (in)
                                                         clk (net)
                      0.127675    0.000000    0.086648 ^ clkbuf_0_clk/A (sky130_fd_sc_hd__clkbuf_16)
     2    0.019248    0.066503    0.246637    0.333285 ^ clkbuf_0_clk/X (sky130_fd_sc_hd__clkbuf_16)
                                                         clknet_0_clk (net)
                      0.066503    0.001119    0.334405 ^ clkbuf_1_1__f_clk/A (sky130_fd_sc_hd__clkbuf_16)
    10    0.034153    0.086226    0.239644    0.574048 ^ clkbuf_1_1__f_clk/X (sky130_fd_sc_hd__clkbuf_16)
                                                         clknet_1_1__leaf_clk (net)
                      0.086243    0.001189    0.575237 ^ _1102_/CLK (sky130_fd_sc_hd__dfrtp_1)
     6    0.015801    0.182921    0.859209    1.434447 v _1102_/Q (sky130_fd_sc_hd__dfrtp_1)
                                                         DADDR[0] (net)
                      0.182922    0.000903    1.435350 v _0456_/B (sky130_fd_sc_hd__and2_1)
     1    0.002019    0.062272    0.360035    1.795385 v _0456_/X (sky130_fd_sc_hd__and2_1)
                                                         net63 (net)
                      0.062272    0.000140    1.795525 v output63/A (sky130_fd_sc_hd__buf_2)
     1    0.035283    0.170296    0.343462    2.138987 v output63/X (sky130_fd_sc_hd__buf_2)
                                                         PADDR[0] (net)
                      0.170314    0.001833    2.140821 v PADDR[0] (out)
                                              2.140821   data arrival time

                                 20.000000   20.000000   clock clk (rise edge)
                                  0.000000   20.000000   clock network delay (propagated)
                                 -0.250000   19.750002   clock uncertainty
                                  0.000000   19.750002   clock reconvergence pessimism
                                 -4.000000   15.750001   output external delay
                                             15.750001   data required time
---------------------------------------------------------------------------------------------
                                             15.750001   data required time
                                             -2.140821   data arrival time
---------------------------------------------------------------------------------------------
                                             13.609179   slack (MET)


Startpoint: _1103_ (rising edge-triggered flip-flop clocked by clk)
Endpoint: PADDR[1] (output port clocked by clk)
Path Group: clk
Path Type: max

Fanout         Cap        Slew       Delay        Time   Description
---------------------------------------------------------------------------------------------
                                  0.000000    0.000000   clock clk (rise edge)
                                  0.000000    0.000000   clock source latency
     1    0.016751    0.127641    0.086648    0.086648 ^ clk (in)
                                                         clk (net)
                      0.127675    0.000000    0.086648 ^ clkbuf_0_clk/A (sky130_fd_sc_hd__clkbuf_16)
     2    0.019248    0.066503    0.246637    0.333285 ^ clkbuf_0_clk/X (sky130_fd_sc_hd__clkbuf_16)
                                                         clknet_0_clk (net)
                      0.066503    0.001119    0.334405 ^ clkbuf_1_1__f_clk/A (sky130_fd_sc_hd__clkbuf_16)
    10    0.034153    0.086226    0.239644    0.574048 ^ clkbuf_1_1__f_clk/X (sky130_fd_sc_hd__clkbuf_16)
                                                         clknet_1_1__leaf_clk (net)
                      0.086236    0.000975    0.575023 ^ _1103_/CLK (sky130_fd_sc_hd__dfrtp_1)
     5    0.011752    0.154433    0.826542    1.401565 v _1103_/Q (sky130_fd_sc_hd__dfrtp_1)
                                                         DADDR[1] (net)
                      0.154433    0.000557    1.402122 v _0457_/B (sky130_fd_sc_hd__and2_1)
     1    0.003251    0.071689    0.359004    1.761126 v _0457_/X (sky130_fd_sc_hd__and2_1)
                                                         net64 (net)
                      0.071689    0.000201    1.761327 v output64/A (sky130_fd_sc_hd__buf_2)
     1    0.035640    0.171682    0.348876    2.110203 v output64/X (sky130_fd_sc_hd__buf_2)
                                                         PADDR[1] (net)
                      0.171701    0.001892    2.112095 v PADDR[1] (out)
                                              2.112095   data arrival time

                                 20.000000   20.000000   clock clk (rise edge)
                                  0.000000   20.000000   clock network delay (propagated)
                                 -0.250000   19.750002   clock uncertainty
                                  0.000000   19.750002   clock reconvergence pessimism
                                 -4.000000   15.750001   output external delay
                                             15.750001   data required time
---------------------------------------------------------------------------------------------
                                             15.750001   data required time
                                             -2.112095   data arrival time
---------------------------------------------------------------------------------------------
                                             13.637905   slack (MET)


Startpoint: awlen[1] (input port clocked by clk)
Endpoint: _0801_ (rising edge-triggered flip-flop clocked by clk)
Path Group: clk
Path Type: max

Fanout         Cap        Slew       Delay        Time   Description
---------------------------------------------------------------------------------------------
                                  0.000000    0.000000   clock clk (rise edge)
                                  0.000000    0.000000   clock network delay (propagated)
                                  4.000000    4.000000 ^ input external delay
     1    0.003207    0.034946    0.017986    4.017986 ^ awlen[1] (in)
                                                         awlen[1] (net)
                      0.034947    0.000000    4.017986 ^ input38/A (sky130_fd_sc_hd__clkbuf_1)
     3    0.017347    0.334890    0.322336    4.340322 ^ input38/X (sky130_fd_sc_hd__clkbuf_1)
                                                         net38 (net)
                      0.334903    0.001730    4.342052 ^ _0725_/B (sky130_fd_sc_hd__and3_1)
     2    0.006861    0.141088    0.434300    4.776351 ^ _0725_/X (sky130_fd_sc_hd__and3_1)
                                                         _0333_ (net)
                      0.141088    0.000259    4.776610 ^ _0726_/B (sky130_fd_sc_hd__or2_1)
     2    0.009998    0.163967    0.265147    5.041758 ^ _0726_/X (sky130_fd_sc_hd__or2_1)
                                                         _0334_ (net)
                      0.163967    0.000747    5.042504 ^ _0727_/A (sky130_fd_sc_hd__inv_2)
     1    0.005875    0.049481    0.099501    5.142005 v _0727_/Y (sky130_fd_sc_hd__inv_2)
                                                         _0335_ (net)
                      0.049482    0.000356    5.142362 v _0730_/B2 (sky130_fd_sc_hd__a221o_1)
     1    0.003226    0.096168    0.584298    5.726660 v _0730_/X (sky130_fd_sc_hd__a221o_1)
                                                         _0338_ (net)
                      0.096168    0.000202    5.726862 v _0731_/A1 (sky130_fd_sc_hd__mux2_1)
     1    0.002176    0.103838    0.648624    6.375486 v _0731_/X (sky130_fd_sc_hd__mux2_1)
                                                         _0081_ (net)
                      0.103838    0.000152    6.375638 v _0801_/D (sky130_fd_sc_hd__dfrtp_1)
                                              6.375638   data arrival time

                                 20.000000   20.000000   clock clk (rise edge)
                                  0.000000   20.000000   clock source latency
     1    0.016751    0.127641    0.086649   20.086649 ^ clk (in)
                                                         clk (net)
                      0.127675    0.000000   20.086649 ^ clkbuf_0_clk/A (sky130_fd_sc_hd__clkbuf_16)
     2    0.019248    0.066503    0.246636   20.333286 ^ clkbuf_0_clk/X (sky130_fd_sc_hd__clkbuf_16)
                                                         clknet_0_clk (net)
                      0.066503    0.001119   20.334406 ^ clkbuf_1_1__f_clk/A (sky130_fd_sc_hd__clkbuf_16)
    10    0.034153    0.086226    0.239645   20.574049 ^ clkbuf_1_1__f_clk/X (sky130_fd_sc_hd__clkbuf_16)
                                                         clknet_1_1__leaf_clk (net)
                      0.086250    0.001380   20.575430 ^ _0801_/CLK (sky130_fd_sc_hd__dfrtp_1)
                                 -0.250000   20.325430   clock uncertainty
                                  0.000000   20.325430   clock reconvergence pessimism
                                 -0.286342   20.039089   library setup time
                                             20.039089   data required time
---------------------------------------------------------------------------------------------
                                             20.039089   data required time
                                             -6.375638   data arrival time
---------------------------------------------------------------------------------------------
                                             13.663451   slack (MET)


Startpoint: _1104_ (rising edge-triggered flip-flop clocked by clk)
Endpoint: PADDR[2] (output port clocked by clk)
Path Group: clk
Path Type: max

Fanout         Cap        Slew       Delay        Time   Description
---------------------------------------------------------------------------------------------
                                  0.000000    0.000000   clock clk (rise edge)
                                  0.000000    0.000000   clock source latency
     1    0.016751    0.127641    0.086648    0.086648 ^ clk (in)
                                                         clk (net)
                      0.127675    0.000000    0.086648 ^ clkbuf_0_clk/A (sky130_fd_sc_hd__clkbuf_16)
     2    0.019248    0.066503    0.246637    0.333285 ^ clkbuf_0_clk/X (sky130_fd_sc_hd__clkbuf_16)
                                                         clknet_0_clk (net)
                      0.066503    0.001119    0.334405 ^ clkbuf_1_1__f_clk/A (sky130_fd_sc_hd__clkbuf_16)
    10    0.034153    0.086226    0.239644    0.574048 ^ clkbuf_1_1__f_clk/X (sky130_fd_sc_hd__clkbuf_16)
                                                         clknet_1_1__leaf_clk (net)
                      0.086240    0.001105    0.575154 ^ _1104_/CLK (sky130_fd_sc_hd__dfrtp_1)
     3    0.007504    0.115888    0.787574    1.362727 v _1104_/Q (sky130_fd_sc_hd__dfrtp_1)
                                                         DADDR[2] (net)
                      0.115888    0.000393    1.363120 v _0458_/B (sky130_fd_sc_hd__and2_1)
     1    0.002041    0.062229    0.326988    1.690108 v _0458_/X (sky130_fd_sc_hd__and2_1)
                                                         net65 (net)
                      0.062229    0.000140    1.690248 v output65/A (sky130_fd_sc_hd__buf_2)
     1    0.034639    0.167705    0.341480    2.031729 v output65/X (sky130_fd_sc_hd__buf_2)
                                                         PADDR[2] (net)
                      0.167721    0.001700    2.033429 v PADDR[2] (out)
                                              2.033429   data arrival time

                                 20.000000   20.000000   clock clk (rise edge)
                                  0.000000   20.000000   clock network delay (propagated)
                                 -0.250000   19.750002   clock uncertainty
                                  0.000000   19.750002   clock reconvergence pessimism
                                 -4.000000   15.750001   output external delay
                                             15.750001   data required time
---------------------------------------------------------------------------------------------
                                             15.750001   data required time
                                             -2.033429   data arrival time
---------------------------------------------------------------------------------------------
                                             13.716572   slack (MET)


Startpoint: awvalid (input port clocked by clk)
Endpoint: _1099_ (rising edge-triggered flip-flop clocked by clk)
Path Group: clk
Path Type: max

Fanout         Cap        Slew       Delay        Time   Description
---------------------------------------------------------------------------------------------
                                  0.000000    0.000000   clock clk (rise edge)
                                  0.000000    0.000000   clock network delay (propagated)
                                  4.000000    4.000000 ^ input external delay
     1    0.003439    0.036511    0.019213    4.019213 ^ awvalid (in)
                                                         awvalid (net)
                      0.036511    0.000000    4.019213 ^ input41/A (sky130_fd_sc_hd__buf_1)
     2    0.012338    0.243531    0.258911    4.278124 ^ input41/X (sky130_fd_sc_hd__buf_1)
                                                         net41 (net)
                      0.243540    0.001238    4.279362 ^ _0392_/A (sky130_fd_sc_hd__inv_2)
     2    0.004588    0.058560    0.116352    4.395714 v _0392_/Y (sky130_fd_sc_hd__inv_2)
                                                         _0096_ (net)
                      0.058560    0.000227    4.395942 v _0712_/A2_N (sky130_fd_sc_hd__o2bb2a_1)
     2    0.008104    0.152192    0.490849    4.886790 ^ _0712_/X (sky130_fd_sc_hd__o2bb2a_1)
                                                         _0322_ (net)
                      0.152192    0.000457    4.887247 ^ _0740_/C1 (sky130_fd_sc_hd__o221a_2)
     7    0.022472    0.230244    0.541759    5.429006 ^ _0740_/X (sky130_fd_sc_hd__o221a_2)
                                                         _0346_ (net)
                      0.230251    0.001591    5.430597 ^ _0741_/B1_N (sky130_fd_sc_hd__a21bo_1)
     1    0.003459    0.067824    0.432523    5.863121 v _0741_/X (sky130_fd_sc_hd__a21bo_1)
                                                         _0347_ (net)
                      0.067824    0.000149    5.863269 v _0749_/A2 (sky130_fd_sc_hd__a22o_1)
     1    0.005349    0.093291    0.432943    6.296212 v _0749_/X (sky130_fd_sc_hd__a22o_1)
                                                         _0084_ (net)
                      0.093342    0.000230    6.296442 v _1099_/D (sky130_fd_sc_hd__dfrtp_1)
                                              6.296442   data arrival time

                                 20.000000   20.000000   clock clk (rise edge)
                                  0.000000   20.000000   clock source latency
     1    0.016751    0.127641    0.086649   20.086649 ^ clk (in)
                                                         clk (net)
                      0.127675    0.000000   20.086649 ^ clkbuf_0_clk/A (sky130_fd_sc_hd__clkbuf_16)
     2    0.019248    0.066503    0.246636   20.333286 ^ clkbuf_0_clk/X (sky130_fd_sc_hd__clkbuf_16)
                                                         clknet_0_clk (net)
                      0.066503    0.001229   20.334515 ^ clkbuf_1_0__f_clk/A (sky130_fd_sc_hd__clkbuf_16)
    10    0.028395    0.078341    0.231012   20.565527 ^ clkbuf_1_0__f_clk/X (sky130_fd_sc_hd__clkbuf_16)
                                                         clknet_1_0__leaf_clk (net)
                      0.078470    0.002702   20.568228 ^ _1099_/CLK (sky130_fd_sc_hd__dfrtp_1)
                                 -0.250000   20.318230   clock uncertainty
                                  0.000000   20.318230   clock reconvergence pessimism
                                 -0.284041   20.034187   library setup time
                                             20.034187   data required time
---------------------------------------------------------------------------------------------
                                             20.034187   data required time
                                             -6.296442   data arrival time
---------------------------------------------------------------------------------------------
                                             13.737747   slack (MET)


Startpoint: awvalid (input port clocked by clk)
Endpoint: _1101_ (rising edge-triggered flip-flop clocked by clk)
Path Group: clk
Path Type: max

Fanout         Cap        Slew       Delay        Time   Description
---------------------------------------------------------------------------------------------
                                  0.000000    0.000000   clock clk (rise edge)
                                  0.000000    0.000000   clock network delay (propagated)
                                  4.000000    4.000000 ^ input external delay
     1    0.003439    0.036511    0.019213    4.019213 ^ awvalid (in)
                                                         awvalid (net)
                      0.036511    0.000000    4.019213 ^ input41/A (sky130_fd_sc_hd__buf_1)
     2    0.012338    0.243531    0.258911    4.278124 ^ input41/X (sky130_fd_sc_hd__buf_1)
                                                         net41 (net)
                      0.243540    0.001238    4.279362 ^ _0392_/A (sky130_fd_sc_hd__inv_2)
     2    0.004588    0.058560    0.116352    4.395714 v _0392_/Y (sky130_fd_sc_hd__inv_2)
                                                         _0096_ (net)
                      0.058560    0.000227    4.395942 v _0712_/A2_N (sky130_fd_sc_hd__o2bb2a_1)
     2    0.008104    0.152192    0.490849    4.886790 ^ _0712_/X (sky130_fd_sc_hd__o2bb2a_1)
                                                         _0322_ (net)
                      0.152192    0.000457    4.887247 ^ _0740_/C1 (sky130_fd_sc_hd__o221a_2)
     7    0.022472    0.230244    0.541759    5.429006 ^ _0740_/X (sky130_fd_sc_hd__o221a_2)
                                                         _0346_ (net)
                      0.230247    0.001296    5.430302 ^ _0755_/B1_N (sky130_fd_sc_hd__a21bo_1)
     1    0.004354    0.075380    0.442266    5.872568 v _0755_/X (sky130_fd_sc_hd__a21bo_1)
                                                         _0358_ (net)
                      0.075380    0.000319    5.872887 v _0759_/A2 (sky130_fd_sc_hd__a22o_1)
     1    0.004003    0.082321    0.423173    6.296060 v _0759_/X (sky130_fd_sc_hd__a22o_1)
                                                         _0086_ (net)
                      0.082321    0.000282    6.296342 v _1101_/D (sky130_fd_sc_hd__dfrtp_1)
                                              6.296342   data arrival time

                                 20.000000   20.000000   clock clk (rise edge)
                                  0.000000   20.000000   clock source latency
     1    0.016751    0.127641    0.086649   20.086649 ^ clk (in)
                                                         clk (net)
                      0.127675    0.000000   20.086649 ^ clkbuf_0_clk/A (sky130_fd_sc_hd__clkbuf_16)
     2    0.019248    0.066503    0.246636   20.333286 ^ clkbuf_0_clk/X (sky130_fd_sc_hd__clkbuf_16)
                                                         clknet_0_clk (net)
                      0.066503    0.001229   20.334515 ^ clkbuf_1_0__f_clk/A (sky130_fd_sc_hd__clkbuf_16)
    10    0.028395    0.078341    0.231012   20.565527 ^ clkbuf_1_0__f_clk/X (sky130_fd_sc_hd__clkbuf_16)
                                                         clknet_1_0__leaf_clk (net)
                      0.078468    0.002684   20.568211 ^ _1101_/CLK (sky130_fd_sc_hd__dfrtp_1)
                                 -0.250000   20.318213   clock uncertainty
                                  0.000000   20.318213   clock reconvergence pessimism
                                 -0.279445   20.038765   library setup time
                                             20.038765   data required time
---------------------------------------------------------------------------------------------
                                             20.038765   data required time
                                             -6.296342   data arrival time
---------------------------------------------------------------------------------------------
                                             13.742424   slack (MET)


Startpoint: awvalid (input port clocked by clk)
Endpoint: _0802_ (rising edge-triggered flip-flop clocked by clk)
Path Group: clk
Path Type: max

Fanout         Cap        Slew       Delay        Time   Description
---------------------------------------------------------------------------------------------
                                  0.000000    0.000000   clock clk (rise edge)
                                  0.000000    0.000000   clock network delay (propagated)
                                  4.000000    4.000000 ^ input external delay
     1    0.003439    0.036511    0.019213    4.019213 ^ awvalid (in)
                                                         awvalid (net)
                      0.036511    0.000000    4.019213 ^ input41/A (sky130_fd_sc_hd__buf_1)
     2    0.012338    0.243531    0.258911    4.278124 ^ input41/X (sky130_fd_sc_hd__buf_1)
                                                         net41 (net)
                      0.243540    0.001238    4.279362 ^ _0392_/A (sky130_fd_sc_hd__inv_2)
     2    0.004588    0.058560    0.116352    4.395714 v _0392_/Y (sky130_fd_sc_hd__inv_2)
                                                         _0096_ (net)
                      0.058560    0.000227    4.395942 v _0712_/A2_N (sky130_fd_sc_hd__o2bb2a_1)
     2    0.008104    0.152192    0.490849    4.886790 ^ _0712_/X (sky130_fd_sc_hd__o2bb2a_1)
                                                         _0322_ (net)
                      0.152192    0.000259    4.887049 ^ _0715_/B1 (sky130_fd_sc_hd__o211a_2)
     6    0.025484    0.257801    0.558852    5.445901 ^ _0715_/X (sky130_fd_sc_hd__o211a_2)
                                                         _0325_ (net)
                      0.257813    0.002131    5.448032 ^ _0732_/B1_N (sky130_fd_sc_hd__a21bo_1)
     1    0.004404    0.075804    0.451244    5.899276 v _0732_/X (sky130_fd_sc_hd__a21bo_1)
                                                         _0339_ (net)
                      0.075804    0.000314    5.899590 v _0735_/A2 (sky130_fd_sc_hd__a22o_1)
     1    0.002234    0.066175    0.401678    6.301268 v _0735_/X (sky130_fd_sc_hd__a22o_1)
                                                         _0082_ (net)
                      0.066175    0.000159    6.301427 v _0802_/D (sky130_fd_sc_hd__dfrtp_1)
                                              6.301427   data arrival time

                                 20.000000   20.000000   clock clk (rise edge)
                                  0.000000   20.000000   clock source latency
     1    0.016751    0.127641    0.086649   20.086649 ^ clk (in)
                                                         clk (net)
                      0.127675    0.000000   20.086649 ^ clkbuf_0_clk/A (sky130_fd_sc_hd__clkbuf_16)
     2    0.019248    0.066503    0.246636   20.333286 ^ clkbuf_0_clk/X (sky130_fd_sc_hd__clkbuf_16)
                                                         clknet_0_clk (net)
                      0.066503    0.001119   20.334406 ^ clkbuf_1_1__f_clk/A (sky130_fd_sc_hd__clkbuf_16)
    10    0.034153    0.086226    0.239645   20.574049 ^ clkbuf_1_1__f_clk/X (sky130_fd_sc_hd__clkbuf_16)
                                                         clknet_1_1__leaf_clk (net)
                      0.086234    0.000911   20.574961 ^ _0802_/CLK (sky130_fd_sc_hd__dfrtp_1)
                                 -0.250000   20.324963   clock uncertainty
                                  0.000000   20.324963   clock reconvergence pessimism
                                 -0.270643   20.054317   library setup time
                                             20.054317   data required time
---------------------------------------------------------------------------------------------
                                             20.054317   data required time
                                             -6.301427   data arrival time
---------------------------------------------------------------------------------------------
                                             13.752891   slack (MET)


Startpoint: arvalid (input port clocked by clk)
Endpoint: _1098_ (rising edge-triggered flip-flop clocked by clk)
Path Group: clk
Path Type: max

Fanout         Cap        Slew       Delay        Time   Description
---------------------------------------------------------------------------------------------
                                  0.000000    0.000000   clock clk (rise edge)
                                  0.000000    0.000000   clock network delay (propagated)
                                  4.000000    4.000000 v input external delay
     1    0.002648    0.017878    0.008798    4.008798 v arvalid (in)
                                                         arvalid (net)
                      0.017878    0.000000    4.008798 v input29/A (sky130_fd_sc_hd__dlymetal6s2s_1)
     5    0.024749    0.250146    0.410375    4.419173 v input29/X (sky130_fd_sc_hd__dlymetal6s2s_1)
                                                         net29 (net)
                      0.250160    0.002093    4.421267 v _0712_/B1 (sky130_fd_sc_hd__o2bb2a_1)
     2    0.007876    0.150965    0.762193    5.183459 v _0712_/X (sky130_fd_sc_hd__o2bb2a_1)
                                                         _0322_ (net)
                      0.150965    0.000445    5.183904 v _0740_/C1 (sky130_fd_sc_hd__o221a_2)
     7    0.021210    0.171198    0.354969    5.538873 v _0740_/X (sky130_fd_sc_hd__o221a_2)
                                                         _0346_ (net)
                      0.171210    0.001568    5.540441 v _0744_/S (sky130_fd_sc_hd__mux2_1)
     1    0.002856    0.110977    0.728586    6.269026 v _0744_/X (sky130_fd_sc_hd__mux2_1)
                                                         _0083_ (net)
                      0.110977    0.000119    6.269146 v _1098_/D (sky130_fd_sc_hd__dfrtp_1)
                                              6.269146   data arrival time

                                 20.000000   20.000000   clock clk (rise edge)
                                  0.000000   20.000000   clock source latency
     1    0.016751    0.127641    0.086649   20.086649 ^ clk (in)
                                                         clk (net)
                      0.127675    0.000000   20.086649 ^ clkbuf_0_clk/A (sky130_fd_sc_hd__clkbuf_16)
     2    0.019248    0.066503    0.246636   20.333286 ^ clkbuf_0_clk/X (sky130_fd_sc_hd__clkbuf_16)
                                                         clknet_0_clk (net)
                      0.066503    0.001229   20.334515 ^ clkbuf_1_0__f_clk/A (sky130_fd_sc_hd__clkbuf_16)
    10    0.028395    0.078341    0.231012   20.565527 ^ clkbuf_1_0__f_clk/X (sky130_fd_sc_hd__clkbuf_16)
                                                         clknet_1_0__leaf_clk (net)
                      0.078474    0.002736   20.568262 ^ _1098_/CLK (sky130_fd_sc_hd__dfrtp_1)
                                 -0.250000   20.318264   clock uncertainty
                                  0.000000   20.318264   clock reconvergence pessimism
                                 -0.291394   20.026869   library setup time
                                             20.026869   data required time
---------------------------------------------------------------------------------------------
                                             20.026869   data required time
                                             -6.269146   data arrival time
---------------------------------------------------------------------------------------------
                                             13.757724   slack (MET)


Startpoint: arvalid (input port clocked by clk)
Endpoint: _0800_ (rising edge-triggered flip-flop clocked by clk)
Path Group: clk
Path Type: max

Fanout         Cap        Slew       Delay        Time   Description
---------------------------------------------------------------------------------------------
                                  0.000000    0.000000   clock clk (rise edge)
                                  0.000000    0.000000   clock network delay (propagated)
                                  4.000000    4.000000 v input external delay
     1    0.002648    0.017878    0.008798    4.008798 v arvalid (in)
                                                         arvalid (net)
                      0.017878    0.000000    4.008798 v input29/A (sky130_fd_sc_hd__dlymetal6s2s_1)
     5    0.024749    0.250146    0.410375    4.419173 v input29/X (sky130_fd_sc_hd__dlymetal6s2s_1)
                                                         net29 (net)
                      0.250160    0.002093    4.421267 v _0712_/B1 (sky130_fd_sc_hd__o2bb2a_1)
     2    0.007876    0.150965    0.762193    5.183459 v _0712_/X (sky130_fd_sc_hd__o2bb2a_1)
                                                         _0322_ (net)
                      0.150965    0.000250    5.183709 v _0715_/B1 (sky130_fd_sc_hd__o211a_2)
     6    0.024430    0.159129    0.373081    5.556790 v _0715_/X (sky130_fd_sc_hd__o211a_2)
                                                         _0325_ (net)
                      0.159168    0.002423    5.559212 v _0723_/S (sky130_fd_sc_hd__mux2_1)
     1    0.002390    0.105979    0.715537    6.274749 v _0723_/X (sky130_fd_sc_hd__mux2_1)
                                                         _0080_ (net)
                      0.105979    0.000161    6.274910 v _0800_/D (sky130_fd_sc_hd__dfrtp_1)
                                              6.274910   data arrival time

                                 20.000000   20.000000   clock clk (rise edge)
                                  0.000000   20.000000   clock source latency
     1    0.016751    0.127641    0.086649   20.086649 ^ clk (in)
                                                         clk (net)
                      0.127675    0.000000   20.086649 ^ clkbuf_0_clk/A (sky130_fd_sc_hd__clkbuf_16)
     2    0.019248    0.066503    0.246636   20.333286 ^ clkbuf_0_clk/X (sky130_fd_sc_hd__clkbuf_16)
                                                         clknet_0_clk (net)
                      0.066503    0.001119   20.334406 ^ clkbuf_1_1__f_clk/A (sky130_fd_sc_hd__clkbuf_16)
    10    0.034153    0.086226    0.239645   20.574049 ^ clkbuf_1_1__f_clk/X (sky130_fd_sc_hd__clkbuf_16)
                                                         clknet_1_1__leaf_clk (net)
                      0.086246    0.001284   20.575335 ^ _0800_/CLK (sky130_fd_sc_hd__dfrtp_1)
                                 -0.250000   20.325335   clock uncertainty
                                  0.000000   20.325335   clock reconvergence pessimism
                                 -0.287236   20.038099   library setup time
                                             20.038099   data required time
---------------------------------------------------------------------------------------------
                                             20.038099   data required time
                                             -6.274910   data arrival time
---------------------------------------------------------------------------------------------
                                             13.763190   slack (MET)


Startpoint: arvalid (input port clocked by clk)
Endpoint: _0799_ (rising edge-triggered flip-flop clocked by clk)
Path Group: clk
Path Type: max

Fanout         Cap        Slew       Delay        Time   Description
---------------------------------------------------------------------------------------------
                                  0.000000    0.000000   clock clk (rise edge)
                                  0.000000    0.000000   clock network delay (propagated)
                                  4.000000    4.000000 v input external delay
     1    0.002648    0.017878    0.008798    4.008798 v arvalid (in)
                                                         arvalid (net)
                      0.017878    0.000000    4.008798 v input29/A (sky130_fd_sc_hd__dlymetal6s2s_1)
     5    0.024749    0.250146    0.410375    4.419173 v input29/X (sky130_fd_sc_hd__dlymetal6s2s_1)
                                                         net29 (net)
                      0.250160    0.002093    4.421267 v _0712_/B1 (sky130_fd_sc_hd__o2bb2a_1)
     2    0.007876    0.150965    0.762193    5.183459 v _0712_/X (sky130_fd_sc_hd__o2bb2a_1)
                                                         _0322_ (net)
                      0.150965    0.000250    5.183709 v _0715_/B1 (sky130_fd_sc_hd__o211a_2)
     6    0.024430    0.159129    0.373081    5.556790 v _0715_/X (sky130_fd_sc_hd__o211a_2)
                                                         _0325_ (net)
                      0.159144    0.001668    5.558457 v _0718_/S (sky130_fd_sc_hd__mux2_1)
     1    0.002163    0.104226    0.711610    6.270067 v _0718_/X (sky130_fd_sc_hd__mux2_1)
                                                         _0079_ (net)
                      0.104226    0.000154    6.270221 v _0799_/D (sky130_fd_sc_hd__dfrtp_1)
                                              6.270221   data arrival time

                                 20.000000   20.000000   clock clk (rise edge)
                                  0.000000   20.000000   clock source latency
     1    0.016751    0.127641    0.086649   20.086649 ^ clk (in)
                                                         clk (net)
                      0.127675    0.000000   20.086649 ^ clkbuf_0_clk/A (sky130_fd_sc_hd__clkbuf_16)
     2    0.019248    0.066503    0.246636   20.333286 ^ clkbuf_0_clk/X (sky130_fd_sc_hd__clkbuf_16)
                                                         clknet_0_clk (net)
                      0.066503    0.001119   20.334406 ^ clkbuf_1_1__f_clk/A (sky130_fd_sc_hd__clkbuf_16)
    10    0.034153    0.086226    0.239645   20.574049 ^ clkbuf_1_1__f_clk/X (sky130_fd_sc_hd__clkbuf_16)
                                                         clknet_1_1__leaf_clk (net)
                      0.086254    0.001453   20.575502 ^ _0799_/CLK (sky130_fd_sc_hd__dfrtp_1)
                                 -0.250000   20.325504   clock uncertainty
                                  0.000000   20.325504   clock reconvergence pessimism
                                 -0.286503   20.039000   library setup time
                                             20.039000   data required time
---------------------------------------------------------------------------------------------
                                             20.039000   data required time
                                             -6.270221   data arrival time
---------------------------------------------------------------------------------------------
                                             13.768780   slack (MET)


Startpoint: wlast (input port clocked by clk)
Endpoint: _0798_ (rising edge-triggered flip-flop clocked by clk)
Path Group: clk
Path Type: max

Fanout         Cap        Slew       Delay        Time   Description
---------------------------------------------------------------------------------------------
                                  0.000000    0.000000   clock clk (rise edge)
                                  0.000000    0.000000   clock network delay (propagated)
                                  4.000000    4.000000 v input external delay
     1    0.003431    0.020899    0.011270    4.011270 v wlast (in)
                                                         wlast (net)
                      0.020900    0.000000    4.011270 v input61/A (sky130_fd_sc_hd__clkbuf_1)
     2    0.008423    0.108316    0.186000    4.197270 v input61/X (sky130_fd_sc_hd__clkbuf_1)
                                                         net61 (net)
                      0.108316    0.000548    4.197819 v _0699_/A (sky130_fd_sc_hd__or4_1)
     1    0.004241    0.198676    1.250833    5.448651 v _0699_/X (sky130_fd_sc_hd__or4_1)
                                                         _0312_ (net)
                      0.198676    0.000263    5.448915 v _0710_/A3 (sky130_fd_sc_hd__a31o_1)
     1    0.003381    0.071236    0.446634    5.895549 v _0710_/X (sky130_fd_sc_hd__a31o_1)
                                                         _0321_ (net)
                      0.071236    0.000141    5.895689 v _0711_/B1 (sky130_fd_sc_hd__a21o_1)
     1    0.003533    0.066293    0.282574    6.178263 v _0711_/X (sky130_fd_sc_hd__a21o_1)
                                                         _0078_ (net)
                      0.066293    0.000231    6.178494 v _0798_/D (sky130_fd_sc_hd__dfrtp_1)
                                              6.178494   data arrival time

                                 20.000000   20.000000   clock clk (rise edge)
                                  0.000000   20.000000   clock source latency
     1    0.016751    0.127641    0.086649   20.086649 ^ clk (in)
                                                         clk (net)
                      0.127675    0.000000   20.086649 ^ clkbuf_0_clk/A (sky130_fd_sc_hd__clkbuf_16)
     2    0.019248    0.066503    0.246636   20.333286 ^ clkbuf_0_clk/X (sky130_fd_sc_hd__clkbuf_16)
                                                         clknet_0_clk (net)
                      0.066503    0.001119   20.334406 ^ clkbuf_1_1__f_clk/A (sky130_fd_sc_hd__clkbuf_16)
    10    0.034153    0.086226    0.239645   20.574049 ^ clkbuf_1_1__f_clk/X (sky130_fd_sc_hd__clkbuf_16)
                                                         clknet_1_1__leaf_clk (net)
                      0.086259    0.001563   20.575613 ^ _0798_/CLK (sky130_fd_sc_hd__dfrtp_1)
                                 -0.250000   20.325613   clock uncertainty
                                  0.000000   20.325613   clock reconvergence pessimism
                                 -0.270686   20.054928   library setup time
                                             20.054928   data required time
---------------------------------------------------------------------------------------------
                                             20.054928   data required time
                                             -6.178494   data arrival time
---------------------------------------------------------------------------------------------
                                             13.876432   slack (MET)


Startpoint: bready (input port clocked by clk)
Endpoint: _0795_ (rising edge-triggered flip-flop clocked by clk)
Path Group: clk
Path Type: max

Fanout         Cap        Slew       Delay        Time   Description
---------------------------------------------------------------------------------------------
                                  0.000000    0.000000   clock clk (rise edge)
                                  0.000000    0.000000   clock network delay (propagated)
                                  4.000000    4.000000 ^ input external delay
     1    0.007876    0.066665    0.042032    4.042032 ^ bready (in)
                                                         bready (net)
                      0.066669    0.000000    4.042032 ^ input42/A (sky130_fd_sc_hd__buf_1)
     2    0.009446    0.191131    0.235573    4.277605 ^ input42/X (sky130_fd_sc_hd__buf_1)
                                                         net42 (net)
                      0.191131    0.000624    4.278229 ^ _0691_/A (sky130_fd_sc_hd__nand2_1)
     1    0.005258    0.126074    0.175621    4.453850 v _0691_/Y (sky130_fd_sc_hd__nand2_1)
                                                         _0305_ (net)
                      0.126074    0.000350    4.454201 v _0692_/C (sky130_fd_sc_hd__and3_1)
     1    0.004403    0.085063    0.403903    4.858104 v _0692_/X (sky130_fd_sc_hd__and3_1)
                                                         _0306_ (net)
                      0.085063    0.000266    4.858370 v _0697_/A (sky130_fd_sc_hd__or3b_1)
     1    0.002989    0.139035    0.855870    5.714240 v _0697_/X (sky130_fd_sc_hd__or3b_1)
                                                         _0311_ (net)
                      0.139035    0.000197    5.714437 v _0698_/B1 (sky130_fd_sc_hd__a31o_1)
     1    0.003422    0.071583    0.363825    6.078262 v _0698_/X (sky130_fd_sc_hd__a31o_1)
                                                         _0075_ (net)
                      0.071583    0.000233    6.078495 v _0795_/D (sky130_fd_sc_hd__dfrtp_1)
                                              6.078495   data arrival time

                                 20.000000   20.000000   clock clk (rise edge)
                                  0.000000   20.000000   clock source latency
     1    0.016751    0.127641    0.086649   20.086649 ^ clk (in)
                                                         clk (net)
                      0.127675    0.000000   20.086649 ^ clkbuf_0_clk/A (sky130_fd_sc_hd__clkbuf_16)
     2    0.019248    0.066503    0.246636   20.333286 ^ clkbuf_0_clk/X (sky130_fd_sc_hd__clkbuf_16)
                                                         clknet_0_clk (net)
                      0.066503    0.001229   20.334515 ^ clkbuf_1_0__f_clk/A (sky130_fd_sc_hd__clkbuf_16)
    10    0.028395    0.078341    0.231012   20.565527 ^ clkbuf_1_0__f_clk/X (sky130_fd_sc_hd__clkbuf_16)
                                                         clknet_1_0__leaf_clk (net)
                      0.078388    0.001757   20.567284 ^ _0795_/CLK (sky130_fd_sc_hd__dfrtp_1)
                                 -0.250000   20.317284   clock uncertainty
                                  0.000000   20.317284   clock reconvergence pessimism
                                 -0.274989   20.042295   library setup time
                                             20.042295   data required time
---------------------------------------------------------------------------------------------
                                             20.042295   data required time
                                             -6.078495   data arrival time
---------------------------------------------------------------------------------------------
                                             13.963801   slack (MET)


Startpoint: awvalid (input port clocked by clk)
Endpoint: _1100_ (rising edge-triggered flip-flop clocked by clk)
Path Group: clk
Path Type: max

Fanout         Cap        Slew       Delay        Time   Description
---------------------------------------------------------------------------------------------
                                  0.000000    0.000000   clock clk (rise edge)
                                  0.000000    0.000000   clock network delay (propagated)
                                  4.000000    4.000000 ^ input external delay
     1    0.003439    0.036511    0.019213    4.019213 ^ awvalid (in)
                                                         awvalid (net)
                      0.036511    0.000000    4.019213 ^ input41/A (sky130_fd_sc_hd__buf_1)
     2    0.012338    0.243531    0.258911    4.278124 ^ input41/X (sky130_fd_sc_hd__buf_1)
                                                         net41 (net)
                      0.243540    0.001238    4.279362 ^ _0392_/A (sky130_fd_sc_hd__inv_2)
     2    0.004588    0.058560    0.116352    4.395714 v _0392_/Y (sky130_fd_sc_hd__inv_2)
                                                         _0096_ (net)
                      0.058560    0.000227    4.395942 v _0712_/A2_N (sky130_fd_sc_hd__o2bb2a_1)
     2    0.008104    0.152192    0.490849    4.886790 ^ _0712_/X (sky130_fd_sc_hd__o2bb2a_1)
                                                         _0322_ (net)
                      0.152192    0.000457    4.887247 ^ _0740_/C1 (sky130_fd_sc_hd__o221a_2)
     7    0.022472    0.230244    0.541759    5.429006 ^ _0740_/X (sky130_fd_sc_hd__o221a_2)
                                                         _0346_ (net)
                      0.230244    0.000976    5.429982 ^ _0745_/B1 (sky130_fd_sc_hd__o21ai_1)
     1    0.003430    0.107163    0.194089    5.624071 v _0745_/Y (sky130_fd_sc_hd__o21ai_1)
                                                         _0350_ (net)
                      0.107164    0.000148    5.624218 v _0754_/A2 (sky130_fd_sc_hd__a22o_1)
     1    0.004570    0.087670    0.443563    6.067781 v _0754_/X (sky130_fd_sc_hd__a22o_1)
                                                         _0085_ (net)
                      0.087670    0.000182    6.067963 v _1100_/D (sky130_fd_sc_hd__dfrtp_1)
                                              6.067963   data arrival time

                                 20.000000   20.000000   clock clk (rise edge)
                                  0.000000   20.000000   clock source latency
     1    0.016751    0.127641    0.086649   20.086649 ^ clk (in)
                                                         clk (net)
                      0.127675    0.000000   20.086649 ^ clkbuf_0_clk/A (sky130_fd_sc_hd__clkbuf_16)
     2    0.019248    0.066503    0.246636   20.333286 ^ clkbuf_0_clk/X (sky130_fd_sc_hd__clkbuf_16)
                                                         clknet_0_clk (net)
                      0.066503    0.001229   20.334515 ^ clkbuf_1_0__f_clk/A (sky130_fd_sc_hd__clkbuf_16)
    10    0.028395    0.078341    0.231012   20.565527 ^ clkbuf_1_0__f_clk/X (sky130_fd_sc_hd__clkbuf_16)
                                                         clknet_1_0__leaf_clk (net)
                      0.078466    0.002663   20.568190 ^ _1100_/CLK (sky130_fd_sc_hd__dfrtp_1)
                                 -0.250000   20.318190   clock uncertainty
                                  0.000000   20.318190   clock reconvergence pessimism
                                 -0.281676   20.036514   library setup time
                                             20.036514   data required time
---------------------------------------------------------------------------------------------
                                             20.036514   data required time
                                             -6.067963   data arrival time
---------------------------------------------------------------------------------------------
                                             13.968551   slack (MET)


Startpoint: res_n (input port clocked by clk)
Endpoint: _0795_ (recovery check against rising-edge clock clk)
Path Group: asynchronous
Path Type: max

Fanout         Cap        Slew       Delay        Time   Description
---------------------------------------------------------------------------------------------
                                  0.000000    0.000000   clock clk (rise edge)
                                  0.000000    0.000000   clock network delay (propagated)
                                  4.000000    4.000000 ^ input external delay
     1    0.003360    0.035980    0.018795    4.018795 ^ res_n (in)
                                                         res_n (net)
                      0.035981    0.000000    4.018795 ^ input43/A (sky130_fd_sc_hd__buf_1)
     2    0.013410    0.263031    0.272552    4.291347 ^ input43/X (sky130_fd_sc_hd__buf_1)
                                                         net43 (net)
                      0.263035    0.000930    4.292277 ^ fanout245/A (sky130_fd_sc_hd__clkbuf_4)
    10    0.046773    0.233968    0.455355    4.747632 ^ fanout245/X (sky130_fd_sc_hd__clkbuf_4)
                                                         net245 (net)
                      0.234072    0.004616    4.752248 ^ _0795_/RESET_B (sky130_fd_sc_hd__dfrtp_1)
                                              4.752248   data arrival time

                                 20.000000   20.000000   clock clk (rise edge)
                                  0.000000   20.000000   clock source latency
     1    0.016751    0.127641    0.086649   20.086649 ^ clk (in)
                                                         clk (net)
                      0.127675    0.000000   20.086649 ^ clkbuf_0_clk/A (sky130_fd_sc_hd__clkbuf_16)
     2    0.019248    0.066503    0.246636   20.333286 ^ clkbuf_0_clk/X (sky130_fd_sc_hd__clkbuf_16)
                                                         clknet_0_clk (net)
                      0.066503    0.001229   20.334515 ^ clkbuf_1_0__f_clk/A (sky130_fd_sc_hd__clkbuf_16)
    10    0.028395    0.078341    0.231012   20.565527 ^ clkbuf_1_0__f_clk/X (sky130_fd_sc_hd__clkbuf_16)
                                                         clknet_1_0__leaf_clk (net)
                      0.078388    0.001757   20.567284 ^ _0795_/CLK (sky130_fd_sc_hd__dfrtp_1)
                                 -0.250000   20.317284   clock uncertainty
                                  0.000000   20.317284   clock reconvergence pessimism
                                  0.404630   20.721914   library recovery time
                                             20.721914   data required time
---------------------------------------------------------------------------------------------
                                             20.721914   data required time
                                             -4.752248   data arrival time
---------------------------------------------------------------------------------------------
                                             15.969666   slack (MET)


Startpoint: res_n (input port clocked by clk)
Endpoint: _1108_ (recovery check against rising-edge clock clk)
Path Group: asynchronous
Path Type: max

Fanout         Cap        Slew       Delay        Time   Description
---------------------------------------------------------------------------------------------
                                  0.000000    0.000000   clock clk (rise edge)
                                  0.000000    0.000000   clock network delay (propagated)
                                  4.000000    4.000000 ^ input external delay
     1    0.003360    0.035980    0.018795    4.018795 ^ res_n (in)
                                                         res_n (net)
                      0.035981    0.000000    4.018795 ^ input43/A (sky130_fd_sc_hd__buf_1)
     2    0.013410    0.263031    0.272552    4.291347 ^ input43/X (sky130_fd_sc_hd__buf_1)
                                                         net43 (net)
                      0.263035    0.000930    4.292277 ^ fanout245/A (sky130_fd_sc_hd__clkbuf_4)
    10    0.046773    0.233968    0.455355    4.747632 ^ fanout245/X (sky130_fd_sc_hd__clkbuf_4)
                                                         net245 (net)
                      0.234056    0.004294    4.751925 ^ _1108_/RESET_B (sky130_fd_sc_hd__dfrtp_1)
                                              4.751925   data arrival time

                                 20.000000   20.000000   clock clk (rise edge)
                                  0.000000   20.000000   clock source latency
     1    0.016751    0.127641    0.086649   20.086649 ^ clk (in)
                                                         clk (net)
                      0.127675    0.000000   20.086649 ^ clkbuf_0_clk/A (sky130_fd_sc_hd__clkbuf_16)
     2    0.019248    0.066503    0.246636   20.333286 ^ clkbuf_0_clk/X (sky130_fd_sc_hd__clkbuf_16)
                                                         clknet_0_clk (net)
                      0.066503    0.001229   20.334515 ^ clkbuf_1_0__f_clk/A (sky130_fd_sc_hd__clkbuf_16)
    10    0.028395    0.078341    0.231012   20.565527 ^ clkbuf_1_0__f_clk/X (sky130_fd_sc_hd__clkbuf_16)
                                                         clknet_1_0__leaf_clk (net)
                      0.078404    0.001982   20.567509 ^ _1108_/CLK (sky130_fd_sc_hd__dfrtp_1)
                                 -0.250000   20.317511   clock uncertainty
                                  0.000000   20.317511   clock reconvergence pessimism
                                  0.404641   20.722151   library recovery time
                                             20.722151   data required time
---------------------------------------------------------------------------------------------
                                             20.722151   data required time
                                             -4.751925   data arrival time
---------------------------------------------------------------------------------------------
                                             15.970226   slack (MET)


Startpoint: res_n (input port clocked by clk)
Endpoint: _1107_ (recovery check against rising-edge clock clk)
Path Group: asynchronous
Path Type: max

Fanout         Cap        Slew       Delay        Time   Description
---------------------------------------------------------------------------------------------
                                  0.000000    0.000000   clock clk (rise edge)
                                  0.000000    0.000000   clock network delay (propagated)
                                  4.000000    4.000000 ^ input external delay
     1    0.003360    0.035980    0.018795    4.018795 ^ res_n (in)
                                                         res_n (net)
                      0.035981    0.000000    4.018795 ^ input43/A (sky130_fd_sc_hd__buf_1)
     2    0.013410    0.263031    0.272552    4.291347 ^ input43/X (sky130_fd_sc_hd__buf_1)
                                                         net43 (net)
                      0.263035    0.000930    4.292277 ^ fanout245/A (sky130_fd_sc_hd__clkbuf_4)
    10    0.046773    0.233968    0.455355    4.747632 ^ fanout245/X (sky130_fd_sc_hd__clkbuf_4)
                                                         net245 (net)
                      0.234041    0.003971    4.751603 ^ _1107_/RESET_B (sky130_fd_sc_hd__dfrtp_1)
                                              4.751603   data arrival time

                                 20.000000   20.000000   clock clk (rise edge)
                                  0.000000   20.000000   clock source latency
     1    0.016751    0.127641    0.086649   20.086649 ^ clk (in)
                                                         clk (net)
                      0.127675    0.000000   20.086649 ^ clkbuf_0_clk/A (sky130_fd_sc_hd__clkbuf_16)
     2    0.019248    0.066503    0.246636   20.333286 ^ clkbuf_0_clk/X (sky130_fd_sc_hd__clkbuf_16)
                                                         clknet_0_clk (net)
                      0.066503    0.001229   20.334515 ^ clkbuf_1_0__f_clk/A (sky130_fd_sc_hd__clkbuf_16)
    10    0.028395    0.078341    0.231012   20.565527 ^ clkbuf_1_0__f_clk/X (sky130_fd_sc_hd__clkbuf_16)
                                                         clknet_1_0__leaf_clk (net)
                      0.078449    0.002494   20.568020 ^ _1107_/CLK (sky130_fd_sc_hd__dfrtp_1)
                                 -0.250000   20.318022   clock uncertainty
                                  0.000000   20.318022   clock reconvergence pessimism
                                  0.404662   20.722683   library recovery time
                                             20.722683   data required time
---------------------------------------------------------------------------------------------
                                             20.722683   data required time
                                             -4.751603   data arrival time
---------------------------------------------------------------------------------------------
                                             15.971079   slack (MET)


Startpoint: res_n (input port clocked by clk)
Endpoint: _1105_ (recovery check against rising-edge clock clk)
Path Group: asynchronous
Path Type: max

Fanout         Cap        Slew       Delay        Time   Description
---------------------------------------------------------------------------------------------
                                  0.000000    0.000000   clock clk (rise edge)
                                  0.000000    0.000000   clock network delay (propagated)
                                  4.000000    4.000000 ^ input external delay
     1    0.003360    0.035980    0.018795    4.018795 ^ res_n (in)
                                                         res_n (net)
                      0.035981    0.000000    4.018795 ^ input43/A (sky130_fd_sc_hd__buf_1)
     2    0.013410    0.263031    0.272552    4.291347 ^ input43/X (sky130_fd_sc_hd__buf_1)
                                                         net43 (net)
                      0.263035    0.000930    4.292277 ^ fanout245/A (sky130_fd_sc_hd__clkbuf_4)
    10    0.046773    0.233968    0.455355    4.747632 ^ fanout245/X (sky130_fd_sc_hd__clkbuf_4)
                                                         net245 (net)
                      0.234039    0.003920    4.751551 ^ _1105_/RESET_B (sky130_fd_sc_hd__dfrtp_1)
                                              4.751551   data arrival time

                                 20.000000   20.000000   clock clk (rise edge)
                                  0.000000   20.000000   clock source latency
     1    0.016751    0.127641    0.086649   20.086649 ^ clk (in)
                                                         clk (net)
                      0.127675    0.000000   20.086649 ^ clkbuf_0_clk/A (sky130_fd_sc_hd__clkbuf_16)
     2    0.019248    0.066503    0.246636   20.333286 ^ clkbuf_0_clk/X (sky130_fd_sc_hd__clkbuf_16)
                                                         clknet_0_clk (net)
                      0.066503    0.001229   20.334515 ^ clkbuf_1_0__f_clk/A (sky130_fd_sc_hd__clkbuf_16)
    10    0.028395    0.078341    0.231012   20.565527 ^ clkbuf_1_0__f_clk/X (sky130_fd_sc_hd__clkbuf_16)
                                                         clknet_1_0__leaf_clk (net)
                      0.078454    0.002546   20.568071 ^ _1105_/CLK (sky130_fd_sc_hd__dfrtp_1)
                                 -0.250000   20.318073   clock uncertainty
                                  0.000000   20.318073   clock reconvergence pessimism
                                  0.404665   20.722738   library recovery time
                                             20.722738   data required time
---------------------------------------------------------------------------------------------
                                             20.722738   data required time
                                             -4.751551   data arrival time
---------------------------------------------------------------------------------------------
                                             15.971186   slack (MET)


Startpoint: res_n (input port clocked by clk)
Endpoint: _1106_ (recovery check against rising-edge clock clk)
Path Group: asynchronous
Path Type: max

Fanout         Cap        Slew       Delay        Time   Description
---------------------------------------------------------------------------------------------
                                  0.000000    0.000000   clock clk (rise edge)
                                  0.000000    0.000000   clock network delay (propagated)
                                  4.000000    4.000000 ^ input external delay
     1    0.003360    0.035980    0.018795    4.018795 ^ res_n (in)
                                                         res_n (net)
                      0.035981    0.000000    4.018795 ^ input43/A (sky130_fd_sc_hd__buf_1)
     2    0.013410    0.263031    0.272552    4.291347 ^ input43/X (sky130_fd_sc_hd__buf_1)
                                                         net43 (net)
                      0.263035    0.000930    4.292277 ^ fanout245/A (sky130_fd_sc_hd__clkbuf_4)
    10    0.046773    0.233968    0.455355    4.747632 ^ fanout245/X (sky130_fd_sc_hd__clkbuf_4)
                                                         net245 (net)
                      0.234035    0.003826    4.751458 ^ _1106_/RESET_B (sky130_fd_sc_hd__dfrtp_1)
                                              4.751458   data arrival time

                                 20.000000   20.000000   clock clk (rise edge)
                                  0.000000   20.000000   clock source latency
     1    0.016751    0.127641    0.086649   20.086649 ^ clk (in)
                                                         clk (net)
                      0.127675    0.000000   20.086649 ^ clkbuf_0_clk/A (sky130_fd_sc_hd__clkbuf_16)
     2    0.019248    0.066503    0.246636   20.333286 ^ clkbuf_0_clk/X (sky130_fd_sc_hd__clkbuf_16)
                                                         clknet_0_clk (net)
                      0.066503    0.001229   20.334515 ^ clkbuf_1_0__f_clk/A (sky130_fd_sc_hd__clkbuf_16)
    10    0.028395    0.078341    0.231012   20.565527 ^ clkbuf_1_0__f_clk/X (sky130_fd_sc_hd__clkbuf_16)
                                                         clknet_1_0__leaf_clk (net)
                      0.078458    0.002585   20.568111 ^ _1106_/CLK (sky130_fd_sc_hd__dfrtp_1)
                                 -0.250000   20.318111   clock uncertainty
                                  0.000000   20.318111   clock reconvergence pessimism
                                  0.404667   20.722778   library recovery time
                                             20.722778   data required time
---------------------------------------------------------------------------------------------
                                             20.722778   data required time
                                             -4.751458   data arrival time
---------------------------------------------------------------------------------------------
                                             15.971321   slack (MET)


Startpoint: res_n (input port clocked by clk)
Endpoint: _1100_ (recovery check against rising-edge clock clk)
Path Group: asynchronous
Path Type: max

Fanout         Cap        Slew       Delay        Time   Description
---------------------------------------------------------------------------------------------
                                  0.000000    0.000000   clock clk (rise edge)
                                  0.000000    0.000000   clock network delay (propagated)
                                  4.000000    4.000000 ^ input external delay
     1    0.003360    0.035980    0.018795    4.018795 ^ res_n (in)
                                                         res_n (net)
                      0.035981    0.000000    4.018795 ^ input43/A (sky130_fd_sc_hd__buf_1)
     2    0.013410    0.263031    0.272552    4.291347 ^ input43/X (sky130_fd_sc_hd__buf_1)
                                                         net43 (net)
                      0.263035    0.000930    4.292277 ^ fanout245/A (sky130_fd_sc_hd__clkbuf_4)
    10    0.046773    0.233968    0.455355    4.747632 ^ fanout245/X (sky130_fd_sc_hd__clkbuf_4)
                                                         net245 (net)
                      0.234024    0.003554    4.751186 ^ _1100_/RESET_B (sky130_fd_sc_hd__dfrtp_1)
                                              4.751186   data arrival time

                                 20.000000   20.000000   clock clk (rise edge)
                                  0.000000   20.000000   clock source latency
     1    0.016751    0.127641    0.086649   20.086649 ^ clk (in)
                                                         clk (net)
                      0.127675    0.000000   20.086649 ^ clkbuf_0_clk/A (sky130_fd_sc_hd__clkbuf_16)
     2    0.019248    0.066503    0.246636   20.333286 ^ clkbuf_0_clk/X (sky130_fd_sc_hd__clkbuf_16)
                                                         clknet_0_clk (net)
                      0.066503    0.001229   20.334515 ^ clkbuf_1_0__f_clk/A (sky130_fd_sc_hd__clkbuf_16)
    10    0.028395    0.078341    0.231012   20.565527 ^ clkbuf_1_0__f_clk/X (sky130_fd_sc_hd__clkbuf_16)
                                                         clknet_1_0__leaf_clk (net)
                      0.078466    0.002663   20.568190 ^ _1100_/CLK (sky130_fd_sc_hd__dfrtp_1)
                                 -0.250000   20.318190   clock uncertainty
                                  0.000000   20.318190   clock reconvergence pessimism
                                  0.404674   20.722864   library recovery time
                                             20.722864   data required time
---------------------------------------------------------------------------------------------
                                             20.722864   data required time
                                             -4.751186   data arrival time
---------------------------------------------------------------------------------------------
                                             15.971678   slack (MET)


Startpoint: res_n (input port clocked by clk)
Endpoint: _1101_ (recovery check against rising-edge clock clk)
Path Group: asynchronous
Path Type: max

Fanout         Cap        Slew       Delay        Time   Description
---------------------------------------------------------------------------------------------
                                  0.000000    0.000000   clock clk (rise edge)
                                  0.000000    0.000000   clock network delay (propagated)
                                  4.000000    4.000000 ^ input external delay
     1    0.003360    0.035980    0.018795    4.018795 ^ res_n (in)
                                                         res_n (net)
                      0.035981    0.000000    4.018795 ^ input43/A (sky130_fd_sc_hd__buf_1)
     2    0.013410    0.263031    0.272552    4.291347 ^ input43/X (sky130_fd_sc_hd__buf_1)
                                                         net43 (net)
                      0.263035    0.000930    4.292277 ^ fanout245/A (sky130_fd_sc_hd__clkbuf_4)
    10    0.046773    0.233968    0.455355    4.747632 ^ fanout245/X (sky130_fd_sc_hd__clkbuf_4)
                                                         net245 (net)
                      0.234000    0.002859    4.750491 ^ _1101_/RESET_B (sky130_fd_sc_hd__dfrtp_1)
                                              4.750491   data arrival time

                                 20.000000   20.000000   clock clk (rise edge)
                                  0.000000   20.000000   clock source latency
     1    0.016751    0.127641    0.086649   20.086649 ^ clk (in)
                                                         clk (net)
                      0.127675    0.000000   20.086649 ^ clkbuf_0_clk/A (sky130_fd_sc_hd__clkbuf_16)
     2    0.019248    0.066503    0.246636   20.333286 ^ clkbuf_0_clk/X (sky130_fd_sc_hd__clkbuf_16)
                                                         clknet_0_clk (net)
                      0.066503    0.001229   20.334515 ^ clkbuf_1_0__f_clk/A (sky130_fd_sc_hd__clkbuf_16)
    10    0.028395    0.078341    0.231012   20.565527 ^ clkbuf_1_0__f_clk/X (sky130_fd_sc_hd__clkbuf_16)
                                                         clknet_1_0__leaf_clk (net)
                      0.078468    0.002684   20.568211 ^ _1101_/CLK (sky130_fd_sc_hd__dfrtp_1)
                                 -0.250000   20.318213   clock uncertainty
                                  0.000000   20.318213   clock reconvergence pessimism
                                  0.404684   20.722897   library recovery time
                                             20.722897   data required time
---------------------------------------------------------------------------------------------
                                             20.722897   data required time
                                             -4.750491   data arrival time
---------------------------------------------------------------------------------------------
                                             15.972404   slack (MET)


Startpoint: res_n (input port clocked by clk)
Endpoint: _1099_ (recovery check against rising-edge clock clk)
Path Group: asynchronous
Path Type: max

Fanout         Cap        Slew       Delay        Time   Description
---------------------------------------------------------------------------------------------
                                  0.000000    0.000000   clock clk (rise edge)
                                  0.000000    0.000000   clock network delay (propagated)
                                  4.000000    4.000000 ^ input external delay
     1    0.003360    0.035980    0.018795    4.018795 ^ res_n (in)
                                                         res_n (net)
                      0.035981    0.000000    4.018795 ^ input43/A (sky130_fd_sc_hd__buf_1)
     2    0.013410    0.263031    0.272552    4.291347 ^ input43/X (sky130_fd_sc_hd__buf_1)
                                                         net43 (net)
                      0.263035    0.000930    4.292277 ^ fanout245/A (sky130_fd_sc_hd__clkbuf_4)
    10    0.046773    0.233968    0.455355    4.747632 ^ fanout245/X (sky130_fd_sc_hd__clkbuf_4)
                                                         net245 (net)
                      0.233983    0.002185    4.749817 ^ _1099_/RESET_B (sky130_fd_sc_hd__dfrtp_1)
                                              4.749817   data arrival time

                                 20.000000   20.000000   clock clk (rise edge)
                                  0.000000   20.000000   clock source latency
     1    0.016751    0.127641    0.086649   20.086649 ^ clk (in)
                                                         clk (net)
                      0.127675    0.000000   20.086649 ^ clkbuf_0_clk/A (sky130_fd_sc_hd__clkbuf_16)
     2    0.019248    0.066503    0.246636   20.333286 ^ clkbuf_0_clk/X (sky130_fd_sc_hd__clkbuf_16)
                                                         clknet_0_clk (net)
                      0.066503    0.001229   20.334515 ^ clkbuf_1_0__f_clk/A (sky130_fd_sc_hd__clkbuf_16)
    10    0.028395    0.078341    0.231012   20.565527 ^ clkbuf_1_0__f_clk/X (sky130_fd_sc_hd__clkbuf_16)
                                                         clknet_1_0__leaf_clk (net)
                      0.078470    0.002702   20.568228 ^ _1099_/CLK (sky130_fd_sc_hd__dfrtp_1)
                                 -0.250000   20.318230   clock uncertainty
                                  0.000000   20.318230   clock reconvergence pessimism
                                  0.404690   20.722919   library recovery time
                                             20.722919   data required time
---------------------------------------------------------------------------------------------
                                             20.722919   data required time
                                             -4.749817   data arrival time
---------------------------------------------------------------------------------------------
                                             15.973103   slack (MET)


Startpoint: res_n (input port clocked by clk)
Endpoint: _1098_ (recovery check against rising-edge clock clk)
Path Group: asynchronous
Path Type: max

Fanout         Cap        Slew       Delay        Time   Description
---------------------------------------------------------------------------------------------
                                  0.000000    0.000000   clock clk (rise edge)
                                  0.000000    0.000000   clock network delay (propagated)
                                  4.000000    4.000000 ^ input external delay
     1    0.003360    0.035980    0.018795    4.018795 ^ res_n (in)
                                                         res_n (net)
                      0.035981    0.000000    4.018795 ^ input43/A (sky130_fd_sc_hd__buf_1)
     2    0.013410    0.263031    0.272552    4.291347 ^ input43/X (sky130_fd_sc_hd__buf_1)
                                                         net43 (net)
                      0.263035    0.000930    4.292277 ^ fanout245/A (sky130_fd_sc_hd__clkbuf_4)
    10    0.046773    0.233968    0.455355    4.747632 ^ fanout245/X (sky130_fd_sc_hd__clkbuf_4)
                                                         net245 (net)
                      0.233980    0.002019    4.749650 ^ _1098_/RESET_B (sky130_fd_sc_hd__dfrtp_1)
                                              4.749650   data arrival time

                                 20.000000   20.000000   clock clk (rise edge)
                                  0.000000   20.000000   clock source latency
     1    0.016751    0.127641    0.086649   20.086649 ^ clk (in)
                                                         clk (net)
                      0.127675    0.000000   20.086649 ^ clkbuf_0_clk/A (sky130_fd_sc_hd__clkbuf_16)
     2    0.019248    0.066503    0.246636   20.333286 ^ clkbuf_0_clk/X (sky130_fd_sc_hd__clkbuf_16)
                                                         clknet_0_clk (net)
                      0.066503    0.001229   20.334515 ^ clkbuf_1_0__f_clk/A (sky130_fd_sc_hd__clkbuf_16)
    10    0.028395    0.078341    0.231012   20.565527 ^ clkbuf_1_0__f_clk/X (sky130_fd_sc_hd__clkbuf_16)
                                                         clknet_1_0__leaf_clk (net)
                      0.078474    0.002736   20.568262 ^ _1098_/CLK (sky130_fd_sc_hd__dfrtp_1)
                                 -0.250000   20.318264   clock uncertainty
                                  0.000000   20.318264   clock reconvergence pessimism
                                  0.404693   20.722956   library recovery time
                                             20.722956   data required time
---------------------------------------------------------------------------------------------
                                             20.722956   data required time
                                             -4.749650   data arrival time
---------------------------------------------------------------------------------------------
                                             15.973307   slack (MET)


Startpoint: res_n (input port clocked by clk)
Endpoint: _0796_ (recovery check against rising-edge clock clk)
Path Group: asynchronous
Path Type: max

Fanout         Cap        Slew       Delay        Time   Description
---------------------------------------------------------------------------------------------
                                  0.000000    0.000000   clock clk (rise edge)
                                  0.000000    0.000000   clock network delay (propagated)
                                  4.000000    4.000000 ^ input external delay
     1    0.003360    0.035980    0.018795    4.018795 ^ res_n (in)
                                                         res_n (net)
                      0.035981    0.000000    4.018795 ^ input43/A (sky130_fd_sc_hd__buf_1)
     2    0.013410    0.263031    0.272552    4.291347 ^ input43/X (sky130_fd_sc_hd__buf_1)
                                                         net43 (net)
                      0.263035    0.000930    4.292277 ^ fanout245/A (sky130_fd_sc_hd__clkbuf_4)
    10    0.046773    0.233968    0.455355    4.747632 ^ fanout245/X (sky130_fd_sc_hd__clkbuf_4)
                                                         net245 (net)
                      0.234107    0.005222    4.752854 ^ _0796_/RESET_B (sky130_fd_sc_hd__dfrtp_1)
                                              4.752854   data arrival time

                                 20.000000   20.000000   clock clk (rise edge)
                                  0.000000   20.000000   clock source latency
     1    0.016751    0.127641    0.086649   20.086649 ^ clk (in)
                                                         clk (net)
                      0.127675    0.000000   20.086649 ^ clkbuf_0_clk/A (sky130_fd_sc_hd__clkbuf_16)
     2    0.019248    0.066503    0.246636   20.333286 ^ clkbuf_0_clk/X (sky130_fd_sc_hd__clkbuf_16)
                                                         clknet_0_clk (net)
                      0.066503    0.001119   20.334406 ^ clkbuf_1_1__f_clk/A (sky130_fd_sc_hd__clkbuf_16)
    10    0.034153    0.086226    0.239645   20.574049 ^ clkbuf_1_1__f_clk/X (sky130_fd_sc_hd__clkbuf_16)
                                                         clknet_1_1__leaf_clk (net)
                      0.086251    0.001394   20.575443 ^ _0796_/CLK (sky130_fd_sc_hd__dfrtp_1)
                                 -0.250000   20.325445   clock uncertainty
                                  0.000000   20.325445   clock reconvergence pessimism
                                  0.407267   20.732712   library recovery time
                                             20.732712   data required time
---------------------------------------------------------------------------------------------
                                             20.732712   data required time
                                             -4.752854   data arrival time
---------------------------------------------------------------------------------------------
                                             15.979857   slack (MET)


Startpoint: res_n (input port clocked by clk)
Endpoint: _1103_ (recovery check against rising-edge clock clk)
Path Group: asynchronous
Path Type: max

Fanout         Cap        Slew       Delay        Time   Description
---------------------------------------------------------------------------------------------
                                  0.000000    0.000000   clock clk (rise edge)
                                  0.000000    0.000000   clock network delay (propagated)
                                  4.000000    4.000000 ^ input external delay
     1    0.003360    0.035980    0.018795    4.018795 ^ res_n (in)
                                                         res_n (net)
                      0.035981    0.000000    4.018795 ^ input43/A (sky130_fd_sc_hd__buf_1)
     2    0.013410    0.263031    0.272552    4.291347 ^ input43/X (sky130_fd_sc_hd__buf_1)
                                                         net43 (net)
                      0.263038    0.001178    4.292525 ^ fanout246/A (sky130_fd_sc_hd__clkbuf_4)
     9    0.045631    0.229006    0.452125    4.744650 ^ fanout246/X (sky130_fd_sc_hd__clkbuf_4)
                                                         net246 (net)
                      0.229073    0.003748    4.748399 ^ _1103_/RESET_B (sky130_fd_sc_hd__dfrtp_1)
                                              4.748399   data arrival time

                                 20.000000   20.000000   clock clk (rise edge)
                                  0.000000   20.000000   clock source latency
     1    0.016751    0.127641    0.086649   20.086649 ^ clk (in)
                                                         clk (net)
                      0.127675    0.000000   20.086649 ^ clkbuf_0_clk/A (sky130_fd_sc_hd__clkbuf_16)
     2    0.019248    0.066503    0.246636   20.333286 ^ clkbuf_0_clk/X (sky130_fd_sc_hd__clkbuf_16)
                                                         clknet_0_clk (net)
                      0.066503    0.001119   20.334406 ^ clkbuf_1_1__f_clk/A (sky130_fd_sc_hd__clkbuf_16)
    10    0.034153    0.086226    0.239645   20.574049 ^ clkbuf_1_1__f_clk/X (sky130_fd_sc_hd__clkbuf_16)
                                                         clknet_1_1__leaf_clk (net)
                      0.086236    0.000973   20.575024 ^ _1103_/CLK (sky130_fd_sc_hd__dfrtp_1)
                                 -0.250000   20.325024   clock uncertainty
                                  0.000000   20.325024   clock reconvergence pessimism
                                  0.409125   20.734150   library recovery time
                                             20.734150   data required time
---------------------------------------------------------------------------------------------
                                             20.734150   data required time
                                             -4.748399   data arrival time
---------------------------------------------------------------------------------------------
                                             15.985750   slack (MET)


Startpoint: res_n (input port clocked by clk)
Endpoint: _1102_ (recovery check against rising-edge clock clk)
Path Group: asynchronous
Path Type: max

Fanout         Cap        Slew       Delay        Time   Description
---------------------------------------------------------------------------------------------
                                  0.000000    0.000000   clock clk (rise edge)
                                  0.000000    0.000000   clock network delay (propagated)
                                  4.000000    4.000000 ^ input external delay
     1    0.003360    0.035980    0.018795    4.018795 ^ res_n (in)
                                                         res_n (net)
                      0.035981    0.000000    4.018795 ^ input43/A (sky130_fd_sc_hd__buf_1)
     2    0.013410    0.263031    0.272552    4.291347 ^ input43/X (sky130_fd_sc_hd__buf_1)
                                                         net43 (net)
                      0.263038    0.001178    4.292525 ^ fanout246/A (sky130_fd_sc_hd__clkbuf_4)
     9    0.045631    0.229006    0.452125    4.744650 ^ fanout246/X (sky130_fd_sc_hd__clkbuf_4)
                                                         net246 (net)
                      0.229077    0.003838    4.748488 ^ _1102_/RESET_B (sky130_fd_sc_hd__dfrtp_1)
                                              4.748488   data arrival time

                                 20.000000   20.000000   clock clk (rise edge)
                                  0.000000   20.000000   clock source latency
     1    0.016751    0.127641    0.086649   20.086649 ^ clk (in)
                                                         clk (net)
                      0.127675    0.000000   20.086649 ^ clkbuf_0_clk/A (sky130_fd_sc_hd__clkbuf_16)
     2    0.019248    0.066503    0.246636   20.333286 ^ clkbuf_0_clk/X (sky130_fd_sc_hd__clkbuf_16)
                                                         clknet_0_clk (net)
                      0.066503    0.001119   20.334406 ^ clkbuf_1_1__f_clk/A (sky130_fd_sc_hd__clkbuf_16)
    10    0.034153    0.086226    0.239645   20.574049 ^ clkbuf_1_1__f_clk/X (sky130_fd_sc_hd__clkbuf_16)
                                                         clknet_1_1__leaf_clk (net)
                      0.086243    0.001188   20.575237 ^ _1102_/CLK (sky130_fd_sc_hd__dfrtp_1)
                                 -0.250000   20.325239   clock uncertainty
                                  0.000000   20.325239   clock reconvergence pessimism
                                  0.409126   20.734364   library recovery time
                                             20.734364   data required time
---------------------------------------------------------------------------------------------
                                             20.734364   data required time
                                             -4.748488   data arrival time
---------------------------------------------------------------------------------------------
                                             15.985876   slack (MET)


Startpoint: res_n (input port clocked by clk)
Endpoint: _1104_ (recovery check against rising-edge clock clk)
Path Group: asynchronous
Path Type: max

Fanout         Cap        Slew       Delay        Time   Description
---------------------------------------------------------------------------------------------
                                  0.000000    0.000000   clock clk (rise edge)
                                  0.000000    0.000000   clock network delay (propagated)
                                  4.000000    4.000000 ^ input external delay
     1    0.003360    0.035980    0.018795    4.018795 ^ res_n (in)
                                                         res_n (net)
                      0.035981    0.000000    4.018795 ^ input43/A (sky130_fd_sc_hd__buf_1)
     2    0.013410    0.263031    0.272552    4.291347 ^ input43/X (sky130_fd_sc_hd__buf_1)
                                                         net43 (net)
                      0.263038    0.001178    4.292525 ^ fanout246/A (sky130_fd_sc_hd__clkbuf_4)
     9    0.045631    0.229006    0.452125    4.744650 ^ fanout246/X (sky130_fd_sc_hd__clkbuf_4)
                                                         net246 (net)
                      0.229074    0.003764    4.748414 ^ _1104_/RESET_B (sky130_fd_sc_hd__dfrtp_1)
                                              4.748414   data arrival time

                                 20.000000   20.000000   clock clk (rise edge)
                                  0.000000   20.000000   clock source latency
     1    0.016751    0.127641    0.086649   20.086649 ^ clk (in)
                                                         clk (net)
                      0.127675    0.000000   20.086649 ^ clkbuf_0_clk/A (sky130_fd_sc_hd__clkbuf_16)
     2    0.019248    0.066503    0.246636   20.333286 ^ clkbuf_0_clk/X (sky130_fd_sc_hd__clkbuf_16)
                                                         clknet_0_clk (net)
                      0.066503    0.001119   20.334406 ^ clkbuf_1_1__f_clk/A (sky130_fd_sc_hd__clkbuf_16)
    10    0.034153    0.086226    0.239645   20.574049 ^ clkbuf_1_1__f_clk/X (sky130_fd_sc_hd__clkbuf_16)
                                                         clknet_1_1__leaf_clk (net)
                      0.086240    0.001105   20.575155 ^ _1104_/CLK (sky130_fd_sc_hd__dfrtp_1)
                                 -0.250000   20.325155   clock uncertainty
                                  0.000000   20.325155   clock reconvergence pessimism
                                  0.409126   20.734282   library recovery time
                                             20.734282   data required time
---------------------------------------------------------------------------------------------
                                             20.734282   data required time
                                             -4.748414   data arrival time
---------------------------------------------------------------------------------------------
                                             15.985866   slack (MET)


Startpoint: res_n (input port clocked by clk)
Endpoint: _0800_ (recovery check against rising-edge clock clk)
Path Group: asynchronous
Path Type: max

Fanout         Cap        Slew       Delay        Time   Description
---------------------------------------------------------------------------------------------
                                  0.000000    0.000000   clock clk (rise edge)
                                  0.000000    0.000000   clock network delay (propagated)
                                  4.000000    4.000000 ^ input external delay
     1    0.003360    0.035980    0.018795    4.018795 ^ res_n (in)
                                                         res_n (net)
                      0.035981    0.000000    4.018795 ^ input43/A (sky130_fd_sc_hd__buf_1)
     2    0.013410    0.263031    0.272552    4.291347 ^ input43/X (sky130_fd_sc_hd__buf_1)
                                                         net43 (net)
                      0.263038    0.001178    4.292525 ^ fanout246/A (sky130_fd_sc_hd__clkbuf_4)
     9    0.045631    0.229006    0.452125    4.744650 ^ fanout246/X (sky130_fd_sc_hd__clkbuf_4)
                                                         net246 (net)
                      0.229064    0.003534    4.748185 ^ _0800_/RESET_B (sky130_fd_sc_hd__dfrtp_1)
                                              4.748185   data arrival time

                                 20.000000   20.000000   clock clk (rise edge)
                                  0.000000   20.000000   clock source latency
     1    0.016751    0.127641    0.086649   20.086649 ^ clk (in)
                                                         clk (net)
                      0.127675    0.000000   20.086649 ^ clkbuf_0_clk/A (sky130_fd_sc_hd__clkbuf_16)
     2    0.019248    0.066503    0.246636   20.333286 ^ clkbuf_0_clk/X (sky130_fd_sc_hd__clkbuf_16)
                                                         clknet_0_clk (net)
                      0.066503    0.001119   20.334406 ^ clkbuf_1_1__f_clk/A (sky130_fd_sc_hd__clkbuf_16)
    10    0.034153    0.086226    0.239645   20.574049 ^ clkbuf_1_1__f_clk/X (sky130_fd_sc_hd__clkbuf_16)
                                                         clknet_1_1__leaf_clk (net)
                      0.086246    0.001284   20.575335 ^ _0800_/CLK (sky130_fd_sc_hd__dfrtp_1)
                                 -0.250000   20.325335   clock uncertainty
                                  0.000000   20.325335   clock reconvergence pessimism
                                  0.409132   20.734467   library recovery time
                                             20.734467   data required time
---------------------------------------------------------------------------------------------
                                             20.734467   data required time
                                             -4.748185   data arrival time
---------------------------------------------------------------------------------------------
                                             15.986283   slack (MET)


Startpoint: res_n (input port clocked by clk)
Endpoint: _0801_ (recovery check against rising-edge clock clk)
Path Group: asynchronous
Path Type: max

Fanout         Cap        Slew       Delay        Time   Description
---------------------------------------------------------------------------------------------
                                  0.000000    0.000000   clock clk (rise edge)
                                  0.000000    0.000000   clock network delay (propagated)
                                  4.000000    4.000000 ^ input external delay
     1    0.003360    0.035980    0.018795    4.018795 ^ res_n (in)
                                                         res_n (net)
                      0.035981    0.000000    4.018795 ^ input43/A (sky130_fd_sc_hd__buf_1)
     2    0.013410    0.263031    0.272552    4.291347 ^ input43/X (sky130_fd_sc_hd__buf_1)
                                                         net43 (net)
                      0.263038    0.001178    4.292525 ^ fanout246/A (sky130_fd_sc_hd__clkbuf_4)
     9    0.045631    0.229006    0.452125    4.744650 ^ fanout246/X (sky130_fd_sc_hd__clkbuf_4)
                                                         net246 (net)
                      0.229065    0.003557    4.748208 ^ _0801_/RESET_B (sky130_fd_sc_hd__dfrtp_1)
                                              4.748208   data arrival time

                                 20.000000   20.000000   clock clk (rise edge)
                                  0.000000   20.000000   clock source latency
     1    0.016751    0.127641    0.086649   20.086649 ^ clk (in)
                                                         clk (net)
                      0.127675    0.000000   20.086649 ^ clkbuf_0_clk/A (sky130_fd_sc_hd__clkbuf_16)
     2    0.019248    0.066503    0.246636   20.333286 ^ clkbuf_0_clk/X (sky130_fd_sc_hd__clkbuf_16)
                                                         clknet_0_clk (net)
                      0.066503    0.001119   20.334406 ^ clkbuf_1_1__f_clk/A (sky130_fd_sc_hd__clkbuf_16)
    10    0.034153    0.086226    0.239645   20.574049 ^ clkbuf_1_1__f_clk/X (sky130_fd_sc_hd__clkbuf_16)
                                                         clknet_1_1__leaf_clk (net)
                      0.086250    0.001380   20.575430 ^ _0801_/CLK (sky130_fd_sc_hd__dfrtp_1)
                                 -0.250000   20.325430   clock uncertainty
                                  0.000000   20.325430   clock reconvergence pessimism
                                  0.409133   20.734564   library recovery time
                                             20.734564   data required time
---------------------------------------------------------------------------------------------
                                             20.734564   data required time
                                             -4.748208   data arrival time
---------------------------------------------------------------------------------------------
                                             15.986356   slack (MET)


Startpoint: res_n (input port clocked by clk)
Endpoint: _0802_ (recovery check against rising-edge clock clk)
Path Group: asynchronous
Path Type: max

Fanout         Cap        Slew       Delay        Time   Description
---------------------------------------------------------------------------------------------
                                  0.000000    0.000000   clock clk (rise edge)
                                  0.000000    0.000000   clock network delay (propagated)
                                  4.000000    4.000000 ^ input external delay
     1    0.003360    0.035980    0.018795    4.018795 ^ res_n (in)
                                                         res_n (net)
                      0.035981    0.000000    4.018795 ^ input43/A (sky130_fd_sc_hd__buf_1)
     2    0.013410    0.263031    0.272552    4.291347 ^ input43/X (sky130_fd_sc_hd__buf_1)
                                                         net43 (net)
                      0.263038    0.001178    4.292525 ^ fanout246/A (sky130_fd_sc_hd__clkbuf_4)
     9    0.045631    0.229006    0.452125    4.744650 ^ fanout246/X (sky130_fd_sc_hd__clkbuf_4)
                                                         net246 (net)
                      0.229043    0.002949    4.747600 ^ _0802_/RESET_B (sky130_fd_sc_hd__dfrtp_1)
                                              4.747600   data arrival time

                                 20.000000   20.000000   clock clk (rise edge)
                                  0.000000   20.000000   clock source latency
     1    0.016751    0.127641    0.086649   20.086649 ^ clk (in)
                                                         clk (net)
                      0.127675    0.000000   20.086649 ^ clkbuf_0_clk/A (sky130_fd_sc_hd__clkbuf_16)
     2    0.019248    0.066503    0.246636   20.333286 ^ clkbuf_0_clk/X (sky130_fd_sc_hd__clkbuf_16)
                                                         clknet_0_clk (net)
                      0.066503    0.001119   20.334406 ^ clkbuf_1_1__f_clk/A (sky130_fd_sc_hd__clkbuf_16)
    10    0.034153    0.086226    0.239645   20.574049 ^ clkbuf_1_1__f_clk/X (sky130_fd_sc_hd__clkbuf_16)
                                                         clknet_1_1__leaf_clk (net)
                      0.086234    0.000911   20.574961 ^ _0802_/CLK (sky130_fd_sc_hd__dfrtp_1)
                                 -0.250000   20.324963   clock uncertainty
                                  0.000000   20.324963   clock reconvergence pessimism
                                  0.409135   20.734098   library recovery time
                                             20.734098   data required time
---------------------------------------------------------------------------------------------
                                             20.734098   data required time
                                             -4.747600   data arrival time
---------------------------------------------------------------------------------------------
                                             15.986498   slack (MET)


Startpoint: res_n (input port clocked by clk)
Endpoint: _0798_ (recovery check against rising-edge clock clk)
Path Group: asynchronous
Path Type: max

Fanout         Cap        Slew       Delay        Time   Description
---------------------------------------------------------------------------------------------
                                  0.000000    0.000000   clock clk (rise edge)
                                  0.000000    0.000000   clock network delay (propagated)
                                  4.000000    4.000000 ^ input external delay
     1    0.003360    0.035980    0.018795    4.018795 ^ res_n (in)
                                                         res_n (net)
                      0.035981    0.000000    4.018795 ^ input43/A (sky130_fd_sc_hd__buf_1)
     2    0.013410    0.263031    0.272552    4.291347 ^ input43/X (sky130_fd_sc_hd__buf_1)
                                                         net43 (net)
                      0.263038    0.001178    4.292525 ^ fanout246/A (sky130_fd_sc_hd__clkbuf_4)
     9    0.045631    0.229006    0.452125    4.744650 ^ fanout246/X (sky130_fd_sc_hd__clkbuf_4)
                                                         net246 (net)
                      0.229039    0.002819    4.747469 ^ _0798_/RESET_B (sky130_fd_sc_hd__dfrtp_1)
                                              4.747469   data arrival time

                                 20.000000   20.000000   clock clk (rise edge)
                                  0.000000   20.000000   clock source latency
     1    0.016751    0.127641    0.086649   20.086649 ^ clk (in)
                                                         clk (net)
                      0.127675    0.000000   20.086649 ^ clkbuf_0_clk/A (sky130_fd_sc_hd__clkbuf_16)
     2    0.019248    0.066503    0.246636   20.333286 ^ clkbuf_0_clk/X (sky130_fd_sc_hd__clkbuf_16)
                                                         clknet_0_clk (net)
                      0.066503    0.001119   20.334406 ^ clkbuf_1_1__f_clk/A (sky130_fd_sc_hd__clkbuf_16)
    10    0.034153    0.086226    0.239645   20.574049 ^ clkbuf_1_1__f_clk/X (sky130_fd_sc_hd__clkbuf_16)
                                                         clknet_1_1__leaf_clk (net)
                      0.086259    0.001563   20.575613 ^ _0798_/CLK (sky130_fd_sc_hd__dfrtp_1)
                                 -0.250000   20.325613   clock uncertainty
                                  0.000000   20.325613   clock reconvergence pessimism
                                  0.409145   20.734758   library recovery time
                                             20.734758   data required time
---------------------------------------------------------------------------------------------
                                             20.734758   data required time
                                             -4.747469   data arrival time
---------------------------------------------------------------------------------------------
                                             15.987288   slack (MET)


Startpoint: res_n (input port clocked by clk)
Endpoint: _0797_ (recovery check against rising-edge clock clk)
Path Group: asynchronous
Path Type: max

Fanout         Cap        Slew       Delay        Time   Description
---------------------------------------------------------------------------------------------
                                  0.000000    0.000000   clock clk (rise edge)
                                  0.000000    0.000000   clock network delay (propagated)
                                  4.000000    4.000000 ^ input external delay
     1    0.003360    0.035980    0.018795    4.018795 ^ res_n (in)
                                                         res_n (net)
                      0.035981    0.000000    4.018795 ^ input43/A (sky130_fd_sc_hd__buf_1)
     2    0.013410    0.263031    0.272552    4.291347 ^ input43/X (sky130_fd_sc_hd__buf_1)
                                                         net43 (net)
                      0.263038    0.001178    4.292525 ^ fanout246/A (sky130_fd_sc_hd__clkbuf_4)
     9    0.045631    0.229006    0.452125    4.744650 ^ fanout246/X (sky130_fd_sc_hd__clkbuf_4)
                                                         net246 (net)
                      0.229036    0.002693    4.747344 ^ _0797_/RESET_B (sky130_fd_sc_hd__dfrtp_1)
                                              4.747344   data arrival time

                                 20.000000   20.000000   clock clk (rise edge)
                                  0.000000   20.000000   clock source latency
     1    0.016751    0.127641    0.086649   20.086649 ^ clk (in)
                                                         clk (net)
                      0.127675    0.000000   20.086649 ^ clkbuf_0_clk/A (sky130_fd_sc_hd__clkbuf_16)
     2    0.019248    0.066503    0.246636   20.333286 ^ clkbuf_0_clk/X (sky130_fd_sc_hd__clkbuf_16)
                                                         clknet_0_clk (net)
                      0.066503    0.001119   20.334406 ^ clkbuf_1_1__f_clk/A (sky130_fd_sc_hd__clkbuf_16)
    10    0.034153    0.086226    0.239645   20.574049 ^ clkbuf_1_1__f_clk/X (sky130_fd_sc_hd__clkbuf_16)
                                                         clknet_1_1__leaf_clk (net)
                      0.086264    0.001656   20.575705 ^ _0797_/CLK (sky130_fd_sc_hd__dfrtp_1)
                                 -0.250000   20.325706   clock uncertainty
                                  0.000000   20.325706   clock reconvergence pessimism
                                  0.409148   20.734854   library recovery time
                                             20.734854   data required time
---------------------------------------------------------------------------------------------
                                             20.734854   data required time
                                             -4.747344   data arrival time
---------------------------------------------------------------------------------------------
                                             15.987511   slack (MET)


Startpoint: res_n (input port clocked by clk)
Endpoint: _0799_ (recovery check against rising-edge clock clk)
Path Group: asynchronous
Path Type: max

Fanout         Cap        Slew       Delay        Time   Description
---------------------------------------------------------------------------------------------
                                  0.000000    0.000000   clock clk (rise edge)
                                  0.000000    0.000000   clock network delay (propagated)
                                  4.000000    4.000000 ^ input external delay
     1    0.003360    0.035980    0.018795    4.018795 ^ res_n (in)
                                                         res_n (net)
                      0.035981    0.000000    4.018795 ^ input43/A (sky130_fd_sc_hd__buf_1)
     2    0.013410    0.263031    0.272552    4.291347 ^ input43/X (sky130_fd_sc_hd__buf_1)
                                                         net43 (net)
                      0.263038    0.001178    4.292525 ^ fanout246/A (sky130_fd_sc_hd__clkbuf_4)
     9    0.045631    0.229006    0.452125    4.744650 ^ fanout246/X (sky130_fd_sc_hd__clkbuf_4)
                                                         net246 (net)
                      0.229019    0.001978    4.746629 ^ _0799_/RESET_B (sky130_fd_sc_hd__dfrtp_1)
                                              4.746629   data arrival time

                                 20.000000   20.000000   clock clk (rise edge)
                                  0.000000   20.000000   clock source latency
     1    0.016751    0.127641    0.086649   20.086649 ^ clk (in)
                                                         clk (net)
                      0.127675    0.000000   20.086649 ^ clkbuf_0_clk/A (sky130_fd_sc_hd__clkbuf_16)
     2    0.019248    0.066503    0.246636   20.333286 ^ clkbuf_0_clk/X (sky130_fd_sc_hd__clkbuf_16)
                                                         clknet_0_clk (net)
                      0.066503    0.001119   20.334406 ^ clkbuf_1_1__f_clk/A (sky130_fd_sc_hd__clkbuf_16)
    10    0.034153    0.086226    0.239645   20.574049 ^ clkbuf_1_1__f_clk/X (sky130_fd_sc_hd__clkbuf_16)
                                                         clknet_1_1__leaf_clk (net)
                      0.086254    0.001453   20.575502 ^ _0799_/CLK (sky130_fd_sc_hd__dfrtp_1)
                                 -0.250000   20.325504   clock uncertainty
                                  0.000000   20.325504   clock reconvergence pessimism
                                  0.409151   20.734655   library recovery time
                                             20.734655   data required time
---------------------------------------------------------------------------------------------
                                             20.734655   data required time
                                             -4.746629   data arrival time
---------------------------------------------------------------------------------------------
                                             15.988026   slack (MET)



