Instance,Terminal,Layer,X location,Y location,Voltage
FILLER_47_261,VPWR,li1,125.8100,138.7200,1.799580
FILLER_47_250,VPWR,li1,120.9800,138.7200,1.799586
FILLER_47_238,VPWR,li1,115.4600,138.7200,1.799593
FILLER_47_225,VPWR,li1,109.2500,138.7200,1.799611
FILLER_47_223,VPWR,li1,108.3300,138.7200,1.799611
FILLER_47_216,VPWR,li1,105.8000,138.7200,1.799617
FILLER_47_209,VPWR,li1,102.5800,138.7200,1.799627
FILLER_47_202,VPWR,li1,99.3600,138.7200,1.799640
FILLER_47_197,VPWR,li1,96.6000,138.7200,1.799646
FILLER_47_195,VPWR,li1,95.4500,138.7200,1.799646
FILLER_47_191,VPWR,li1,93.6100,138.7200,1.799652
FILLER_47_175,VPWR,li1,86.7100,138.7200,1.799677
FILLER_47_169,VPWR,li1,83.7200,138.7200,1.799685
FILLER_47_160,VPWR,li1,80.0400,138.7200,1.799699
FILLER_47_153,VPWR,li1,76.8200,138.7200,1.799711
FILLER_47_147,VPWR,li1,73.8300,138.7200,1.799722
FILLER_47_141,VPWR,li1,70.8400,138.7200,1.799733
FILLER_47_139,VPWR,li1,69.6900,138.7200,1.799740
FILLER_47_132,VPWR,li1,67.1600,138.7200,1.799748
FILLER_47_126,VPWR,li1,64.1700,138.7200,1.799767
FILLER_47_118,VPWR,li1,60.7200,138.7200,1.799781
FILLER_47_113,VPWR,li1,57.9600,138.7200,1.799791
FILLER_47_111,VPWR,li1,56.8100,138.7200,1.799791
FILLER_47_104,VPWR,li1,54.2800,138.7200,1.799802
FILLER_47_99,VPWR,li1,51.5200,138.7200,1.799814
FILLER_47_91,VPWR,li1,49.2200,138.7200,1.799824
FILLER_47_85,VPWR,li1,45.0800,138.7200,1.799843
FILLER_47_76,VPWR,li1,41.4000,138.7200,1.799860
FILLER_47_69,VPWR,li1,38.1800,138.7200,1.799875
FILLER_47_62,VPWR,li1,34.9600,138.7200,1.799890
FILLER_47_57,VPWR,li1,32.2000,138.7200,1.799910
FILLER_47_53,VPWR,li1,30.5900,138.7200,1.799910
FILLER_47_41,VPWR,li1,27.1400,138.7200,1.799927
FILLER_47_29,VPWR,li1,21.6200,138.7200,1.799953
FILLER_47_27,VPWR,li1,18.1700,138.7200,1.799953
FILLER_47_15,VPWR,li1,15.1800,138.7200,1.799953
FILLER_47_3,VPWR,li1,9.6600,138.7200,1.799953
FILLER_46_253,VPWR,li1,122.1300,138.7200,1.799583
FILLER_46_240,VPWR,li1,116.1500,138.7200,1.799593
FILLER_46_229,VPWR,li1,111.3200,138.7200,1.799605
FILLER_46_217,VPWR,li1,108.1000,138.7200,1.799611
FILLER_46_209,VPWR,li1,102.1200,138.7200,1.799627
FILLER_46_201,VPWR,li1,99.8200,138.7200,1.799634
FILLER_46_195,VPWR,li1,95.4500,138.7200,1.799646
FILLER_46_174,VPWR,li1,86.2500,138.7200,1.799677
FILLER_46_162,VPWR,li1,82.8000,138.7200,1.799692
FILLER_46_150,VPWR,li1,77.2800,138.7200,1.799711
FILLER_46_136,VPWR,li1,69.0000,138.7200,1.799740
FILLER_46_124,VPWR,li1,65.3200,138.7200,1.799755
FILLER_46_109,VPWR,li1,57.0400,138.7200,1.799791
FILLER_46_97,VPWR,li1,52.9000,138.7200,1.799814
FILLER_46_85,VPWR,li1,47.3800,138.7200,1.799832
FILLER_46_83,VPWR,li1,43.9300,138.7200,1.799851
FILLER_46_77,VPWR,li1,42.3200,138.7200,1.799860
FILLER_46_65,VPWR,li1,38.1800,138.7200,1.799875
FILLER_46_53,VPWR,li1,32.6600,138.7200,1.799901
FILLER_46_41,VPWR,li1,27.1400,138.7200,1.799927
FILLER_46_29,VPWR,li1,21.6200,138.7200,1.799953
FILLER_46_27,VPWR,li1,18.1700,138.7200,1.799953
FILLER_46_15,VPWR,li1,15.1800,138.7200,1.799953
FILLER_46_3,VPWR,li1,9.6600,138.7200,1.799953
FILLER_45_274,VPWR,li1,132.0200,133.2800,1.799276
FILLER_45_247,VPWR,li1,119.3700,133.2800,1.799294
FILLER_45_225,VPWR,li1,109.4800,133.2800,1.799324
FILLER_45_197,VPWR,li1,96.3700,133.2800,1.799376
FILLER_45_178,VPWR,li1,87.6300,133.2800,1.799417
FILLER_45_167,VPWR,li1,82.5700,133.2800,1.799442
FILLER_45_156,VPWR,li1,77.5100,133.2800,1.799465
FILLER_45_102,VPWR,li1,52.6700,133.2800,1.799660
FILLER_45_96,VPWR,li1,51.0600,133.2800,1.799660
FILLER_45_81,VPWR,li1,45.5400,133.2800,1.799716
FILLER_45_69,VPWR,li1,40.0200,133.2800,1.799753
FILLER_45_57,VPWR,li1,34.5000,133.2800,1.799799
FILLER_45_55,VPWR,li1,31.0500,133.2800,1.799838
FILLER_45_51,VPWR,li1,29.9000,133.2800,1.799838
FILLER_45_39,VPWR,li1,26.2200,133.2800,1.799869
FILLER_45_27,VPWR,li1,20.7000,133.2800,1.799916
FILLER_45_15,VPWR,li1,15.1800,133.2800,1.799916
FILLER_45_3,VPWR,li1,9.6600,133.2800,1.799916
FILLER_44_249,VPWR,li1,120.7500,133.2800,1.799294
FILLER_44_213,VPWR,li1,104.1900,133.2800,1.799342
FILLER_44_194,VPWR,li1,95.2200,133.2800,1.799376
FILLER_44_173,VPWR,li1,85.3300,133.2800,1.799428
FILLER_44_141,VPWR,li1,70.8400,133.2800,1.799517
FILLER_44_137,VPWR,li1,69.2300,133.2800,1.799517
FILLER_44_109,VPWR,li1,57.5000,133.2800,1.799608
FILLER_44_97,VPWR,li1,52.9000,133.2800,1.799644
FILLER_44_85,VPWR,li1,47.3800,133.2800,1.799691
FILLER_44_83,VPWR,li1,43.9300,133.2800,1.799733
FILLER_44_77,VPWR,li1,42.3200,133.2800,1.799733
FILLER_44_65,VPWR,li1,38.1800,133.2800,1.799768
FILLER_44_53,VPWR,li1,32.6600,133.2800,1.799815
FILLER_44_41,VPWR,li1,27.1400,133.2800,1.799869
FILLER_44_29,VPWR,li1,21.6200,133.2800,1.799916
FILLER_44_27,VPWR,li1,18.1700,133.2800,1.799916
FILLER_44_15,VPWR,li1,15.1800,133.2800,1.799916
FILLER_44_3,VPWR,li1,9.6600,133.2800,1.799916
FILLER_43_275,VPWR,li1,132.4800,127.8400,1.799447
FILLER_43_255,VPWR,li1,123.0500,127.8400,1.799453
FILLER_43_208,VPWR,li1,101.4300,127.8400,1.799493
FILLER_43_184,VPWR,li1,90.6200,127.8400,1.799528
FILLER_43_176,VPWR,li1,88.3200,127.8400,1.799536
FILLER_43_136,VPWR,li1,69.0000,127.8400,1.799621
FILLER_43_113,VPWR,li1,58.1900,127.8400,1.799692
FILLER_43_111,VPWR,li1,56.8100,127.8400,1.799706
FILLER_43_105,VPWR,li1,55.2000,127.8400,1.799706
FILLER_43_93,VPWR,li1,51.0600,127.8400,1.799733
FILLER_43_81,VPWR,li1,45.5400,127.8400,1.799777
FILLER_43_69,VPWR,li1,40.0200,127.8400,1.799806
FILLER_43_57,VPWR,li1,34.5000,127.8400,1.799843
FILLER_43_55,VPWR,li1,31.0500,127.8400,1.799873
FILLER_43_51,VPWR,li1,29.9000,127.8400,1.799873
FILLER_43_39,VPWR,li1,26.2200,127.8400,1.799897
FILLER_43_27,VPWR,li1,20.7000,127.8400,1.799934
FILLER_43_15,VPWR,li1,15.1800,127.8400,1.799934
FILLER_43_3,VPWR,li1,9.6600,127.8400,1.799934
FILLER_42_247,VPWR,li1,119.6000,127.8400,1.799455
FILLER_42_212,VPWR,li1,103.2700,127.8400,1.799487
FILLER_42_206,VPWR,li1,101.6600,127.8400,1.799493
FILLER_42_197,VPWR,li1,97.5200,127.8400,1.799505
FILLER_42_193,VPWR,li1,94.9900,127.8400,1.799513
FILLER_42_186,VPWR,li1,92.0000,127.8400,1.799528
FILLER_42_174,VPWR,li1,88.3200,127.8400,1.799536
FILLER_42_141,VPWR,li1,70.8400,127.8400,1.799611
FILLER_42_138,VPWR,li1,69.4600,127.8400,1.799621
FILLER_42_117,VPWR,li1,59.5700,127.8400,1.799677
FILLER_42_109,VPWR,li1,57.5000,127.8400,1.799692
FILLER_42_97,VPWR,li1,52.9000,127.8400,1.799721
FILLER_42_85,VPWR,li1,47.3800,127.8400,1.799757
FILLER_42_83,VPWR,li1,43.9300,127.8400,1.799791
FILLER_42_77,VPWR,li1,42.3200,127.8400,1.799791
FILLER_42_65,VPWR,li1,38.1800,127.8400,1.799818
FILLER_42_53,VPWR,li1,32.6600,127.8400,1.799855
FILLER_42_41,VPWR,li1,27.1400,127.8400,1.799897
FILLER_42_29,VPWR,li1,21.6200,127.8400,1.799934
FILLER_42_27,VPWR,li1,18.1700,127.8400,1.799934
FILLER_42_15,VPWR,li1,15.1800,127.8400,1.799934
FILLER_42_3,VPWR,li1,9.6600,127.8400,1.799934
FILLER_41_279,VPWR,li1,134.0900,122.4000,1.799160
FILLER_41_250,VPWR,li1,120.7500,122.4000,1.799171
FILLER_41_238,VPWR,li1,117.7600,122.4000,1.799174
FILLER_41_203,VPWR,li1,99.1300,122.4000,1.799225
FILLER_41_198,VPWR,li1,97.0600,122.4000,1.799236
FILLER_41_190,VPWR,li1,94.7600,122.4000,1.799249
FILLER_41_178,VPWR,li1,90.1600,122.4000,1.799275
FILLER_41_167,VPWR,li1,82.5700,122.4000,1.799316
FILLER_41_162,VPWR,li1,80.5000,122.4000,1.799329
FILLER_41_147,VPWR,li1,74.0600,122.4000,1.799384
FILLER_41_137,VPWR,li1,69.2300,122.4000,1.799430
FILLER_41_125,VPWR,li1,65.7800,122.4000,1.799464
FILLER_41_113,VPWR,li1,60.2600,122.4000,1.799510
FILLER_41_111,VPWR,li1,56.8100,122.4000,1.799560
FILLER_41_105,VPWR,li1,55.2000,122.4000,1.799560
FILLER_41_93,VPWR,li1,51.0600,122.4000,1.799601
FILLER_41_81,VPWR,li1,45.5400,122.4000,1.799667
FILLER_41_69,VPWR,li1,40.0200,122.4000,1.799710
FILLER_41_57,VPWR,li1,34.5000,122.4000,1.799765
FILLER_41_55,VPWR,li1,31.0500,122.4000,1.799810
FILLER_41_51,VPWR,li1,29.9000,122.4000,1.799810
FILLER_41_39,VPWR,li1,26.2200,122.4000,1.799847
FILLER_41_27,VPWR,li1,20.7000,122.4000,1.799901
FILLER_41_15,VPWR,li1,15.1800,122.4000,1.799901
FILLER_41_3,VPWR,li1,9.6600,122.4000,1.799901
FILLER_40_269,VPWR,li1,129.4900,122.4000,1.799162
FILLER_40_253,VPWR,li1,122.8200,122.4000,1.799167
FILLER_40_246,VPWR,li1,120.0600,122.4000,1.799171
FILLER_40_226,VPWR,li1,110.8600,122.4000,1.799186
FILLER_40_214,VPWR,li1,106.7200,122.4000,1.799196
FILLER_40_205,VPWR,li1,100.0500,122.4000,1.799225
FILLER_40_187,VPWR,li1,91.7700,122.4000,1.799264
FILLER_40_179,VPWR,li1,89.7000,122.4000,1.799275
FILLER_40_153,VPWR,li1,76.5900,122.4000,1.799366
FILLER_40_141,VPWR,li1,73.1400,122.4000,1.799407
FILLER_40_136,VPWR,li1,69.0000,122.4000,1.799430
FILLER_40_124,VPWR,li1,65.3200,122.4000,1.799464
FILLER_40_109,VPWR,li1,57.5000,122.4000,1.799540
FILLER_40_97,VPWR,li1,52.9000,122.4000,1.799583
FILLER_40_85,VPWR,li1,47.3800,122.4000,1.799637
FILLER_40_83,VPWR,li1,43.9300,122.4000,1.799687
FILLER_40_77,VPWR,li1,42.3200,122.4000,1.799687
FILLER_40_65,VPWR,li1,38.1800,122.4000,1.799728
FILLER_40_53,VPWR,li1,32.6600,122.4000,1.799783
FILLER_40_41,VPWR,li1,27.1400,122.4000,1.799847
FILLER_40_29,VPWR,li1,21.6200,122.4000,1.799901
FILLER_40_27,VPWR,li1,18.1700,122.4000,1.799901
FILLER_40_15,VPWR,li1,15.1800,122.4000,1.799901
FILLER_40_3,VPWR,li1,9.6600,122.4000,1.799901
FILLER_39_269,VPWR,li1,129.7200,116.9600,1.798967
FILLER_39_261,VPWR,li1,127.4200,116.9600,1.798970
FILLER_39_250,VPWR,li1,121.9000,116.9600,1.798987
FILLER_39_238,VPWR,li1,117.7600,116.9600,1.798995
FILLER_39_231,VPWR,li1,112.0100,116.9600,1.799015
FILLER_39_225,VPWR,li1,110.4000,116.9600,1.799028
FILLER_39_178,VPWR,li1,88.0900,116.9600,1.799142
FILLER_39_169,VPWR,li1,83.7200,116.9600,1.799190
FILLER_39_161,VPWR,li1,79.8100,116.9600,1.799210
FILLER_39_146,VPWR,li1,73.3700,116.9600,1.799271
FILLER_39_134,VPWR,li1,69.9200,116.9600,1.799308
FILLER_39_113,VPWR,li1,57.7300,116.9600,1.799438
FILLER_39_110,VPWR,li1,56.5800,116.9600,1.799438
FILLER_39_89,VPWR,li1,47.1500,116.9600,1.799548
FILLER_39_81,VPWR,li1,44.6200,116.9600,1.799582
FILLER_39_69,VPWR,li1,40.0200,116.9600,1.799636
FILLER_39_57,VPWR,li1,34.5000,116.9600,1.799705
FILLER_39_55,VPWR,li1,31.0500,116.9600,1.799762
FILLER_39_51,VPWR,li1,29.9000,116.9600,1.799762
FILLER_39_39,VPWR,li1,26.2200,116.9600,1.799807
FILLER_39_27,VPWR,li1,20.7000,116.9600,1.799876
FILLER_39_15,VPWR,li1,15.1800,116.9600,1.799876
FILLER_39_3,VPWR,li1,9.6600,116.9600,1.799876
FILLER_38_272,VPWR,li1,131.5600,116.9600,1.798965
FILLER_38_258,VPWR,li1,124.8900,116.9600,1.798975
FILLER_38_251,VPWR,li1,121.2100,116.9600,1.798987
FILLER_38_246,VPWR,li1,119.1400,116.9600,1.798995
FILLER_38_197,VPWR,li1,96.6000,116.9600,1.799085
FILLER_38_173,VPWR,li1,85.3300,116.9600,1.799164
FILLER_38_155,VPWR,li1,77.5100,116.9600,1.799231
FILLER_38_149,VPWR,li1,74.2900,116.9600,1.799271
FILLER_38_145,VPWR,li1,73.1400,116.9600,1.799271
FILLER_38_137,VPWR,li1,69.2300,116.9600,1.799308
FILLER_38_85,VPWR,li1,45.3100,116.9600,1.799582
FILLER_38_83,VPWR,li1,43.9300,116.9600,1.799608
FILLER_38_77,VPWR,li1,42.3200,116.9600,1.799608
FILLER_38_65,VPWR,li1,38.1800,116.9600,1.799659
FILLER_38_53,VPWR,li1,32.6600,116.9600,1.799727
FILLER_38_41,VPWR,li1,27.1400,116.9600,1.799807
FILLER_38_29,VPWR,li1,21.6200,116.9600,1.799876
FILLER_38_27,VPWR,li1,18.1700,116.9600,1.799876
FILLER_38_15,VPWR,li1,15.1800,116.9600,1.799876
FILLER_38_3,VPWR,li1,9.6600,116.9600,1.799876
FILLER_37_281,VPWR,li1,135.4700,111.5200,1.799095
FILLER_37_277,VPWR,li1,133.6300,111.5200,1.799095
FILLER_37_258,VPWR,li1,124.4300,111.5200,1.799102
FILLER_37_236,VPWR,li1,114.5400,111.5200,1.799117
FILLER_37_225,VPWR,li1,109.4800,111.5200,1.799135
FILLER_37_210,VPWR,li1,102.3500,111.5200,1.799167
FILLER_37_180,VPWR,li1,88.5500,111.5200,1.799228
FILLER_37_176,VPWR,li1,87.4000,111.5200,1.799228
FILLER_37_157,VPWR,li1,77.9700,111.5200,1.799281
FILLER_37_152,VPWR,li1,75.6700,111.5200,1.799296
FILLER_37_144,VPWR,li1,73.6000,111.5200,1.799312
FILLER_37_113,VPWR,li1,57.7300,111.5200,1.799451
FILLER_37_81,VPWR,li1,43.0100,111.5200,1.799618
FILLER_37_69,VPWR,li1,40.0200,111.5200,1.799645
FILLER_37_57,VPWR,li1,34.5000,111.5200,1.799712
FILLER_37_55,VPWR,li1,31.0500,111.5200,1.799768
FILLER_37_51,VPWR,li1,29.9000,111.5200,1.799768
FILLER_37_39,VPWR,li1,26.2200,111.5200,1.799812
FILLER_37_27,VPWR,li1,20.7000,111.5200,1.799879
FILLER_37_15,VPWR,li1,15.1800,111.5200,1.799879
FILLER_37_3,VPWR,li1,9.6600,111.5200,1.799879
FILLER_36_269,VPWR,li1,129.4900,111.5200,1.799097
FILLER_36_256,VPWR,li1,123.5100,111.5200,1.799102
FILLER_36_251,VPWR,li1,121.2100,111.5200,1.799104
FILLER_36_215,VPWR,li1,104.8800,111.5200,1.799156
FILLER_36_149,VPWR,li1,74.2900,111.5200,1.799312
FILLER_36_141,VPWR,li1,72.2200,111.5200,1.799327
FILLER_36_139,VPWR,li1,69.6900,111.5200,1.799341
FILLER_36_110,VPWR,li1,56.5800,111.5200,1.799471
FILLER_36_99,VPWR,li1,51.5200,111.5200,1.799511
FILLER_36_85,VPWR,li1,45.3100,111.5200,1.799593
FILLER_36_83,VPWR,li1,43.9300,111.5200,1.799618
FILLER_36_77,VPWR,li1,42.3200,111.5200,1.799618
FILLER_36_65,VPWR,li1,38.1800,111.5200,1.799668
FILLER_36_53,VPWR,li1,32.6600,111.5200,1.799734
FILLER_36_41,VPWR,li1,27.1400,111.5200,1.799812
FILLER_36_29,VPWR,li1,21.6200,111.5200,1.799879
FILLER_36_27,VPWR,li1,18.1700,111.5200,1.799879
FILLER_36_15,VPWR,li1,15.1800,111.5200,1.799879
FILLER_36_3,VPWR,li1,9.6600,111.5200,1.799879
FILLER_35_281,VPWR,li1,135.4700,106.0800,1.799571
FILLER_35_264,VPWR,li1,128.3400,106.0800,1.799572
FILLER_35_257,VPWR,li1,124.2000,106.0800,1.799574
FILLER_35_245,VPWR,li1,118.6800,106.0800,1.799576
FILLER_35_218,VPWR,li1,107.1800,106.0800,1.799591
FILLER_35_181,VPWR,li1,90.1600,106.0800,1.799636
FILLER_35_169,VPWR,li1,86.0200,106.0800,1.799652
FILLER_35_166,VPWR,li1,82.3400,106.0800,1.799670
FILLER_35_160,VPWR,li1,79.5800,106.0800,1.799679
FILLER_35_149,VPWR,li1,75.9000,106.0800,1.799689
FILLER_35_137,VPWR,li1,71.3000,106.0800,1.799712
FILLER_35_125,VPWR,li1,65.7800,106.0800,1.799731
FILLER_35_113,VPWR,li1,60.2600,106.0800,1.799757
FILLER_35_110,VPWR,li1,56.5800,106.0800,1.799776
FILLER_35_98,VPWR,li1,53.3600,106.0800,1.799792
FILLER_35_93,VPWR,li1,48.7600,106.0800,1.799818
FILLER_35_81,VPWR,li1,45.5400,106.0800,1.799826
FILLER_35_69,VPWR,li1,40.0200,106.0800,1.799860
FILLER_35_57,VPWR,li1,34.5000,106.0800,1.799881
FILLER_35_55,VPWR,li1,31.0500,106.0800,1.799904
FILLER_35_51,VPWR,li1,29.9000,106.0800,1.799904
FILLER_35_39,VPWR,li1,26.2200,106.0800,1.799922
FILLER_35_27,VPWR,li1,20.7000,106.0800,1.799950
FILLER_35_15,VPWR,li1,15.1800,106.0800,1.799950
FILLER_35_3,VPWR,li1,9.6600,106.0800,1.799950
FILLER_34_279,VPWR,li1,134.0900,106.0800,1.799571
FILLER_34_261,VPWR,li1,126.0400,106.0800,1.799572
FILLER_34_253,VPWR,li1,123.7400,106.0800,1.799574
FILLER_34_249,VPWR,li1,120.7500,106.0800,1.799575
FILLER_34_245,VPWR,li1,118.4500,106.0800,1.799578
FILLER_34_239,VPWR,li1,116.8400,106.0800,1.799578
FILLER_34_229,VPWR,li1,111.5500,106.0800,1.799584
FILLER_34_217,VPWR,li1,108.1000,106.0800,1.799591
FILLER_34_195,VPWR,li1,95.4500,106.0800,1.799621
FILLER_34_191,VPWR,li1,93.6100,106.0800,1.799630
FILLER_34_185,VPWR,li1,92.0000,106.0800,1.799630
FILLER_34_173,VPWR,li1,87.8600,106.0800,1.799645
FILLER_34_161,VPWR,li1,82.3400,106.0800,1.799670
FILLER_34_149,VPWR,li1,76.8200,106.0800,1.799689
FILLER_34_141,VPWR,li1,70.6100,106.0800,1.799712
FILLER_34_128,VPWR,li1,65.7800,106.0800,1.799731
FILLER_34_116,VPWR,li1,61.6400,106.0800,1.799757
FILLER_34_104,VPWR,li1,56.1200,106.0800,1.799776
FILLER_34_97,VPWR,li1,51.0600,106.0800,1.799805
FILLER_34_85,VPWR,li1,47.3800,106.0800,1.799818
FILLER_34_82,VPWR,li1,43.7000,106.0800,1.799835
FILLER_34_76,VPWR,li1,41.1700,106.0800,1.799847
FILLER_34_68,VPWR,li1,38.6400,106.0800,1.799860
FILLER_34_53,VPWR,li1,32.6600,106.0800,1.799890
FILLER_34_41,VPWR,li1,27.1400,106.0800,1.799922
FILLER_34_29,VPWR,li1,21.6200,106.0800,1.799950
FILLER_34_27,VPWR,li1,18.1700,106.0800,1.799950
FILLER_34_15,VPWR,li1,15.1800,106.0800,1.799950
FILLER_34_3,VPWR,li1,9.6600,106.0800,1.799950
FILLER_33_281,VPWR,li1,135.4700,100.6400,1.799616
FILLER_33_279,VPWR,li1,134.0900,100.6400,1.799616
FILLER_33_255,VPWR,li1,123.0500,100.6400,1.799621
FILLER_33_249,VPWR,li1,121.4400,100.6400,1.799621
FILLER_33_237,VPWR,li1,117.3000,100.6400,1.799624
FILLER_33_225,VPWR,li1,111.7800,100.6400,1.799628
FILLER_33_223,VPWR,li1,108.3300,100.6400,1.799631
FILLER_33_211,VPWR,li1,105.3400,100.6400,1.799634
FILLER_33_199,VPWR,li1,99.8200,100.6400,1.799640
FILLER_33_187,VPWR,li1,94.3000,100.6400,1.799645
FILLER_33_175,VPWR,li1,88.7800,100.6400,1.799650
FILLER_33_169,VPWR,li1,83.7200,100.6400,1.799658
FILLER_33_167,VPWR,li1,82.5700,100.6400,1.799662
FILLER_33_161,VPWR,li1,80.9600,100.6400,1.799662
FILLER_33_136,VPWR,li1,68.3100,100.6400,1.799696
FILLER_33_121,VPWR,li1,61.6400,100.6400,1.799721
FILLER_33_113,VPWR,li1,59.3400,100.6400,1.799730
FILLER_33_96,VPWR,li1,49.9100,100.6400,1.799776
FILLER_33_92,VPWR,li1,48.7600,100.6400,1.799776
FILLER_33_84,VPWR,li1,44.3900,100.6400,1.799796
FILLER_33_72,VPWR,li1,39.1000,100.6400,1.799830
FILLER_33_57,VPWR,li1,32.2000,100.6400,1.799865
FILLER_33_55,VPWR,li1,31.0500,100.6400,1.799877
FILLER_33_51,VPWR,li1,29.9000,100.6400,1.799877
FILLER_33_39,VPWR,li1,26.2200,100.6400,1.799901
FILLER_33_27,VPWR,li1,20.7000,100.6400,1.799936
FILLER_33_15,VPWR,li1,15.1800,100.6400,1.799936
FILLER_33_3,VPWR,li1,9.6600,100.6400,1.799936
FILLER_32_281,VPWR,li1,135.4700,100.6400,1.799616
FILLER_32_253,VPWR,li1,122.8200,100.6400,1.799621
FILLER_32_244,VPWR,li1,119.6000,100.6400,1.799622
FILLER_32_225,VPWR,li1,109.9400,100.6400,1.799631
FILLER_32_213,VPWR,li1,106.2600,100.6400,1.799634
FILLER_32_193,VPWR,li1,94.9900,100.6400,1.799645
FILLER_32_184,VPWR,li1,91.5400,100.6400,1.799647
FILLER_32_161,VPWR,li1,79.8100,100.6400,1.799667
FILLER_32_141,VPWR,li1,70.6100,100.6400,1.799691
FILLER_32_138,VPWR,li1,69.4600,100.6400,1.799696
FILLER_32_119,VPWR,li1,60.7200,100.6400,1.799730
FILLER_32_85,VPWR,li1,44.8500,100.6400,1.799796
FILLER_32_71,VPWR,li1,38.4100,100.6400,1.799830
FILLER_32_53,VPWR,li1,30.3600,100.6400,1.799877
FILLER_32_41,VPWR,li1,27.1400,100.6400,1.799901
FILLER_32_29,VPWR,li1,21.6200,100.6400,1.799936
FILLER_32_27,VPWR,li1,18.1700,100.6400,1.799936
FILLER_32_15,VPWR,li1,15.1800,100.6400,1.799936
FILLER_32_3,VPWR,li1,9.6600,100.6400,1.799936
FILLER_31_279,VPWR,li1,134.0900,95.2000,1.799455
FILLER_31_249,VPWR,li1,120.9800,95.2000,1.799465
FILLER_31_225,VPWR,li1,110.4000,95.2000,1.799481
FILLER_31_216,VPWR,li1,106.7200,95.2000,1.799485
FILLER_31_181,VPWR,li1,89.4700,95.2000,1.799529
FILLER_31_167,VPWR,li1,82.5700,95.2000,1.799557
FILLER_31_150,VPWR,li1,74.7500,95.2000,1.799586
FILLER_31_137,VPWR,li1,68.7700,95.2000,1.799614
FILLER_31_113,VPWR,li1,57.9600,95.2000,1.799677
FILLER_31_111,VPWR,li1,56.8100,95.2000,1.799677
FILLER_31_91,VPWR,li1,48.0700,95.2000,1.799739
FILLER_31_86,VPWR,li1,45.3100,95.2000,1.799757
FILLER_31_72,VPWR,li1,39.1000,95.2000,1.799789
FILLER_31_51,VPWR,li1,29.2100,95.2000,1.799861
FILLER_31_27,VPWR,li1,18.1700,95.2000,1.799917
FILLER_31_15,VPWR,li1,15.1800,95.2000,1.799917
FILLER_31_3,VPWR,li1,9.6600,95.2000,1.799917
FILLER_30_279,VPWR,li1,134.0900,95.2000,1.799455
FILLER_30_253,VPWR,li1,123.7400,95.2000,1.799461
FILLER_30_251,VPWR,li1,121.2100,95.2000,1.799465
FILLER_30_221,VPWR,li1,107.6400,95.2000,1.799485
FILLER_30_195,VPWR,li1,95.4500,95.2000,1.799511
FILLER_30_191,VPWR,li1,94.3000,95.2000,1.799511
FILLER_30_164,VPWR,li1,81.6500,95.2000,1.799557
FILLER_30_149,VPWR,li1,74.7500,95.2000,1.799586
FILLER_30_120,VPWR,li1,62.5600,95.2000,1.799649
FILLER_30_108,VPWR,li1,57.9600,95.2000,1.799677
FILLER_30_85,VPWR,li1,45.0800,95.2000,1.799757
FILLER_30_82,VPWR,li1,43.7000,95.2000,1.799757
FILLER_30_61,VPWR,li1,33.8100,95.2000,1.799827
FILLER_30_57,VPWR,li1,32.6600,95.2000,1.799844
FILLER_30_27,VPWR,li1,18.1700,95.2000,1.799917
FILLER_30_15,VPWR,li1,15.1800,95.2000,1.799917
FILLER_30_3,VPWR,li1,9.6600,95.2000,1.799917
FILLER_29_277,VPWR,li1,133.6300,89.7600,1.799294
FILLER_29_257,VPWR,li1,125.5800,89.7600,1.799295
FILLER_29_219,VPWR,li1,106.4900,89.7600,1.799320
FILLER_29_213,VPWR,li1,104.8800,89.7600,1.799320
FILLER_29_189,VPWR,li1,92.9200,89.7600,1.799352
FILLER_29_155,VPWR,li1,77.5100,89.7600,1.799408
FILLER_29_149,VPWR,li1,74.2900,89.7600,1.799430
FILLER_29_136,VPWR,li1,68.3100,89.7600,1.799458
FILLER_29_125,VPWR,li1,63.9400,89.7600,1.799484
FILLER_29_113,VPWR,li1,60.2600,89.7600,1.799513
FILLER_29_110,VPWR,li1,56.5800,89.7600,1.799532
FILLER_29_92,VPWR,li1,48.0700,89.7600,1.799601
FILLER_29_31,VPWR,li1,20.0100,89.7600,1.799875
FILLER_29_27,VPWR,li1,18.8600,89.7600,1.799875
FILLER_29_15,VPWR,li1,15.1800,89.7600,1.799875
FILLER_29_3,VPWR,li1,9.6600,89.7600,1.799875
FILLER_28_283,VPWR,li1,135.9300,89.7600,1.799294
FILLER_28_277,VPWR,li1,134.3200,89.7600,1.799294
FILLER_28_265,VPWR,li1,130.1800,89.7600,1.799295
FILLER_28_250,VPWR,li1,120.9800,89.7600,1.799296
FILLER_28_209,VPWR,li1,102.3500,89.7600,1.799325
FILLER_28_201,VPWR,li1,99.8200,89.7600,1.799330
FILLER_28_187,VPWR,li1,92.2300,89.7600,1.799352
FILLER_28_179,VPWR,li1,89.7000,89.7600,1.799360
FILLER_28_153,VPWR,li1,76.3600,89.7600,1.799417
FILLER_28_145,VPWR,li1,74.0600,89.7600,1.799430
FILLER_28_139,VPWR,li1,69.6900,89.7600,1.799458
FILLER_28_122,VPWR,li1,61.8700,89.7600,1.799497
FILLER_28_116,VPWR,li1,59.3400,89.7600,1.799513
FILLER_28_108,VPWR,li1,57.0400,89.7600,1.799532
FILLER_28_29,VPWR,li1,19.0900,89.7600,1.799875
FILLER_28_27,VPWR,li1,18.1700,89.7600,1.799875
FILLER_28_15,VPWR,li1,15.1800,89.7600,1.799875
FILLER_28_3,VPWR,li1,9.6600,89.7600,1.799875
FILLER_27_277,VPWR,li1,133.6300,84.3200,1.799719
FILLER_27_269,VPWR,li1,131.1000,84.3200,1.799719
FILLER_27_257,VPWR,li1,124.4300,84.3200,1.799720
FILLER_27_249,VPWR,li1,121.9000,84.3200,1.799721
FILLER_27_216,VPWR,li1,105.8000,84.3200,1.799727
FILLER_27_182,VPWR,li1,89.4700,84.3200,1.799744
FILLER_27_176,VPWR,li1,87.8600,84.3200,1.799746
FILLER_27_150,VPWR,li1,75.9000,84.3200,1.799765
FILLER_27_138,VPWR,li1,71.7600,84.3200,1.799776
FILLER_27_113,VPWR,li1,57.7300,84.3200,1.799806
FILLER_27_105,VPWR,li1,54.7400,84.3200,1.799814
FILLER_27_70,VPWR,li1,38.6400,84.3200,1.799879
FILLER_27_57,VPWR,li1,31.9700,84.3200,1.799906
FILLER_27_43,VPWR,li1,25.9900,84.3200,1.799932
FILLER_27_27,VPWR,li1,18.8600,84.3200,1.799952
FILLER_27_15,VPWR,li1,15.1800,84.3200,1.799952
FILLER_27_3,VPWR,li1,9.6600,84.3200,1.799952
FILLER_26_265,VPWR,li1,128.1100,84.3200,1.799719
FILLER_26_253,VPWR,li1,124.6600,84.3200,1.799720
FILLER_26_251,VPWR,li1,121.2100,84.3200,1.799721
FILLER_26_243,VPWR,li1,119.1400,84.3200,1.799721
FILLER_26_223,VPWR,li1,108.3300,84.3200,1.799726
FILLER_26_219,VPWR,li1,107.1800,84.3200,1.799727
FILLER_26_195,VPWR,li1,95.4500,84.3200,1.799736
FILLER_26_178,VPWR,li1,87.6300,84.3200,1.799746
FILLER_26_170,VPWR,li1,85.5600,84.3200,1.799750
FILLER_26_157,VPWR,li1,77.9700,84.3200,1.799762
FILLER_26_153,VPWR,li1,76.8200,84.3200,1.799765
FILLER_26_141,VPWR,li1,73.1400,84.3200,1.799771
FILLER_26_111,VPWR,li1,57.2700,84.3200,1.799806
FILLER_26_85,VPWR,li1,45.0800,84.3200,1.799851
FILLER_26_71,VPWR,li1,38.4100,84.3200,1.799879
FILLER_26_41,VPWR,li1,27.1400,84.3200,1.799932
FILLER_26_29,VPWR,li1,21.6200,84.3200,1.799952
FILLER_26_27,VPWR,li1,18.1700,84.3200,1.799952
FILLER_26_15,VPWR,li1,15.1800,84.3200,1.799952
FILLER_26_3,VPWR,li1,9.6600,84.3200,1.799952
FILLER_25_281,VPWR,li1,135.4700,78.8800,1.799728
FILLER_25_279,VPWR,li1,134.0900,78.8800,1.799728
FILLER_25_265,VPWR,li1,127.8800,78.8800,1.799728
FILLER_25_253,VPWR,li1,124.6600,78.8800,1.799729
FILLER_25_241,VPWR,li1,119.1400,78.8800,1.799729
FILLER_25_233,VPWR,li1,112.9300,78.8800,1.799733
FILLER_25_225,VPWR,li1,110.8600,78.8800,1.799734
FILLER_25_216,VPWR,li1,106.7200,78.8800,1.799737
FILLER_25_185,VPWR,li1,90.8500,78.8800,1.799751
FILLER_25_181,VPWR,li1,89.7000,78.8800,1.799751
FILLER_25_169,VPWR,li1,86.0200,78.8800,1.799755
FILLER_25_165,VPWR,li1,82.1100,78.8800,1.799759
FILLER_25_153,VPWR,li1,76.3600,78.8800,1.799767
FILLER_25_145,VPWR,li1,74.0600,78.8800,1.799772
FILLER_25_113,VPWR,li1,59.3400,78.8800,1.799811
FILLER_25_111,VPWR,li1,56.8100,78.8800,1.799818
FILLER_25_84,VPWR,li1,44.3900,78.8800,1.799866
FILLER_25_79,VPWR,li1,42.0900,78.8800,1.799873
FILLER_25_67,VPWR,li1,39.1000,78.8800,1.799889
FILLER_25_57,VPWR,li1,32.6600,78.8800,1.799918
FILLER_25_55,VPWR,li1,31.0500,78.8800,1.799918
FILLER_25_43,VPWR,li1,28.0600,78.8800,1.799930
FILLER_25_27,VPWR,li1,18.8600,78.8800,1.799956
FILLER_25_15,VPWR,li1,15.1800,78.8800,1.799956
FILLER_25_3,VPWR,li1,9.6600,78.8800,1.799956
FILLER_24_279,VPWR,li1,134.0900,78.8800,1.799728
FILLER_24_261,VPWR,li1,126.0400,78.8800,1.799728
FILLER_24_253,VPWR,li1,123.7400,78.8800,1.799729
FILLER_24_250,VPWR,li1,120.9800,78.8800,1.799729
FILLER_24_233,VPWR,li1,112.9300,78.8800,1.799733
FILLER_24_221,VPWR,li1,109.9400,78.8800,1.799735
FILLER_24_209,VPWR,li1,104.4200,78.8800,1.799739
FILLER_24_195,VPWR,li1,95.4500,78.8800,1.799747
FILLER_24_189,VPWR,li1,93.8400,78.8800,1.799747
FILLER_24_177,VPWR,li1,89.7000,78.8800,1.799751
FILLER_24_165,VPWR,li1,84.1800,78.8800,1.799757
FILLER_24_149,VPWR,li1,74.9800,78.8800,1.799772
FILLER_24_138,VPWR,li1,69.4600,78.8800,1.799782
FILLER_24_104,VPWR,li1,54.0500,78.8800,1.799827
FILLER_24_96,VPWR,li1,51.5200,78.8800,1.799836
FILLER_24_85,VPWR,li1,45.5400,78.8800,1.799866
FILLER_24_83,VPWR,li1,43.9300,78.8800,1.799866
FILLER_24_77,VPWR,li1,42.3200,78.8800,1.799873
FILLER_24_65,VPWR,li1,38.1800,78.8800,1.799889
FILLER_24_53,VPWR,li1,32.6600,78.8800,1.799918
FILLER_24_29,VPWR,li1,19.7800,78.8800,1.799956
FILLER_24_27,VPWR,li1,18.1700,78.8800,1.799956
FILLER_24_19,VPWR,li1,16.1000,78.8800,1.799956
FILLER_24_7,VPWR,li1,11.5000,78.8800,1.799956
FILLER_23_281,VPWR,li1,135.4700,73.4400,1.799582
FILLER_23_265,VPWR,li1,128.1100,73.4400,1.799582
FILLER_23_261,VPWR,li1,125.8100,73.4400,1.799582
FILLER_23_212,VPWR,li1,105.8000,73.4400,1.799601
FILLER_23_200,VPWR,li1,100.2800,73.4400,1.799612
FILLER_23_188,VPWR,li1,94.7600,73.4400,1.799620
FILLER_23_176,VPWR,li1,89.2400,73.4400,1.799630
FILLER_23_113,VPWR,li1,58.1900,73.4400,1.799718
FILLER_23_106,VPWR,li1,55.6600,73.4400,1.799727
FILLER_23_94,VPWR,li1,51.5200,73.4400,1.799745
FILLER_23_82,VPWR,li1,46.0000,73.4400,1.799770
FILLER_23_57,VPWR,li1,33.1200,73.4400,1.799835
FILLER_23_11,VPWR,li1,11.0400,73.4400,1.799921
FILLER_23_3,VPWR,li1,8.7400,73.4400,1.799921
FILLER_22_278,VPWR,li1,134.0900,73.4400,1.799582
FILLER_22_270,VPWR,li1,131.5600,73.4400,1.799582
FILLER_22_258,VPWR,li1,126.9600,73.4400,1.799582
FILLER_22_239,VPWR,li1,115.6900,73.4400,1.799587
FILLER_22_220,VPWR,li1,107.4100,73.4400,1.799597
FILLER_22_209,VPWR,li1,102.3500,73.4400,1.799606
FILLER_22_192,VPWR,li1,94.7600,73.4400,1.799620
FILLER_22_180,VPWR,li1,91.0800,73.4400,1.799627
FILLER_22_168,VPWR,li1,85.5600,73.4400,1.799639
FILLER_22_141,VPWR,li1,71.3000,73.4400,1.799671
FILLER_22_115,VPWR,li1,58.6500,73.4400,1.799718
FILLER_22_111,VPWR,li1,57.5000,73.4400,1.799718
FILLER_22_91,VPWR,li1,47.6100,73.4400,1.799757
FILLER_22_62,VPWR,li1,34.7300,73.4400,1.799824
FILLER_22_53,VPWR,li1,30.8200,73.4400,1.799850
FILLER_22_33,VPWR,li1,20.9300,73.4400,1.799922
FILLER_22_29,VPWR,li1,19.7800,73.4400,1.799922
FILLER_22_27,VPWR,li1,18.1700,73.4400,1.799922
FILLER_22_15,VPWR,li1,15.1800,73.4400,1.799921
FILLER_22_3,VPWR,li1,9.6600,73.4400,1.799921
FILLER_21_281,VPWR,li1,135.4700,68.0000,1.799546
FILLER_21_273,VPWR,li1,131.7900,68.0000,1.799546
FILLER_21_265,VPWR,li1,129.2600,68.0000,1.799546
FILLER_21_184,VPWR,li1,90.3900,68.0000,1.799595
FILLER_21_176,VPWR,li1,88.3200,68.0000,1.799600
FILLER_21_160,VPWR,li1,80.9600,68.0000,1.799621
FILLER_21_148,VPWR,li1,76.3600,68.0000,1.799639
FILLER_21_136,VPWR,li1,70.8400,68.0000,1.799651
FILLER_21_121,VPWR,li1,61.8700,68.0000,1.799686
FILLER_21_111,VPWR,li1,56.8100,68.0000,1.799703
FILLER_21_107,VPWR,li1,55.6600,68.0000,1.799714
FILLER_21_82,VPWR,li1,43.4700,68.0000,1.799771
FILLER_21_57,VPWR,li1,31.9700,68.0000,1.799843
FILLER_21_50,VPWR,li1,28.9800,68.0000,1.799861
FILLER_21_27,VPWR,li1,18.8600,68.0000,1.799925
FILLER_21_15,VPWR,li1,15.1800,68.0000,1.799925
FILLER_21_3,VPWR,li1,9.6600,68.0000,1.799925
FILLER_20_265,VPWR,li1,128.1100,68.0000,1.799547
FILLER_20_261,VPWR,li1,125.8100,68.0000,1.799547
FILLER_20_249,VPWR,li1,120.7500,68.0000,1.799549
FILLER_20_188,VPWR,li1,92.2300,68.0000,1.799591
FILLER_20_184,VPWR,li1,91.0800,68.0000,1.799595
FILLER_20_170,VPWR,li1,83.9500,68.0000,1.799615
FILLER_20_153,VPWR,li1,76.1300,68.0000,1.799639
FILLER_20_149,VPWR,li1,74.9800,68.0000,1.799639
FILLER_20_139,VPWR,li1,69.6900,68.0000,1.799658
FILLER_20_119,VPWR,li1,61.1800,68.0000,1.799686
FILLER_20_85,VPWR,li1,45.3100,68.0000,1.799761
FILLER_20_57,VPWR,li1,31.9700,68.0000,1.799843
FILLER_20_51,VPWR,li1,30.3600,68.0000,1.799861
FILLER_20_39,VPWR,li1,26.2200,68.0000,1.799881
FILLER_20_29,VPWR,li1,20.2400,68.0000,1.799925
FILLER_20_27,VPWR,li1,18.1700,68.0000,1.799925
FILLER_20_15,VPWR,li1,15.1800,68.0000,1.799925
FILLER_20_3,VPWR,li1,9.6600,68.0000,1.799925
FILLER_19_281,VPWR,li1,135.4700,62.5600,1.799401
FILLER_19_268,VPWR,li1,130.6400,62.5600,1.799401
FILLER_19_256,VPWR,li1,126.0400,62.5600,1.799401
FILLER_19_231,VPWR,li1,112.0100,62.5600,1.799418
FILLER_19_196,VPWR,li1,95.9100,62.5600,1.799481
FILLER_19_188,VPWR,li1,93.8400,62.5600,1.799491
FILLER_19_150,VPWR,li1,75.9000,62.5600,1.799582
FILLER_19_122,VPWR,li1,62.5600,62.5600,1.799652
FILLER_19_113,VPWR,li1,58.4200,62.5600,1.799676
FILLER_19_109,VPWR,li1,56.3500,62.5600,1.799689
FILLER_19_83,VPWR,li1,44.1600,62.5600,1.799770
FILLER_19_76,VPWR,li1,40.7100,62.5600,1.799791
FILLER_19_63,VPWR,li1,34.7300,62.5600,1.799843
FILLER_19_57,VPWR,li1,33.1200,62.5600,1.799843
FILLER_19_55,VPWR,li1,31.0500,62.5600,1.799858
FILLER_19_49,VPWR,li1,29.4400,62.5600,1.799875
FILLER_19_23,VPWR,li1,16.7900,62.5600,1.799923
FILLER_19_15,VPWR,li1,14.2600,62.5600,1.799923
FILLER_19_3,VPWR,li1,9.6600,62.5600,1.799923
FILLER_18_280,VPWR,li1,135.2400,62.5600,1.799401
FILLER_18_256,VPWR,li1,126.0400,62.5600,1.799401
FILLER_18_251,VPWR,li1,121.2100,62.5600,1.799403
FILLER_18_203,VPWR,li1,99.1300,62.5600,1.799467
FILLER_18_197,VPWR,li1,97.5200,62.5600,1.799481
FILLER_18_192,VPWR,li1,94.7600,62.5600,1.799491
FILLER_18_180,VPWR,li1,91.0800,62.5600,1.799507
FILLER_18_148,VPWR,li1,75.4400,62.5600,1.799582
FILLER_18_138,VPWR,li1,69.4600,62.5600,1.799613
FILLER_18_125,VPWR,li1,63.2500,62.5600,1.799652
FILLER_18_121,VPWR,li1,62.1000,62.5600,1.799663
FILLER_18_109,VPWR,li1,58.4200,62.5600,1.799676
FILLER_18_101,VPWR,li1,52.2100,62.5600,1.799723
FILLER_18_97,VPWR,li1,51.0600,62.5600,1.799723
FILLER_18_85,VPWR,li1,47.3800,62.5600,1.799747
FILLER_18_83,VPWR,li1,43.9300,62.5600,1.799770
FILLER_18_77,VPWR,li1,42.3200,62.5600,1.799791
FILLER_18_65,VPWR,li1,38.1800,62.5600,1.799812
FILLER_18_47,VPWR,li1,28.5200,62.5600,1.799875
FILLER_18_29,VPWR,li1,20.2400,62.5600,1.799923
FILLER_18_27,VPWR,li1,18.1700,62.5600,1.799923
FILLER_18_15,VPWR,li1,15.1800,62.5600,1.799923
FILLER_18_3,VPWR,li1,9.6600,62.5600,1.799923
FILLER_17_281,VPWR,li1,135.4700,57.1200,1.799624
FILLER_17_260,VPWR,li1,125.3500,57.1200,1.799625
FILLER_17_256,VPWR,li1,124.2000,57.1200,1.799625
FILLER_17_225,VPWR,li1,110.4000,57.1200,1.799637
FILLER_17_222,VPWR,li1,108.1000,57.1200,1.799640
FILLER_17_210,VPWR,li1,104.8800,57.1200,1.799644
FILLER_17_198,VPWR,li1,99.3600,57.1200,1.799651
FILLER_17_193,VPWR,li1,94.5300,57.1200,1.799658
FILLER_17_181,VPWR,li1,91.5400,57.1200,1.799663
FILLER_17_169,VPWR,li1,86.0200,57.1200,1.799673
FILLER_17_153,VPWR,li1,76.5900,57.1200,1.799693
FILLER_17_145,VPWR,li1,74.0600,57.1200,1.799698
FILLER_17_131,VPWR,li1,66.0100,57.1200,1.799721
FILLER_17_125,VPWR,li1,64.4000,57.1200,1.799729
FILLER_17_113,VPWR,li1,60.2600,57.1200,1.799740
FILLER_17_106,VPWR,li1,55.6600,57.1200,1.799756
FILLER_17_80,VPWR,li1,42.5500,57.1200,1.799817
FILLER_17_76,VPWR,li1,41.4000,57.1200,1.799817
FILLER_17_54,VPWR,li1,30.8200,57.1200,1.799880
FILLER_17_44,VPWR,li1,26.2200,57.1200,1.799907
FILLER_17_31,VPWR,li1,20.0100,57.1200,1.799933
FILLER_17_27,VPWR,li1,18.8600,57.1200,1.799933
FILLER_17_15,VPWR,li1,15.1800,57.1200,1.799933
FILLER_17_3,VPWR,li1,9.6600,57.1200,1.799933
FILLER_16_267,VPWR,li1,128.5700,57.1200,1.799624
FILLER_16_263,VPWR,li1,127.4200,57.1200,1.799624
FILLER_16_250,VPWR,li1,120.9800,57.1200,1.799627
FILLER_16_225,VPWR,li1,109.2500,57.1200,1.799640
FILLER_16_221,VPWR,li1,108.1000,57.1200,1.799640
FILLER_16_209,VPWR,li1,104.4200,57.1200,1.799644
FILLER_16_179,VPWR,li1,89.2400,57.1200,1.799667
FILLER_16_153,VPWR,li1,76.1300,57.1200,1.799693
FILLER_16_121,VPWR,li1,61.8700,57.1200,1.799740
FILLER_16_109,VPWR,li1,58.4200,57.1200,1.799747
FILLER_16_85,VPWR,li1,45.5400,57.1200,1.799803
FILLER_16_48,VPWR,li1,30.3600,57.1200,1.799880
FILLER_16_27,VPWR,li1,18.1700,57.1200,1.799933
FILLER_16_15,VPWR,li1,15.1800,57.1200,1.799933
FILLER_16_3,VPWR,li1,9.6600,57.1200,1.799933
FILLER_15_272,VPWR,li1,131.5600,51.6800,1.799561
FILLER_15_265,VPWR,li1,127.6500,51.6800,1.799561
FILLER_15_240,VPWR,li1,116.6100,51.6800,1.799571
FILLER_15_225,VPWR,li1,109.7100,51.6800,1.799580
FILLER_15_218,VPWR,li1,107.1800,51.6800,1.799583
FILLER_15_183,VPWR,li1,89.9300,51.6800,1.799626
FILLER_15_152,VPWR,li1,75.6700,51.6800,1.799665
FILLER_15_144,VPWR,li1,73.6000,51.6800,1.799672
FILLER_15_137,VPWR,li1,68.7700,51.6800,1.799689
FILLER_15_69,VPWR,li1,37.9500,51.6800,1.799837
FILLER_15_57,VPWR,li1,34.5000,51.6800,1.799862
FILLER_15_54,VPWR,li1,30.8200,51.6800,1.799877
FILLER_15_21,VPWR,li1,15.4100,51.6800,1.799932
FILLER_15_15,VPWR,li1,13.8000,51.6800,1.799932
FILLER_15_3,VPWR,li1,9.6600,51.6800,1.799932
FILLER_14_279,VPWR,li1,134.0900,51.6800,1.799561
FILLER_14_271,VPWR,li1,132.0200,51.6800,1.799561
FILLER_14_265,VPWR,li1,127.8800,51.6800,1.799561
FILLER_14_257,VPWR,li1,125.5800,51.6800,1.799562
FILLER_14_253,VPWR,li1,122.1300,51.6800,1.799565
FILLER_14_248,VPWR,li1,120.5200,51.6800,1.799567
FILLER_14_228,VPWR,li1,113.1600,51.6800,1.799576
FILLER_14_180,VPWR,li1,89.2400,51.6800,1.799626
FILLER_14_141,VPWR,li1,73.1400,51.6800,1.799679
FILLER_14_137,VPWR,li1,69.2300,51.6800,1.799689
FILLER_14_124,VPWR,li1,62.7900,51.6800,1.799715
FILLER_14_120,VPWR,li1,61.6400,51.6800,1.799715
FILLER_14_109,VPWR,li1,57.0400,51.6800,1.799738
FILLER_14_89,VPWR,li1,46.6900,51.6800,1.799786
FILLER_14_85,VPWR,li1,45.5400,51.6800,1.799799
FILLER_14_76,VPWR,li1,42.3200,51.6800,1.799815
FILLER_14_64,VPWR,li1,37.7200,51.6800,1.799837
FILLER_14_56,VPWR,li1,31.5100,51.6800,1.799877
FILLER_14_29,VPWR,li1,19.5500,51.6800,1.799932
FILLER_14_27,VPWR,li1,18.1700,51.6800,1.799932
FILLER_14_15,VPWR,li1,15.1800,51.6800,1.799932
FILLER_14_3,VPWR,li1,9.6600,51.6800,1.799932
FILLER_13_281,VPWR,li1,135.4700,46.2400,1.799756
FILLER_13_266,VPWR,li1,128.3400,46.2400,1.799757
FILLER_13_257,VPWR,li1,124.4300,46.2400,1.799758
FILLER_13_245,VPWR,li1,120.9800,46.2400,1.799758
FILLER_13_221,VPWR,li1,107.8700,46.2400,1.799764
FILLER_13_205,VPWR,li1,100.7400,46.2400,1.799770
FILLER_13_193,VPWR,li1,95.2200,46.2400,1.799775
FILLER_13_181,VPWR,li1,91.5400,46.2400,1.799779
FILLER_13_169,VPWR,li1,86.0200,46.2400,1.799785
FILLER_13_167,VPWR,li1,82.5700,46.2400,1.799790
FILLER_13_163,VPWR,li1,81.4200,46.2400,1.799790
FILLER_13_148,VPWR,li1,74.2900,46.2400,1.799799
FILLER_13_140,VPWR,li1,71.7600,46.2400,1.799802
FILLER_13_113,VPWR,li1,58.1900,46.2400,1.799831
FILLER_13_111,VPWR,li1,56.8100,46.2400,1.799836
FILLER_13_105,VPWR,li1,55.2000,46.2400,1.799836
FILLER_13_97,VPWR,li1,50.3700,46.2400,1.799850
FILLER_13_82,VPWR,li1,43.9300,46.2400,1.799869
FILLER_13_74,VPWR,li1,41.4000,46.2400,1.799879
FILLER_13_23,VPWR,li1,16.5600,46.2400,1.799955
FILLER_13_15,VPWR,li1,14.2600,46.2400,1.799955
FILLER_13_3,VPWR,li1,9.6600,46.2400,1.799955
FILLER_12_280,VPWR,li1,134.5500,46.2400,1.799756
FILLER_12_265,VPWR,li1,128.1100,46.2400,1.799757
FILLER_12_261,VPWR,li1,125.8100,46.2400,1.799757
FILLER_12_253,VPWR,li1,123.7400,46.2400,1.799758
FILLER_12_249,VPWR,li1,120.7500,46.2400,1.799758
FILLER_12_221,VPWR,li1,108.1000,46.2400,1.799764
FILLER_12_209,VPWR,li1,102.3500,46.2400,1.799770
FILLER_12_197,VPWR,li1,98.9000,46.2400,1.799772
FILLER_12_194,VPWR,li1,95.2200,46.2400,1.799775
FILLER_12_182,VPWR,li1,92.0000,46.2400,1.799779
FILLER_12_170,VPWR,li1,86.4800,46.2400,1.799785
FILLER_12_149,VPWR,li1,74.5200,46.2400,1.799799
FILLER_12_141,VPWR,li1,72.2200,46.2400,1.799802
FILLER_12_131,VPWR,li1,66.4700,46.2400,1.799810
FILLER_12_109,VPWR,li1,57.0400,46.2400,1.799831
FILLER_12_97,VPWR,li1,52.9000,46.2400,1.799845
FILLER_12_85,VPWR,li1,47.3800,46.2400,1.799859
FILLER_12_82,VPWR,li1,43.7000,46.2400,1.799869
FILLER_12_70,VPWR,li1,40.4800,46.2400,1.799879
FILLER_12_58,VPWR,li1,34.9600,46.2400,1.799900
FILLER_12_46,VPWR,li1,29.4400,46.2400,1.799919
FILLER_12_37,VPWR,li1,23.0000,46.2400,1.799946
FILLER_12_29,VPWR,li1,20.7000,46.2400,1.799955
FILLER_12_27,VPWR,li1,18.1700,46.2400,1.799955
FILLER_12_15,VPWR,li1,15.1800,46.2400,1.799955
FILLER_12_3,VPWR,li1,9.6600,46.2400,1.799955
FILLER_11_281,VPWR,li1,135.4700,40.8000,1.799466
FILLER_11_264,VPWR,li1,127.8800,40.8000,1.799467
FILLER_11_260,VPWR,li1,125.3500,40.8000,1.799467
FILLER_11_252,VPWR,li1,123.2800,40.8000,1.799467
FILLER_11_233,VPWR,li1,112.9300,40.8000,1.799477
FILLER_11_225,VPWR,li1,110.8600,40.8000,1.799480
FILLER_11_223,VPWR,li1,108.3300,40.8000,1.799484
FILLER_11_211,VPWR,li1,105.3400,40.8000,1.799489
FILLER_11_169,VPWR,li1,85.1000,40.8000,1.799543
FILLER_11_167,VPWR,li1,82.5700,40.8000,1.799551
FILLER_11_143,VPWR,li1,72.2200,40.8000,1.799595
FILLER_11_118,VPWR,li1,60.4900,40.8000,1.799644
FILLER_11_106,VPWR,li1,55.6600,40.8000,1.799672
FILLER_11_74,VPWR,li1,39.7900,40.8000,1.799779
FILLER_11_50,VPWR,li1,29.9000,40.8000,1.799846
FILLER_11_23,VPWR,li1,16.7900,40.8000,1.799912
FILLER_11_15,VPWR,li1,14.2600,40.8000,1.799912
FILLER_11_3,VPWR,li1,9.6600,40.8000,1.799912
FILLER_10_265,VPWR,li1,128.1100,40.8000,1.799467
FILLER_10_250,VPWR,li1,120.9800,40.8000,1.799468
FILLER_10_224,VPWR,li1,109.0200,40.8000,1.799484
FILLER_10_204,VPWR,li1,99.5900,40.8000,1.799499
FILLER_10_195,VPWR,li1,95.4500,40.8000,1.799511
FILLER_10_139,VPWR,li1,69.6900,40.8000,1.799604
FILLER_10_112,VPWR,li1,57.7300,40.8000,1.799660
FILLER_10_45,VPWR,li1,26.9100,40.8000,1.799880
FILLER_10_29,VPWR,li1,19.7800,40.8000,1.799912
FILLER_10_27,VPWR,li1,18.1700,40.8000,1.799912
FILLER_10_15,VPWR,li1,15.1800,40.8000,1.799912
FILLER_10_3,VPWR,li1,9.6600,40.8000,1.799912
FILLER_9_275,VPWR,li1,132.2500,35.3600,1.799760
FILLER_9_258,VPWR,li1,124.6600,35.3600,1.799762
FILLER_9_254,VPWR,li1,122.5900,35.3600,1.799764
FILLER_9_250,VPWR,li1,121.4400,35.3600,1.799764
FILLER_9_237,VPWR,li1,114.7700,35.3600,1.799768
FILLER_9_225,VPWR,li1,111.7800,35.3600,1.799769
FILLER_9_218,VPWR,li1,107.1800,35.3600,1.799772
FILLER_9_205,VPWR,li1,100.0500,35.3600,1.799779
FILLER_9_199,VPWR,li1,98.4400,35.3600,1.799781
FILLER_9_169,VPWR,li1,84.6400,35.3600,1.799796
FILLER_9_164,VPWR,li1,81.8800,35.3600,1.799800
FILLER_9_142,VPWR,li1,72.2200,35.3600,1.799819
FILLER_9_121,VPWR,li1,61.4100,35.3600,1.799841
FILLER_9_113,VPWR,li1,59.3400,35.3600,1.799846
FILLER_9_100,VPWR,li1,54.2800,35.3600,1.799858
FILLER_9_55,VPWR,li1,31.0500,35.3600,1.799924
FILLER_9_46,VPWR,li1,26.9100,35.3600,1.799939
FILLER_9_42,VPWR,li1,25.7600,35.3600,1.799949
FILLER_9_27,VPWR,li1,18.6300,35.3600,1.799961
FILLER_9_15,VPWR,li1,15.1800,35.3600,1.799961
FILLER_9_3,VPWR,li1,9.6600,35.3600,1.799961
FILLER_8_280,VPWR,li1,135.2400,35.3600,1.799760
FILLER_8_265,VPWR,li1,128.1100,35.3600,1.799760
FILLER_8_261,VPWR,li1,125.8100,35.3600,1.799761
FILLER_8_253,VPWR,li1,123.7400,35.3600,1.799762
FILLER_8_250,VPWR,li1,120.9800,35.3600,1.799764
FILLER_8_242,VPWR,li1,118.6800,35.3600,1.799765
FILLER_8_230,VPWR,li1,114.0800,35.3600,1.799768
FILLER_8_205,VPWR,li1,100.0500,35.3600,1.799779
FILLER_8_197,VPWR,li1,97.9800,35.3600,1.799781
FILLER_8_192,VPWR,li1,94.7600,35.3600,1.799785
FILLER_8_180,VPWR,li1,91.0800,35.3600,1.799788
FILLER_8_168,VPWR,li1,85.5600,35.3600,1.799796
FILLER_8_141,VPWR,li1,72.2200,35.3600,1.799819
FILLER_8_134,VPWR,li1,68.5400,35.3600,1.799825
FILLER_8_126,VPWR,li1,63.7100,35.3600,1.799836
FILLER_8_120,VPWR,li1,62.1000,35.3600,1.799841
FILLER_8_108,VPWR,li1,57.9600,35.3600,1.799851
FILLER_8_96,VPWR,li1,52.4400,35.3600,1.799863
FILLER_8_85,VPWR,li1,45.5400,35.3600,1.799880
FILLER_8_83,VPWR,li1,43.9300,35.3600,1.799888
FILLER_8_79,VPWR,li1,42.7800,35.3600,1.799888
FILLER_8_67,VPWR,li1,39.1000,35.3600,1.799899
FILLER_8_56,VPWR,li1,32.2000,35.3600,1.799924
FILLER_8_44,VPWR,li1,28.5200,35.3600,1.799939
FILLER_8_29,VPWR,li1,20.7000,35.3600,1.799961
FILLER_8_27,VPWR,li1,18.1700,35.3600,1.799961
FILLER_8_15,VPWR,li1,15.1800,35.3600,1.799961
FILLER_8_3,VPWR,li1,9.6600,35.3600,1.799961
FILLER_7_281,VPWR,li1,135.4700,29.9200,1.799698
FILLER_7_263,VPWR,li1,126.7300,29.9200,1.799699
FILLER_7_257,VPWR,li1,125.1200,29.9200,1.799700
FILLER_7_245,VPWR,li1,120.9800,29.9200,1.799701
FILLER_7_237,VPWR,li1,114.7700,29.9200,1.799705
FILLER_7_233,VPWR,li1,113.6200,29.9200,1.799705
FILLER_7_223,VPWR,li1,108.3300,29.9200,1.799709
FILLER_7_202,VPWR,li1,98.9000,29.9200,1.799718
FILLER_7_194,VPWR,li1,96.6000,29.9200,1.799721
FILLER_7_181,VPWR,li1,89.0100,29.9200,1.799730
FILLER_7_169,VPWR,li1,86.0200,29.9200,1.799734
FILLER_7_167,VPWR,li1,82.5700,29.9200,1.799741
FILLER_7_163,VPWR,li1,81.4200,29.9200,1.799741
FILLER_7_148,VPWR,li1,74.2900,29.9200,1.799753
FILLER_7_140,VPWR,li1,71.7600,29.9200,1.799762
FILLER_7_119,VPWR,li1,60.4900,29.9200,1.799790
FILLER_7_113,VPWR,li1,58.8800,29.9200,1.799797
FILLER_7_92,VPWR,li1,48.0700,29.9200,1.799828
FILLER_7_86,VPWR,li1,46.4600,29.9200,1.799835
FILLER_7_65,VPWR,li1,35.8800,29.9200,1.799877
FILLER_7_57,VPWR,li1,33.5800,29.9200,1.799887
FILLER_7_54,VPWR,li1,30.8200,29.9200,1.799899
FILLER_7_21,VPWR,li1,15.4100,29.9200,1.799942
FILLER_7_15,VPWR,li1,13.8000,29.9200,1.799942
FILLER_7_3,VPWR,li1,9.6600,29.9200,1.799942
FILLER_6_265,VPWR,li1,128.1100,29.9200,1.799699
FILLER_6_253,VPWR,li1,124.6600,29.9200,1.799700
FILLER_6_227,VPWR,li1,110.1700,29.9200,1.799708
FILLER_6_221,VPWR,li1,108.5600,29.9200,1.799709
FILLER_6_186,VPWR,li1,91.7700,29.9200,1.799726
FILLER_6_148,VPWR,li1,74.2900,29.9200,1.799753
FILLER_6_106,VPWR,li1,55.6600,29.9200,1.799803
FILLER_6_92,VPWR,li1,48.3000,29.9200,1.799828
FILLER_6_60,VPWR,li1,35.8800,29.9200,1.799877
FILLER_6_15,VPWR,li1,12.6500,29.9200,1.799942
FILLER_6_3,VPWR,li1,9.6600,29.9200,1.799942
FILLER_5_268,VPWR,li1,129.0300,24.4800,1.799449
FILLER_5_229,VPWR,li1,111.0900,24.4800,1.799459
FILLER_5_225,VPWR,li1,109.9400,24.4800,1.799462
FILLER_5_223,VPWR,li1,108.3300,24.4800,1.799462
FILLER_5_217,VPWR,li1,106.7200,24.4800,1.799465
FILLER_5_205,VPWR,li1,102.5800,24.4800,1.799471
FILLER_5_169,VPWR,li1,83.4900,24.4800,1.799535
FILLER_5_167,VPWR,li1,82.5700,24.4800,1.799543
FILLER_5_163,VPWR,li1,81.4200,24.4800,1.799543
FILLER_5_150,VPWR,li1,74.7500,24.4800,1.799577
FILLER_5_144,VPWR,li1,73.1400,24.4800,1.799577
FILLER_5_109,VPWR,li1,56.3500,24.4800,1.799655
FILLER_5_93,VPWR,li1,49.2200,24.4800,1.799696
FILLER_5_81,VPWR,li1,45.5400,24.4800,1.799714
FILLER_5_63,VPWR,li1,34.7300,24.4800,1.799784
FILLER_5_57,VPWR,li1,33.1200,24.4800,1.799799
FILLER_5_55,VPWR,li1,31.0500,24.4800,1.799814
FILLER_5_47,VPWR,li1,28.9800,24.4800,1.799831
FILLER_5_38,VPWR,li1,23.4600,24.4800,1.799879
FILLER_5_11,VPWR,li1,11.2700,24.4800,1.799907
FILLER_5_3,VPWR,li1,8.7400,24.4800,1.799907
FILLER_4_262,VPWR,li1,126.5000,24.4800,1.799449
FILLER_4_258,VPWR,li1,124.4300,24.4800,1.799449
FILLER_4_236,VPWR,li1,115.0000,24.4800,1.799456
FILLER_4_224,VPWR,li1,111.3200,24.4800,1.799459
FILLER_4_217,VPWR,li1,105.8000,24.4800,1.799465
FILLER_4_195,VPWR,li1,95.4500,24.4800,1.799497
FILLER_4_189,VPWR,li1,93.8400,24.4800,1.799497
FILLER_4_176,VPWR,li1,87.8600,24.4800,1.799524
FILLER_4_164,VPWR,li1,83.7200,24.4800,1.799535
FILLER_4_141,VPWR,li1,71.3000,24.4800,1.799590
FILLER_4_119,VPWR,li1,60.7200,24.4800,1.799633
FILLER_4_111,VPWR,li1,58.4200,24.4800,1.799644
FILLER_4_99,VPWR,li1,53.8200,24.4800,1.799673
FILLER_4_93,VPWR,li1,48.5300,24.4800,1.799696
FILLER_4_82,VPWR,li1,43.7000,24.4800,1.799725
FILLER_4_70,VPWR,li1,40.4800,24.4800,1.799748
FILLER_4_41,VPWR,li1,25.3000,24.4800,1.799862
FILLER_4_29,VPWR,li1,21.6200,24.4800,1.799907
FILLER_4_27,VPWR,li1,18.1700,24.4800,1.799907
FILLER_4_15,VPWR,li1,15.1800,24.4800,1.799907
FILLER_4_3,VPWR,li1,9.6600,24.4800,1.799907
FILLER_3_252,VPWR,li1,121.6700,19.0400,1.799583
FILLER_3_231,VPWR,li1,112.4700,19.0400,1.799588
FILLER_3_177,VPWR,li1,87.6300,19.0400,1.799625
FILLER_3_169,VPWR,li1,85.1000,19.0400,1.799630
FILLER_3_143,VPWR,li1,71.5300,19.0400,1.799670
FILLER_3_121,VPWR,li1,62.1000,19.0400,1.799703
FILLER_3_113,VPWR,li1,58.1900,19.0400,1.799727
FILLER_3_111,VPWR,li1,56.8100,19.0400,1.799727
FILLER_3_102,VPWR,li1,52.6700,19.0400,1.799748
FILLER_3_89,VPWR,li1,46.6900,19.0400,1.799780
FILLER_3_83,VPWR,li1,45.0800,19.0400,1.799792
FILLER_3_69,VPWR,li1,37.7200,19.0400,1.799831
FILLER_3_54,VPWR,li1,30.8200,19.0400,1.799873
FILLER_3_45,VPWR,li1,26.4500,19.0400,1.799900
FILLER_3_27,VPWR,li1,19.3200,19.0400,1.799930
FILLER_3_15,VPWR,li1,15.1800,19.0400,1.799929
FILLER_3_3,VPWR,li1,9.6600,19.0400,1.799929
FILLER_2_242,VPWR,li1,117.3000,19.0400,1.799584
FILLER_2_182,VPWR,li1,89.7000,19.0400,1.799619
FILLER_2_141,VPWR,li1,70.8400,19.0400,1.799670
FILLER_2_134,VPWR,li1,68.5400,19.0400,1.799678
FILLER_2_109,VPWR,li1,56.1200,19.0400,1.799737
FILLER_2_56,VPWR,li1,32.2000,19.0400,1.799873
FILLER_2_29,VPWR,li1,19.5500,19.0400,1.799930
FILLER_2_15,VPWR,li1,12.6500,19.0400,1.799929
FILLER_2_3,VPWR,li1,9.6600,19.0400,1.799929
FILLER_1_261,VPWR,li1,126.2700,13.6000,1.799690
FILLER_1_246,VPWR,li1,119.3700,13.6000,1.799693
FILLER_1_233,VPWR,li1,112.9300,13.6000,1.799697
FILLER_1_225,VPWR,li1,110.8600,13.6000,1.799698
FILLER_1_223,VPWR,li1,108.3300,13.6000,1.799700
FILLER_1_217,VPWR,li1,105.8000,13.6000,1.799702
FILLER_1_209,VPWR,li1,103.5000,13.6000,1.799706
FILLER_1_196,VPWR,li1,95.9100,13.6000,1.799718
FILLER_1_186,VPWR,li1,91.3100,13.6000,1.799728
FILLER_1_178,VPWR,li1,89.2400,13.6000,1.799736
FILLER_1_167,VPWR,li1,82.5700,13.6000,1.799749
FILLER_1_151,VPWR,li1,75.2100,13.6000,1.799773
FILLER_1_143,VPWR,li1,73.1400,13.6000,1.799779
FILLER_1_106,VPWR,li1,55.6600,13.6000,1.799828
FILLER_1_65,VPWR,li1,36.1100,13.6000,1.799899
FILLER_1_57,VPWR,li1,33.5800,13.6000,1.799908
FILLER_1_55,VPWR,li1,31.0500,13.6000,1.799918
FILLER_1_51,VPWR,li1,29.9000,13.6000,1.799926
FILLER_1_15,VPWR,li1,15.1800,13.6000,1.799959
FILLER_1_3,VPWR,li1,9.6600,13.6000,1.799959
FILLER_0_266,VPWR,li1,128.3400,13.6000,1.799690
FILLER_0_253,VPWR,li1,122.3600,13.6000,1.799692
FILLER_0_245,VPWR,li1,118.9100,13.6000,1.799693
FILLER_0_238,VPWR,li1,115.6900,13.6000,1.799695
FILLER_0_231,VPWR,li1,112.4700,13.6000,1.799698
FILLER_0_225,VPWR,li1,109.4800,13.6000,1.799700
FILLER_0_223,VPWR,li1,108.3300,13.6000,1.799700
FILLER_0_216,VPWR,li1,105.8000,13.6000,1.799702
FILLER_0_209,VPWR,li1,102.5800,13.6000,1.799710
FILLER_0_203,VPWR,li1,99.5900,13.6000,1.799714
FILLER_0_188,VPWR,li1,92.9200,13.6000,1.799728
FILLER_0_181,VPWR,li1,89.7000,13.6000,1.799736
FILLER_0_174,VPWR,li1,86.4800,13.6000,1.799743
FILLER_0_169,VPWR,li1,83.7200,13.6000,1.799749
FILLER_0_167,VPWR,li1,82.5700,13.6000,1.799749
FILLER_0_160,VPWR,li1,80.0400,13.6000,1.799756
FILLER_0_153,VPWR,li1,76.8200,13.6000,1.799764
FILLER_0_146,VPWR,li1,73.6000,13.6000,1.799773
FILLER_0_141,VPWR,li1,70.8400,13.6000,1.799785
FILLER_0_139,VPWR,li1,69.6900,13.6000,1.799785
FILLER_0_132,VPWR,li1,67.1600,13.6000,1.799791
FILLER_0_125,VPWR,li1,63.9400,13.6000,1.799801
FILLER_0_118,VPWR,li1,60.7200,13.6000,1.799811
FILLER_0_113,VPWR,li1,57.9600,13.6000,1.799820
FILLER_0_111,VPWR,li1,56.8100,13.6000,1.799828
FILLER_0_105,VPWR,li1,54.5100,13.6000,1.799838
FILLER_0_97,VPWR,li1,51.0600,13.6000,1.799844
FILLER_0_93,VPWR,li1,48.5300,13.6000,1.799853
FILLER_0_85,VPWR,li1,46.4600,13.6000,1.799860
FILLER_0_81,VPWR,li1,43.4700,13.6000,1.799871
FILLER_0_69,VPWR,li1,40.0200,13.6000,1.799885
FILLER_0_57,VPWR,li1,34.5000,13.6000,1.799908
FILLER_0_55,VPWR,li1,31.0500,13.6000,1.799918
FILLER_0_47,VPWR,li1,28.9800,13.6000,1.799926
FILLER_0_37,VPWR,li1,23.2300,13.6000,1.799949
FILLER_0_29,VPWR,li1,20.7000,13.6000,1.799959
FILLER_0_27,VPWR,li1,18.1700,13.6000,1.799959
FILLER_0_15,VPWR,li1,15.1800,13.6000,1.799959
FILLER_0_3,VPWR,li1,9.6600,13.6000,1.799959
ANTENNA_2,VPWR,li1,57.0400,19.0400,1.799727
ANTENNA_1,VPWR,li1,34.9600,24.4800,1.799784
hold7,VPWR,li1,120.9800,127.8400,1.799455
hold6,VPWR,li1,118.2200,138.7200,1.799589
hold5,VPWR,li1,106.7200,127.8400,1.799477
hold4,VPWR,li1,132.0200,122.4000,1.799161
hold3,VPWR,li1,75.4400,127.8400,1.799587
hold2,VPWR,li1,71.7600,127.8400,1.799611
hold1,VPWR,li1,130.1800,127.8400,1.799447
clkload0,VPWR,li1,78.6600,122.4000,1.799344
clkbuf_1_1__f_clk,VPWR,li1,103.9600,122.4000,1.799202
clkbuf_1_0__f_clk,VPWR,li1,81.8800,122.4000,1.799329
clkbuf_0_clk,VPWR,li1,95.2200,116.9600,1.799096
fanout246,VPWR,li1,103.9600,138.7200,1.799622
fanout245,VPWR,li1,71.7600,138.7200,1.799733
fanout244,VPWR,li1,105.1100,106.0800,1.799596
fanout243,VPWR,li1,89.7000,116.9600,1.799142
fanout242,VPWR,li1,117.7600,116.9600,1.798995
fanout241,VPWR,li1,103.5000,106.0800,1.799596
fanout240,VPWR,li1,101.6600,106.0800,1.799602
fanout239,VPWR,li1,71.3000,116.9600,1.799288
fanout238,VPWR,li1,69.2300,106.0800,1.799722
fanout237,VPWR,li1,59.3400,95.2000,1.799663
fanout236,VPWR,li1,61.8700,122.4000,1.799510
fanout235,VPWR,li1,62.7900,100.6400,1.799721
fanout234,VPWR,li1,69.0000,95.2000,1.799614
fanout233,VPWR,li1,60.2600,122.4000,1.799510
fanout232,VPWR,li1,55.2000,111.5200,1.799471
fanout231,VPWR,li1,58.8800,111.5200,1.799451
fanout230,VPWR,li1,46.9200,111.5200,1.799570
max_cap229,VPWR,li1,54.5100,89.7600,1.799550
fanout228,VPWR,li1,49.2200,89.7600,1.799585
fanout227,VPWR,li1,42.3200,68.0000,1.799771
fanout226,VPWR,li1,92.4600,95.2000,1.799516
fanout225,VPWR,li1,110.4000,62.5600,1.799418
max_cap224,VPWR,li1,81.6500,122.4000,1.799329
max_cap223,VPWR,li1,42.5500,106.0800,1.799847
fanout222,VPWR,li1,41.4000,89.7600,1.799653
fanout221,VPWR,li1,46.0000,73.4400,1.799770
max_cap220,VPWR,li1,52.6700,106.0800,1.799792
fanout219,VPWR,li1,86.0200,100.6400,1.799654
fanout218,VPWR,li1,35.8800,100.6400,1.799843
fanout217,VPWR,li1,71.3000,89.7600,1.799447
fanout216,VPWR,li1,52.9000,57.1200,1.799766
wire215,VPWR,li1,67.8500,106.0800,1.799722
max_cap214,VPWR,li1,73.3700,106.0800,1.799699
fanout213,VPWR,li1,76.8200,100.6400,1.799671
fanout212,VPWR,li1,74.9800,57.1200,1.799698
fanout211,VPWR,li1,59.8000,73.4400,1.799709
fanout210,VPWR,li1,68.5400,46.2400,1.799806
fanout209,VPWR,li1,84.1800,100.6400,1.799658
fanout208,VPWR,li1,101.6600,95.2000,1.799493
fanout207,VPWR,li1,73.1400,89.7600,1.799430
fanout206,VPWR,li1,86.4800,57.1200,1.799673
max_cap205,VPWR,li1,55.4300,89.7600,1.799550
fanout204,VPWR,li1,53.8200,89.7600,1.799550
fanout203,VPWR,li1,42.7800,68.0000,1.799771
fanout202,VPWR,li1,46.0000,100.6400,1.799796
fanout201,VPWR,li1,55.2000,78.8800,1.799827
fanout200,VPWR,li1,46.4600,95.2000,1.799739
fanout199,VPWR,li1,42.7800,89.7600,1.799653
fanout198,VPWR,li1,46.4600,95.2000,1.799739
fanout197,VPWR,li1,42.3200,62.5600,1.799791
fanout196,VPWR,li1,75.9000,95.2000,1.799586
fanout195,VPWR,li1,70.8400,57.1200,1.799709
fanout194,VPWR,li1,90.6200,95.2000,1.799522
fanout193,VPWR,li1,88.3200,51.6800,1.799626
fanout192,VPWR,li1,63.0200,89.7600,1.799497
fanout191,VPWR,li1,70.3800,51.6800,1.799689
fanout190,VPWR,li1,97.0600,89.7600,1.799340
fanout189,VPWR,li1,51.5200,89.7600,1.799567
fanout188,VPWR,li1,117.7600,122.4000,1.799174
fanout187,VPWR,li1,113.1600,95.2000,1.799473
fanout186,VPWR,li1,129.2600,51.6800,1.799561
fanout185,VPWR,li1,122.8200,111.5200,1.799104
fanout184,VPWR,li1,127.8800,57.1200,1.799624
fanout183,VPWR,li1,126.9600,116.9600,1.798970
fanout182,VPWR,li1,119.6000,62.5600,1.799403
fanout181,VPWR,li1,97.0600,138.7200,1.799646
fanout180,VPWR,li1,117.3000,138.7200,1.799589
fanout179,VPWR,li1,76.8200,111.5200,1.799296
fanout178,VPWR,li1,107.1800,13.6000,1.799702
fanout177,VPWR,li1,99.1300,24.4800,1.799481
fanout176,VPWR,li1,94.7600,13.6000,1.799722
fanout175,VPWR,li1,67.6200,84.3200,1.799783
fanout174,VPWR,li1,58.8800,84.3200,1.799806
fanout173,VPWR,li1,75.6700,29.9200,1.799753
fanout172,VPWR,li1,27.1400,24.4800,1.799846
fanout171,VPWR,li1,71.0700,40.8000,1.799595
fanout170,VPWR,li1,80.0400,35.3600,1.799802
fanout169,VPWR,li1,31.7400,100.6400,1.799865
fanout168,VPWR,li1,85.1000,100.6400,1.799654
fanout167,VPWR,li1,123.0500,89.7600,1.799295
fanout166,VPWR,li1,119.6000,89.7600,1.799296
fanout165,VPWR,li1,119.6000,78.8800,1.799729
fanout164,VPWR,li1,68.5400,68.0000,1.799658
fanout163,VPWR,li1,69.0000,40.8000,1.799604
fanout162,VPWR,li1,64.8600,46.2400,1.799815
fanout161,VPWR,li1,109.0200,73.4400,1.799597
fanout160,VPWR,li1,124.6600,68.0000,1.799547
fanout159,VPWR,li1,81.6500,13.6000,1.799756
fanout158,VPWR,li1,72.6800,19.0400,1.799664
fanout157,VPWR,li1,76.5900,51.6800,1.799665
fanout156,VPWR,li1,59.8000,46.2400,1.799823
fanout155,VPWR,li1,65.3200,19.0400,1.799693
fanout154,VPWR,li1,69.0000,29.9200,1.799767
fanout153,VPWR,li1,124.2000,57.1200,1.799625
fanout152,VPWR,li1,63.4800,57.1200,1.799729
fanout151,VPWR,li1,73.6000,100.6400,1.799680
fanout150,VPWR,li1,71.7600,106.0800,1.799712
fanout149,VPWR,li1,76.5900,51.6800,1.799665
fanout148,VPWR,li1,56.1200,51.6800,1.799738
fanout147,VPWR,li1,107.8700,62.5600,1.799429
fanout146,VPWR,li1,108.1000,68.0000,1.799563
fanout145,VPWR,li1,92.4600,95.2000,1.799516
fanout144,VPWR,li1,60.7200,89.7600,1.799513
fanout143,VPWR,li1,88.7800,95.2000,1.799529
fanout142,VPWR,li1,95.6800,57.1200,1.799658
fanout141,VPWR,li1,30.3600,95.2000,1.799861
fanout140,VPWR,li1,30.3600,68.0000,1.799861
fanout139,VPWR,li1,19.7800,95.2000,1.799917
fanout138,VPWR,li1,18.4000,62.5600,1.799923
fanout137,VPWR,li1,21.1600,89.7600,1.799875
fanout136,VPWR,li1,22.5400,68.0000,1.799908
fanout135,VPWR,li1,103.9600,95.2000,1.799490
fanout134,VPWR,li1,77.2800,68.0000,1.799632
fanout133,VPWR,li1,88.7800,84.3200,1.799746
fanout132,VPWR,li1,126.5000,68.0000,1.799547
fanout131,VPWR,li1,98.4400,100.6400,1.799640
fanout130,VPWR,li1,78.6600,100.6400,1.799667
fanout129,VPWR,li1,107.6400,89.7600,1.799315
fanout128,VPWR,li1,120.5200,73.4400,1.799584
fanout127,VPWR,li1,35.8800,89.7600,1.799709
fanout126,VPWR,li1,34.9600,68.0000,1.799825
fanout125,VPWR,li1,33.5800,100.6400,1.799854
fanout124,VPWR,li1,19.3200,95.2000,1.799917
fanout123,VPWR,li1,28.9800,84.3200,1.799918
fanout122,VPWR,li1,43.2400,78.8800,1.799873
fanout121,VPWR,li1,41.8600,100.6400,1.799811
fanout120,VPWR,li1,33.1200,68.0000,1.799843
fanout119,VPWR,li1,106.2600,95.2000,1.799485
fanout118,VPWR,li1,91.5400,57.1200,1.799663
fanout117,VPWR,li1,110.4000,95.2000,1.799481
fanout116,VPWR,li1,122.8200,68.0000,1.799548
fanout115,VPWR,li1,105.3400,89.7600,1.799320
fanout114,VPWR,li1,109.9400,68.0000,1.799561
fanout113,VPWR,li1,107.6400,84.3200,1.799726
fanout112,VPWR,li1,112.7000,57.1200,1.799635
output111,VPWR,li1,62.5600,138.7200,1.799767
output110,VPWR,li1,46.4600,138.7200,1.799843
output109,VPWR,li1,72.2200,138.7200,1.799733
output108,VPWR,li1,85.1000,138.7200,1.799685
output107,VPWR,li1,110.8600,13.6000,1.799698
output106,VPWR,li1,120.5200,13.6000,1.799693
output105,VPWR,li1,126.9600,13.6000,1.799690
output104,VPWR,li1,123.7400,13.6000,1.799691
output103,VPWR,li1,119.6000,138.7200,1.799586
output102,VPWR,li1,126.0400,138.7200,1.799580
output101,VPWR,li1,127.8800,13.6000,1.799690
output100,VPWR,li1,117.3000,13.6000,1.799695
output99,VPWR,li1,7.8200,78.8800,1.799956
output98,VPWR,li1,114.0800,13.6000,1.799697
output97,VPWR,li1,120.5200,19.0400,1.799583
output96,VPWR,li1,122.8200,138.7200,1.799583
output95,VPWR,li1,52.9000,13.6000,1.799838
output94,VPWR,li1,131.5600,24.4800,1.799449
output93,VPWR,li1,135.2400,24.4800,1.799448
output92,VPWR,li1,135.2400,29.9200,1.799698
output91,VPWR,li1,124.6600,138.7200,1.799580
output90,VPWR,li1,126.9600,138.7200,1.799577
output89,VPWR,li1,81.8800,138.7200,1.799692
output88,VPWR,li1,135.2400,138.7200,1.799571
output87,VPWR,li1,135.2400,106.0800,1.799571
output86,VPWR,li1,133.4000,29.9200,1.799698
output85,VPWR,li1,133.4000,68.0000,1.799546
output84,VPWR,li1,133.4000,51.6800,1.799561
output83,VPWR,li1,135.2400,57.1200,1.799624
output82,VPWR,li1,127.8800,24.4800,1.799449
output81,VPWR,li1,135.2400,84.3200,1.799719
output80,VPWR,li1,135.2400,68.0000,1.799546
output79,VPWR,li1,135.2400,19.0400,1.799580
output78,VPWR,li1,127.4200,78.8800,1.799728
output77,VPWR,li1,135.2400,51.6800,1.799561
output76,VPWR,li1,133.4000,62.5600,1.799401
output75,VPWR,li1,135.2400,78.8800,1.799728
output74,VPWR,li1,135.2400,40.8000,1.799466
output73,VPWR,li1,133.4000,24.4800,1.799448
output72,VPWR,li1,133.4000,35.3600,1.799760
output71,VPWR,li1,118.6800,19.0400,1.799584
output70,VPWR,li1,135.2400,95.2000,1.799455
output69,VPWR,li1,135.2400,133.2800,1.799275
output68,VPWR,li1,135.2400,111.5200,1.799095
output67,VPWR,li1,128.8000,138.7200,1.799575
output66,VPWR,li1,135.2400,116.9600,1.798961
output65,VPWR,li1,133.4000,116.9600,1.798963
output64,VPWR,li1,133.4000,133.2800,1.799276
output63,VPWR,li1,133.4000,116.9600,1.798963
input62,VPWR,li1,36.5700,138.7200,1.799890
input61,VPWR,li1,92.6900,138.7200,1.799658
input60,VPWR,li1,98.2100,13.6000,1.799714
input59,VPWR,li1,100.9700,13.6000,1.799710
input58,VPWR,li1,81.6500,13.6000,1.799756
input57,VPWR,li1,107.4100,13.6000,1.799702
input56,VPWR,li1,100.9700,138.7200,1.799634
input55,VPWR,li1,75.2100,138.7200,1.799722
input54,VPWR,li1,75.2100,13.6000,1.799773
input53,VPWR,li1,55.8900,13.6000,1.799828
input52,VPWR,li1,65.5500,138.7200,1.799755
input51,VPWR,li1,104.1900,13.6000,1.799706
input50,VPWR,li1,62.3300,13.6000,1.799811
input49,VPWR,li1,78.4300,138.7200,1.799711
input48,VPWR,li1,96.8300,13.6000,1.799718
input47,VPWR,li1,78.4300,13.6000,1.799764
input46,VPWR,li1,68.7700,13.6000,1.799791
input45,VPWR,li1,88.0900,13.6000,1.799736
input44,VPWR,li1,68.7700,138.7200,1.799748
input43,VPWR,li1,55.8900,138.7200,1.799802
input42,VPWR,li1,123.9700,127.8400,1.799451
input41,VPWR,li1,104.1900,138.7200,1.799622
input40,VPWR,li1,97.7500,138.7200,1.799640
input39,VPWR,li1,94.5300,138.7200,1.799652
input38,VPWR,li1,52.6700,138.7200,1.799814
input37,VPWR,li1,89.7000,138.7200,1.799665
input36,VPWR,li1,135.4700,138.7200,1.799571
input35,VPWR,li1,124.4300,138.7200,1.799580
input34,VPWR,li1,135.4700,122.4000,1.799160
input33,VPWR,li1,135.4700,24.4800,1.799448
input32,VPWR,li1,123.0500,138.7200,1.799583
input31,VPWR,li1,135.4700,116.9600,1.798961
input30,VPWR,li1,133.6300,127.8400,1.799447
input29,VPWR,li1,132.0200,106.0800,1.799571
input28,VPWR,li1,107.4100,138.7200,1.799617
input27,VPWR,li1,120.7500,138.7200,1.799586
input26,VPWR,li1,132.0200,138.7200,1.799573
input25,VPWR,li1,43.2400,138.7200,1.799851
input24,VPWR,li1,135.4700,84.3200,1.799719
input23,VPWR,li1,135.4700,73.4400,1.799582
input22,VPWR,li1,135.4700,89.7600,1.799294
input21,VPWR,li1,135.4700,95.2000,1.799455
input20,VPWR,li1,135.4700,133.2800,1.799275
input19,VPWR,li1,135.4700,127.8400,1.799447
input18,VPWR,li1,120.2900,133.2800,1.799294
input17,VPWR,li1,110.4000,138.7200,1.799605
input16,VPWR,li1,91.3100,13.6000,1.799728
input15,VPWR,li1,125.3500,13.6000,1.799691
input14,VPWR,li1,84.8700,13.6000,1.799743
input13,VPWR,li1,135.4700,51.6800,1.799561
input12,VPWR,li1,135.4700,13.6000,1.799689
input11,VPWR,li1,39.7900,138.7200,1.799875
input10,VPWR,li1,135.4700,13.6000,1.799689
input9,VPWR,li1,59.1100,13.6000,1.799820
input8,VPWR,li1,59.1100,138.7200,1.799781
input7,VPWR,li1,135.4700,46.2400,1.799756
input6,VPWR,li1,129.9500,24.4800,1.799449
input5,VPWR,li1,33.3500,138.7200,1.799901
input4,VPWR,li1,135.4700,35.3600,1.799760
input3,VPWR,li1,71.9900,13.6000,1.799779
input2,VPWR,li1,65.5500,13.6000,1.799801
input1,VPWR,li1,49.4500,13.6000,1.799853
TAP_TAPCELL_ROW_47_345,VPWR,li1,134.5500,139.0260,1.799571
TAP_TAPCELL_ROW_47_344,VPWR,li1,121.6700,139.0260,1.799583
TAP_TAPCELL_ROW_47_343,VPWR,li1,108.7900,139.0260,1.799611
TAP_TAPCELL_ROW_47_342,VPWR,li1,95.9100,139.0260,1.799646
TAP_TAPCELL_ROW_47_341,VPWR,li1,83.0300,139.0260,1.799692
TAP_TAPCELL_ROW_47_340,VPWR,li1,70.1500,139.0260,1.799740
TAP_TAPCELL_ROW_47_339,VPWR,li1,57.2700,139.0260,1.799791
TAP_TAPCELL_ROW_47_338,VPWR,li1,44.3900,139.0260,1.799851
TAP_TAPCELL_ROW_47_337,VPWR,li1,31.5100,139.0260,1.799910
TAP_TAPCELL_ROW_47_336,VPWR,li1,18.6300,139.0260,1.799953
TAP_TAPCELL_ROW_46_335,VPWR,li1,121.6700,138.4130,1.799583
TAP_TAPCELL_ROW_46_334,VPWR,li1,95.9100,138.4130,1.799646
TAP_TAPCELL_ROW_46_333,VPWR,li1,70.1500,138.4130,1.799740
TAP_TAPCELL_ROW_46_332,VPWR,li1,44.3900,138.4130,1.799851
TAP_TAPCELL_ROW_46_331,VPWR,li1,18.6300,138.4130,1.799953
TAP_TAPCELL_ROW_45_330,VPWR,li1,134.5500,133.5860,1.799275
TAP_TAPCELL_ROW_45_329,VPWR,li1,108.7900,133.5860,1.799324
TAP_TAPCELL_ROW_45_328,VPWR,li1,83.0300,133.5860,1.799442
TAP_TAPCELL_ROW_45_327,VPWR,li1,57.2700,133.5860,1.799608
TAP_TAPCELL_ROW_45_326,VPWR,li1,31.5100,133.5860,1.799838
TAP_TAPCELL_ROW_44_325,VPWR,li1,121.6700,132.9730,1.799289
TAP_TAPCELL_ROW_44_324,VPWR,li1,95.9100,132.9730,1.799376
TAP_TAPCELL_ROW_44_323,VPWR,li1,70.1500,132.9730,1.799517
TAP_TAPCELL_ROW_44_322,VPWR,li1,44.3900,132.9730,1.799716
TAP_TAPCELL_ROW_44_321,VPWR,li1,18.6300,132.9730,1.799916
TAP_TAPCELL_ROW_43_320,VPWR,li1,134.5500,128.1460,1.799447
TAP_TAPCELL_ROW_43_319,VPWR,li1,108.7900,128.1460,1.799473
TAP_TAPCELL_ROW_43_318,VPWR,li1,83.0300,128.1460,1.799555
TAP_TAPCELL_ROW_43_317,VPWR,li1,57.2700,128.1460,1.799692
TAP_TAPCELL_ROW_43_316,VPWR,li1,31.5100,128.1460,1.799873
TAP_TAPCELL_ROW_42_315,VPWR,li1,121.6700,127.5330,1.799453
TAP_TAPCELL_ROW_42_314,VPWR,li1,95.9100,127.5330,1.799513
TAP_TAPCELL_ROW_42_313,VPWR,li1,70.1500,127.5330,1.799621
TAP_TAPCELL_ROW_42_312,VPWR,li1,44.3900,127.5330,1.799777
TAP_TAPCELL_ROW_42_311,VPWR,li1,18.6300,127.5330,1.799934
TAP_TAPCELL_ROW_41_310,VPWR,li1,134.5500,122.7060,1.799160
TAP_TAPCELL_ROW_41_309,VPWR,li1,108.7900,122.7060,1.799191
TAP_TAPCELL_ROW_41_308,VPWR,li1,83.0300,122.7060,1.799316
TAP_TAPCELL_ROW_41_307,VPWR,li1,57.2700,122.7060,1.799540
TAP_TAPCELL_ROW_41_306,VPWR,li1,31.5100,122.7060,1.799810
TAP_TAPCELL_ROW_40_305,VPWR,li1,121.6700,122.0930,1.799171
TAP_TAPCELL_ROW_40_304,VPWR,li1,95.9100,122.0930,1.799249
TAP_TAPCELL_ROW_40_303,VPWR,li1,70.1500,122.0930,1.799430
TAP_TAPCELL_ROW_40_302,VPWR,li1,44.3900,122.0930,1.799667
TAP_TAPCELL_ROW_40_301,VPWR,li1,18.6300,122.0930,1.799901
TAP_TAPCELL_ROW_39_300,VPWR,li1,134.5500,117.2660,1.798963
TAP_TAPCELL_ROW_39_299,VPWR,li1,108.7900,117.2660,1.799028
TAP_TAPCELL_ROW_39_298,VPWR,li1,83.0300,117.2660,1.799190
TAP_TAPCELL_ROW_39_297,VPWR,li1,57.2700,117.2660,1.799438
TAP_TAPCELL_ROW_39_296,VPWR,li1,31.5100,117.2660,1.799762
TAP_TAPCELL_ROW_38_295,VPWR,li1,121.6700,116.6530,1.798987
TAP_TAPCELL_ROW_38_294,VPWR,li1,95.9100,116.6530,1.799096
TAP_TAPCELL_ROW_38_293,VPWR,li1,70.1500,116.6530,1.799308
TAP_TAPCELL_ROW_38_292,VPWR,li1,44.3900,116.6530,1.799582
TAP_TAPCELL_ROW_38_291,VPWR,li1,18.6300,116.6530,1.799876
TAP_TAPCELL_ROW_37_290,VPWR,li1,134.5500,111.8260,1.799095
TAP_TAPCELL_ROW_37_289,VPWR,li1,108.7900,111.8260,1.799135
TAP_TAPCELL_ROW_37_288,VPWR,li1,83.0300,111.8260,1.799251
TAP_TAPCELL_ROW_37_287,VPWR,li1,57.2700,111.8260,1.799451
TAP_TAPCELL_ROW_37_286,VPWR,li1,31.5100,111.8260,1.799768
TAP_TAPCELL_ROW_36_285,VPWR,li1,121.6700,111.2130,1.799104
TAP_TAPCELL_ROW_36_284,VPWR,li1,95.9100,111.2130,1.799192
TAP_TAPCELL_ROW_36_283,VPWR,li1,70.1500,111.2130,1.799341
TAP_TAPCELL_ROW_36_282,VPWR,li1,44.3900,111.2130,1.799593
TAP_TAPCELL_ROW_36_281,VPWR,li1,18.6300,111.2130,1.799879
TAP_TAPCELL_ROW_35_280,VPWR,li1,134.5500,106.3860,1.799571
TAP_TAPCELL_ROW_35_279,VPWR,li1,108.7900,106.3860,1.799591
TAP_TAPCELL_ROW_35_278,VPWR,li1,83.0300,106.3860,1.799662
TAP_TAPCELL_ROW_35_277,VPWR,li1,57.2700,106.3860,1.799776
TAP_TAPCELL_ROW_35_276,VPWR,li1,31.5100,106.3860,1.799904
TAP_TAPCELL_ROW_34_275,VPWR,li1,121.6700,105.7730,1.799575
TAP_TAPCELL_ROW_34_274,VPWR,li1,95.9100,105.7730,1.799621
TAP_TAPCELL_ROW_34_273,VPWR,li1,70.1500,105.7730,1.799712
TAP_TAPCELL_ROW_34_272,VPWR,li1,44.3900,105.7730,1.799835
TAP_TAPCELL_ROW_34_271,VPWR,li1,18.6300,105.7730,1.799950
TAP_TAPCELL_ROW_33_270,VPWR,li1,134.5500,100.9460,1.799616
TAP_TAPCELL_ROW_33_269,VPWR,li1,108.7900,100.9460,1.799631
TAP_TAPCELL_ROW_33_268,VPWR,li1,83.0300,100.9460,1.799658
TAP_TAPCELL_ROW_33_267,VPWR,li1,57.2700,100.9460,1.799738
TAP_TAPCELL_ROW_33_266,VPWR,li1,31.5100,100.9460,1.799877
TAP_TAPCELL_ROW_32_265,VPWR,li1,121.6700,100.3330,1.799621
TAP_TAPCELL_ROW_32_264,VPWR,li1,95.9100,100.3330,1.799643
TAP_TAPCELL_ROW_32_263,VPWR,li1,70.1500,100.3330,1.799691
TAP_TAPCELL_ROW_32_262,VPWR,li1,44.3900,100.3330,1.799796
TAP_TAPCELL_ROW_32_261,VPWR,li1,18.6300,100.3330,1.799936
TAP_TAPCELL_ROW_31_260,VPWR,li1,134.5500,95.5060,1.799455
TAP_TAPCELL_ROW_31_259,VPWR,li1,108.7900,95.5060,1.799481
TAP_TAPCELL_ROW_31_258,VPWR,li1,83.0300,95.5060,1.799557
TAP_TAPCELL_ROW_31_257,VPWR,li1,57.2700,95.5060,1.799677
TAP_TAPCELL_ROW_31_256,VPWR,li1,31.5100,95.5060,1.799844
TAP_TAPCELL_ROW_30_255,VPWR,li1,121.6700,94.8930,1.799465
TAP_TAPCELL_ROW_30_254,VPWR,li1,95.9100,94.8930,1.799511
TAP_TAPCELL_ROW_30_253,VPWR,li1,70.1500,94.8930,1.799614
TAP_TAPCELL_ROW_30_252,VPWR,li1,44.3900,94.8930,1.799757
TAP_TAPCELL_ROW_30_251,VPWR,li1,18.6300,94.8930,1.799917
TAP_TAPCELL_ROW_29_250,VPWR,li1,134.5500,90.0660,1.799294
TAP_TAPCELL_ROW_29_249,VPWR,li1,108.7900,90.0660,1.799315
TAP_TAPCELL_ROW_29_248,VPWR,li1,83.0300,90.0660,1.799384
TAP_TAPCELL_ROW_29_247,VPWR,li1,57.2700,90.0660,1.799532
TAP_TAPCELL_ROW_29_246,VPWR,li1,31.5100,90.0660,1.799759
TAP_TAPCELL_ROW_28_245,VPWR,li1,121.6700,89.4530,1.799295
TAP_TAPCELL_ROW_28_244,VPWR,li1,95.9100,89.4530,1.799345
TAP_TAPCELL_ROW_28_243,VPWR,li1,70.1500,89.4530,1.799447
TAP_TAPCELL_ROW_28_242,VPWR,li1,44.3900,89.4530,1.799626
TAP_TAPCELL_ROW_28_241,VPWR,li1,18.6300,89.4530,1.799875
TAP_TAPCELL_ROW_27_240,VPWR,li1,134.5500,84.6260,1.799719
TAP_TAPCELL_ROW_27_239,VPWR,li1,108.7900,84.6260,1.799726
TAP_TAPCELL_ROW_27_238,VPWR,li1,83.0300,84.6260,1.799753
TAP_TAPCELL_ROW_27_237,VPWR,li1,57.2700,84.6260,1.799806
TAP_TAPCELL_ROW_27_236,VPWR,li1,31.5100,84.6260,1.799906
TAP_TAPCELL_ROW_26_235,VPWR,li1,121.6700,84.0130,1.799721
TAP_TAPCELL_ROW_26_234,VPWR,li1,95.9100,84.0130,1.799736
TAP_TAPCELL_ROW_26_233,VPWR,li1,70.1500,84.0130,1.799776
TAP_TAPCELL_ROW_26_232,VPWR,li1,44.3900,84.0130,1.799851
TAP_TAPCELL_ROW_26_231,VPWR,li1,18.6300,84.0130,1.799952
TAP_TAPCELL_ROW_25_230,VPWR,li1,134.5500,79.1860,1.799728
TAP_TAPCELL_ROW_25_229,VPWR,li1,108.7900,79.1860,1.799735
TAP_TAPCELL_ROW_25_228,VPWR,li1,83.0300,79.1860,1.799759
TAP_TAPCELL_ROW_25_227,VPWR,li1,57.2700,79.1860,1.799818
TAP_TAPCELL_ROW_25_226,VPWR,li1,31.5100,79.1860,1.799918
TAP_TAPCELL_ROW_24_225,VPWR,li1,121.6700,78.5730,1.799729
TAP_TAPCELL_ROW_24_224,VPWR,li1,95.9100,78.5730,1.799745
TAP_TAPCELL_ROW_24_223,VPWR,li1,70.1500,78.5730,1.799782
TAP_TAPCELL_ROW_24_222,VPWR,li1,44.3900,78.5730,1.799866
TAP_TAPCELL_ROW_24_221,VPWR,li1,18.6300,78.5730,1.799956
TAP_TAPCELL_ROW_23_220,VPWR,li1,134.5500,73.7460,1.799582
TAP_TAPCELL_ROW_23_219,VPWR,li1,108.7900,73.7460,1.799597
TAP_TAPCELL_ROW_23_218,VPWR,li1,83.0300,73.7460,1.799644
TAP_TAPCELL_ROW_23_217,VPWR,li1,57.2700,73.7460,1.799718
TAP_TAPCELL_ROW_23_216,VPWR,li1,31.5100,73.7460,1.799850
TAP_TAPCELL_ROW_22_215,VPWR,li1,121.6700,73.1330,1.799584
TAP_TAPCELL_ROW_22_214,VPWR,li1,95.9100,73.1330,1.799620
TAP_TAPCELL_ROW_22_213,VPWR,li1,70.1500,73.1330,1.799678
TAP_TAPCELL_ROW_22_212,VPWR,li1,44.3900,73.1330,1.799770
TAP_TAPCELL_ROW_22_211,VPWR,li1,18.6300,73.1330,1.799922
TAP_TAPCELL_ROW_21_210,VPWR,li1,134.5500,68.3060,1.799546
TAP_TAPCELL_ROW_21_209,VPWR,li1,108.7900,68.3060,1.799561
TAP_TAPCELL_ROW_21_208,VPWR,li1,83.0300,68.3060,1.799615
TAP_TAPCELL_ROW_21_207,VPWR,li1,57.2700,68.3060,1.799703
TAP_TAPCELL_ROW_21_206,VPWR,li1,31.5100,68.3060,1.799843
TAP_TAPCELL_ROW_20_205,VPWR,li1,121.6700,67.6930,1.799549
TAP_TAPCELL_ROW_20_204,VPWR,li1,95.9100,67.6930,1.799583
TAP_TAPCELL_ROW_20_203,VPWR,li1,70.1500,67.6930,1.799658
TAP_TAPCELL_ROW_20_202,VPWR,li1,44.3900,67.6930,1.799761
TAP_TAPCELL_ROW_20_201,VPWR,li1,18.6300,67.6930,1.799925
TAP_TAPCELL_ROW_19_200,VPWR,li1,134.5500,62.8660,1.799401
TAP_TAPCELL_ROW_19_199,VPWR,li1,108.7900,62.8660,1.799429
TAP_TAPCELL_ROW_19_198,VPWR,li1,83.0300,62.8660,1.799542
TAP_TAPCELL_ROW_19_197,VPWR,li1,57.2700,62.8660,1.799689
TAP_TAPCELL_ROW_19_196,VPWR,li1,31.5100,62.8660,1.799858
TAP_TAPCELL_ROW_18_195,VPWR,li1,121.6700,62.2530,1.799402
TAP_TAPCELL_ROW_18_194,VPWR,li1,95.9100,62.2530,1.799481
TAP_TAPCELL_ROW_18_193,VPWR,li1,70.1500,62.2530,1.799613
TAP_TAPCELL_ROW_18_192,VPWR,li1,44.3900,62.2530,1.799770
TAP_TAPCELL_ROW_18_191,VPWR,li1,18.6300,62.2530,1.799923
TAP_TAPCELL_ROW_17_190,VPWR,li1,134.5500,57.4260,1.799624
TAP_TAPCELL_ROW_17_189,VPWR,li1,108.7900,57.4260,1.799640
TAP_TAPCELL_ROW_17_188,VPWR,li1,83.0300,57.4260,1.799678
TAP_TAPCELL_ROW_17_187,VPWR,li1,57.2700,57.4260,1.799756
TAP_TAPCELL_ROW_17_186,VPWR,li1,31.5100,57.4260,1.799880
TAP_TAPCELL_ROW_16_185,VPWR,li1,121.6700,56.8130,1.799627
TAP_TAPCELL_ROW_16_184,VPWR,li1,95.9100,56.8130,1.799656
TAP_TAPCELL_ROW_16_183,VPWR,li1,70.1500,56.8130,1.799709
TAP_TAPCELL_ROW_16_182,VPWR,li1,44.3900,56.8130,1.799803
TAP_TAPCELL_ROW_16_181,VPWR,li1,18.6300,56.8130,1.799933
TAP_TAPCELL_ROW_15_180,VPWR,li1,134.5500,51.9860,1.799561
TAP_TAPCELL_ROW_15_179,VPWR,li1,108.7900,51.9860,1.799583
TAP_TAPCELL_ROW_15_178,VPWR,li1,83.0300,51.9860,1.799642
TAP_TAPCELL_ROW_15_177,VPWR,li1,57.2700,51.9860,1.799738
TAP_TAPCELL_ROW_15_176,VPWR,li1,31.5100,51.9860,1.799877
TAP_TAPCELL_ROW_14_175,VPWR,li1,121.6700,51.3730,1.799567
TAP_TAPCELL_ROW_14_174,VPWR,li1,95.9100,51.3730,1.799606
TAP_TAPCELL_ROW_14_173,VPWR,li1,70.1500,51.3730,1.799689
TAP_TAPCELL_ROW_14_172,VPWR,li1,44.3900,51.3730,1.799799
TAP_TAPCELL_ROW_14_171,VPWR,li1,18.6300,51.3730,1.799932
TAP_TAPCELL_ROW_13_170,VPWR,li1,134.5500,46.5460,1.799756
TAP_TAPCELL_ROW_13_169,VPWR,li1,108.7900,46.5460,1.799764
TAP_TAPCELL_ROW_13_168,VPWR,li1,83.0300,46.5460,1.799790
TAP_TAPCELL_ROW_13_167,VPWR,li1,57.2700,46.5460,1.799831
TAP_TAPCELL_ROW_13_166,VPWR,li1,31.5100,46.5460,1.799911
TAP_TAPCELL_ROW_12_165,VPWR,li1,121.6700,45.9330,1.799758
TAP_TAPCELL_ROW_12_164,VPWR,li1,95.9100,45.9330,1.799775
TAP_TAPCELL_ROW_12_163,VPWR,li1,70.1500,45.9330,1.799806
TAP_TAPCELL_ROW_12_162,VPWR,li1,44.3900,45.9330,1.799869
TAP_TAPCELL_ROW_12_161,VPWR,li1,18.6300,45.9330,1.799955
TAP_TAPCELL_ROW_11_160,VPWR,li1,134.5500,41.1060,1.799466
TAP_TAPCELL_ROW_11_159,VPWR,li1,108.7900,41.1060,1.799484
TAP_TAPCELL_ROW_11_158,VPWR,li1,83.0300,41.1060,1.799551
TAP_TAPCELL_ROW_11_157,VPWR,li1,57.2700,41.1060,1.799660
TAP_TAPCELL_ROW_11_156,VPWR,li1,31.5100,41.1060,1.799846
TAP_TAPCELL_ROW_10_155,VPWR,li1,121.6700,40.4930,1.799468
TAP_TAPCELL_ROW_10_154,VPWR,li1,95.9100,40.4930,1.799511
TAP_TAPCELL_ROW_10_153,VPWR,li1,70.1500,40.4930,1.799604
TAP_TAPCELL_ROW_10_152,VPWR,li1,44.3900,40.4930,1.799739
TAP_TAPCELL_ROW_10_151,VPWR,li1,18.6300,40.4930,1.799912
TAP_TAPCELL_ROW_9_150,VPWR,li1,134.5500,35.6660,1.799760
TAP_TAPCELL_ROW_9_149,VPWR,li1,108.7900,35.6660,1.799772
TAP_TAPCELL_ROW_9_148,VPWR,li1,83.0300,35.6660,1.799800
TAP_TAPCELL_ROW_9_147,VPWR,li1,57.2700,35.6660,1.799851
TAP_TAPCELL_ROW_9_146,VPWR,li1,31.5100,35.6660,1.799924
TAP_TAPCELL_ROW_8_145,VPWR,li1,121.6700,35.0530,1.799764
TAP_TAPCELL_ROW_8_144,VPWR,li1,95.9100,35.0530,1.799785
TAP_TAPCELL_ROW_8_143,VPWR,li1,70.1500,35.0530,1.799825
TAP_TAPCELL_ROW_8_142,VPWR,li1,44.3900,35.0530,1.799888
TAP_TAPCELL_ROW_8_141,VPWR,li1,18.6300,35.0530,1.799961
TAP_TAPCELL_ROW_7_140,VPWR,li1,134.5500,30.2260,1.799698
TAP_TAPCELL_ROW_7_139,VPWR,li1,108.7900,30.2260,1.799709
TAP_TAPCELL_ROW_7_138,VPWR,li1,83.0300,30.2260,1.799741
TAP_TAPCELL_ROW_7_137,VPWR,li1,57.2700,30.2260,1.799797
TAP_TAPCELL_ROW_7_136,VPWR,li1,31.5100,30.2260,1.799899
TAP_TAPCELL_ROW_6_135,VPWR,li1,121.6700,29.6130,1.799701
TAP_TAPCELL_ROW_6_134,VPWR,li1,95.9100,29.6130,1.799721
TAP_TAPCELL_ROW_6_133,VPWR,li1,70.1500,29.6130,1.799762
TAP_TAPCELL_ROW_6_132,VPWR,li1,44.3900,29.6130,1.799846
TAP_TAPCELL_ROW_6_131,VPWR,li1,18.6300,29.6130,1.799943
TAP_TAPCELL_ROW_5_130,VPWR,li1,134.5500,24.7860,1.799448
TAP_TAPCELL_ROW_5_129,VPWR,li1,108.7900,24.7860,1.799462
TAP_TAPCELL_ROW_5_128,VPWR,li1,83.0300,24.7860,1.799543
TAP_TAPCELL_ROW_5_127,VPWR,li1,57.2700,24.7860,1.799655
TAP_TAPCELL_ROW_5_126,VPWR,li1,31.5100,24.7860,1.799814
TAP_TAPCELL_ROW_4_125,VPWR,li1,121.6700,24.1730,1.799449
TAP_TAPCELL_ROW_4_124,VPWR,li1,95.9100,24.1730,1.799489
TAP_TAPCELL_ROW_4_123,VPWR,li1,70.1500,24.1730,1.799590
TAP_TAPCELL_ROW_4_122,VPWR,li1,44.3900,24.1730,1.799725
TAP_TAPCELL_ROW_4_121,VPWR,li1,18.6300,24.1730,1.799907
TAP_TAPCELL_ROW_3_120,VPWR,li1,134.5500,19.3460,1.799580
TAP_TAPCELL_ROW_3_119,VPWR,li1,108.7900,19.3460,1.799590
TAP_TAPCELL_ROW_3_118,VPWR,li1,83.0300,19.3460,1.799635
TAP_TAPCELL_ROW_3_117,VPWR,li1,57.2700,19.3460,1.799727
TAP_TAPCELL_ROW_3_116,VPWR,li1,31.5100,19.3460,1.799873
TAP_TAPCELL_ROW_2_115,VPWR,li1,121.6700,18.7330,1.799583
TAP_TAPCELL_ROW_2_114,VPWR,li1,95.9100,18.7330,1.799607
TAP_TAPCELL_ROW_2_113,VPWR,li1,70.1500,18.7330,1.799678
TAP_TAPCELL_ROW_2_112,VPWR,li1,44.3900,18.7330,1.799792
TAP_TAPCELL_ROW_2_111,VPWR,li1,18.6300,18.7330,1.799930
TAP_TAPCELL_ROW_1_110,VPWR,li1,134.5500,13.9060,1.799689
TAP_TAPCELL_ROW_1_109,VPWR,li1,108.7900,13.9060,1.799700
TAP_TAPCELL_ROW_1_108,VPWR,li1,83.0300,13.9060,1.799749
TAP_TAPCELL_ROW_1_107,VPWR,li1,57.2700,13.9060,1.799828
TAP_TAPCELL_ROW_1_106,VPWR,li1,31.5100,13.9060,1.799918
TAP_TAPCELL_ROW_0_105,VPWR,li1,134.5500,13.2930,1.799689
TAP_TAPCELL_ROW_0_104,VPWR,li1,121.6700,13.2930,1.799692
TAP_TAPCELL_ROW_0_103,VPWR,li1,108.7900,13.2930,1.799700
TAP_TAPCELL_ROW_0_102,VPWR,li1,95.9100,13.2930,1.799718
TAP_TAPCELL_ROW_0_101,VPWR,li1,83.0300,13.2930,1.799749
TAP_TAPCELL_ROW_0_100,VPWR,li1,70.1500,13.2930,1.799785
TAP_TAPCELL_ROW_0_99,VPWR,li1,57.2700,13.2930,1.799828
TAP_TAPCELL_ROW_0_98,VPWR,li1,44.3900,13.2930,1.799871
TAP_TAPCELL_ROW_0_97,VPWR,li1,31.5100,13.2930,1.799918
TAP_TAPCELL_ROW_0_96,VPWR,li1,18.6300,13.2930,1.799959
PHY_EDGE_ROW_47_Left_95,VPWR,li1,6.2100,138.7200,1.799953
PHY_EDGE_ROW_46_Left_94,VPWR,li1,6.2100,138.7200,1.799953
PHY_EDGE_ROW_45_Left_93,VPWR,li1,6.2100,133.2800,1.799916
PHY_EDGE_ROW_44_Left_92,VPWR,li1,6.2100,133.2800,1.799916
PHY_EDGE_ROW_43_Left_91,VPWR,li1,6.2100,127.8400,1.799934
PHY_EDGE_ROW_42_Left_90,VPWR,li1,6.2100,127.8400,1.799934
PHY_EDGE_ROW_41_Left_89,VPWR,li1,6.2100,122.4000,1.799901
PHY_EDGE_ROW_40_Left_88,VPWR,li1,6.2100,122.4000,1.799901
PHY_EDGE_ROW_39_Left_87,VPWR,li1,6.2100,116.9600,1.799876
PHY_EDGE_ROW_38_Left_86,VPWR,li1,6.2100,116.9600,1.799876
PHY_EDGE_ROW_37_Left_85,VPWR,li1,6.2100,111.5200,1.799879
PHY_EDGE_ROW_36_Left_84,VPWR,li1,6.2100,111.5200,1.799879
PHY_EDGE_ROW_35_Left_83,VPWR,li1,6.2100,106.0800,1.799950
PHY_EDGE_ROW_34_Left_82,VPWR,li1,6.2100,106.0800,1.799950
PHY_EDGE_ROW_33_Left_81,VPWR,li1,6.2100,100.6400,1.799936
PHY_EDGE_ROW_32_Left_80,VPWR,li1,6.2100,100.6400,1.799936
PHY_EDGE_ROW_31_Left_79,VPWR,li1,6.2100,95.2000,1.799917
PHY_EDGE_ROW_30_Left_78,VPWR,li1,6.2100,95.2000,1.799917
PHY_EDGE_ROW_29_Left_77,VPWR,li1,6.2100,89.7600,1.799875
PHY_EDGE_ROW_28_Left_76,VPWR,li1,6.2100,89.7600,1.799875
PHY_EDGE_ROW_27_Left_75,VPWR,li1,6.2100,84.3200,1.799952
PHY_EDGE_ROW_26_Left_74,VPWR,li1,6.2100,84.3200,1.799952
PHY_EDGE_ROW_25_Left_73,VPWR,li1,6.2100,78.8800,1.799956
PHY_EDGE_ROW_24_Left_72,VPWR,li1,6.2100,78.8800,1.799956
PHY_EDGE_ROW_23_Left_71,VPWR,li1,6.2100,73.4400,1.799921
PHY_EDGE_ROW_22_Left_70,VPWR,li1,6.2100,73.4400,1.799921
PHY_EDGE_ROW_21_Left_69,VPWR,li1,6.2100,68.0000,1.799925
PHY_EDGE_ROW_20_Left_68,VPWR,li1,6.2100,68.0000,1.799925
PHY_EDGE_ROW_19_Left_67,VPWR,li1,6.2100,62.5600,1.799923
PHY_EDGE_ROW_18_Left_66,VPWR,li1,6.2100,62.5600,1.799923
PHY_EDGE_ROW_17_Left_65,VPWR,li1,6.2100,57.1200,1.799933
PHY_EDGE_ROW_16_Left_64,VPWR,li1,6.2100,57.1200,1.799933
PHY_EDGE_ROW_15_Left_63,VPWR,li1,6.2100,51.6800,1.799932
PHY_EDGE_ROW_14_Left_62,VPWR,li1,6.2100,51.6800,1.799932
PHY_EDGE_ROW_13_Left_61,VPWR,li1,6.2100,46.2400,1.799955
PHY_EDGE_ROW_12_Left_60,VPWR,li1,6.2100,46.2400,1.799955
PHY_EDGE_ROW_11_Left_59,VPWR,li1,6.2100,40.8000,1.799912
PHY_EDGE_ROW_10_Left_58,VPWR,li1,6.2100,40.8000,1.799912
PHY_EDGE_ROW_9_Left_57,VPWR,li1,6.2100,35.3600,1.799961
PHY_EDGE_ROW_8_Left_56,VPWR,li1,6.2100,35.3600,1.799961
PHY_EDGE_ROW_7_Left_55,VPWR,li1,6.2100,29.9200,1.799942
PHY_EDGE_ROW_6_Left_54,VPWR,li1,6.2100,29.9200,1.799942
PHY_EDGE_ROW_5_Left_53,VPWR,li1,6.2100,24.4800,1.799907
PHY_EDGE_ROW_4_Left_52,VPWR,li1,6.2100,24.4800,1.799907
PHY_EDGE_ROW_3_Left_51,VPWR,li1,6.2100,19.0400,1.799929
PHY_EDGE_ROW_2_Left_50,VPWR,li1,6.2100,19.0400,1.799929
PHY_EDGE_ROW_1_Left_49,VPWR,li1,6.2100,13.6000,1.799959
PHY_EDGE_ROW_0_Left_48,VPWR,li1,6.2100,13.6000,1.799959
PHY_EDGE_ROW_47_Right_47,VPWR,li1,136.8500,138.7200,1.799571
PHY_EDGE_ROW_46_Right_46,VPWR,li1,136.8500,138.7200,1.799571
PHY_EDGE_ROW_45_Right_45,VPWR,li1,136.8500,133.2800,1.799275
PHY_EDGE_ROW_44_Right_44,VPWR,li1,136.8500,133.2800,1.799275
PHY_EDGE_ROW_43_Right_43,VPWR,li1,136.8500,127.8400,1.799447
PHY_EDGE_ROW_42_Right_42,VPWR,li1,136.8500,127.8400,1.799447
PHY_EDGE_ROW_41_Right_41,VPWR,li1,136.8500,122.4000,1.799160
PHY_EDGE_ROW_40_Right_40,VPWR,li1,136.8500,122.4000,1.799160
PHY_EDGE_ROW_39_Right_39,VPWR,li1,136.8500,116.9600,1.798961
PHY_EDGE_ROW_38_Right_38,VPWR,li1,136.8500,116.9600,1.798961
PHY_EDGE_ROW_37_Right_37,VPWR,li1,136.8500,111.5200,1.799095
PHY_EDGE_ROW_36_Right_36,VPWR,li1,136.8500,111.5200,1.799095
PHY_EDGE_ROW_35_Right_35,VPWR,li1,136.8500,106.0800,1.799571
PHY_EDGE_ROW_34_Right_34,VPWR,li1,136.8500,106.0800,1.799571
PHY_EDGE_ROW_33_Right_33,VPWR,li1,136.8500,100.6400,1.799616
PHY_EDGE_ROW_32_Right_32,VPWR,li1,136.8500,100.6400,1.799616
PHY_EDGE_ROW_31_Right_31,VPWR,li1,136.8500,95.2000,1.799455
PHY_EDGE_ROW_30_Right_30,VPWR,li1,136.8500,95.2000,1.799455
PHY_EDGE_ROW_29_Right_29,VPWR,li1,136.8500,89.7600,1.799294
PHY_EDGE_ROW_28_Right_28,VPWR,li1,136.8500,89.7600,1.799294
PHY_EDGE_ROW_27_Right_27,VPWR,li1,136.8500,84.3200,1.799719
PHY_EDGE_ROW_26_Right_26,VPWR,li1,136.8500,84.3200,1.799719
PHY_EDGE_ROW_25_Right_25,VPWR,li1,136.8500,78.8800,1.799728
PHY_EDGE_ROW_24_Right_24,VPWR,li1,136.8500,78.8800,1.799728
PHY_EDGE_ROW_23_Right_23,VPWR,li1,136.8500,73.4400,1.799582
PHY_EDGE_ROW_22_Right_22,VPWR,li1,136.8500,73.4400,1.799582
PHY_EDGE_ROW_21_Right_21,VPWR,li1,136.8500,68.0000,1.799546
PHY_EDGE_ROW_20_Right_20,VPWR,li1,136.8500,68.0000,1.799546
PHY_EDGE_ROW_19_Right_19,VPWR,li1,136.8500,62.5600,1.799401
PHY_EDGE_ROW_18_Right_18,VPWR,li1,136.8500,62.5600,1.799401
PHY_EDGE_ROW_17_Right_17,VPWR,li1,136.8500,57.1200,1.799624
PHY_EDGE_ROW_16_Right_16,VPWR,li1,136.8500,57.1200,1.799624
PHY_EDGE_ROW_15_Right_15,VPWR,li1,136.8500,51.6800,1.799561
PHY_EDGE_ROW_14_Right_14,VPWR,li1,136.8500,51.6800,1.799561
PHY_EDGE_ROW_13_Right_13,VPWR,li1,136.8500,46.2400,1.799756
PHY_EDGE_ROW_12_Right_12,VPWR,li1,136.8500,46.2400,1.799756
PHY_EDGE_ROW_11_Right_11,VPWR,li1,136.8500,40.8000,1.799466
PHY_EDGE_ROW_10_Right_10,VPWR,li1,136.8500,40.8000,1.799466
PHY_EDGE_ROW_9_Right_9,VPWR,li1,136.8500,35.3600,1.799760
PHY_EDGE_ROW_8_Right_8,VPWR,li1,136.8500,35.3600,1.799760
PHY_EDGE_ROW_7_Right_7,VPWR,li1,136.8500,29.9200,1.799698
PHY_EDGE_ROW_6_Right_6,VPWR,li1,136.8500,29.9200,1.799698
PHY_EDGE_ROW_5_Right_5,VPWR,li1,136.8500,24.4800,1.799448
PHY_EDGE_ROW_4_Right_4,VPWR,li1,136.8500,24.4800,1.799448
PHY_EDGE_ROW_3_Right_3,VPWR,li1,136.8500,19.0400,1.799580
PHY_EDGE_ROW_2_Right_2,VPWR,li1,136.8500,19.0400,1.799580
PHY_EDGE_ROW_1_Right_1,VPWR,li1,136.8500,13.6000,1.799689
PHY_EDGE_ROW_0_Right_0,VPWR,li1,136.8500,13.6000,1.799689
_1110_,VPWR,li1,48.9900,133.2800,1.799691
_1109_,VPWR,li1,121.6700,133.2800,1.799289
_1108_,VPWR,li1,64.8600,111.5200,1.799385
_1107_,VPWR,li1,64.4000,111.5200,1.799385
_1106_,VPWR,li1,62.5600,116.9600,1.799373
_1105_,VPWR,li1,63.9400,116.9600,1.799373
_1104_,VPWR,li1,126.5000,127.8400,1.799449
_1103_,VPWR,li1,125.5800,122.4000,1.799163
_1102_,VPWR,li1,126.9600,133.2800,1.799281
_1101_,VPWR,li1,63.4800,127.8400,1.799651
_1100_,VPWR,li1,64.4000,127.8400,1.799651
_1099_,VPWR,li1,63.9400,133.2800,1.799554
_1098_,VPWR,li1,66.2400,133.2800,1.799537
_1097_,VPWR,li1,98.9000,68.0000,1.799577
_1096_,VPWR,li1,92.9200,51.6800,1.799614
_1095_,VPWR,li1,47.8400,84.3200,1.799837
_1094_,VPWR,li1,117.7600,57.1200,1.799630
_1093_,VPWR,li1,59.8000,29.9200,1.799790
_1092_,VPWR,li1,61.1800,46.2400,1.799823
_1091_,VPWR,li1,102.1200,29.9200,1.799714
_1090_,VPWR,li1,80.0400,62.5600,1.799558
_1089_,VPWR,li1,61.1800,40.8000,1.799644
_1088_,VPWR,li1,117.3000,73.4400,1.799587
_1087_,VPWR,li1,111.7800,84.3200,1.799723
_1086_,VPWR,li1,92.4600,84.3200,1.799741
_1085_,VPWR,li1,89.7000,40.8000,1.799531
_1084_,VPWR,li1,113.1600,29.9200,1.799705
_1083_,VPWR,li1,48.3000,84.3200,1.799837
_1082_,VPWR,li1,63.4800,29.9200,1.799779
_1081_,VPWR,li1,104.4200,62.5600,1.799442
_1080_,VPWR,li1,80.0400,51.6800,1.799651
_1079_,VPWR,li1,62.5600,84.3200,1.799792
_1078_,VPWR,li1,65.7800,51.6800,1.799700
_1077_,VPWR,li1,63.4800,24.4800,1.799620
_1076_,VPWR,li1,111.7800,46.2400,1.799761
_1075_,VPWR,li1,104.4200,29.9200,1.799712
_1074_,VPWR,li1,111.7800,68.0000,1.799557
_1073_,VPWR,li1,103.0400,35.3600,1.799776
_1072_,VPWR,li1,111.7800,73.4400,1.799591
_1071_,VPWR,li1,111.3200,84.3200,1.799723
_1070_,VPWR,li1,93.8400,78.8800,1.799747
_1069_,VPWR,li1,76.3600,35.3600,1.799809
_1068_,VPWR,li1,77.7400,24.4800,1.799558
_1067_,VPWR,li1,63.0200,78.8800,1.799799
_1066_,VPWR,li1,92.0000,29.9200,1.799726
_1065_,VPWR,li1,93.3800,68.0000,1.799591
_1064_,VPWR,li1,79.1200,57.1200,1.799686
_1063_,VPWR,li1,79.5800,89.7600,1.799398
_1062_,VPWR,li1,112.2400,57.1200,1.799635
_1061_,VPWR,li1,86.4800,24.4800,1.799524
_1060_,VPWR,li1,77.7400,46.2400,1.799794
_1059_,VPWR,li1,78.2000,13.6000,1.799764
_1058_,VPWR,li1,117.3000,68.0000,1.799552
_1057_,VPWR,li1,112.2400,40.8000,1.799480
_1056_,VPWR,li1,112.7000,73.4400,1.799591
_1055_,VPWR,li1,110.4000,89.7600,1.799309
_1054_,VPWR,li1,99.3600,78.8800,1.799742
_1053_,VPWR,li1,94.3000,35.3600,1.799785
_1052_,VPWR,li1,114.0800,24.4800,1.799456
_1051_,VPWR,li1,74.5200,73.4400,1.799663
_1050_,VPWR,li1,92.9200,19.0400,1.799613
_1049_,VPWR,li1,98.9000,68.0000,1.799577
_1048_,VPWR,li1,92.9200,51.6800,1.799614
_1047_,VPWR,li1,71.7600,95.2000,1.799601
_1046_,VPWR,li1,60.2600,51.6800,1.799722
_1045_,VPWR,li1,88.3200,29.9200,1.799730
_1044_,VPWR,li1,63.4800,46.2400,1.799815
_1043_,VPWR,li1,103.0400,35.3600,1.799776
_1042_,VPWR,li1,80.0400,57.1200,1.799686
_1041_,VPWR,li1,63.9400,40.8000,1.799627
_1040_,VPWR,li1,64.8600,68.0000,1.799671
_1039_,VPWR,li1,111.7800,89.7600,1.799309
_1038_,VPWR,li1,85.1000,95.2000,1.799543
_1037_,VPWR,li1,88.7800,40.8000,1.799531
_1036_,VPWR,li1,76.8200,35.3600,1.799809
_1035_,VPWR,li1,63.9400,78.8800,1.799799
_1034_,VPWR,li1,65.3200,29.9200,1.799774
_1033_,VPWR,li1,48.7600,68.0000,1.799739
_1032_,VPWR,li1,49.6800,51.6800,1.799770
_1031_,VPWR,li1,42.3200,95.2000,1.799772
_1030_,VPWR,li1,35.8800,57.1200,1.799855
_1029_,VPWR,li1,35.8800,19.0400,1.799850
_1028_,VPWR,li1,19.7800,46.2400,1.799955
_1027_,VPWR,li1,48.3000,13.6000,1.799853
_1026_,VPWR,li1,38.6400,68.0000,1.799795
_1025_,VPWR,li1,23.4600,40.8000,1.799913
_1024_,VPWR,li1,14.2600,73.4400,1.799921
_1023_,VPWR,li1,28.9800,95.2000,1.799875
_1022_,VPWR,li1,36.8000,95.2000,1.799811
_1021_,VPWR,li1,48.3000,40.8000,1.799714
_1020_,VPWR,li1,34.5000,19.0400,1.799850
_1019_,VPWR,li1,42.3200,84.3200,1.799863
_1018_,VPWR,li1,15.6400,19.0400,1.799929
_1017_,VPWR,li1,47.3800,62.5600,1.799747
_1016_,VPWR,li1,46.9200,51.6800,1.799786
_1015_,VPWR,li1,45.0800,89.7600,1.799626
_1014_,VPWR,li1,32.6600,62.5600,1.799858
_1013_,VPWR,li1,39.1000,29.9200,1.799864
_1012_,VPWR,li1,34.5000,46.2400,1.799900
_1011_,VPWR,li1,47.3800,19.0400,1.799780
_1010_,VPWR,li1,37.7200,62.5600,1.799812
_1009_,VPWR,li1,34.5000,35.3600,1.799913
_1008_,VPWR,li1,25.3000,73.4400,1.799899
_1007_,VPWR,li1,22.5400,84.3200,1.799952
_1006_,VPWR,li1,34.0400,84.3200,1.799894
_1005_,VPWR,li1,48.7600,35.3600,1.799873
_1004_,VPWR,li1,26.2200,13.6000,1.799940
_1003_,VPWR,li1,41.4000,84.3200,1.799863
_1002_,VPWR,li1,20.7000,13.6000,1.799959
_1001_,VPWR,li1,46.4600,68.0000,1.799751
_1000_,VPWR,li1,45.5400,57.1200,1.799803
_0999_,VPWR,li1,41.4000,100.6400,1.799811
_0998_,VPWR,li1,23.0000,57.1200,1.799934
_0997_,VPWR,li1,40.9400,19.0400,1.799812
_0996_,VPWR,li1,18.4000,51.6800,1.799932
_0995_,VPWR,li1,49.6800,19.0400,1.799763
_0994_,VPWR,li1,37.2600,73.4400,1.799809
_0993_,VPWR,li1,20.2400,40.8000,1.799912
_0992_,VPWR,li1,22.5400,78.8800,1.799956
_0991_,VPWR,li1,23.0000,95.2000,1.799918
_0990_,VPWR,li1,35.4200,100.6400,1.799843
_0989_,VPWR,li1,42.7800,40.8000,1.799759
_0988_,VPWR,li1,15.6400,29.9200,1.799942
_0987_,VPWR,li1,47.3800,78.8800,1.799852
_0986_,VPWR,li1,14.7200,24.4800,1.799907
_0985_,VPWR,li1,50.6000,73.4400,1.799745
_0984_,VPWR,li1,47.3800,46.2400,1.799859
_0983_,VPWR,li1,47.3800,89.7600,1.799601
_0982_,VPWR,li1,21.6200,57.1200,1.799933
_0981_,VPWR,li1,41.4000,29.9200,1.799854
_0980_,VPWR,li1,28.5200,51.6800,1.799891
_0979_,VPWR,li1,51.0600,29.9200,1.799817
_0978_,VPWR,li1,38.6400,68.0000,1.799795
_0977_,VPWR,li1,34.5000,40.8000,1.799809
_0976_,VPWR,li1,22.5400,68.0000,1.799908
_0975_,VPWR,li1,30.8200,89.7600,1.799783
_0974_,VPWR,li1,34.9600,84.3200,1.799894
_0973_,VPWR,li1,35.8800,40.8000,1.799809
_0972_,VPWR,li1,20.2400,24.4800,1.799907
_0971_,VPWR,li1,53.8200,84.3200,1.799822
_0970_,VPWR,li1,27.1400,29.9200,1.799916
_0969_,VPWR,li1,102.1200,62.5600,1.799452
_0968_,VPWR,li1,80.0400,51.6800,1.799651
_0967_,VPWR,li1,66.7000,89.7600,1.799469
_0966_,VPWR,li1,113.1600,51.6800,1.799576
_0965_,VPWR,li1,92.0000,24.4800,1.799507
_0964_,VPWR,li1,111.7800,46.2400,1.799761
_0963_,VPWR,li1,108.5600,35.3600,1.799772
_0962_,VPWR,li1,115.0000,62.5600,1.799409
_0961_,VPWR,li1,117.7600,40.8000,1.799470
_0960_,VPWR,li1,66.2400,62.5600,1.799631
_0959_,VPWR,li1,115.9200,89.7600,1.799300
_0958_,VPWR,li1,80.0400,84.3200,1.799758
_0957_,VPWR,li1,83.2600,40.8000,1.799551
_0956_,VPWR,li1,118.6800,29.9200,1.799702
_0955_,VPWR,li1,63.4800,73.4400,1.799696
_0954_,VPWR,li1,98.9000,29.9200,1.799718
_0953_,VPWR,li1,98.9000,62.5600,1.799467
_0952_,VPWR,li1,98.9000,51.6800,1.799600
_0951_,VPWR,li1,78.2000,95.2000,1.799571
_0950_,VPWR,li1,65.7800,51.6800,1.799700
_0949_,VPWR,li1,69.0000,24.4800,1.799598
_0948_,VPWR,li1,104.4200,51.6800,1.799588
_0947_,VPWR,li1,74.9800,24.4800,1.799569
_0946_,VPWR,li1,86.0200,62.5600,1.799530
_0945_,VPWR,li1,102.5800,40.8000,1.799494
_0944_,VPWR,li1,66.2400,62.5600,1.799631
_0943_,VPWR,li1,97.5200,95.2000,1.799503
_0942_,VPWR,li1,98.9000,84.3200,1.799732
_0941_,VPWR,li1,77.7400,40.8000,1.799569
_0940_,VPWR,li1,79.1200,29.9200,1.799746
_0939_,VPWR,li1,69.0000,73.4400,1.799678
_0938_,VPWR,li1,64.4000,19.0400,1.799693
_0937_,VPWR,li1,104.4200,68.0000,1.799568
_0936_,VPWR,li1,98.4400,51.6800,1.799600
_0935_,VPWR,li1,85.1000,89.7600,1.799376
_0934_,VPWR,li1,116.3800,57.1200,1.799630
_0933_,VPWR,li1,63.9400,24.4800,1.799620
_0932_,VPWR,li1,104.4200,46.2400,1.799766
_0931_,VPWR,li1,78.2000,19.0400,1.799647
_0930_,VPWR,li1,116.8400,68.0000,1.799552
_0929_,VPWR,li1,64.4000,35.3600,1.799836
_0928_,VPWR,li1,115.9200,78.8800,1.799731
_0927_,VPWR,li1,117.3000,84.3200,1.799722
_0926_,VPWR,li1,98.9000,78.8800,1.799742
_0925_,VPWR,li1,75.9000,40.8000,1.799576
_0924_,VPWR,li1,119.6000,24.4800,1.799451
_0923_,VPWR,li1,61.6400,73.4400,1.799702
_0922_,VPWR,li1,64.4000,13.6000,1.799801
_0921_,VPWR,li1,98.9000,73.4400,1.799612
_0920_,VPWR,li1,85.5600,51.6800,1.799635
_0919_,VPWR,li1,73.6000,100.6400,1.799680
_0918_,VPWR,li1,67.1600,57.1200,1.799721
_0917_,VPWR,li1,91.0800,19.0400,1.799619
_0916_,VPWR,li1,77.7400,46.2400,1.799794
_0915_,VPWR,li1,76.3600,19.0400,1.799653
_0914_,VPWR,li1,80.9600,68.0000,1.799621
_0913_,VPWR,li1,66.7000,40.8000,1.799614
_0912_,VPWR,li1,71.7600,62.5600,1.799602
_0911_,VPWR,li1,98.9000,95.2000,1.799503
_0910_,VPWR,li1,95.6800,84.3200,1.799736
_0909_,VPWR,li1,88.7800,35.3600,1.799791
_0908_,VPWR,li1,77.7400,29.9200,1.799746
_0907_,VPWR,li1,78.6600,73.4400,1.799652
_0906_,VPWR,li1,98.9000,19.0400,1.799602
_0905_,VPWR,li1,54.2800,68.0000,1.799714
_0904_,VPWR,li1,41.4000,51.6800,1.799815
_0903_,VPWR,li1,60.7200,84.3200,1.799797
_0902_,VPWR,li1,24.3800,62.5600,1.799905
_0901_,VPWR,li1,39.5600,13.6000,1.799885
_0900_,VPWR,li1,23.0000,51.6800,1.799933
_0899_,VPWR,li1,52.9000,19.0400,1.799748
_0898_,VPWR,li1,80.0400,62.5600,1.799558
_0897_,VPWR,li1,30.3600,40.8000,1.799846
_0896_,VPWR,li1,23.9200,73.4400,1.799899
_0895_,VPWR,li1,25.3000,89.7600,1.799838
_0894_,VPWR,li1,80.9600,84.3200,1.799758
_0893_,VPWR,li1,50.6000,40.8000,1.799699
_0892_,VPWR,li1,21.6200,29.9200,1.799944
_0891_,VPWR,li1,65.3200,68.0000,1.799671
_0890_,VPWR,li1,23.4600,19.0400,1.799930
_0889_,VPWR,li1,52.9000,62.5600,1.799711
_0888_,VPWR,li1,49.2200,57.1200,1.799781
_0887_,VPWR,li1,79.5800,95.2000,1.799571
_0886_,VPWR,li1,22.0800,62.5600,1.799924
_0885_,VPWR,li1,40.0200,24.4800,1.799748
_0884_,VPWR,li1,25.3000,46.2400,1.799937
_0883_,VPWR,li1,51.5200,29.9200,1.799817
_0882_,VPWR,li1,85.5600,62.5600,1.799530
_0881_,VPWR,li1,22.0800,35.3600,1.799961
_0880_,VPWR,li1,23.4600,78.8800,1.799956
_0879_,VPWR,li1,23.4600,95.2000,1.799918
_0878_,VPWR,li1,86.0200,95.2000,1.799543
_0877_,VPWR,li1,43.2400,35.3600,1.799888
_0876_,VPWR,li1,23.9200,29.9200,1.799932
_0875_,VPWR,li1,57.5000,78.8800,1.799818
_0874_,VPWR,li1,18.4000,29.9200,1.799943
_0873_,VPWR,li1,51.9800,68.0000,1.799724
_0872_,VPWR,li1,52.4400,51.6800,1.799755
_0871_,VPWR,li1,66.2400,84.3200,1.799783
_0870_,VPWR,li1,34.5000,57.1200,1.799855
_0869_,VPWR,li1,41.4000,19.0400,1.799812
_0868_,VPWR,li1,23.9200,51.6800,1.799919
_0867_,VPWR,li1,52.9000,24.4800,1.799673
_0866_,VPWR,li1,38.1800,73.4400,1.799809
_0865_,VPWR,li1,25.7600,40.8000,1.799880
_0864_,VPWR,li1,19.7800,73.4400,1.799922
_0863_,VPWR,li1,24.8400,89.7600,1.799838
_0862_,VPWR,li1,35.8800,95.2000,1.799811
_0861_,VPWR,li1,41.4000,40.8000,1.799759
_0860_,VPWR,li1,28.5200,19.0400,1.799887
_0859_,VPWR,li1,67.1600,73.4400,1.799684
_0858_,VPWR,li1,23.0000,19.0400,1.799930
_0857_,VPWR,li1,107.6400,62.5600,1.799429
_0856_,VPWR,li1,98.9000,57.1200,1.799651
_0855_,VPWR,li1,86.0200,89.7600,1.799376
_0854_,VPWR,li1,120.0600,51.6800,1.799567
_0853_,VPWR,li1,96.6000,19.0400,1.799607
_0852_,VPWR,li1,117.3000,46.2400,1.799759
_0851_,VPWR,li1,105.8000,19.0400,1.799593
_0850_,VPWR,li1,120.5200,62.5600,1.799403
_0849_,VPWR,li1,117.7600,35.3600,1.799765
_0848_,VPWR,li1,122.8200,73.4400,1.799582
_0847_,VPWR,li1,117.3000,89.7600,1.799300
_0846_,VPWR,li1,96.1400,89.7600,1.799340
_0845_,VPWR,li1,95.2200,40.8000,1.799511
_0844_,VPWR,li1,118.6800,24.4800,1.799451
_0843_,VPWR,li1,78.6600,78.8800,1.799762
_0842_,VPWR,li1,98.9000,13.6000,1.799714
_0841_,VPWR,li1,76.8200,116.9600,1.799247
_0840_,VPWR,li1,128.8000,100.6400,1.799617
_0839_,VPWR,li1,128.8000,95.2000,1.799458
_0838_,VPWR,li1,126.5000,100.6400,1.799618
_0837_,VPWR,li1,132.0200,100.6400,1.799616
_0836_,VPWR,li1,126.5000,111.5200,1.799099
_0835_,VPWR,li1,127.4200,111.5200,1.799099
_0834_,VPWR,li1,131.5600,46.2400,1.799756
_0833_,VPWR,li1,131.5600,62.5600,1.799401
_0832_,VPWR,li1,131.1000,78.8800,1.799728
_0831_,VPWR,li1,131.5600,40.8000,1.799466
_0830_,VPWR,li1,131.5600,24.4800,1.799449
_0829_,VPWR,li1,131.5600,35.3600,1.799760
_0828_,VPWR,li1,131.5600,29.9200,1.799698
_0827_,VPWR,li1,131.5600,68.0000,1.799546
_0826_,VPWR,li1,131.5600,46.2400,1.799756
_0825_,VPWR,li1,131.5600,57.1200,1.799624
_0824_,VPWR,li1,131.1000,78.8800,1.799728
_0823_,VPWR,li1,131.5600,84.3200,1.799719
_0822_,VPWR,li1,131.5600,57.1200,1.799624
_0821_,VPWR,li1,131.5600,19.0400,1.799580
_0820_,VPWR,li1,131.5600,73.4400,1.799582
_0819_,VPWR,li1,131.5600,19.0400,1.799580
_0818_,VPWR,li1,114.0800,19.0400,1.799586
_0817_,VPWR,li1,131.5600,40.8000,1.799466
_0816_,VPWR,li1,117.3000,95.2000,1.799468
_0815_,VPWR,li1,115.9200,13.6000,1.799695
_0814_,VPWR,li1,131.5600,13.6000,1.799689
_0813_,VPWR,li1,129.7200,29.9200,1.799698
_0812_,VPWR,li1,108.5600,19.0400,1.799590
_0811_,VPWR,li1,124.6600,19.0400,1.799581
_0810_,VPWR,li1,124.6600,19.0400,1.799581
_0809_,VPWR,li1,122.8200,13.6000,1.799692
_0808_,VPWR,li1,113.6200,100.6400,1.799626
_0807_,VPWR,li1,130.1800,89.7600,1.799295
_0806_,VPWR,li1,127.8800,35.3600,1.799760
_0805_,VPWR,li1,117.3000,19.0400,1.799584
_0804_,VPWR,li1,80.0400,73.4400,1.799652
_0803_,VPWR,li1,131.5600,13.6000,1.799689
_0802_,VPWR,li1,108.1000,127.8400,1.799477
_0801_,VPWR,li1,114.5400,133.2800,1.799305
_0800_,VPWR,li1,113.6200,133.2800,1.799305
_0799_,VPWR,li1,101.2000,133.2800,1.799352
_0798_,VPWR,li1,100.7400,106.0800,1.799602
_0797_,VPWR,li1,96.1400,106.0800,1.799621
_0796_,VPWR,li1,113.6200,106.0800,1.799581
_0795_,VPWR,li1,83.2600,111.5200,1.799251
_0794_,VPWR,li1,55.4300,111.5200,1.799471
_0793_,VPWR,li1,49.4500,111.5200,1.799533
_0792_,VPWR,li1,46.2300,111.5200,1.799570
_0791_,VPWR,li1,49.6800,111.5200,1.799533
_0790_,VPWR,li1,58.6500,111.5200,1.799451
_0789_,VPWR,li1,50.3700,116.9600,1.799525
_0788_,VPWR,li1,43.9300,111.5200,1.799618
_0787_,VPWR,li1,52.6700,111.5200,1.799511
_0786_,VPWR,li1,49.9100,106.0800,1.799805
_0785_,VPWR,li1,54.7400,116.9600,1.799471
_0784_,VPWR,li1,53.5900,116.9600,1.799471
_0783_,VPWR,li1,51.7500,116.9600,1.799492
_0782_,VPWR,li1,48.9900,116.9600,1.799525
_0781_,VPWR,li1,53.1300,111.5200,1.799511
_0780_,VPWR,li1,47.3800,116.9600,1.799548
_0779_,VPWR,li1,78.4300,106.0800,1.799679
_0778_,VPWR,li1,57.2700,116.9600,1.799438
_0777_,VPWR,li1,70.3800,111.5200,1.799341
_0776_,VPWR,li1,83.4900,116.9600,1.799190
_0775_,VPWR,li1,80.5000,111.5200,1.799266
_0774_,VPWR,li1,85.7900,116.9600,1.799164
_0773_,VPWR,li1,80.0400,116.9600,1.799210
_0772_,VPWR,li1,123.5100,133.2800,1.799285
_0771_,VPWR,li1,128.8000,138.7200,1.799575
_0770_,VPWR,li1,132.4800,133.2800,1.799276
_0769_,VPWR,li1,125.3500,122.4000,1.799163
_0768_,VPWR,li1,128.1100,122.4000,1.799162
_0767_,VPWR,li1,126.5000,127.8400,1.799449
_0766_,VPWR,li1,120.7500,127.8400,1.799455
_0765_,VPWR,li1,132.4800,127.8400,1.799447
_0764_,VPWR,li1,128.5700,133.2800,1.799278
_0763_,VPWR,li1,132.4800,138.7200,1.799572
_0762_,VPWR,li1,125.8100,133.2800,1.799281
_0761_,VPWR,li1,114.5400,122.4000,1.799179
_0760_,VPWR,li1,124.6600,100.6400,1.799619
_0759_,VPWR,li1,71.5300,122.4000,1.799407
_0758_,VPWR,li1,92.9200,133.2800,1.799390
_0757_,VPWR,li1,94.7600,133.2800,1.799376
_0756_,VPWR,li1,91.7700,127.8400,1.799528
_0755_,VPWR,li1,79.1200,127.8400,1.799573
_0754_,VPWR,li1,78.4300,127.8400,1.799573
_0753_,VPWR,li1,81.8800,127.8400,1.799562
_0752_,VPWR,li1,89.2400,133.2800,1.799404
_0751_,VPWR,li1,89.7000,138.7200,1.799665
_0750_,VPWR,li1,94.0700,138.7200,1.799652
_0749_,VPWR,li1,81.6500,133.2800,1.799442
_0748_,VPWR,li1,78.2000,133.2800,1.799465
_0747_,VPWR,li1,86.4800,133.2800,1.799417
_0746_,VPWR,li1,87.8600,138.7200,1.799677
_0745_,VPWR,li1,83.2600,127.8400,1.799555
_0744_,VPWR,li1,72.9100,133.2800,1.799501
_0743_,VPWR,li1,84.1800,133.2800,1.799428
_0742_,VPWR,li1,84.8700,127.8400,1.799548
_0741_,VPWR,li1,74.5200,133.2800,1.799483
_0740_,VPWR,li1,85.3300,122.4000,1.799299
_0739_,VPWR,li1,81.6500,133.2800,1.799442
_0738_,VPWR,li1,84.8700,127.8400,1.799548
_0737_,VPWR,li1,76.1300,133.2800,1.799483
_0736_,VPWR,li1,76.1300,122.4000,1.799366
_0735_,VPWR,li1,103.2700,127.8400,1.799487
_0734_,VPWR,li1,95.6800,127.8400,1.799513
_0733_,VPWR,li1,91.7700,133.2800,1.799390
_0732_,VPWR,li1,110.8600,122.4000,1.799186
_0731_,VPWR,li1,113.8500,138.7200,1.799598
_0730_,VPWR,li1,117.3000,127.8400,1.799457
_0729_,VPWR,li1,119.1400,133.2800,1.799294
_0728_,VPWR,li1,106.4900,133.2800,1.799332
_0727_,VPWR,li1,102.8100,133.2800,1.799342
_0726_,VPWR,li1,91.7700,138.7200,1.799658
_0725_,VPWR,li1,89.0100,133.2800,1.799404
_0724_,VPWR,li1,86.4800,133.2800,1.799417
_0723_,VPWR,li1,113.3900,127.8400,1.799464
_0722_,VPWR,li1,113.1600,138.7200,1.799598
_0721_,VPWR,li1,105.8000,133.2800,1.799332
_0720_,VPWR,li1,107.8700,133.2800,1.799324
_0719_,VPWR,li1,79.3500,133.2800,1.799455
_0718_,VPWR,li1,100.0500,133.2800,1.799352
_0717_,VPWR,li1,97.0600,133.2800,1.799366
_0716_,VPWR,li1,99.3600,127.8400,1.799499
_0715_,VPWR,li1,102.1200,122.4000,1.799210
_0714_,VPWR,li1,103.5000,116.9600,1.799050
_0713_,VPWR,li1,80.7300,116.9600,1.799210
_0712_,VPWR,li1,97.9800,122.4000,1.799236
_0711_,VPWR,li1,100.7400,111.5200,1.799167
_0710_,VPWR,li1,97.7500,111.5200,1.799179
_0709_,VPWR,li1,94.3000,111.5200,1.799202
_0708_,VPWR,li1,100.7400,116.9600,1.799069
_0707_,VPWR,li1,108.5600,116.9600,1.799035
_0706_,VPWR,li1,107.4100,111.5200,1.799143
_0705_,VPWR,li1,114.5400,127.8400,1.799464
_0704_,VPWR,li1,106.9500,116.9600,1.799035
_0703_,VPWR,li1,122.5900,106.0800,1.799574
_0702_,VPWR,li1,89.2400,116.9600,1.799142
_0701_,VPWR,li1,97.9800,111.5200,1.799179
_0700_,VPWR,li1,94.5300,122.4000,1.799249
_0699_,VPWR,li1,92.0000,116.9600,1.799114
_0698_,VPWR,li1,84.8700,111.5200,1.799241
_0697_,VPWR,li1,89.4700,111.5200,1.799217
_0696_,VPWR,li1,90.6200,111.5200,1.799217
_0695_,VPWR,li1,86.7100,116.9600,1.799164
_0694_,VPWR,li1,94.9900,111.5200,1.799192
_0693_,VPWR,li1,94.5300,116.9600,1.799096
_0692_,VPWR,li1,100.9700,111.5200,1.799167
_0691_,VPWR,li1,114.3100,116.9600,1.799007
_0690_,VPWR,li1,75.6700,116.9600,1.799247
_0689_,VPWR,li1,72.9100,127.8400,1.799600
_0688_,VPWR,li1,120.2900,106.0800,1.799576
_0687_,VPWR,li1,99.5900,127.8400,1.799499
_0686_,VPWR,li1,119.3700,106.0800,1.799576
_0685_,VPWR,li1,123.0500,116.9600,1.798979
_0684_,VPWR,li1,120.2900,116.9600,1.798987
_0683_,VPWR,li1,118.2200,111.5200,1.799107
_0682_,VPWR,li1,117.7600,127.8400,1.799457
_0681_,VPWR,li1,113.8500,122.4000,1.799179
_0680_,VPWR,li1,110.1700,127.8400,1.799473
_0679_,VPWR,li1,107.8700,133.2800,1.799324
_0678_,VPWR,li1,76.5900,111.5200,1.799296
_0677_,VPWR,li1,112.0100,111.5200,1.799127
_0676_,VPWR,li1,104.4200,116.9600,1.799050
_0675_,VPWR,li1,127.6500,95.2000,1.799458
_0674_,VPWR,li1,123.9700,95.2000,1.799461
_0673_,VPWR,li1,131.7900,106.0800,1.799571
_0672_,VPWR,li1,131.7900,95.2000,1.799456
_0671_,VPWR,li1,131.7900,122.4000,1.799161
_0670_,VPWR,li1,105.1100,46.2400,1.799766
_0669_,VPWR,li1,59.5700,19.0400,1.799713
_0668_,VPWR,li1,54.9700,133.2800,1.799627
_0667_,VPWR,li1,123.9700,40.8000,1.799467
_0666_,VPWR,li1,73.3700,19.0400,1.799664
_0665_,VPWR,li1,69.2300,13.6000,1.799785
_0664_,VPWR,li1,93.6100,13.6000,1.799722
_0663_,VPWR,li1,103.7300,19.0400,1.799595
_0662_,VPWR,li1,87.1700,19.0400,1.799625
_0661_,VPWR,li1,121.2100,57.1200,1.799627
_0660_,VPWR,li1,123.9700,89.7600,1.799295
_0659_,VPWR,li1,60.4900,138.7200,1.799781
_0658_,VPWR,li1,83.0300,19.0400,1.799635
_0657_,VPWR,li1,59.5700,13.6000,1.799820
_0656_,VPWR,li1,59.5700,133.2800,1.799589
_0655_,VPWR,li1,85.3300,13.6000,1.799743
_0654_,VPWR,li1,111.0900,19.0400,1.799588
_0653_,VPWR,li1,125.8100,46.2400,1.799757
_0652_,VPWR,li1,117.0700,100.6400,1.799624
_0651_,VPWR,li1,120.7500,19.0400,1.799583
_0650_,VPWR,li1,128.1100,19.0400,1.799580
_0649_,VPWR,li1,126.7300,35.3600,1.799761
_0648_,VPWR,li1,109.7100,19.0400,1.799590
_0647_,VPWR,li1,122.5900,62.5600,1.799402
_0646_,VPWR,li1,123.5100,35.3600,1.799762
_0645_,VPWR,li1,123.0500,51.6800,1.799565
_0644_,VPWR,li1,120.2900,95.2000,1.799465
_0643_,VPWR,li1,126.7300,89.7600,1.799295
_0642_,VPWR,li1,126.7300,40.8000,1.799467
_0641_,VPWR,li1,113.8500,19.0400,1.799586
_0640_,VPWR,li1,82.1100,73.4400,1.799644
_0639_,VPWR,li1,128.1100,24.4800,1.799449
_0638_,VPWR,li1,127.1900,46.2400,1.799757
_0637_,VPWR,li1,112.7000,62.5600,1.799413
_0636_,VPWR,li1,60.4900,62.5600,1.799663
_0635_,VPWR,li1,58.6500,68.0000,1.799695
_0634_,VPWR,li1,54.0500,62.5600,1.799711
_0633_,VPWR,li1,59.3400,68.0000,1.799695
_0632_,VPWR,li1,54.9700,73.4400,1.799727
_0631_,VPWR,li1,103.5000,68.0000,1.799568
_0630_,VPWR,li1,94.0700,68.0000,1.799587
_0629_,VPWR,li1,104.8800,73.4400,1.799601
_0628_,VPWR,li1,106.9500,68.0000,1.799563
_0627_,VPWR,li1,128.5700,51.6800,1.799561
_0626_,VPWR,li1,103.5000,51.6800,1.799588
_0625_,VPWR,li1,59.5700,51.6800,1.799722
_0624_,VPWR,li1,54.0500,51.6800,1.799755
_0623_,VPWR,li1,52.2100,46.2400,1.799845
_0622_,VPWR,li1,53.8200,57.1200,1.799766
_0621_,VPWR,li1,49.9100,57.1200,1.799781
_0620_,VPWR,li1,85.1000,51.6800,1.799635
_0619_,VPWR,li1,83.4900,57.1200,1.799678
_0618_,VPWR,li1,97.9800,46.2400,1.799772
_0617_,VPWR,li1,94.0700,57.1200,1.799658
_0616_,VPWR,li1,125.8100,84.3200,1.799720
_0615_,VPWR,li1,80.5000,89.7600,1.799398
_0614_,VPWR,li1,75.6700,89.7600,1.799417
_0613_,VPWR,li1,70.3800,89.7600,1.799447
_0612_,VPWR,li1,66.4700,89.7600,1.799469
_0611_,VPWR,li1,48.9900,95.2000,1.799723
_0610_,VPWR,li1,51.9800,89.7600,1.799567
_0609_,VPWR,li1,46.2300,100.6400,1.799787
_0608_,VPWR,li1,77.9700,100.6400,1.799671
_0607_,VPWR,li1,90.6200,89.7600,1.799360
_0606_,VPWR,li1,81.6500,100.6400,1.799662
_0605_,VPWR,li1,126.2700,40.8000,1.799467
_0604_,VPWR,li1,125.1200,51.6800,1.799562
_0603_,VPWR,li1,43.0100,57.1200,1.799817
_0602_,VPWR,li1,40.2500,57.1200,1.799830
_0601_,VPWR,li1,38.8700,57.1200,1.799830
_0600_,VPWR,li1,28.5200,57.1200,1.799891
_0599_,VPWR,li1,26.4500,62.5600,1.799890
_0598_,VPWR,li1,72.2200,57.1200,1.799703
_0597_,VPWR,li1,67.8500,57.1200,1.799715
_0596_,VPWR,li1,117.7600,51.6800,1.799571
_0595_,VPWR,li1,116.6100,62.5600,1.799409
_0594_,VPWR,li1,128.1100,19.0400,1.799580
_0593_,VPWR,li1,98.4400,24.4800,1.799481
_0592_,VPWR,li1,49.9100,24.4800,1.799696
_0591_,VPWR,li1,46.2300,29.9200,1.799835
_0590_,VPWR,li1,43.4700,29.9200,1.799846
_0589_,VPWR,li1,46.4600,24.4800,1.799714
_0588_,VPWR,li1,43.9300,13.6000,1.799871
_0587_,VPWR,li1,69.4600,19.0400,1.799678
_0586_,VPWR,li1,71.9900,29.9200,1.799758
_0585_,VPWR,li1,96.6000,24.4800,1.799489
_0584_,VPWR,li1,90.8500,24.4800,1.799507
_0583_,VPWR,li1,131.3300,35.3600,1.799760
_0582_,VPWR,li1,117.9900,40.8000,1.799470
_0581_,VPWR,li1,38.4100,46.2400,1.799885
_0580_,VPWR,li1,33.3500,51.6800,1.799862
_0579_,VPWR,li1,29.6700,46.2400,1.799919
_0578_,VPWR,li1,28.5200,51.6800,1.799891
_0577_,VPWR,li1,25.9900,57.1200,1.799907
_0576_,VPWR,li1,68.0800,46.2400,1.799810
_0575_,VPWR,li1,82.1100,46.2400,1.799790
_0574_,VPWR,li1,116.3800,46.2400,1.799759
_0573_,VPWR,li1,108.7900,51.6800,1.799583
_0572_,VPWR,li1,126.7300,24.4800,1.799449
_0571_,VPWR,li1,107.4100,24.4800,1.799465
_0570_,VPWR,li1,60.0300,19.0400,1.799713
_0569_,VPWR,li1,59.1100,24.4800,1.799644
_0568_,VPWR,li1,55.4300,29.9200,1.799803
_0567_,VPWR,li1,54.7400,19.0400,1.799737
_0566_,VPWR,li1,52.6700,13.6000,1.799844
_0565_,VPWR,li1,80.9600,19.0400,1.799640
_0564_,VPWR,li1,79.3500,24.4800,1.799558
_0563_,VPWR,li1,110.8600,29.9200,1.799708
_0562_,VPWR,li1,106.4900,29.9200,1.799710
_0561_,VPWR,li1,126.7300,68.0000,1.799547
_0560_,VPWR,li1,120.7500,68.0000,1.799549
_0559_,VPWR,li1,123.7400,68.0000,1.799548
_0558_,VPWR,li1,112.4700,68.0000,1.799557
_0557_,VPWR,li1,89.0100,68.0000,1.799600
_0556_,VPWR,li1,42.5500,73.4400,1.799784
_0555_,VPWR,li1,34.0400,68.0000,1.799825
_0554_,VPWR,li1,41.6300,73.4400,1.799784
_0553_,VPWR,li1,84.8700,68.0000,1.799609
_0552_,VPWR,li1,86.0200,68.0000,1.799609
_0551_,VPWR,li1,90.3900,62.5600,1.799507
_0550_,VPWR,li1,126.7300,46.2400,1.799757
_0549_,VPWR,li1,120.2900,40.8000,1.799468
_0548_,VPWR,li1,38.4100,40.8000,1.799779
_0547_,VPWR,li1,38.8700,35.3600,1.799899
_0546_,VPWR,li1,34.7300,35.3600,1.799913
_0545_,VPWR,li1,28.9800,35.3600,1.799931
_0544_,VPWR,li1,25.0700,46.2400,1.799937
_0543_,VPWR,li1,69.0000,35.3600,1.799825
_0542_,VPWR,li1,65.5500,35.3600,1.799832
_0541_,VPWR,li1,115.0000,40.8000,1.799474
_0540_,VPWR,li1,106.9500,40.8000,1.799489
_0539_,VPWR,li1,126.2700,57.1200,1.799624
_0538_,VPWR,li1,123.0500,73.4400,1.799582
_0537_,VPWR,li1,32.8900,73.4400,1.799835
_0536_,VPWR,li1,29.6700,73.4400,1.799867
_0535_,VPWR,li1,28.2900,73.4400,1.799867
_0534_,VPWR,li1,28.0600,78.8800,1.799930
_0533_,VPWR,li1,26.9100,68.0000,1.799881
_0532_,VPWR,li1,72.2200,68.0000,1.799651
_0531_,VPWR,li1,71.9900,62.5600,1.799602
_0530_,VPWR,li1,117.7600,73.4400,1.799586
_0529_,VPWR,li1,114.7700,78.8800,1.799731
_0528_,VPWR,li1,127.1900,84.3200,1.799719
_0527_,VPWR,li1,121.2100,89.7600,1.799296
_0526_,VPWR,li1,36.1100,89.7600,1.799709
_0525_,VPWR,li1,33.3500,89.7600,1.799738
_0524_,VPWR,li1,27.3700,95.2000,1.799875
_0523_,VPWR,li1,29.4400,89.7600,1.799783
_0522_,VPWR,li1,20.9300,89.7600,1.799875
_0521_,VPWR,li1,103.5000,95.2000,1.799490
_0520_,VPWR,li1,117.9900,95.2000,1.799468
_0519_,VPWR,li1,114.5400,95.2000,1.799473
_0518_,VPWR,li1,115.6900,84.3200,1.799722
_0517_,VPWR,li1,128.5700,84.3200,1.799719
_0516_,VPWR,li1,101.2000,89.7600,1.799330
_0515_,VPWR,li1,94.3000,89.7600,1.799345
_0514_,VPWR,li1,38.8700,89.7600,1.799678
_0513_,VPWR,li1,41.4000,95.2000,1.799772
_0512_,VPWR,li1,39.7900,89.7600,1.799678
_0511_,VPWR,li1,84.8700,84.3200,1.799750
_0510_,VPWR,li1,100.2800,84.3200,1.799732
_0509_,VPWR,li1,103.2700,84.3200,1.799729
_0508_,VPWR,li1,91.3100,84.3200,1.799741
_0507_,VPWR,li1,88.5500,100.6400,1.799650
_0506_,VPWR,li1,129.9500,51.6800,1.799561
_0505_,VPWR,li1,100.2800,40.8000,1.799499
_0504_,VPWR,li1,58.6500,40.8000,1.799660
_0503_,VPWR,li1,52.6700,40.8000,1.799687
_0502_,VPWR,li1,46.2300,40.8000,1.799727
_0501_,VPWR,li1,55.2000,40.8000,1.799672
_0500_,VPWR,li1,48.0700,35.3600,1.799873
_0499_,VPWR,li1,80.5000,40.8000,1.799559
_0498_,VPWR,li1,73.3700,40.8000,1.799586
_0497_,VPWR,li1,93.3800,40.8000,1.799517
_0496_,VPWR,li1,97.7500,40.8000,1.799504
_0495_,VPWR,li1,125.3500,24.4800,1.799449
_0494_,VPWR,li1,123.0500,24.4800,1.799449
_0493_,VPWR,li1,36.1100,24.4800,1.799784
_0492_,VPWR,li1,32.8900,24.4800,1.799799
_0491_,VPWR,li1,29.6700,24.4800,1.799831
_0490_,VPWR,li1,28.5200,29.9200,1.799916
_0489_,VPWR,li1,24.1500,35.3600,1.799949
_0488_,VPWR,li1,83.7200,29.9200,1.799737
_0487_,VPWR,li1,81.1900,35.3600,1.799802
_0486_,VPWR,li1,124.2000,24.4800,1.799449
_0485_,VPWR,li1,116.6100,29.9200,1.799703
_0484_,VPWR,li1,126.7300,73.4400,1.799582
_0483_,VPWR,li1,79.1200,78.8800,1.799762
_0482_,VPWR,li1,71.0700,78.8800,1.799782
_0481_,VPWR,li1,52.2100,84.3200,1.799822
_0480_,VPWR,li1,51.9800,78.8800,1.799836
_0479_,VPWR,li1,68.3100,78.8800,1.799787
_0478_,VPWR,li1,72.2200,78.8800,1.799777
_0477_,VPWR,li1,67.3900,78.8800,1.799787
_0476_,VPWR,li1,74.0600,73.4400,1.799663
_0475_,VPWR,li1,84.8700,73.4400,1.799639
_0474_,VPWR,li1,48.0700,78.8800,1.799852
_0473_,VPWR,li1,135.4700,19.0400,1.799580
_0472_,VPWR,li1,103.0400,24.4800,1.799471
_0471_,VPWR,li1,36.5700,24.4800,1.799771
_0470_,VPWR,li1,31.5100,29.9200,1.799899
_0469_,VPWR,li1,25.5300,24.4800,1.799862
_0468_,VPWR,li1,28.5200,19.0400,1.799887
_0467_,VPWR,li1,25.5300,13.6000,1.799940
_0466_,VPWR,li1,68.0800,29.9200,1.799767
_0465_,VPWR,li1,68.3100,24.4800,1.799598
_0464_,VPWR,li1,101.2000,19.0400,1.799599
_0463_,VPWR,li1,94.0700,29.9200,1.799723
_0462_,VPWR,li1,110.8600,111.5200,1.799127
_0461_,VPWR,li1,104.4200,111.5200,1.799156
_0460_,VPWR,li1,129.4900,116.9600,1.798967
_0459_,VPWR,li1,113.8500,106.0800,1.799581
_0458_,VPWR,li1,131.3300,116.9600,1.798965
_0457_,VPWR,li1,135.0100,127.8400,1.799447
_0456_,VPWR,li1,135.0100,122.4000,1.799160
_0455_,VPWR,li1,84.4100,133.2800,1.799428
_0454_,VPWR,li1,78.8900,111.5200,1.799281
_0453_,VPWR,li1,115.6900,111.5200,1.799117
_0452_,VPWR,li1,103.2700,111.5200,1.799156
_0451_,VPWR,li1,125.8100,106.0800,1.799572
_0450_,VPWR,li1,132.7100,100.6400,1.799616
_0449_,VPWR,li1,132.7100,95.2000,1.799456
_0448_,VPWR,li1,131.3300,111.5200,1.799096
_0447_,VPWR,li1,128.1100,106.0800,1.799572
_0446_,VPWR,li1,131.5600,111.5200,1.799096
_0445_,VPWR,li1,133.6300,111.5200,1.799095
_0444_,VPWR,li1,93.1500,127.8400,1.799519
_0443_,VPWR,li1,124.4300,116.9600,1.798979
_0442_,VPWR,li1,115.4600,116.9600,1.799007
_0441_,VPWR,li1,112.2400,116.9600,1.799015
_0440_,VPWR,li1,94.5300,106.0800,1.799621
_0439_,VPWR,li1,93.6100,127.8400,1.799519
_0438_,VPWR,li1,99.5900,116.9600,1.799069
_0437_,VPWR,li1,104.1900,78.8800,1.799739
_0436_,VPWR,li1,55.4300,100.6400,1.799746
_0435_,VPWR,li1,104.1900,84.3200,1.799729
_0434_,VPWR,li1,62.1000,95.2000,1.799649
_0433_,VPWR,li1,105.5700,84.3200,1.799727
_0432_,VPWR,li1,72.2200,95.2000,1.799601
_0431_,VPWR,li1,102.8100,100.6400,1.799637
_0430_,VPWR,li1,65.7800,100.6400,1.799705
_0429_,VPWR,li1,37.9500,100.6400,1.799830
_0428_,VPWR,li1,51.9800,100.6400,1.799761
_0427_,VPWR,li1,35.6500,78.8800,1.799905
_0426_,VPWR,li1,52.9000,95.2000,1.799699
_0425_,VPWR,li1,36.1100,106.0800,1.799881
_0424_,VPWR,li1,52.4400,100.6400,1.799761
_0423_,VPWR,li1,30.5900,84.3200,1.799918
_0422_,VPWR,li1,50.3700,95.2000,1.799723
_0421_,VPWR,li1,102.8100,84.3200,1.799729
_0420_,VPWR,li1,66.2400,95.2000,1.799627
_0419_,VPWR,li1,101.4300,100.6400,1.799637
_0418_,VPWR,li1,66.7000,100.6400,1.799705
_0417_,VPWR,li1,102.8100,78.8800,1.799739
_0416_,VPWR,li1,66.2400,95.2000,1.799627
_0415_,VPWR,li1,93.6100,100.6400,1.799645
_0414_,VPWR,li1,62.7900,100.6400,1.799721
_0413_,VPWR,li1,37.4900,84.3200,1.799879
_0412_,VPWR,li1,54.2800,95.2000,1.799699
_0411_,VPWR,li1,32.4300,95.2000,1.799844
_0410_,VPWR,li1,58.6500,100.6400,1.799738
_0409_,VPWR,li1,34.2700,78.8800,1.799905
_0408_,VPWR,li1,48.5300,100.6400,1.799776
_0407_,VPWR,li1,56.3500,84.3200,1.799814
_0406_,VPWR,li1,80.9600,106.0800,1.799670
_0405_,VPWR,li1,87.1700,122.4000,1.799289
_0404_,VPWR,li1,75.6700,127.8400,1.799587
_0403_,VPWR,li1,81.1900,127.8400,1.799562
_0402_,VPWR,li1,71.9900,133.2800,1.799501
_0401_,VPWR,li1,82.1100,111.5200,1.799266
_0400_,VPWR,li1,122.5900,111.5200,1.799104
_0399_,VPWR,li1,119.3700,111.5200,1.799107
_0398_,VPWR,li1,69.9200,100.6400,1.799696
_0397_,VPWR,li1,55.8900,100.6400,1.799746
_0396_,VPWR,li1,82.1100,116.9600,1.799190
_0395_,VPWR,li1,92.6900,111.5200,1.799202
_0394_,VPWR,li1,106.7200,111.5200,1.799143
_0393_,VPWR,li1,112.9300,116.9600,1.799015
_0392_,VPWR,li1,92.6900,122.4000,1.799264
_0391_,VPWR,li1,73.8300,138.7200,1.799722
_0390_,VPWR,li1,98.2100,122.4000,1.799236
