
===========================================================================
report_checks -path_delay max (Setup)
============================================================================
======================= nom_tt_025C_1v80 Corner ===================================

Startpoint: _0796_ (rising edge-triggered flip-flop clocked by clk)
Endpoint: PSEL1 (output port clocked by clk)
Path Group: clk
Path Type: max

Fanout         Cap        Slew       Delay        Time   Description
---------------------------------------------------------------------------------------------
                                  0.000000    0.000000   clock clk (rise edge)
                                  0.000000    0.000000   clock source latency
     1    0.014116    0.069485    0.047298    0.047298 ^ clk (in)
                                                         clk (net)
                      0.069487    0.000000    0.047298 ^ clkbuf_0_clk/A (sky130_fd_sc_hd__clkbuf_16)
     2    0.017377    0.039622    0.131940    0.179238 ^ clkbuf_0_clk/X (sky130_fd_sc_hd__clkbuf_16)
                                                         clknet_0_clk (net)
                      0.039631    0.000046    0.179284 ^ clkbuf_1_1__f_clk/A (sky130_fd_sc_hd__clkbuf_16)
    10    0.026352    0.047507    0.129632    0.308915 ^ clkbuf_1_1__f_clk/X (sky130_fd_sc_hd__clkbuf_16)
                                                         clknet_1_1__leaf_clk (net)
                      0.047507    0.000094    0.309009 ^ _0796_/CLK (sky130_fd_sc_hd__dfrtp_1)
     5    0.012500    0.081170    0.402848    0.711856 v _0796_/Q (sky130_fd_sc_hd__dfrtp_1)
                                                         current_state[1] (net)
                      0.081170    0.000022    0.711878 v fanout242/A (sky130_fd_sc_hd__clkbuf_2)
    10    0.022372    0.090171    0.172020    0.883898 v fanout242/X (sky130_fd_sc_hd__clkbuf_2)
                                                         net242 (net)
                      0.090171    0.000101    0.883998 v _0438_/A (sky130_fd_sc_hd__or4b_4)
     6    0.017748    0.110101    0.589995    1.473993 v _0438_/X (sky130_fd_sc_hd__or4b_4)
                                                         _0125_ (net)
                      0.110101    0.000120    1.474113 v _0439_/A (sky130_fd_sc_hd__inv_2)
     1    0.003384    0.037398    0.065017    1.539130 ^ _0439_/Y (sky130_fd_sc_hd__inv_2)
                                                         net88 (net)
                      0.037398    0.000019    1.539149 ^ fanout181/A (sky130_fd_sc_hd__clkbuf_2)
     8    0.022959    0.129932    0.163354    1.702503 ^ fanout181/X (sky130_fd_sc_hd__clkbuf_2)
                                                         net181 (net)
                      0.129932    0.000070    1.702573 ^ fanout180/A (sky130_fd_sc_hd__clkbuf_4)
    10    0.040419    0.129728    0.229093    1.931666 ^ fanout180/X (sky130_fd_sc_hd__clkbuf_4)
                                                         net180 (net)
                      0.129728    0.000535    1.932201 ^ _0443_/A (sky130_fd_sc_hd__nor2_2)
     6    0.018821    0.062445    0.091345    2.023546 v _0443_/Y (sky130_fd_sc_hd__nor2_2)
                                                         _0129_ (net)
                      0.062445    0.000031    2.023577 v _0446_/A2 (sky130_fd_sc_hd__a211oi_1)
     1    0.004010    0.219864    0.255684    2.279261 ^ _0446_/Y (sky130_fd_sc_hd__a211oi_1)
                                                         net67 (net)
                      0.219864    0.000043    2.279304 ^ output67/A (sky130_fd_sc_hd__buf_2)
     1    0.035566    0.176663    0.257461    2.536765 ^ output67/X (sky130_fd_sc_hd__buf_2)
                                                         PSEL1 (net)
                      0.176663    0.000397    2.537162 ^ PSEL1 (out)
                                              2.537162   data arrival time

                                 20.000000   20.000000   clock clk (rise edge)
                                  0.000000   20.000000   clock network delay (propagated)
                                 -0.250000   19.750002   clock uncertainty
                                  0.000000   19.750002   clock reconvergence pessimism
                                 -4.000000   15.750001   output external delay
                                             15.750001   data required time
---------------------------------------------------------------------------------------------
                                             15.750001   data required time
                                             -2.537162   data arrival time
---------------------------------------------------------------------------------------------
                                             13.212839   slack (MET)


Startpoint: _0796_ (rising edge-triggered flip-flop clocked by clk)
Endpoint: PSEL3 (output port clocked by clk)
Path Group: clk
Path Type: max

Fanout         Cap        Slew       Delay        Time   Description
---------------------------------------------------------------------------------------------
                                  0.000000    0.000000   clock clk (rise edge)
                                  0.000000    0.000000   clock source latency
     1    0.014116    0.069485    0.047298    0.047298 ^ clk (in)
                                                         clk (net)
                      0.069487    0.000000    0.047298 ^ clkbuf_0_clk/A (sky130_fd_sc_hd__clkbuf_16)
     2    0.017377    0.039622    0.131940    0.179238 ^ clkbuf_0_clk/X (sky130_fd_sc_hd__clkbuf_16)
                                                         clknet_0_clk (net)
                      0.039631    0.000046    0.179284 ^ clkbuf_1_1__f_clk/A (sky130_fd_sc_hd__clkbuf_16)
    10    0.026352    0.047507    0.129632    0.308915 ^ clkbuf_1_1__f_clk/X (sky130_fd_sc_hd__clkbuf_16)
                                                         clknet_1_1__leaf_clk (net)
                      0.047507    0.000094    0.309009 ^ _0796_/CLK (sky130_fd_sc_hd__dfrtp_1)
     5    0.012500    0.081170    0.402848    0.711856 v _0796_/Q (sky130_fd_sc_hd__dfrtp_1)
                                                         current_state[1] (net)
                      0.081170    0.000022    0.711878 v fanout242/A (sky130_fd_sc_hd__clkbuf_2)
    10    0.022372    0.090171    0.172020    0.883898 v fanout242/X (sky130_fd_sc_hd__clkbuf_2)
                                                         net242 (net)
                      0.090171    0.000101    0.883998 v _0438_/A (sky130_fd_sc_hd__or4b_4)
     6    0.017748    0.110101    0.589995    1.473993 v _0438_/X (sky130_fd_sc_hd__or4b_4)
                                                         _0125_ (net)
                      0.110101    0.000120    1.474113 v _0439_/A (sky130_fd_sc_hd__inv_2)
     1    0.003384    0.037398    0.065017    1.539130 ^ _0439_/Y (sky130_fd_sc_hd__inv_2)
                                                         net88 (net)
                      0.037398    0.000019    1.539149 ^ fanout181/A (sky130_fd_sc_hd__clkbuf_2)
     8    0.022959    0.129932    0.163354    1.702503 ^ fanout181/X (sky130_fd_sc_hd__clkbuf_2)
                                                         net181 (net)
                      0.129932    0.000070    1.702573 ^ fanout180/A (sky130_fd_sc_hd__clkbuf_4)
    10    0.040419    0.129728    0.229093    1.931666 ^ fanout180/X (sky130_fd_sc_hd__clkbuf_4)
                                                         net180 (net)
                      0.129728    0.000535    1.932201 ^ _0443_/A (sky130_fd_sc_hd__nor2_2)
     6    0.018821    0.062445    0.091345    2.023546 v _0443_/Y (sky130_fd_sc_hd__nor2_2)
                                                         _0129_ (net)
                      0.062445    0.000036    2.023582 v _0445_/B (sky130_fd_sc_hd__nand2_1)
     4    0.008084    0.090730    0.101874    2.125457 ^ _0445_/Y (sky130_fd_sc_hd__nand2_1)
                                                         _0131_ (net)
                      0.090730    0.000006    2.125462 ^ _0448_/C (sky130_fd_sc_hd__and3b_1)
     1    0.003630    0.056776    0.167792    2.293254 ^ _0448_/X (sky130_fd_sc_hd__and3b_1)
                                                         net69 (net)
                      0.056776    0.000033    2.293287 ^ output69/A (sky130_fd_sc_hd__buf_2)
     1    0.035084    0.173957    0.205368    2.498655 ^ output69/X (sky130_fd_sc_hd__buf_2)
                                                         PSEL3 (net)
                      0.173957    0.000337    2.498992 ^ PSEL3 (out)
                                              2.498992   data arrival time

                                 20.000000   20.000000   clock clk (rise edge)
                                  0.000000   20.000000   clock network delay (propagated)
                                 -0.250000   19.750002   clock uncertainty
                                  0.000000   19.750002   clock reconvergence pessimism
                                 -4.000000   15.750001   output external delay
                                             15.750001   data required time
---------------------------------------------------------------------------------------------
                                             15.750001   data required time
                                             -2.498992   data arrival time
---------------------------------------------------------------------------------------------
                                             13.251009   slack (MET)


Startpoint: _0796_ (rising edge-triggered flip-flop clocked by clk)
Endpoint: PSEL2 (output port clocked by clk)
Path Group: clk
Path Type: max

Fanout         Cap        Slew       Delay        Time   Description
---------------------------------------------------------------------------------------------
                                  0.000000    0.000000   clock clk (rise edge)
                                  0.000000    0.000000   clock source latency
     1    0.014116    0.069485    0.047298    0.047298 ^ clk (in)
                                                         clk (net)
                      0.069487    0.000000    0.047298 ^ clkbuf_0_clk/A (sky130_fd_sc_hd__clkbuf_16)
     2    0.017377    0.039622    0.131940    0.179238 ^ clkbuf_0_clk/X (sky130_fd_sc_hd__clkbuf_16)
                                                         clknet_0_clk (net)
                      0.039631    0.000046    0.179284 ^ clkbuf_1_1__f_clk/A (sky130_fd_sc_hd__clkbuf_16)
    10    0.026352    0.047507    0.129632    0.308915 ^ clkbuf_1_1__f_clk/X (sky130_fd_sc_hd__clkbuf_16)
                                                         clknet_1_1__leaf_clk (net)
                      0.047507    0.000094    0.309009 ^ _0796_/CLK (sky130_fd_sc_hd__dfrtp_1)
     5    0.012500    0.081170    0.402848    0.711856 v _0796_/Q (sky130_fd_sc_hd__dfrtp_1)
                                                         current_state[1] (net)
                      0.081170    0.000022    0.711878 v fanout242/A (sky130_fd_sc_hd__clkbuf_2)
    10    0.022372    0.090171    0.172020    0.883898 v fanout242/X (sky130_fd_sc_hd__clkbuf_2)
                                                         net242 (net)
                      0.090171    0.000101    0.883998 v _0438_/A (sky130_fd_sc_hd__or4b_4)
     6    0.017748    0.110101    0.589995    1.473993 v _0438_/X (sky130_fd_sc_hd__or4b_4)
                                                         _0125_ (net)
                      0.110101    0.000120    1.474113 v _0439_/A (sky130_fd_sc_hd__inv_2)
     1    0.003384    0.037398    0.065017    1.539130 ^ _0439_/Y (sky130_fd_sc_hd__inv_2)
                                                         net88 (net)
                      0.037398    0.000019    1.539149 ^ fanout181/A (sky130_fd_sc_hd__clkbuf_2)
     8    0.022959    0.129932    0.163354    1.702503 ^ fanout181/X (sky130_fd_sc_hd__clkbuf_2)
                                                         net181 (net)
                      0.129932    0.000070    1.702573 ^ fanout180/A (sky130_fd_sc_hd__clkbuf_4)
    10    0.040419    0.129728    0.229093    1.931666 ^ fanout180/X (sky130_fd_sc_hd__clkbuf_4)
                                                         net180 (net)
                      0.129728    0.000535    1.932201 ^ _0443_/A (sky130_fd_sc_hd__nor2_2)
     6    0.018821    0.062445    0.091345    2.023546 v _0443_/Y (sky130_fd_sc_hd__nor2_2)
                                                         _0129_ (net)
                      0.062445    0.000036    2.023582 v _0445_/B (sky130_fd_sc_hd__nand2_1)
     4    0.008084    0.090730    0.101874    2.125457 ^ _0445_/Y (sky130_fd_sc_hd__nand2_1)
                                                         _0131_ (net)
                      0.090730    0.000012    2.125468 ^ _0447_/B (sky130_fd_sc_hd__and3b_1)
     1    0.002652    0.050086    0.154518    2.279986 ^ _0447_/X (sky130_fd_sc_hd__and3b_1)
                                                         net68 (net)
                      0.050086    0.000010    2.279996 ^ output68/A (sky130_fd_sc_hd__buf_2)
     1    0.034545    0.171399    0.201154    2.481150 ^ output68/X (sky130_fd_sc_hd__buf_2)
                                                         PSEL2 (net)
                      0.171399    0.000209    2.481359 ^ PSEL2 (out)
                                              2.481359   data arrival time

                                 20.000000   20.000000   clock clk (rise edge)
                                  0.000000   20.000000   clock network delay (propagated)
                                 -0.250000   19.750002   clock uncertainty
                                  0.000000   19.750002   clock reconvergence pessimism
                                 -4.000000   15.750001   output external delay
                                             15.750001   data required time
---------------------------------------------------------------------------------------------
                                             15.750001   data required time
                                             -2.481359   data arrival time
---------------------------------------------------------------------------------------------
                                             13.268641   slack (MET)


Startpoint: _0796_ (rising edge-triggered flip-flop clocked by clk)
Endpoint: PSEL4 (output port clocked by clk)
Path Group: clk
Path Type: max

Fanout         Cap        Slew       Delay        Time   Description
---------------------------------------------------------------------------------------------
                                  0.000000    0.000000   clock clk (rise edge)
                                  0.000000    0.000000   clock source latency
     1    0.014116    0.069485    0.047298    0.047298 ^ clk (in)
                                                         clk (net)
                      0.069487    0.000000    0.047298 ^ clkbuf_0_clk/A (sky130_fd_sc_hd__clkbuf_16)
     2    0.017377    0.039622    0.131940    0.179238 ^ clkbuf_0_clk/X (sky130_fd_sc_hd__clkbuf_16)
                                                         clknet_0_clk (net)
                      0.039631    0.000046    0.179284 ^ clkbuf_1_1__f_clk/A (sky130_fd_sc_hd__clkbuf_16)
    10    0.026352    0.047507    0.129632    0.308915 ^ clkbuf_1_1__f_clk/X (sky130_fd_sc_hd__clkbuf_16)
                                                         clknet_1_1__leaf_clk (net)
                      0.047507    0.000094    0.309009 ^ _0796_/CLK (sky130_fd_sc_hd__dfrtp_1)
     5    0.012500    0.081170    0.402848    0.711856 v _0796_/Q (sky130_fd_sc_hd__dfrtp_1)
                                                         current_state[1] (net)
                      0.081170    0.000022    0.711878 v fanout242/A (sky130_fd_sc_hd__clkbuf_2)
    10    0.022372    0.090171    0.172020    0.883898 v fanout242/X (sky130_fd_sc_hd__clkbuf_2)
                                                         net242 (net)
                      0.090171    0.000101    0.883998 v _0438_/A (sky130_fd_sc_hd__or4b_4)
     6    0.017748    0.110101    0.589995    1.473993 v _0438_/X (sky130_fd_sc_hd__or4b_4)
                                                         _0125_ (net)
                      0.110101    0.000120    1.474113 v _0439_/A (sky130_fd_sc_hd__inv_2)
     1    0.003384    0.037398    0.065017    1.539130 ^ _0439_/Y (sky130_fd_sc_hd__inv_2)
                                                         net88 (net)
                      0.037398    0.000019    1.539149 ^ fanout181/A (sky130_fd_sc_hd__clkbuf_2)
     8    0.022959    0.129932    0.163354    1.702503 ^ fanout181/X (sky130_fd_sc_hd__clkbuf_2)
                                                         net181 (net)
                      0.129932    0.000070    1.702573 ^ fanout180/A (sky130_fd_sc_hd__clkbuf_4)
    10    0.040419    0.129728    0.229093    1.931666 ^ fanout180/X (sky130_fd_sc_hd__clkbuf_4)
                                                         net180 (net)
                      0.129728    0.000535    1.932201 ^ _0443_/A (sky130_fd_sc_hd__nor2_2)
     6    0.018821    0.062445    0.091345    2.023546 v _0443_/Y (sky130_fd_sc_hd__nor2_2)
                                                         _0129_ (net)
                      0.062445    0.000036    2.023582 v _0445_/B (sky130_fd_sc_hd__nand2_1)
     4    0.008084    0.090730    0.101874    2.125457 ^ _0445_/Y (sky130_fd_sc_hd__nand2_1)
                                                         _0131_ (net)
                      0.090730    0.000024    2.125481 ^ _0449_/C (sky130_fd_sc_hd__and3_1)
     1    0.002116    0.044971    0.150816    2.276296 ^ _0449_/X (sky130_fd_sc_hd__and3_1)
                                                         net70 (net)
                      0.044971    0.000004    2.276300 ^ output70/A (sky130_fd_sc_hd__buf_2)
     1    0.034091    0.169272    0.197761    2.474061 ^ output70/X (sky130_fd_sc_hd__buf_2)
                                                         PSEL4 (net)
                      0.169272    0.000103    2.474164 ^ PSEL4 (out)
                                              2.474164   data arrival time

                                 20.000000   20.000000   clock clk (rise edge)
                                  0.000000   20.000000   clock network delay (propagated)
                                 -0.250000   19.750002   clock uncertainty
                                  0.000000   19.750002   clock reconvergence pessimism
                                 -4.000000   15.750001   output external delay
                                             15.750001   data required time
---------------------------------------------------------------------------------------------
                                             15.750001   data required time
                                             -2.474164   data arrival time
---------------------------------------------------------------------------------------------
                                             13.275837   slack (MET)


Startpoint: _0796_ (rising edge-triggered flip-flop clocked by clk)
Endpoint: PWRITE (output port clocked by clk)
Path Group: clk
Path Type: max

Fanout         Cap        Slew       Delay        Time   Description
---------------------------------------------------------------------------------------------
                                  0.000000    0.000000   clock clk (rise edge)
                                  0.000000    0.000000   clock source latency
     1    0.014116    0.069485    0.047298    0.047298 ^ clk (in)
                                                         clk (net)
                      0.069487    0.000000    0.047298 ^ clkbuf_0_clk/A (sky130_fd_sc_hd__clkbuf_16)
     2    0.017377    0.039622    0.131940    0.179238 ^ clkbuf_0_clk/X (sky130_fd_sc_hd__clkbuf_16)
                                                         clknet_0_clk (net)
                      0.039631    0.000046    0.179284 ^ clkbuf_1_1__f_clk/A (sky130_fd_sc_hd__clkbuf_16)
    10    0.026352    0.047507    0.129632    0.308915 ^ clkbuf_1_1__f_clk/X (sky130_fd_sc_hd__clkbuf_16)
                                                         clknet_1_1__leaf_clk (net)
                      0.047507    0.000094    0.309009 ^ _0796_/CLK (sky130_fd_sc_hd__dfrtp_1)
     5    0.012500    0.081170    0.402848    0.711856 v _0796_/Q (sky130_fd_sc_hd__dfrtp_1)
                                                         current_state[1] (net)
                      0.081170    0.000022    0.711878 v fanout242/A (sky130_fd_sc_hd__clkbuf_2)
    10    0.022372    0.090171    0.172020    0.883898 v fanout242/X (sky130_fd_sc_hd__clkbuf_2)
                                                         net242 (net)
                      0.090171    0.000101    0.883998 v _0438_/A (sky130_fd_sc_hd__or4b_4)
     6    0.017748    0.110101    0.589995    1.473993 v _0438_/X (sky130_fd_sc_hd__or4b_4)
                                                         _0125_ (net)
                      0.110101    0.000120    1.474113 v _0439_/A (sky130_fd_sc_hd__inv_2)
     1    0.003384    0.037398    0.065017    1.539130 ^ _0439_/Y (sky130_fd_sc_hd__inv_2)
                                                         net88 (net)
                      0.037398    0.000019    1.539149 ^ fanout181/A (sky130_fd_sc_hd__clkbuf_2)
     8    0.022959    0.129932    0.163354    1.702503 ^ fanout181/X (sky130_fd_sc_hd__clkbuf_2)
                                                         net181 (net)
                      0.129932    0.000070    1.702573 ^ fanout180/A (sky130_fd_sc_hd__clkbuf_4)
    10    0.040419    0.129728    0.229093    1.931666 ^ fanout180/X (sky130_fd_sc_hd__clkbuf_4)
                                                         net180 (net)
                      0.129728    0.000535    1.932201 ^ _0443_/A (sky130_fd_sc_hd__nor2_2)
     6    0.018821    0.062445    0.091345    2.023546 v _0443_/Y (sky130_fd_sc_hd__nor2_2)
                                                         _0129_ (net)
                      0.062445    0.000036    2.023582 v _0445_/B (sky130_fd_sc_hd__nand2_1)
     4    0.008084    0.090730    0.101874    2.125457 ^ _0445_/Y (sky130_fd_sc_hd__nand2_1)
                                                         _0131_ (net)
                      0.090730    0.000019    2.125476 ^ _0450_/B (sky130_fd_sc_hd__and2_1)
     1    0.002083    0.041526    0.122227    2.247703 ^ _0450_/X (sky130_fd_sc_hd__and2_1)
                                                         net87 (net)
                      0.041526    0.000003    2.247706 ^ output87/A (sky130_fd_sc_hd__buf_2)
     1    0.034388    0.170660    0.197378    2.445084 ^ output87/X (sky130_fd_sc_hd__buf_2)
                                                         PWRITE (net)
                      0.170660    0.000173    2.445256 ^ PWRITE (out)
                                              2.445256   data arrival time

                                 20.000000   20.000000   clock clk (rise edge)
                                  0.000000   20.000000   clock network delay (propagated)
                                 -0.250000   19.750002   clock uncertainty
                                  0.000000   19.750002   clock reconvergence pessimism
                                 -4.000000   15.750001   output external delay
                                             15.750001   data required time
---------------------------------------------------------------------------------------------
                                             15.750001   data required time
                                             -2.445256   data arrival time
---------------------------------------------------------------------------------------------
                                             13.304745   slack (MET)


Startpoint: _0798_ (rising edge-triggered flip-flop clocked by clk)
Endpoint: rlast (output port clocked by clk)
Path Group: clk
Path Type: max

Fanout         Cap        Slew       Delay        Time   Description
---------------------------------------------------------------------------------------------
                                  0.000000    0.000000   clock clk (rise edge)
                                  0.000000    0.000000   clock source latency
     1    0.014116    0.069485    0.047298    0.047298 ^ clk (in)
                                                         clk (net)
                      0.069487    0.000000    0.047298 ^ clkbuf_0_clk/A (sky130_fd_sc_hd__clkbuf_16)
     2    0.017377    0.039622    0.131940    0.179238 ^ clkbuf_0_clk/X (sky130_fd_sc_hd__clkbuf_16)
                                                         clknet_0_clk (net)
                      0.039631    0.000046    0.179284 ^ clkbuf_1_1__f_clk/A (sky130_fd_sc_hd__clkbuf_16)
    10    0.026352    0.047507    0.129632    0.308915 ^ clkbuf_1_1__f_clk/X (sky130_fd_sc_hd__clkbuf_16)
                                                         clknet_1_1__leaf_clk (net)
                      0.047507    0.000119    0.309034 ^ _0798_/CLK (sky130_fd_sc_hd__dfrtp_1)
     3    0.009595    0.068675    0.391093    0.700128 v _0798_/Q (sky130_fd_sc_hd__dfrtp_1)
                                                         current_state[3] (net)
                      0.068675    0.000019    0.700146 v fanout240/A (sky130_fd_sc_hd__clkbuf_2)
    10    0.022946    0.092198    0.167982    0.868128 v fanout240/X (sky130_fd_sc_hd__clkbuf_2)
                                                         net240 (net)
                      0.092198    0.000086    0.868214 v _0453_/B (sky130_fd_sc_hd__or4bb_1)
     1    0.003005    0.083122    0.482801    1.351015 v _0453_/X (sky130_fd_sc_hd__or4bb_1)
                                                         _0133_ (net)
                      0.083122    0.000017    1.351032 v fanout187/A (sky130_fd_sc_hd__clkbuf_4)
    10    0.037015    0.084246    0.204236    1.555269 v fanout187/X (sky130_fd_sc_hd__clkbuf_4)
                                                         net187 (net)
                      0.084246    0.000287    1.555556 v _0454_/A (sky130_fd_sc_hd__inv_2)
    10    0.030948    0.144670    0.146608    1.702164 ^ _0454_/Y (sky130_fd_sc_hd__inv_2)
                                                         net109 (net)
                      0.144670    0.000162    1.702326 ^ _0455_/B (sky130_fd_sc_hd__and2_1)
     1    0.002276    0.043855    0.137339    1.839666 ^ _0455_/X (sky130_fd_sc_hd__and2_1)
                                                         net108 (net)
                      0.043855    0.000006    1.839672 ^ output108/A (sky130_fd_sc_hd__buf_2)
     1    0.034437    0.170915    0.198397    2.038069 ^ output108/X (sky130_fd_sc_hd__buf_2)
                                                         rlast (net)
                      0.170915    0.000224    2.038293 ^ rlast (out)
                                              2.038293   data arrival time

                                 20.000000   20.000000   clock clk (rise edge)
                                  0.000000   20.000000   clock network delay (propagated)
                                 -0.250000   19.750002   clock uncertainty
                                  0.000000   19.750002   clock reconvergence pessimism
                                 -4.000000   15.750001   output external delay
                                             15.750001   data required time
---------------------------------------------------------------------------------------------
                                             15.750001   data required time
                                             -2.038293   data arrival time
---------------------------------------------------------------------------------------------
                                             13.711708   slack (MET)


Startpoint: _0798_ (rising edge-triggered flip-flop clocked by clk)
Endpoint: rvalid (output port clocked by clk)
Path Group: clk
Path Type: max

Fanout         Cap        Slew       Delay        Time   Description
---------------------------------------------------------------------------------------------
                                  0.000000    0.000000   clock clk (rise edge)
                                  0.000000    0.000000   clock source latency
     1    0.014116    0.069485    0.047298    0.047298 ^ clk (in)
                                                         clk (net)
                      0.069487    0.000000    0.047298 ^ clkbuf_0_clk/A (sky130_fd_sc_hd__clkbuf_16)
     2    0.017377    0.039622    0.131940    0.179238 ^ clkbuf_0_clk/X (sky130_fd_sc_hd__clkbuf_16)
                                                         clknet_0_clk (net)
                      0.039631    0.000046    0.179284 ^ clkbuf_1_1__f_clk/A (sky130_fd_sc_hd__clkbuf_16)
    10    0.026352    0.047507    0.129632    0.308915 ^ clkbuf_1_1__f_clk/X (sky130_fd_sc_hd__clkbuf_16)
                                                         clknet_1_1__leaf_clk (net)
                      0.047507    0.000119    0.309034 ^ _0798_/CLK (sky130_fd_sc_hd__dfrtp_1)
     3    0.009595    0.068675    0.391093    0.700128 v _0798_/Q (sky130_fd_sc_hd__dfrtp_1)
                                                         current_state[3] (net)
                      0.068675    0.000019    0.700146 v fanout240/A (sky130_fd_sc_hd__clkbuf_2)
    10    0.022946    0.092198    0.167982    0.868128 v fanout240/X (sky130_fd_sc_hd__clkbuf_2)
                                                         net240 (net)
                      0.092198    0.000086    0.868214 v _0453_/B (sky130_fd_sc_hd__or4bb_1)
     1    0.003005    0.083122    0.482801    1.351015 v _0453_/X (sky130_fd_sc_hd__or4bb_1)
                                                         _0133_ (net)
                      0.083122    0.000017    1.351032 v fanout187/A (sky130_fd_sc_hd__clkbuf_4)
    10    0.037015    0.084246    0.204236    1.555269 v fanout187/X (sky130_fd_sc_hd__clkbuf_4)
                                                         net187 (net)
                      0.084246    0.000287    1.555556 v _0454_/A (sky130_fd_sc_hd__inv_2)
    10    0.030948    0.144670    0.146608    1.702164 ^ _0454_/Y (sky130_fd_sc_hd__inv_2)
                                                         net109 (net)
                      0.144670    0.000138    1.702302 ^ _1110_/A (sky130_fd_sc_hd__clkbuf_1)
     1    0.002349    0.041840    0.101032    1.803335 ^ _1110_/X (sky130_fd_sc_hd__clkbuf_1)
                                                         net110 (net)
                      0.041840    0.000007    1.803342 ^ output110/A (sky130_fd_sc_hd__buf_2)
     1    0.034437    0.170897    0.197627    2.000969 ^ output110/X (sky130_fd_sc_hd__buf_2)
                                                         rvalid (net)
                      0.170897    0.000224    2.001193 ^ rvalid (out)
                                              2.001193   data arrival time

                                 20.000000   20.000000   clock clk (rise edge)
                                  0.000000   20.000000   clock network delay (propagated)
                                 -0.250000   19.750002   clock uncertainty
                                  0.000000   19.750002   clock reconvergence pessimism
                                 -4.000000   15.750001   output external delay
                                             15.750001   data required time
---------------------------------------------------------------------------------------------
                                             15.750001   data required time
                                             -2.001193   data arrival time
---------------------------------------------------------------------------------------------
                                             13.748808   slack (MET)


Startpoint: _0798_ (rising edge-triggered flip-flop clocked by clk)
Endpoint: rresp (output port clocked by clk)
Path Group: clk
Path Type: max

Fanout         Cap        Slew       Delay        Time   Description
---------------------------------------------------------------------------------------------
                                  0.000000    0.000000   clock clk (rise edge)
                                  0.000000    0.000000   clock source latency
     1    0.014116    0.069485    0.047298    0.047298 ^ clk (in)
                                                         clk (net)
                      0.069487    0.000000    0.047298 ^ clkbuf_0_clk/A (sky130_fd_sc_hd__clkbuf_16)
     2    0.017377    0.039622    0.131940    0.179238 ^ clkbuf_0_clk/X (sky130_fd_sc_hd__clkbuf_16)
                                                         clknet_0_clk (net)
                      0.039631    0.000046    0.179284 ^ clkbuf_1_1__f_clk/A (sky130_fd_sc_hd__clkbuf_16)
    10    0.026352    0.047507    0.129632    0.308915 ^ clkbuf_1_1__f_clk/X (sky130_fd_sc_hd__clkbuf_16)
                                                         clknet_1_1__leaf_clk (net)
                      0.047507    0.000119    0.309034 ^ _0798_/CLK (sky130_fd_sc_hd__dfrtp_1)
     3    0.009595    0.068675    0.391093    0.700128 v _0798_/Q (sky130_fd_sc_hd__dfrtp_1)
                                                         current_state[3] (net)
                      0.068675    0.000019    0.700146 v fanout240/A (sky130_fd_sc_hd__clkbuf_2)
    10    0.022946    0.092198    0.167982    0.868128 v fanout240/X (sky130_fd_sc_hd__clkbuf_2)
                                                         net240 (net)
                      0.092198    0.000086    0.868214 v _0453_/B (sky130_fd_sc_hd__or4bb_1)
     1    0.003005    0.083122    0.482801    1.351015 v _0453_/X (sky130_fd_sc_hd__or4bb_1)
                                                         _0133_ (net)
                      0.083122    0.000017    1.351032 v fanout187/A (sky130_fd_sc_hd__clkbuf_4)
    10    0.037015    0.084246    0.204236    1.555269 v fanout187/X (sky130_fd_sc_hd__clkbuf_4)
                                                         net187 (net)
                      0.084246    0.000287    1.555556 v _0454_/A (sky130_fd_sc_hd__inv_2)
    10    0.030948    0.144670    0.146608    1.702164 ^ _0454_/Y (sky130_fd_sc_hd__inv_2)
                                                         net109 (net)
                      0.144670    0.000165    1.702329 ^ output109/A (sky130_fd_sc_hd__buf_2)
     1    0.034437    0.171326    0.233506    1.935836 ^ output109/X (sky130_fd_sc_hd__buf_2)
                                                         rresp (net)
                      0.171326    0.000224    1.936059 ^ rresp (out)
                                              1.936059   data arrival time

                                 20.000000   20.000000   clock clk (rise edge)
                                  0.000000   20.000000   clock network delay (propagated)
                                 -0.250000   19.750002   clock uncertainty
                                  0.000000   19.750002   clock reconvergence pessimism
                                 -4.000000   15.750001   output external delay
                                             15.750001   data required time
---------------------------------------------------------------------------------------------
                                             15.750001   data required time
                                             -1.936059   data arrival time
---------------------------------------------------------------------------------------------
                                             13.813942   slack (MET)


Startpoint: _0796_ (rising edge-triggered flip-flop clocked by clk)
Endpoint: arready (output port clocked by clk)
Path Group: clk
Path Type: max

Fanout         Cap        Slew       Delay        Time   Description
---------------------------------------------------------------------------------------------
                                  0.000000    0.000000   clock clk (rise edge)
                                  0.000000    0.000000   clock source latency
     1    0.014116    0.069485    0.047298    0.047298 ^ clk (in)
                                                         clk (net)
                      0.069487    0.000000    0.047298 ^ clkbuf_0_clk/A (sky130_fd_sc_hd__clkbuf_16)
     2    0.017377    0.039622    0.131940    0.179238 ^ clkbuf_0_clk/X (sky130_fd_sc_hd__clkbuf_16)
                                                         clknet_0_clk (net)
                      0.039631    0.000046    0.179284 ^ clkbuf_1_1__f_clk/A (sky130_fd_sc_hd__clkbuf_16)
    10    0.026352    0.047507    0.129632    0.308915 ^ clkbuf_1_1__f_clk/X (sky130_fd_sc_hd__clkbuf_16)
                                                         clknet_1_1__leaf_clk (net)
                      0.047507    0.000094    0.309009 ^ _0796_/CLK (sky130_fd_sc_hd__dfrtp_1)
     5    0.012500    0.081170    0.402848    0.711856 v _0796_/Q (sky130_fd_sc_hd__dfrtp_1)
                                                         current_state[1] (net)
                      0.081170    0.000022    0.711878 v fanout242/A (sky130_fd_sc_hd__clkbuf_2)
    10    0.022372    0.090171    0.172020    0.883898 v fanout242/X (sky130_fd_sc_hd__clkbuf_2)
                                                         net242 (net)
                      0.090171    0.000101    0.883998 v _0438_/A (sky130_fd_sc_hd__or4b_4)
     6    0.017748    0.110101    0.589995    1.473993 v _0438_/X (sky130_fd_sc_hd__or4b_4)
                                                         _0125_ (net)
                      0.110101    0.000120    1.474113 v _0439_/A (sky130_fd_sc_hd__inv_2)
     1    0.003384    0.037398    0.065017    1.539130 ^ _0439_/Y (sky130_fd_sc_hd__inv_2)
                                                         net88 (net)
                      0.037398    0.000019    1.539149 ^ fanout181/A (sky130_fd_sc_hd__clkbuf_2)
     8    0.022959    0.129932    0.163354    1.702503 ^ fanout181/X (sky130_fd_sc_hd__clkbuf_2)
                                                         net181 (net)
                      0.129932    0.000091    1.702593 ^ output88/A (sky130_fd_sc_hd__buf_2)
     1    0.034022    0.169341    0.228238    1.930832 ^ output88/X (sky130_fd_sc_hd__buf_2)
                                                         arready (net)
                      0.169341    0.000087    1.930919 ^ arready (out)
                                              1.930919   data arrival time

                                 20.000000   20.000000   clock clk (rise edge)
                                  0.000000   20.000000   clock network delay (propagated)
                                 -0.250000   19.750002   clock uncertainty
                                  0.000000   19.750002   clock reconvergence pessimism
                                 -4.000000   15.750001   output external delay
                                             15.750001   data required time
---------------------------------------------------------------------------------------------
                                             15.750001   data required time
                                             -1.930919   data arrival time
---------------------------------------------------------------------------------------------
                                             13.819082   slack (MET)


Startpoint: _0795_ (rising edge-triggered flip-flop clocked by clk)
Endpoint: PENABLE (output port clocked by clk)
Path Group: clk
Path Type: max

Fanout         Cap        Slew       Delay        Time   Description
---------------------------------------------------------------------------------------------
                                  0.000000    0.000000   clock clk (rise edge)
                                  0.000000    0.000000   clock source latency
     1    0.014116    0.069485    0.047298    0.047298 ^ clk (in)
                                                         clk (net)
                      0.069487    0.000000    0.047298 ^ clkbuf_0_clk/A (sky130_fd_sc_hd__clkbuf_16)
     2    0.017377    0.039622    0.131940    0.179238 ^ clkbuf_0_clk/X (sky130_fd_sc_hd__clkbuf_16)
                                                         clknet_0_clk (net)
                      0.039631    0.000051    0.179289 ^ clkbuf_1_0__f_clk/A (sky130_fd_sc_hd__clkbuf_16)
    10    0.025449    0.046684    0.128740    0.308029 ^ clkbuf_1_0__f_clk/X (sky130_fd_sc_hd__clkbuf_16)
                                                         clknet_1_0__leaf_clk (net)
                      0.046684    0.000088    0.308116 ^ _0795_/CLK (sky130_fd_sc_hd__dfrtp_1)
     2    0.006394    0.057094    0.373869    0.681985 v _0795_/Q (sky130_fd_sc_hd__dfrtp_1)
                                                         current_state[0] (net)
                      0.057094    0.000015    0.682000 v fanout243/A (sky130_fd_sc_hd__clkbuf_2)
    10    0.020398    0.083197    0.155747    0.837747 v fanout243/X (sky130_fd_sc_hd__clkbuf_2)
                                                         net243 (net)
                      0.083197    0.000140    0.837887 v _0399_/A (sky130_fd_sc_hd__or3b_1)
     4    0.009753    0.106753    0.431921    1.269808 v _0399_/X (sky130_fd_sc_hd__or3b_1)
                                                         _0102_ (net)
                      0.106753    0.000008    1.269816 v _0400_/B (sky130_fd_sc_hd__nor2_1)
     1    0.002916    0.084772    0.106731    1.376547 ^ _0400_/Y (sky130_fd_sc_hd__nor2_1)
                                                         _0103_ (net)
                      0.084772    0.000010    1.376557 ^ fanout183/A (sky130_fd_sc_hd__clkbuf_4)
     9    0.043358    0.137825    0.218465    1.595021 ^ fanout183/X (sky130_fd_sc_hd__clkbuf_4)
                                                         net183 (net)
                      0.137825    0.000144    1.595166 ^ _0451_/A (sky130_fd_sc_hd__or2_1)
     1    0.003106    0.043047    0.121745    1.716911 ^ _0451_/X (sky130_fd_sc_hd__or2_1)
                                                         net66 (net)
                      0.043047    0.000017    1.716928 ^ output66/A (sky130_fd_sc_hd__buf_2)
     1    0.034440    0.170921    0.198124    1.915053 ^ output66/X (sky130_fd_sc_hd__buf_2)
                                                         PENABLE (net)
                      0.170921    0.000185    1.915238 ^ PENABLE (out)
                                              1.915238   data arrival time

                                 20.000000   20.000000   clock clk (rise edge)
                                  0.000000   20.000000   clock network delay (propagated)
                                 -0.250000   19.750002   clock uncertainty
                                  0.000000   19.750002   clock reconvergence pessimism
                                 -4.000000   15.750001   output external delay
                                             15.750001   data required time
---------------------------------------------------------------------------------------------
                                             15.750001   data required time
                                             -1.915238   data arrival time
---------------------------------------------------------------------------------------------
                                             13.834764   slack (MET)


Startpoint: _0797_ (rising edge-triggered flip-flop clocked by clk)
Endpoint: wready (output port clocked by clk)
Path Group: clk
Path Type: max

Fanout         Cap        Slew       Delay        Time   Description
---------------------------------------------------------------------------------------------
                                  0.000000    0.000000   clock clk (rise edge)
                                  0.000000    0.000000   clock source latency
     1    0.014116    0.069485    0.047298    0.047298 ^ clk (in)
                                                         clk (net)
                      0.069487    0.000000    0.047298 ^ clkbuf_0_clk/A (sky130_fd_sc_hd__clkbuf_16)
     2    0.017377    0.039622    0.131940    0.179238 ^ clkbuf_0_clk/X (sky130_fd_sc_hd__clkbuf_16)
                                                         clknet_0_clk (net)
                      0.039631    0.000046    0.179284 ^ clkbuf_1_1__f_clk/A (sky130_fd_sc_hd__clkbuf_16)
    10    0.026352    0.047507    0.129632    0.308915 ^ clkbuf_1_1__f_clk/X (sky130_fd_sc_hd__clkbuf_16)
                                                         clknet_1_1__leaf_clk (net)
                      0.047507    0.000119    0.309035 ^ _0797_/CLK (sky130_fd_sc_hd__dfrtp_1)
     2    0.005610    0.051856    0.369935    0.678970 v _0797_/Q (sky130_fd_sc_hd__dfrtp_1)
                                                         current_state[2] (net)
                      0.051856    0.000007    0.678977 v fanout241/A (sky130_fd_sc_hd__clkbuf_2)
    10    0.019276    0.079225    0.150358    0.829335 v fanout241/X (sky130_fd_sc_hd__clkbuf_2)
                                                         net241 (net)
                      0.079225    0.000036    0.829370 v _0394_/A_N (sky130_fd_sc_hd__and2b_1)
     4    0.009381    0.097768    0.240218    1.069589 ^ _0394_/X (sky130_fd_sc_hd__and2b_1)
                                                         _0098_ (net)
                      0.097768    0.000023    1.069612 ^ _0395_/C_N (sky130_fd_sc_hd__or3b_2)
     4    0.013520    0.111953    0.503977    1.573589 v _0395_/X (sky130_fd_sc_hd__or3b_2)
                                                         _0099_ (net)
                      0.111953    0.000091    1.573680 v _0396_/A (sky130_fd_sc_hd__inv_2)
     3    0.011326    0.064796    0.096970    1.670650 ^ _0396_/Y (sky130_fd_sc_hd__inv_2)
                                                         net111 (net)
                      0.064796    0.000104    1.670754 ^ output111/A (sky130_fd_sc_hd__buf_2)
     1    0.034437    0.170964    0.206252    1.877006 ^ output111/X (sky130_fd_sc_hd__buf_2)
                                                         wready (net)
                      0.170964    0.000224    1.877230 ^ wready (out)
                                              1.877230   data arrival time

                                 20.000000   20.000000   clock clk (rise edge)
                                  0.000000   20.000000   clock network delay (propagated)
                                 -0.250000   19.750002   clock uncertainty
                                  0.000000   19.750002   clock reconvergence pessimism
                                 -4.000000   15.750001   output external delay
                                             15.750001   data required time
---------------------------------------------------------------------------------------------
                                             15.750001   data required time
                                             -1.877230   data arrival time
---------------------------------------------------------------------------------------------
                                             13.872771   slack (MET)


Startpoint: _0797_ (rising edge-triggered flip-flop clocked by clk)
Endpoint: bvalid (output port clocked by clk)
Path Group: clk
Path Type: max

Fanout         Cap        Slew       Delay        Time   Description
---------------------------------------------------------------------------------------------
                                  0.000000    0.000000   clock clk (rise edge)
                                  0.000000    0.000000   clock source latency
     1    0.014116    0.069485    0.047298    0.047298 ^ clk (in)
                                                         clk (net)
                      0.069487    0.000000    0.047298 ^ clkbuf_0_clk/A (sky130_fd_sc_hd__clkbuf_16)
     2    0.017377    0.039622    0.131940    0.179238 ^ clkbuf_0_clk/X (sky130_fd_sc_hd__clkbuf_16)
                                                         clknet_0_clk (net)
                      0.039631    0.000046    0.179284 ^ clkbuf_1_1__f_clk/A (sky130_fd_sc_hd__clkbuf_16)
    10    0.026352    0.047507    0.129632    0.308915 ^ clkbuf_1_1__f_clk/X (sky130_fd_sc_hd__clkbuf_16)
                                                         clknet_1_1__leaf_clk (net)
                      0.047507    0.000119    0.309035 ^ _0797_/CLK (sky130_fd_sc_hd__dfrtp_1)
     2    0.005610    0.051856    0.369935    0.678970 v _0797_/Q (sky130_fd_sc_hd__dfrtp_1)
                                                         current_state[2] (net)
                      0.051856    0.000007    0.678977 v fanout241/A (sky130_fd_sc_hd__clkbuf_2)
    10    0.019276    0.079225    0.150358    0.829335 v fanout241/X (sky130_fd_sc_hd__clkbuf_2)
                                                         net241 (net)
                      0.079225    0.000036    0.829370 v _0394_/A_N (sky130_fd_sc_hd__and2b_1)
     4    0.009381    0.097768    0.240218    1.069589 ^ _0394_/X (sky130_fd_sc_hd__and2b_1)
                                                         _0098_ (net)
                      0.097768    0.000009    1.069598 ^ _0459_/B (sky130_fd_sc_hd__and3b_1)
     5    0.014828    0.155799    0.243719    1.313317 ^ _0459_/X (sky130_fd_sc_hd__and3b_1)
                                                         net90 (net)
                      0.155799    0.000152    1.313468 ^ _1109_/A (sky130_fd_sc_hd__clkbuf_1)
     1    0.002388    0.042409    0.102958    1.416426 ^ _1109_/X (sky130_fd_sc_hd__clkbuf_1)
                                                         net91 (net)
                      0.042409    0.000007    1.416434 ^ output91/A (sky130_fd_sc_hd__buf_2)
     1    0.034565    0.171493    0.198257    1.614690 ^ output91/X (sky130_fd_sc_hd__buf_2)
                                                         bvalid (net)
                      0.171493    0.000242    1.614933 ^ bvalid (out)
                                              1.614933   data arrival time

                                 20.000000   20.000000   clock clk (rise edge)
                                  0.000000   20.000000   clock network delay (propagated)
                                 -0.250000   19.750002   clock uncertainty
                                  0.000000   19.750002   clock reconvergence pessimism
                                 -4.000000   15.750001   output external delay
                                             15.750001   data required time
---------------------------------------------------------------------------------------------
                                             15.750001   data required time
                                             -1.614933   data arrival time
---------------------------------------------------------------------------------------------
                                             14.135069   slack (MET)


Startpoint: _0797_ (rising edge-triggered flip-flop clocked by clk)
Endpoint: bresp (output port clocked by clk)
Path Group: clk
Path Type: max

Fanout         Cap        Slew       Delay        Time   Description
---------------------------------------------------------------------------------------------
                                  0.000000    0.000000   clock clk (rise edge)
                                  0.000000    0.000000   clock source latency
     1    0.014116    0.069485    0.047298    0.047298 ^ clk (in)
                                                         clk (net)
                      0.069487    0.000000    0.047298 ^ clkbuf_0_clk/A (sky130_fd_sc_hd__clkbuf_16)
     2    0.017377    0.039622    0.131940    0.179238 ^ clkbuf_0_clk/X (sky130_fd_sc_hd__clkbuf_16)
                                                         clknet_0_clk (net)
                      0.039631    0.000046    0.179284 ^ clkbuf_1_1__f_clk/A (sky130_fd_sc_hd__clkbuf_16)
    10    0.026352    0.047507    0.129632    0.308915 ^ clkbuf_1_1__f_clk/X (sky130_fd_sc_hd__clkbuf_16)
                                                         clknet_1_1__leaf_clk (net)
                      0.047507    0.000119    0.309035 ^ _0797_/CLK (sky130_fd_sc_hd__dfrtp_1)
     2    0.005610    0.051856    0.369935    0.678970 v _0797_/Q (sky130_fd_sc_hd__dfrtp_1)
                                                         current_state[2] (net)
                      0.051856    0.000007    0.678977 v fanout241/A (sky130_fd_sc_hd__clkbuf_2)
    10    0.019276    0.079225    0.150358    0.829335 v fanout241/X (sky130_fd_sc_hd__clkbuf_2)
                                                         net241 (net)
                      0.079225    0.000036    0.829370 v _0394_/A_N (sky130_fd_sc_hd__and2b_1)
     4    0.009381    0.097768    0.240218    1.069589 ^ _0394_/X (sky130_fd_sc_hd__and2b_1)
                                                         _0098_ (net)
                      0.097768    0.000009    1.069598 ^ _0459_/B (sky130_fd_sc_hd__and3b_1)
     5    0.014828    0.155799    0.243719    1.313317 ^ _0459_/X (sky130_fd_sc_hd__and3b_1)
                                                         net90 (net)
                      0.155799    0.000164    1.313480 ^ output90/A (sky130_fd_sc_hd__buf_2)
     1    0.034437    0.171340    0.236516    1.549996 ^ output90/X (sky130_fd_sc_hd__buf_2)
                                                         bresp (net)
                      0.171340    0.000224    1.550220 ^ bresp (out)
                                              1.550220   data arrival time

                                 20.000000   20.000000   clock clk (rise edge)
                                  0.000000   20.000000   clock network delay (propagated)
                                 -0.250000   19.750002   clock uncertainty
                                  0.000000   19.750002   clock reconvergence pessimism
                                 -4.000000   15.750001   output external delay
                                             15.750001   data required time
---------------------------------------------------------------------------------------------
                                             15.750001   data required time
                                             -1.550220   data arrival time
---------------------------------------------------------------------------------------------
                                             14.199781   slack (MET)


Startpoint: _0798_ (rising edge-triggered flip-flop clocked by clk)
Endpoint: awready (output port clocked by clk)
Path Group: clk
Path Type: max

Fanout         Cap        Slew       Delay        Time   Description
---------------------------------------------------------------------------------------------
                                  0.000000    0.000000   clock clk (rise edge)
                                  0.000000    0.000000   clock source latency
     1    0.014116    0.069485    0.047298    0.047298 ^ clk (in)
                                                         clk (net)
                      0.069487    0.000000    0.047298 ^ clkbuf_0_clk/A (sky130_fd_sc_hd__clkbuf_16)
     2    0.017377    0.039622    0.131940    0.179238 ^ clkbuf_0_clk/X (sky130_fd_sc_hd__clkbuf_16)
                                                         clknet_0_clk (net)
                      0.039631    0.000046    0.179284 ^ clkbuf_1_1__f_clk/A (sky130_fd_sc_hd__clkbuf_16)
    10    0.026352    0.047507    0.129632    0.308915 ^ clkbuf_1_1__f_clk/X (sky130_fd_sc_hd__clkbuf_16)
                                                         clknet_1_1__leaf_clk (net)
                      0.047507    0.000119    0.309034 ^ _0798_/CLK (sky130_fd_sc_hd__dfrtp_1)
     3    0.009595    0.068675    0.391093    0.700128 v _0798_/Q (sky130_fd_sc_hd__dfrtp_1)
                                                         current_state[3] (net)
                      0.068675    0.000019    0.700146 v fanout240/A (sky130_fd_sc_hd__clkbuf_2)
    10    0.022946    0.092198    0.167982    0.868128 v fanout240/X (sky130_fd_sc_hd__clkbuf_2)
                                                         net240 (net)
                      0.092198    0.000086    0.868214 v _0676_/B_N (sky130_fd_sc_hd__and4bb_1)
     5    0.014652    0.160325    0.366127    1.234341 ^ _0676_/X (sky130_fd_sc_hd__and4bb_1)
                                                         net89 (net)
                      0.160325    0.000121    1.234462 ^ output89/A (sky130_fd_sc_hd__buf_2)
     1    0.034437    0.171345    0.237740    1.472202 ^ output89/X (sky130_fd_sc_hd__buf_2)
                                                         awready (net)
                      0.171345    0.000224    1.472426 ^ awready (out)
                                              1.472426   data arrival time

                                 20.000000   20.000000   clock clk (rise edge)
                                  0.000000   20.000000   clock network delay (propagated)
                                 -0.250000   19.750002   clock uncertainty
                                  0.000000   19.750002   clock reconvergence pessimism
                                 -4.000000   15.750001   output external delay
                                             15.750001   data required time
---------------------------------------------------------------------------------------------
                                             15.750001   data required time
                                             -1.472426   data arrival time
---------------------------------------------------------------------------------------------
                                             14.277575   slack (MET)


Startpoint: PREADY (input port clocked by clk)
Endpoint: _1108_ (rising edge-triggered flip-flop clocked by clk)
Path Group: clk
Path Type: max

Fanout         Cap        Slew       Delay        Time   Description
---------------------------------------------------------------------------------------------
                                  0.000000    0.000000   clock clk (rise edge)
                                  0.000000    0.000000   clock network delay (propagated)
                                  4.000000    4.000000 v input external delay
     1    0.003001    0.009099    0.004755    4.004755 v PREADY (in)
                                                         PREADY (net)
                      0.009099    0.000000    4.004755 v input17/A (sky130_fd_sc_hd__clkbuf_2)
     7    0.022565    0.090914    0.141011    4.145766 v input17/X (sky130_fd_sc_hd__clkbuf_2)
                                                         net17 (net)
                      0.090915    0.000409    4.146175 v _0773_/A1 (sky130_fd_sc_hd__a32o_1)
     1    0.001801    0.037327    0.224133    4.370308 v _0773_/X (sky130_fd_sc_hd__a32o_1)
                                                         _0372_ (net)
                      0.037327    0.000002    4.370309 v _0776_/B (sky130_fd_sc_hd__or4_2)
     5    0.013394    0.140870    0.704245    5.074555 v _0776_/X (sky130_fd_sc_hd__or4_2)
                                                         _0375_ (net)
                      0.140870    0.000075    5.074630 v _0777_/A_N (sky130_fd_sc_hd__and2b_1)
     4    0.011083    0.109403    0.278010    5.352639 ^ _0777_/X (sky130_fd_sc_hd__and2b_1)
                                                         _0376_ (net)
                      0.109403    0.000059    5.352698 ^ _0794_/B1 (sky130_fd_sc_hd__a22o_1)
     1    0.003156    0.048444    0.135165    5.487864 ^ _0794_/X (sky130_fd_sc_hd__a22o_1)
                                                         _0093_ (net)
                      0.048444    0.000014    5.487877 ^ _1108_/D (sky130_fd_sc_hd__dfrtp_1)
                                              5.487877   data arrival time

                                 20.000000   20.000000   clock clk (rise edge)
                                  0.000000   20.000000   clock source latency
     1    0.014116    0.069485    0.047297   20.047298 ^ clk (in)
                                                         clk (net)
                      0.069487    0.000000   20.047298 ^ clkbuf_0_clk/A (sky130_fd_sc_hd__clkbuf_16)
     2    0.017377    0.039622    0.131941   20.179239 ^ clkbuf_0_clk/X (sky130_fd_sc_hd__clkbuf_16)
                                                         clknet_0_clk (net)
                      0.039631    0.000052   20.179291 ^ clkbuf_1_0__f_clk/A (sky130_fd_sc_hd__clkbuf_16)
    10    0.025449    0.046684    0.128740   20.308029 ^ clkbuf_1_0__f_clk/X (sky130_fd_sc_hd__clkbuf_16)
                                                         clknet_1_0__leaf_clk (net)
                      0.046684    0.000119   20.308149 ^ _1108_/CLK (sky130_fd_sc_hd__dfrtp_1)
                                 -0.250000   20.058149   clock uncertainty
                                  0.000000   20.058149   clock reconvergence pessimism
                                 -0.060370   19.997780   library setup time
                                             19.997780   data required time
---------------------------------------------------------------------------------------------
                                             19.997780   data required time
                                             -5.487877   data arrival time
---------------------------------------------------------------------------------------------
                                             14.509903   slack (MET)


Startpoint: PREADY (input port clocked by clk)
Endpoint: _1106_ (rising edge-triggered flip-flop clocked by clk)
Path Group: clk
Path Type: max

Fanout         Cap        Slew       Delay        Time   Description
---------------------------------------------------------------------------------------------
                                  0.000000    0.000000   clock clk (rise edge)
                                  0.000000    0.000000   clock network delay (propagated)
                                  4.000000    4.000000 v input external delay
     1    0.003001    0.009099    0.004755    4.004755 v PREADY (in)
                                                         PREADY (net)
                      0.009099    0.000000    4.004755 v input17/A (sky130_fd_sc_hd__clkbuf_2)
     7    0.022565    0.090914    0.141011    4.145766 v input17/X (sky130_fd_sc_hd__clkbuf_2)
                                                         net17 (net)
                      0.090915    0.000409    4.146175 v _0773_/A1 (sky130_fd_sc_hd__a32o_1)
     1    0.001801    0.037327    0.224133    4.370308 v _0773_/X (sky130_fd_sc_hd__a32o_1)
                                                         _0372_ (net)
                      0.037327    0.000002    4.370309 v _0776_/B (sky130_fd_sc_hd__or4_2)
     5    0.013394    0.140870    0.704245    5.074555 v _0776_/X (sky130_fd_sc_hd__or4_2)
                                                         _0375_ (net)
                      0.140870    0.000075    5.074630 v _0777_/A_N (sky130_fd_sc_hd__and2b_1)
     4    0.011083    0.109403    0.278010    5.352639 ^ _0777_/X (sky130_fd_sc_hd__and2b_1)
                                                         _0376_ (net)
                      0.109403    0.000059    5.352698 ^ _0784_/B1 (sky130_fd_sc_hd__a22o_1)
     1    0.002597    0.046436    0.130583    5.483281 ^ _0784_/X (sky130_fd_sc_hd__a22o_1)
                                                         _0091_ (net)
                      0.046436    0.000007    5.483287 ^ _1106_/D (sky130_fd_sc_hd__dfrtp_1)
                                              5.483287   data arrival time

                                 20.000000   20.000000   clock clk (rise edge)
                                  0.000000   20.000000   clock source latency
     1    0.014116    0.069485    0.047297   20.047298 ^ clk (in)
                                                         clk (net)
                      0.069487    0.000000   20.047298 ^ clkbuf_0_clk/A (sky130_fd_sc_hd__clkbuf_16)
     2    0.017377    0.039622    0.131941   20.179239 ^ clkbuf_0_clk/X (sky130_fd_sc_hd__clkbuf_16)
                                                         clknet_0_clk (net)
                      0.039631    0.000052   20.179291 ^ clkbuf_1_0__f_clk/A (sky130_fd_sc_hd__clkbuf_16)
    10    0.025449    0.046684    0.128740   20.308029 ^ clkbuf_1_0__f_clk/X (sky130_fd_sc_hd__clkbuf_16)
                                                         clknet_1_0__leaf_clk (net)
                      0.046684    0.000162   20.308191 ^ _1106_/CLK (sky130_fd_sc_hd__dfrtp_1)
                                 -0.250000   20.058191   clock uncertainty
                                  0.000000   20.058191   clock reconvergence pessimism
                                 -0.059906   19.998287   library setup time
                                             19.998287   data required time
---------------------------------------------------------------------------------------------
                                             19.998287   data required time
                                             -5.483287   data arrival time
---------------------------------------------------------------------------------------------
                                             14.514999   slack (MET)


Startpoint: PREADY (input port clocked by clk)
Endpoint: _1105_ (rising edge-triggered flip-flop clocked by clk)
Path Group: clk
Path Type: max

Fanout         Cap        Slew       Delay        Time   Description
---------------------------------------------------------------------------------------------
                                  0.000000    0.000000   clock clk (rise edge)
                                  0.000000    0.000000   clock network delay (propagated)
                                  4.000000    4.000000 v input external delay
     1    0.003001    0.009099    0.004755    4.004755 v PREADY (in)
                                                         PREADY (net)
                      0.009099    0.000000    4.004755 v input17/A (sky130_fd_sc_hd__clkbuf_2)
     7    0.022565    0.090914    0.141011    4.145766 v input17/X (sky130_fd_sc_hd__clkbuf_2)
                                                         net17 (net)
                      0.090915    0.000409    4.146175 v _0773_/A1 (sky130_fd_sc_hd__a32o_1)
     1    0.001801    0.037327    0.224133    4.370308 v _0773_/X (sky130_fd_sc_hd__a32o_1)
                                                         _0372_ (net)
                      0.037327    0.000002    4.370309 v _0776_/B (sky130_fd_sc_hd__or4_2)
     5    0.013394    0.140870    0.704245    5.074555 v _0776_/X (sky130_fd_sc_hd__or4_2)
                                                         _0375_ (net)
                      0.140870    0.000075    5.074630 v _0777_/A_N (sky130_fd_sc_hd__and2b_1)
     4    0.011083    0.109403    0.278010    5.352639 ^ _0777_/X (sky130_fd_sc_hd__and2b_1)
                                                         _0376_ (net)
                      0.109403    0.000052    5.352691 ^ _0778_/A0 (sky130_fd_sc_hd__mux2_1)
     1    0.002189    0.040693    0.131703    5.484394 ^ _0778_/X (sky130_fd_sc_hd__mux2_1)
                                                         _0090_ (net)
                      0.040693    0.000002    5.484396 ^ _1105_/D (sky130_fd_sc_hd__dfrtp_1)
                                              5.484396   data arrival time

                                 20.000000   20.000000   clock clk (rise edge)
                                  0.000000   20.000000   clock source latency
     1    0.014116    0.069485    0.047297   20.047298 ^ clk (in)
                                                         clk (net)
                      0.069487    0.000000   20.047298 ^ clkbuf_0_clk/A (sky130_fd_sc_hd__clkbuf_16)
     2    0.017377    0.039622    0.131941   20.179239 ^ clkbuf_0_clk/X (sky130_fd_sc_hd__clkbuf_16)
                                                         clknet_0_clk (net)
                      0.039631    0.000052   20.179291 ^ clkbuf_1_0__f_clk/A (sky130_fd_sc_hd__clkbuf_16)
    10    0.025449    0.046684    0.128740   20.308029 ^ clkbuf_1_0__f_clk/X (sky130_fd_sc_hd__clkbuf_16)
                                                         clknet_1_0__leaf_clk (net)
                      0.046684    0.000158   20.308187 ^ _1105_/CLK (sky130_fd_sc_hd__dfrtp_1)
                                 -0.250000   20.058189   clock uncertainty
                                  0.000000   20.058189   clock reconvergence pessimism
                                 -0.058580   19.999607   library setup time
                                             19.999607   data required time
---------------------------------------------------------------------------------------------
                                             19.999607   data required time
                                             -5.484396   data arrival time
---------------------------------------------------------------------------------------------
                                             14.515213   slack (MET)


Startpoint: PREADY (input port clocked by clk)
Endpoint: _1107_ (rising edge-triggered flip-flop clocked by clk)
Path Group: clk
Path Type: max

Fanout         Cap        Slew       Delay        Time   Description
---------------------------------------------------------------------------------------------
                                  0.000000    0.000000   clock clk (rise edge)
                                  0.000000    0.000000   clock network delay (propagated)
                                  4.000000    4.000000 v input external delay
     1    0.003001    0.009099    0.004755    4.004755 v PREADY (in)
                                                         PREADY (net)
                      0.009099    0.000000    4.004755 v input17/A (sky130_fd_sc_hd__clkbuf_2)
     7    0.022565    0.090914    0.141011    4.145766 v input17/X (sky130_fd_sc_hd__clkbuf_2)
                                                         net17 (net)
                      0.090915    0.000409    4.146175 v _0773_/A1 (sky130_fd_sc_hd__a32o_1)
     1    0.001801    0.037327    0.224133    4.370308 v _0773_/X (sky130_fd_sc_hd__a32o_1)
                                                         _0372_ (net)
                      0.037327    0.000002    4.370309 v _0776_/B (sky130_fd_sc_hd__or4_2)
     5    0.013394    0.140870    0.704245    5.074555 v _0776_/X (sky130_fd_sc_hd__or4_2)
                                                         _0375_ (net)
                      0.140870    0.000075    5.074630 v _0777_/A_N (sky130_fd_sc_hd__and2b_1)
     4    0.011083    0.109403    0.278010    5.352639 ^ _0777_/X (sky130_fd_sc_hd__and2b_1)
                                                         _0376_ (net)
                      0.109403    0.000046    5.352685 ^ _0790_/B1 (sky130_fd_sc_hd__a22o_1)
     1    0.002319    0.042953    0.128309    5.480995 ^ _0790_/X (sky130_fd_sc_hd__a22o_1)
                                                         _0092_ (net)
                      0.042953    0.000004    5.480999 ^ _1107_/D (sky130_fd_sc_hd__dfrtp_1)
                                              5.480999   data arrival time

                                 20.000000   20.000000   clock clk (rise edge)
                                  0.000000   20.000000   clock source latency
     1    0.014116    0.069485    0.047297   20.047298 ^ clk (in)
                                                         clk (net)
                      0.069487    0.000000   20.047298 ^ clkbuf_0_clk/A (sky130_fd_sc_hd__clkbuf_16)
     2    0.017377    0.039622    0.131941   20.179239 ^ clkbuf_0_clk/X (sky130_fd_sc_hd__clkbuf_16)
                                                         clknet_0_clk (net)
                      0.039631    0.000052   20.179291 ^ clkbuf_1_0__f_clk/A (sky130_fd_sc_hd__clkbuf_16)
    10    0.025449    0.046684    0.128740   20.308029 ^ clkbuf_1_0__f_clk/X (sky130_fd_sc_hd__clkbuf_16)
                                                         clknet_1_0__leaf_clk (net)
                      0.046684    0.000151   20.308180 ^ _1107_/CLK (sky130_fd_sc_hd__dfrtp_1)
                                 -0.250000   20.058182   clock uncertainty
                                  0.000000   20.058182   clock reconvergence pessimism
                                 -0.059102   19.999079   library setup time
                                             19.999079   data required time
---------------------------------------------------------------------------------------------
                                             19.999079   data required time
                                             -5.480999   data arrival time
---------------------------------------------------------------------------------------------
                                             14.518080   slack (MET)


Startpoint: awvalid (input port clocked by clk)
Endpoint: _1103_ (rising edge-triggered flip-flop clocked by clk)
Path Group: clk
Path Type: max

Fanout         Cap        Slew       Delay        Time   Description
---------------------------------------------------------------------------------------------
                                  0.000000    0.000000   clock clk (rise edge)
                                  0.000000    0.000000   clock network delay (propagated)
                                  4.000000    4.000000 ^ input external delay
     1    0.003220    0.021548    0.011769    4.011769 ^ awvalid (in)
                                                         awvalid (net)
                      0.021548    0.000000    4.011769 ^ input41/A (sky130_fd_sc_hd__buf_1)
     2    0.009415    0.118005    0.125037    4.136806 ^ input41/X (sky130_fd_sc_hd__buf_1)
                                                         net41 (net)
                      0.118005    0.000103    4.136909 ^ _0392_/A (sky130_fd_sc_hd__inv_2)
     2    0.003610    0.029420    0.039847    4.176756 v _0392_/Y (sky130_fd_sc_hd__inv_2)
                                                         _0096_ (net)
                      0.029420    0.000005    4.176761 v _0712_/A2_N (sky130_fd_sc_hd__o2bb2a_1)
     2    0.006253    0.080101    0.236157    4.412918 ^ _0712_/X (sky130_fd_sc_hd__o2bb2a_1)
                                                         _0322_ (net)
                      0.080101    0.000002    4.412920 ^ _0715_/B1 (sky130_fd_sc_hd__o211a_2)
     6    0.020811    0.133364    0.250976    4.663896 ^ _0715_/X (sky130_fd_sc_hd__o211a_2)
                                                         _0325_ (net)
                      0.133364    0.000045    4.663941 ^ _0761_/B1 (sky130_fd_sc_hd__o41a_2)
     5    0.014909    0.089016    0.202840    4.866781 ^ _0761_/X (sky130_fd_sc_hd__o41a_2)
                                                         _0363_ (net)
                      0.089016    0.000083    4.866865 ^ _0767_/A1_N (sky130_fd_sc_hd__o2bb2a_1)
     1    0.002964    0.055585    0.217135    5.084000 v _0767_/X (sky130_fd_sc_hd__o2bb2a_1)
                                                         _0368_ (net)
                      0.055585    0.000012    5.084011 v _0769_/B1 (sky130_fd_sc_hd__o22a_1)
     1    0.002256    0.039341    0.169979    5.253990 v _0769_/X (sky130_fd_sc_hd__o22a_1)
                                                         _0088_ (net)
                      0.039341    0.000004    5.253994 v _1103_/D (sky130_fd_sc_hd__dfrtp_1)
                                              5.253994   data arrival time

                                 20.000000   20.000000   clock clk (rise edge)
                                  0.000000   20.000000   clock source latency
     1    0.014116    0.069485    0.047297   20.047298 ^ clk (in)
                                                         clk (net)
                      0.069487    0.000000   20.047298 ^ clkbuf_0_clk/A (sky130_fd_sc_hd__clkbuf_16)
     2    0.017377    0.039622    0.131941   20.179239 ^ clkbuf_0_clk/X (sky130_fd_sc_hd__clkbuf_16)
                                                         clknet_0_clk (net)
                      0.039631    0.000046   20.179285 ^ clkbuf_1_1__f_clk/A (sky130_fd_sc_hd__clkbuf_16)
    10    0.026352    0.047507    0.129631   20.308916 ^ clkbuf_1_1__f_clk/X (sky130_fd_sc_hd__clkbuf_16)
                                                         clknet_1_1__leaf_clk (net)
                      0.047507    0.000055   20.308971 ^ _1103_/CLK (sky130_fd_sc_hd__dfrtp_1)
                                 -0.250000   20.058971   clock uncertainty
                                  0.000000   20.058971   clock reconvergence pessimism
                                 -0.111231   19.947741   library setup time
                                             19.947741   data required time
---------------------------------------------------------------------------------------------
                                             19.947741   data required time
                                             -5.253994   data arrival time
---------------------------------------------------------------------------------------------
                                             14.693748   slack (MET)


Startpoint: _1102_ (rising edge-triggered flip-flop clocked by clk)
Endpoint: PADDR[0] (output port clocked by clk)
Path Group: clk
Path Type: max

Fanout         Cap        Slew       Delay        Time   Description
---------------------------------------------------------------------------------------------
                                  0.000000    0.000000   clock clk (rise edge)
                                  0.000000    0.000000   clock source latency
     1    0.014116    0.069485    0.047298    0.047298 ^ clk (in)
                                                         clk (net)
                      0.069487    0.000000    0.047298 ^ clkbuf_0_clk/A (sky130_fd_sc_hd__clkbuf_16)
     2    0.017377    0.039622    0.131940    0.179238 ^ clkbuf_0_clk/X (sky130_fd_sc_hd__clkbuf_16)
                                                         clknet_0_clk (net)
                      0.039631    0.000046    0.179284 ^ clkbuf_1_1__f_clk/A (sky130_fd_sc_hd__clkbuf_16)
    10    0.026352    0.047507    0.129632    0.308915 ^ clkbuf_1_1__f_clk/X (sky130_fd_sc_hd__clkbuf_16)
                                                         clknet_1_1__leaf_clk (net)
                      0.047507    0.000073    0.308989 ^ _1102_/CLK (sky130_fd_sc_hd__dfrtp_1)
     6    0.012516    0.083396    0.402933    0.711922 v _1102_/Q (sky130_fd_sc_hd__dfrtp_1)
                                                         DADDR[0] (net)
                      0.083396    0.000043    0.711965 v _0456_/B (sky130_fd_sc_hd__and2_1)
     1    0.001843    0.031796    0.161842    0.873807 v _0456_/X (sky130_fd_sc_hd__and2_1)
                                                         net63 (net)
                      0.031796    0.000002    0.873809 v output63/A (sky130_fd_sc_hd__buf_2)
     1    0.034490    0.089864    0.175214    1.049024 v output63/X (sky130_fd_sc_hd__buf_2)
                                                         PADDR[0] (net)
                      0.089864    0.000178    1.049201 v PADDR[0] (out)
                                              1.049201   data arrival time

                                 20.000000   20.000000   clock clk (rise edge)
                                  0.000000   20.000000   clock network delay (propagated)
                                 -0.250000   19.750002   clock uncertainty
                                  0.000000   19.750002   clock reconvergence pessimism
                                 -4.000000   15.750001   output external delay
                                             15.750001   data required time
---------------------------------------------------------------------------------------------
                                             15.750001   data required time
                                             -1.049201   data arrival time
---------------------------------------------------------------------------------------------
                                             14.700800   slack (MET)


Startpoint: _1103_ (rising edge-triggered flip-flop clocked by clk)
Endpoint: PADDR[1] (output port clocked by clk)
Path Group: clk
Path Type: max

Fanout         Cap        Slew       Delay        Time   Description
---------------------------------------------------------------------------------------------
                                  0.000000    0.000000   clock clk (rise edge)
                                  0.000000    0.000000   clock source latency
     1    0.014116    0.069485    0.047298    0.047298 ^ clk (in)
                                                         clk (net)
                      0.069487    0.000000    0.047298 ^ clkbuf_0_clk/A (sky130_fd_sc_hd__clkbuf_16)
     2    0.017377    0.039622    0.131940    0.179238 ^ clkbuf_0_clk/X (sky130_fd_sc_hd__clkbuf_16)
                                                         clknet_0_clk (net)
                      0.039631    0.000046    0.179284 ^ clkbuf_1_1__f_clk/A (sky130_fd_sc_hd__clkbuf_16)
    10    0.026352    0.047507    0.129632    0.308915 ^ clkbuf_1_1__f_clk/X (sky130_fd_sc_hd__clkbuf_16)
                                                         clknet_1_1__leaf_clk (net)
                      0.047507    0.000056    0.308971 ^ _1103_/CLK (sky130_fd_sc_hd__dfrtp_1)
     5    0.009855    0.072229    0.392166    0.701137 v _1103_/Q (sky130_fd_sc_hd__dfrtp_1)
                                                         DADDR[1] (net)
                      0.072229    0.000013    0.701150 v _0457_/B (sky130_fd_sc_hd__and2_1)
     1    0.002304    0.032970    0.159427    0.860577 v _0457_/X (sky130_fd_sc_hd__and2_1)
                                                         net64 (net)
                      0.032970    0.000009    0.860586 v output64/A (sky130_fd_sc_hd__buf_2)
     1    0.034542    0.089973    0.175808    1.036394 v output64/X (sky130_fd_sc_hd__buf_2)
                                                         PADDR[1] (net)
                      0.089973    0.000190    1.036584 v PADDR[1] (out)
                                              1.036584   data arrival time

                                 20.000000   20.000000   clock clk (rise edge)
                                  0.000000   20.000000   clock network delay (propagated)
                                 -0.250000   19.750002   clock uncertainty
                                  0.000000   19.750002   clock reconvergence pessimism
                                 -4.000000   15.750001   output external delay
                                             15.750001   data required time
---------------------------------------------------------------------------------------------
                                             15.750001   data required time
                                             -1.036584   data arrival time
---------------------------------------------------------------------------------------------
                                             14.713417   slack (MET)


Startpoint: _1104_ (rising edge-triggered flip-flop clocked by clk)
Endpoint: PADDR[2] (output port clocked by clk)
Path Group: clk
Path Type: max

Fanout         Cap        Slew       Delay        Time   Description
---------------------------------------------------------------------------------------------
                                  0.000000    0.000000   clock clk (rise edge)
                                  0.000000    0.000000   clock source latency
     1    0.014116    0.069485    0.047298    0.047298 ^ clk (in)
                                                         clk (net)
                      0.069487    0.000000    0.047298 ^ clkbuf_0_clk/A (sky130_fd_sc_hd__clkbuf_16)
     2    0.017377    0.039622    0.131940    0.179238 ^ clkbuf_0_clk/X (sky130_fd_sc_hd__clkbuf_16)
                                                         clknet_0_clk (net)
                      0.039631    0.000046    0.179284 ^ clkbuf_1_1__f_clk/A (sky130_fd_sc_hd__clkbuf_16)
    10    0.026352    0.047507    0.129632    0.308915 ^ clkbuf_1_1__f_clk/X (sky130_fd_sc_hd__clkbuf_16)
                                                         clknet_1_1__leaf_clk (net)
                      0.047507    0.000063    0.308979 ^ _1104_/CLK (sky130_fd_sc_hd__dfrtp_1)
     3    0.005813    0.054522    0.371037    0.680016 v _1104_/Q (sky130_fd_sc_hd__dfrtp_1)
                                                         DADDR[2] (net)
                      0.054522    0.000008    0.680024 v _0458_/B (sky130_fd_sc_hd__and2_1)
     1    0.001925    0.032196    0.149054    0.829078 v _0458_/X (sky130_fd_sc_hd__and2_1)
                                                         net65 (net)
                      0.032196    0.000003    0.829081 v output65/A (sky130_fd_sc_hd__buf_2)
     1    0.034337    0.089518    0.175125    1.004206 v output65/X (sky130_fd_sc_hd__buf_2)
                                                         PADDR[2] (net)
                      0.089518    0.000146    1.004352 v PADDR[2] (out)
                                              1.004352   data arrival time

                                 20.000000   20.000000   clock clk (rise edge)
                                  0.000000   20.000000   clock network delay (propagated)
                                 -0.250000   19.750002   clock uncertainty
                                  0.000000   19.750002   clock reconvergence pessimism
                                 -4.000000   15.750001   output external delay
                                             15.750001   data required time
---------------------------------------------------------------------------------------------
                                             15.750001   data required time
                                             -1.004352   data arrival time
---------------------------------------------------------------------------------------------
                                             14.745648   slack (MET)


Startpoint: awvalid (input port clocked by clk)
Endpoint: _1102_ (rising edge-triggered flip-flop clocked by clk)
Path Group: clk
Path Type: max

Fanout         Cap        Slew       Delay        Time   Description
---------------------------------------------------------------------------------------------
                                  0.000000    0.000000   clock clk (rise edge)
                                  0.000000    0.000000   clock network delay (propagated)
                                  4.000000    4.000000 ^ input external delay
     1    0.003220    0.021548    0.011769    4.011769 ^ awvalid (in)
                                                         awvalid (net)
                      0.021548    0.000000    4.011769 ^ input41/A (sky130_fd_sc_hd__buf_1)
     2    0.009415    0.118005    0.125037    4.136806 ^ input41/X (sky130_fd_sc_hd__buf_1)
                                                         net41 (net)
                      0.118005    0.000103    4.136909 ^ _0392_/A (sky130_fd_sc_hd__inv_2)
     2    0.003610    0.029420    0.039847    4.176756 v _0392_/Y (sky130_fd_sc_hd__inv_2)
                                                         _0096_ (net)
                      0.029420    0.000005    4.176761 v _0712_/A2_N (sky130_fd_sc_hd__o2bb2a_1)
     2    0.006253    0.080101    0.236157    4.412918 ^ _0712_/X (sky130_fd_sc_hd__o2bb2a_1)
                                                         _0322_ (net)
                      0.080101    0.000002    4.412920 ^ _0715_/B1 (sky130_fd_sc_hd__o211a_2)
     6    0.020811    0.133364    0.250976    4.663896 ^ _0715_/X (sky130_fd_sc_hd__o211a_2)
                                                         _0325_ (net)
                      0.133364    0.000045    4.663941 ^ _0761_/B1 (sky130_fd_sc_hd__o41a_2)
     5    0.014909    0.089016    0.202840    4.866781 ^ _0761_/X (sky130_fd_sc_hd__o41a_2)
                                                         _0363_ (net)
                      0.089016    0.000096    4.866878 ^ _0764_/S (sky130_fd_sc_hd__mux2_1)
     1    0.002389    0.054264    0.317121    5.183998 v _0764_/X (sky130_fd_sc_hd__mux2_1)
                                                         _0087_ (net)
                      0.054264    0.000005    5.184004 v _1102_/D (sky130_fd_sc_hd__dfrtp_1)
                                              5.184004   data arrival time

                                 20.000000   20.000000   clock clk (rise edge)
                                  0.000000   20.000000   clock source latency
     1    0.014116    0.069485    0.047297   20.047298 ^ clk (in)
                                                         clk (net)
                      0.069487    0.000000   20.047298 ^ clkbuf_0_clk/A (sky130_fd_sc_hd__clkbuf_16)
     2    0.017377    0.039622    0.131941   20.179239 ^ clkbuf_0_clk/X (sky130_fd_sc_hd__clkbuf_16)
                                                         clknet_0_clk (net)
                      0.039631    0.000046   20.179285 ^ clkbuf_1_1__f_clk/A (sky130_fd_sc_hd__clkbuf_16)
    10    0.026352    0.047507    0.129631   20.308916 ^ clkbuf_1_1__f_clk/X (sky130_fd_sc_hd__clkbuf_16)
                                                         clknet_1_1__leaf_clk (net)
                      0.047507    0.000073   20.308989 ^ _1102_/CLK (sky130_fd_sc_hd__dfrtp_1)
                                 -0.250000   20.058990   clock uncertainty
                                  0.000000   20.058990   clock reconvergence pessimism
                                 -0.117742   19.941248   library setup time
                                             19.941248   data required time
---------------------------------------------------------------------------------------------
                                             19.941248   data required time
                                             -5.184004   data arrival time
---------------------------------------------------------------------------------------------
                                             14.757244   slack (MET)


Startpoint: awlen[0] (input port clocked by clk)
Endpoint: _0801_ (rising edge-triggered flip-flop clocked by clk)
Path Group: clk
Path Type: max

Fanout         Cap        Slew       Delay        Time   Description
---------------------------------------------------------------------------------------------
                                  0.000000    0.000000   clock clk (rise edge)
                                  0.000000    0.000000   clock network delay (propagated)
                                  4.000000    4.000000 ^ input external delay
     1    0.002721    0.019396    0.010022    4.010022 ^ awlen[0] (in)
                                                         awlen[0] (net)
                      0.019396    0.000000    4.010022 ^ input37/A (sky130_fd_sc_hd__dlymetal6s2s_1)
     5    0.015795    0.181345    0.172209    4.182231 ^ input37/X (sky130_fd_sc_hd__dlymetal6s2s_1)
                                                         net37 (net)
                      0.181345    0.000045    4.182276 ^ _0725_/A (sky130_fd_sc_hd__and3_1)
     2    0.006522    0.084718    0.203094    4.385370 ^ _0725_/X (sky130_fd_sc_hd__and3_1)
                                                         _0333_ (net)
                      0.084718    0.000004    4.385375 ^ _0726_/B (sky130_fd_sc_hd__or2_1)
     2    0.008455    0.088640    0.138139    4.523514 ^ _0726_/X (sky130_fd_sc_hd__or2_1)
                                                         _0334_ (net)
                      0.088640    0.000042    4.523555 ^ _0727_/A (sky130_fd_sc_hd__inv_2)
     1    0.003714    0.023759    0.035895    4.559450 v _0727_/Y (sky130_fd_sc_hd__inv_2)
                                                         _0335_ (net)
                      0.023759    0.000020    4.559470 v _0730_/B2 (sky130_fd_sc_hd__a221o_1)
     1    0.002560    0.051911    0.301666    4.861136 v _0730_/X (sky130_fd_sc_hd__a221o_1)
                                                         _0338_ (net)
                      0.051911    0.000010    4.861147 v _0731_/A1 (sky130_fd_sc_hd__mux2_1)
     1    0.002207    0.053350    0.283722    5.144869 v _0731_/X (sky130_fd_sc_hd__mux2_1)
                                                         _0081_ (net)
                      0.053350    0.000004    5.144872 v _0801_/D (sky130_fd_sc_hd__dfrtp_1)
                                              5.144872   data arrival time

                                 20.000000   20.000000   clock clk (rise edge)
                                  0.000000   20.000000   clock source latency
     1    0.014116    0.069485    0.047297   20.047298 ^ clk (in)
                                                         clk (net)
                      0.069487    0.000000   20.047298 ^ clkbuf_0_clk/A (sky130_fd_sc_hd__clkbuf_16)
     2    0.017377    0.039622    0.131941   20.179239 ^ clkbuf_0_clk/X (sky130_fd_sc_hd__clkbuf_16)
                                                         clknet_0_clk (net)
                      0.039631    0.000046   20.179285 ^ clkbuf_1_1__f_clk/A (sky130_fd_sc_hd__clkbuf_16)
    10    0.026352    0.047507    0.129631   20.308916 ^ clkbuf_1_1__f_clk/X (sky130_fd_sc_hd__clkbuf_16)
                                                         clknet_1_1__leaf_clk (net)
                      0.047507    0.000050   20.308966 ^ _0801_/CLK (sky130_fd_sc_hd__dfrtp_1)
                                 -0.250000   20.058966   clock uncertainty
                                  0.000000   20.058966   clock reconvergence pessimism
                                 -0.117343   19.941624   library setup time
                                             19.941624   data required time
---------------------------------------------------------------------------------------------
                                             19.941624   data required time
                                             -5.144872   data arrival time
---------------------------------------------------------------------------------------------
                                             14.796752   slack (MET)


Startpoint: awvalid (input port clocked by clk)
Endpoint: _1104_ (rising edge-triggered flip-flop clocked by clk)
Path Group: clk
Path Type: max

Fanout         Cap        Slew       Delay        Time   Description
---------------------------------------------------------------------------------------------
                                  0.000000    0.000000   clock clk (rise edge)
                                  0.000000    0.000000   clock network delay (propagated)
                                  4.000000    4.000000 ^ input external delay
     1    0.003220    0.021548    0.011769    4.011769 ^ awvalid (in)
                                                         awvalid (net)
                      0.021548    0.000000    4.011769 ^ input41/A (sky130_fd_sc_hd__buf_1)
     2    0.009415    0.118005    0.125037    4.136806 ^ input41/X (sky130_fd_sc_hd__buf_1)
                                                         net41 (net)
                      0.118005    0.000103    4.136909 ^ _0392_/A (sky130_fd_sc_hd__inv_2)
     2    0.003610    0.029420    0.039847    4.176756 v _0392_/Y (sky130_fd_sc_hd__inv_2)
                                                         _0096_ (net)
                      0.029420    0.000005    4.176761 v _0712_/A2_N (sky130_fd_sc_hd__o2bb2a_1)
     2    0.006253    0.080101    0.236157    4.412918 ^ _0712_/X (sky130_fd_sc_hd__o2bb2a_1)
                                                         _0322_ (net)
                      0.080101    0.000002    4.412920 ^ _0715_/B1 (sky130_fd_sc_hd__o211a_2)
     6    0.020811    0.133364    0.250976    4.663896 ^ _0715_/X (sky130_fd_sc_hd__o211a_2)
                                                         _0325_ (net)
                      0.133364    0.000045    4.663941 ^ _0761_/B1 (sky130_fd_sc_hd__o41a_2)
     5    0.014909    0.089016    0.202840    4.866781 ^ _0761_/X (sky130_fd_sc_hd__o41a_2)
                                                         _0363_ (net)
                      0.089016    0.000054    4.866836 ^ _0766_/A (sky130_fd_sc_hd__nand2_1)
     1    0.002867    0.040017    0.056204    4.923040 v _0766_/Y (sky130_fd_sc_hd__nand2_1)
                                                         _0367_ (net)
                      0.040017    0.000009    4.923049 v _0772_/A2 (sky130_fd_sc_hd__a22o_1)
     1    0.002459    0.039502    0.217446    5.140495 v _0772_/X (sky130_fd_sc_hd__a22o_1)
                                                         _0089_ (net)
                      0.039502    0.000007    5.140502 v _1104_/D (sky130_fd_sc_hd__dfrtp_1)
                                              5.140502   data arrival time

                                 20.000000   20.000000   clock clk (rise edge)
                                  0.000000   20.000000   clock source latency
     1    0.014116    0.069485    0.047297   20.047298 ^ clk (in)
                                                         clk (net)
                      0.069487    0.000000   20.047298 ^ clkbuf_0_clk/A (sky130_fd_sc_hd__clkbuf_16)
     2    0.017377    0.039622    0.131941   20.179239 ^ clkbuf_0_clk/X (sky130_fd_sc_hd__clkbuf_16)
                                                         clknet_0_clk (net)
                      0.039631    0.000046   20.179285 ^ clkbuf_1_1__f_clk/A (sky130_fd_sc_hd__clkbuf_16)
    10    0.026352    0.047507    0.129631   20.308916 ^ clkbuf_1_1__f_clk/X (sky130_fd_sc_hd__clkbuf_16)
                                                         clknet_1_1__leaf_clk (net)
                      0.047507    0.000062   20.308979 ^ _1104_/CLK (sky130_fd_sc_hd__dfrtp_1)
                                 -0.250000   20.058979   clock uncertainty
                                  0.000000   20.058979   clock reconvergence pessimism
                                 -0.111301   19.947678   library setup time
                                             19.947678   data required time
---------------------------------------------------------------------------------------------
                                             19.947678   data required time
                                             -5.140502   data arrival time
---------------------------------------------------------------------------------------------
                                             14.807176   slack (MET)


Startpoint: awvalid (input port clocked by clk)
Endpoint: _1099_ (rising edge-triggered flip-flop clocked by clk)
Path Group: clk
Path Type: max

Fanout         Cap        Slew       Delay        Time   Description
---------------------------------------------------------------------------------------------
                                  0.000000    0.000000   clock clk (rise edge)
                                  0.000000    0.000000   clock network delay (propagated)
                                  4.000000    4.000000 ^ input external delay
     1    0.003220    0.021548    0.011769    4.011769 ^ awvalid (in)
                                                         awvalid (net)
                      0.021548    0.000000    4.011769 ^ input41/A (sky130_fd_sc_hd__buf_1)
     2    0.009415    0.118005    0.125037    4.136806 ^ input41/X (sky130_fd_sc_hd__buf_1)
                                                         net41 (net)
                      0.118005    0.000103    4.136909 ^ _0392_/A (sky130_fd_sc_hd__inv_2)
     2    0.003610    0.029420    0.039847    4.176756 v _0392_/Y (sky130_fd_sc_hd__inv_2)
                                                         _0096_ (net)
                      0.029420    0.000005    4.176761 v _0712_/A2_N (sky130_fd_sc_hd__o2bb2a_1)
     2    0.006253    0.080101    0.236157    4.412918 ^ _0712_/X (sky130_fd_sc_hd__o2bb2a_1)
                                                         _0322_ (net)
                      0.080101    0.000018    4.412936 ^ _0740_/C1 (sky130_fd_sc_hd__o221a_2)
     7    0.019587    0.123891    0.245549    4.658485 ^ _0740_/X (sky130_fd_sc_hd__o221a_2)
                                                         _0346_ (net)
                      0.123891    0.000060    4.658545 ^ _0741_/B1_N (sky130_fd_sc_hd__a21bo_1)
     1    0.002696    0.034993    0.211777    4.870323 v _0741_/X (sky130_fd_sc_hd__a21bo_1)
                                                         _0347_ (net)
                      0.034993    0.000004    4.870327 v _0749_/A2 (sky130_fd_sc_hd__a22o_1)
     1    0.003639    0.044418    0.223545    5.093872 v _0749_/X (sky130_fd_sc_hd__a22o_1)
                                                         _0084_ (net)
                      0.044418    0.000020    5.093891 v _1099_/D (sky130_fd_sc_hd__dfrtp_1)
                                              5.093891   data arrival time

                                 20.000000   20.000000   clock clk (rise edge)
                                  0.000000   20.000000   clock source latency
     1    0.014116    0.069485    0.047297   20.047298 ^ clk (in)
                                                         clk (net)
                      0.069487    0.000000   20.047298 ^ clkbuf_0_clk/A (sky130_fd_sc_hd__clkbuf_16)
     2    0.017377    0.039622    0.131941   20.179239 ^ clkbuf_0_clk/X (sky130_fd_sc_hd__clkbuf_16)
                                                         clknet_0_clk (net)
                      0.039631    0.000052   20.179291 ^ clkbuf_1_0__f_clk/A (sky130_fd_sc_hd__clkbuf_16)
    10    0.025449    0.046684    0.128740   20.308029 ^ clkbuf_1_0__f_clk/X (sky130_fd_sc_hd__clkbuf_16)
                                                         clknet_1_0__leaf_clk (net)
                      0.046684    0.000128   20.308157 ^ _1099_/CLK (sky130_fd_sc_hd__dfrtp_1)
                                 -0.250000   20.058159   clock uncertainty
                                  0.000000   20.058159   clock reconvergence pessimism
                                 -0.113634   19.944525   library setup time
                                             19.944525   data required time
---------------------------------------------------------------------------------------------
                                             19.944525   data required time
                                             -5.093891   data arrival time
---------------------------------------------------------------------------------------------
                                             14.850633   slack (MET)


Startpoint: awvalid (input port clocked by clk)
Endpoint: _1101_ (rising edge-triggered flip-flop clocked by clk)
Path Group: clk
Path Type: max

Fanout         Cap        Slew       Delay        Time   Description
---------------------------------------------------------------------------------------------
                                  0.000000    0.000000   clock clk (rise edge)
                                  0.000000    0.000000   clock network delay (propagated)
                                  4.000000    4.000000 ^ input external delay
     1    0.003220    0.021548    0.011769    4.011769 ^ awvalid (in)
                                                         awvalid (net)
                      0.021548    0.000000    4.011769 ^ input41/A (sky130_fd_sc_hd__buf_1)
     2    0.009415    0.118005    0.125037    4.136806 ^ input41/X (sky130_fd_sc_hd__buf_1)
                                                         net41 (net)
                      0.118005    0.000103    4.136909 ^ _0392_/A (sky130_fd_sc_hd__inv_2)
     2    0.003610    0.029420    0.039847    4.176756 v _0392_/Y (sky130_fd_sc_hd__inv_2)
                                                         _0096_ (net)
                      0.029420    0.000005    4.176761 v _0712_/A2_N (sky130_fd_sc_hd__o2bb2a_1)
     2    0.006253    0.080101    0.236157    4.412918 ^ _0712_/X (sky130_fd_sc_hd__o2bb2a_1)
                                                         _0322_ (net)
                      0.080101    0.000018    4.412936 ^ _0740_/C1 (sky130_fd_sc_hd__o221a_2)
     7    0.019587    0.123891    0.245549    4.658485 ^ _0740_/X (sky130_fd_sc_hd__o221a_2)
                                                         _0346_ (net)
                      0.123891    0.000025    4.658510 ^ _0755_/B1_N (sky130_fd_sc_hd__a21bo_1)
     1    0.003228    0.036289    0.215211    4.873721 v _0755_/X (sky130_fd_sc_hd__a21bo_1)
                                                         _0358_ (net)
                      0.036289    0.000014    4.873735 v _0759_/A2 (sky130_fd_sc_hd__a22o_1)
     1    0.003171    0.042125    0.221093    5.094828 v _0759_/X (sky130_fd_sc_hd__a22o_1)
                                                         _0086_ (net)
                      0.042125    0.000016    5.094843 v _1101_/D (sky130_fd_sc_hd__dfrtp_1)
                                              5.094843   data arrival time

                                 20.000000   20.000000   clock clk (rise edge)
                                  0.000000   20.000000   clock source latency
     1    0.014116    0.069485    0.047297   20.047298 ^ clk (in)
                                                         clk (net)
                      0.069487    0.000000   20.047298 ^ clkbuf_0_clk/A (sky130_fd_sc_hd__clkbuf_16)
     2    0.017377    0.039622    0.131941   20.179239 ^ clkbuf_0_clk/X (sky130_fd_sc_hd__clkbuf_16)
                                                         clknet_0_clk (net)
                      0.039631    0.000052   20.179291 ^ clkbuf_1_0__f_clk/A (sky130_fd_sc_hd__clkbuf_16)
    10    0.025449    0.046684    0.128740   20.308029 ^ clkbuf_1_0__f_clk/X (sky130_fd_sc_hd__clkbuf_16)
                                                         clknet_1_0__leaf_clk (net)
                      0.046684    0.000123   20.308151 ^ _1101_/CLK (sky130_fd_sc_hd__dfrtp_1)
                                 -0.250000   20.058153   clock uncertainty
                                  0.000000   20.058153   clock reconvergence pessimism
                                 -0.112634   19.945520   library setup time
                                             19.945520   data required time
---------------------------------------------------------------------------------------------
                                             19.945520   data required time
                                             -5.094843   data arrival time
---------------------------------------------------------------------------------------------
                                             14.850676   slack (MET)


Startpoint: awvalid (input port clocked by clk)
Endpoint: _0802_ (rising edge-triggered flip-flop clocked by clk)
Path Group: clk
Path Type: max

Fanout         Cap        Slew       Delay        Time   Description
---------------------------------------------------------------------------------------------
                                  0.000000    0.000000   clock clk (rise edge)
                                  0.000000    0.000000   clock network delay (propagated)
                                  4.000000    4.000000 ^ input external delay
     1    0.003220    0.021548    0.011769    4.011769 ^ awvalid (in)
                                                         awvalid (net)
                      0.021548    0.000000    4.011769 ^ input41/A (sky130_fd_sc_hd__buf_1)
     2    0.009415    0.118005    0.125037    4.136806 ^ input41/X (sky130_fd_sc_hd__buf_1)
                                                         net41 (net)
                      0.118005    0.000103    4.136909 ^ _0392_/A (sky130_fd_sc_hd__inv_2)
     2    0.003610    0.029420    0.039847    4.176756 v _0392_/Y (sky130_fd_sc_hd__inv_2)
                                                         _0096_ (net)
                      0.029420    0.000005    4.176761 v _0712_/A2_N (sky130_fd_sc_hd__o2bb2a_1)
     2    0.006253    0.080101    0.236157    4.412918 ^ _0712_/X (sky130_fd_sc_hd__o2bb2a_1)
                                                         _0322_ (net)
                      0.080101    0.000002    4.412920 ^ _0715_/B1 (sky130_fd_sc_hd__o211a_2)
     6    0.020811    0.133364    0.250976    4.663896 ^ _0715_/X (sky130_fd_sc_hd__o211a_2)
                                                         _0325_ (net)
                      0.133364    0.000060    4.663955 ^ _0732_/B1_N (sky130_fd_sc_hd__a21bo_1)
     1    0.003154    0.035961    0.216486    4.880442 v _0732_/X (sky130_fd_sc_hd__a21bo_1)
                                                         _0339_ (net)
                      0.035961    0.000013    4.880455 v _0735_/A2 (sky130_fd_sc_hd__a22o_1)
     1    0.002183    0.038011    0.213729    5.094184 v _0735_/X (sky130_fd_sc_hd__a22o_1)
                                                         _0082_ (net)
                      0.038011    0.000003    5.094187 v _0802_/D (sky130_fd_sc_hd__dfrtp_1)
                                              5.094187   data arrival time

                                 20.000000   20.000000   clock clk (rise edge)
                                  0.000000   20.000000   clock source latency
     1    0.014116    0.069485    0.047297   20.047298 ^ clk (in)
                                                         clk (net)
                      0.069487    0.000000   20.047298 ^ clkbuf_0_clk/A (sky130_fd_sc_hd__clkbuf_16)
     2    0.017377    0.039622    0.131941   20.179239 ^ clkbuf_0_clk/X (sky130_fd_sc_hd__clkbuf_16)
                                                         clknet_0_clk (net)
                      0.039631    0.000046   20.179285 ^ clkbuf_1_1__f_clk/A (sky130_fd_sc_hd__clkbuf_16)
    10    0.026352    0.047507    0.129631   20.308916 ^ clkbuf_1_1__f_clk/X (sky130_fd_sc_hd__clkbuf_16)
                                                         clknet_1_1__leaf_clk (net)
                      0.047507    0.000018   20.308933 ^ _0802_/CLK (sky130_fd_sc_hd__dfrtp_1)
                                 -0.250000   20.058935   clock uncertainty
                                  0.000000   20.058935   clock reconvergence pessimism
                                 -0.110651   19.948284   library setup time
                                             19.948284   data required time
---------------------------------------------------------------------------------------------
                                             19.948284   data required time
                                             -5.094187   data arrival time
---------------------------------------------------------------------------------------------
                                             14.854097   slack (MET)


Startpoint: arvalid (input port clocked by clk)
Endpoint: _0796_ (rising edge-triggered flip-flop clocked by clk)
Path Group: clk
Path Type: max

Fanout         Cap        Slew       Delay        Time   Description
---------------------------------------------------------------------------------------------
                                  0.000000    0.000000   clock clk (rise edge)
                                  0.000000    0.000000   clock network delay (propagated)
                                  4.000000    4.000000 ^ input external delay
     1    0.002518    0.018533    0.009308    4.009308 ^ arvalid (in)
                                                         arvalid (net)
                      0.018533    0.000000    4.009308 ^ input29/A (sky130_fd_sc_hd__dlymetal6s2s_1)
     5    0.017401    0.190600    0.182272    4.191580 ^ input29/X (sky130_fd_sc_hd__dlymetal6s2s_1)
                                                         net29 (net)
                      0.190600    0.000218    4.191799 ^ _0700_/A (sky130_fd_sc_hd__or3_1)
     1    0.003101    0.043766    0.141357    4.333156 ^ _0700_/X (sky130_fd_sc_hd__or3_1)
                                                         _0313_ (net)
                      0.043766    0.000012    4.333168 ^ _0701_/C1 (sky130_fd_sc_hd__o311a_1)
     1    0.003370    0.056433    0.147135    4.480303 ^ _0701_/X (sky130_fd_sc_hd__o311a_1)
                                                         _0314_ (net)
                      0.056433    0.000013    4.480316 ^ _0702_/B1 (sky130_fd_sc_hd__o31ai_1)
     2    0.004860    0.064129    0.075016    4.555331 v _0702_/Y (sky130_fd_sc_hd__o31ai_1)
                                                         _0315_ (net)
                      0.064129    0.000016    4.555348 v _0707_/A (sky130_fd_sc_hd__or4b_1)
     1    0.002901    0.085587    0.516942    5.072290 v _0707_/X (sky130_fd_sc_hd__or4b_1)
                                                         _0076_ (net)
                      0.085587    0.000014    5.072304 v _0796_/D (sky130_fd_sc_hd__dfrtp_1)
                                              5.072304   data arrival time

                                 20.000000   20.000000   clock clk (rise edge)
                                  0.000000   20.000000   clock source latency
     1    0.014116    0.069485    0.047297   20.047298 ^ clk (in)
                                                         clk (net)
                      0.069487    0.000000   20.047298 ^ clkbuf_0_clk/A (sky130_fd_sc_hd__clkbuf_16)
     2    0.017377    0.039622    0.131941   20.179239 ^ clkbuf_0_clk/X (sky130_fd_sc_hd__clkbuf_16)
                                                         clknet_0_clk (net)
                      0.039631    0.000046   20.179285 ^ clkbuf_1_1__f_clk/A (sky130_fd_sc_hd__clkbuf_16)
    10    0.026352    0.047507    0.129631   20.308916 ^ clkbuf_1_1__f_clk/X (sky130_fd_sc_hd__clkbuf_16)
                                                         clknet_1_1__leaf_clk (net)
                      0.047507    0.000094   20.309010 ^ _0796_/CLK (sky130_fd_sc_hd__dfrtp_1)
                                 -0.250000   20.059011   clock uncertainty
                                  0.000000   20.059011   clock reconvergence pessimism
                                 -0.131406   19.927605   library setup time
                                             19.927605   data required time
---------------------------------------------------------------------------------------------
                                             19.927605   data required time
                                             -5.072304   data arrival time
---------------------------------------------------------------------------------------------
                                             14.855302   slack (MET)


Startpoint: arvalid (input port clocked by clk)
Endpoint: _0797_ (rising edge-triggered flip-flop clocked by clk)
Path Group: clk
Path Type: max

Fanout         Cap        Slew       Delay        Time   Description
---------------------------------------------------------------------------------------------
                                  0.000000    0.000000   clock clk (rise edge)
                                  0.000000    0.000000   clock network delay (propagated)
                                  4.000000    4.000000 ^ input external delay
     1    0.002518    0.018533    0.009308    4.009308 ^ arvalid (in)
                                                         arvalid (net)
                      0.018533    0.000000    4.009308 ^ input29/A (sky130_fd_sc_hd__dlymetal6s2s_1)
     5    0.017401    0.190600    0.182272    4.191580 ^ input29/X (sky130_fd_sc_hd__dlymetal6s2s_1)
                                                         net29 (net)
                      0.190600    0.000218    4.191799 ^ _0700_/A (sky130_fd_sc_hd__or3_1)
     1    0.003101    0.043766    0.141357    4.333156 ^ _0700_/X (sky130_fd_sc_hd__or3_1)
                                                         _0313_ (net)
                      0.043766    0.000012    4.333168 ^ _0701_/C1 (sky130_fd_sc_hd__o311a_1)
     1    0.003370    0.056433    0.147135    4.480303 ^ _0701_/X (sky130_fd_sc_hd__o311a_1)
                                                         _0314_ (net)
                      0.056433    0.000013    4.480316 ^ _0702_/B1 (sky130_fd_sc_hd__o31ai_1)
     2    0.004860    0.064129    0.075016    4.555331 v _0702_/Y (sky130_fd_sc_hd__o31ai_1)
                                                         _0315_ (net)
                      0.064129    0.000011    4.555342 v _0709_/B (sky130_fd_sc_hd__or4b_1)
     1    0.002435    0.081508    0.493516    5.048858 v _0709_/X (sky130_fd_sc_hd__or4b_1)
                                                         _0077_ (net)
                      0.081508    0.000007    5.048865 v _0797_/D (sky130_fd_sc_hd__dfrtp_1)
                                              5.048865   data arrival time

                                 20.000000   20.000000   clock clk (rise edge)
                                  0.000000   20.000000   clock source latency
     1    0.014116    0.069485    0.047297   20.047298 ^ clk (in)
                                                         clk (net)
                      0.069487    0.000000   20.047298 ^ clkbuf_0_clk/A (sky130_fd_sc_hd__clkbuf_16)
     2    0.017377    0.039622    0.131941   20.179239 ^ clkbuf_0_clk/X (sky130_fd_sc_hd__clkbuf_16)
                                                         clknet_0_clk (net)
                      0.039631    0.000046   20.179285 ^ clkbuf_1_1__f_clk/A (sky130_fd_sc_hd__clkbuf_16)
    10    0.026352    0.047507    0.129631   20.308916 ^ clkbuf_1_1__f_clk/X (sky130_fd_sc_hd__clkbuf_16)
                                                         clknet_1_1__leaf_clk (net)
                      0.047507    0.000119   20.309034 ^ _0797_/CLK (sky130_fd_sc_hd__dfrtp_1)
                                 -0.250000   20.059036   clock uncertainty
                                  0.000000   20.059036   clock reconvergence pessimism
                                 -0.129626   19.929409   library setup time
                                             19.929409   data required time
---------------------------------------------------------------------------------------------
                                             19.929409   data required time
                                             -5.048865   data arrival time
---------------------------------------------------------------------------------------------
                                             14.880545   slack (MET)


Startpoint: arvalid (input port clocked by clk)
Endpoint: _0800_ (rising edge-triggered flip-flop clocked by clk)
Path Group: clk
Path Type: max

Fanout         Cap        Slew       Delay        Time   Description
---------------------------------------------------------------------------------------------
                                  0.000000    0.000000   clock clk (rise edge)
                                  0.000000    0.000000   clock network delay (propagated)
                                  4.000000    4.000000 v input external delay
     1    0.002360    0.007618    0.003673    4.003673 v arvalid (in)
                                                         arvalid (net)
                      0.007618    0.000000    4.003673 v input29/A (sky130_fd_sc_hd__dlymetal6s2s_1)
     5    0.016473    0.094242    0.172726    4.176398 v input29/X (sky130_fd_sc_hd__dlymetal6s2s_1)
                                                         net29 (net)
                      0.094242    0.000203    4.176602 v _0712_/B1 (sky130_fd_sc_hd__o2bb2a_1)
     2    0.005972    0.067518    0.323058    4.499660 v _0712_/X (sky130_fd_sc_hd__o2bb2a_1)
                                                         _0322_ (net)
                      0.067518    0.000002    4.499662 v _0715_/B1 (sky130_fd_sc_hd__o211a_2)
     6    0.019477    0.078127    0.181375    4.681037 v _0715_/X (sky130_fd_sc_hd__o211a_2)
                                                         _0325_ (net)
                      0.078127    0.000076    4.681114 v _0723_/S (sky130_fd_sc_hd__mux2_1)
     1    0.002247    0.053578    0.310369    4.991483 v _0723_/X (sky130_fd_sc_hd__mux2_1)
                                                         _0080_ (net)
                      0.053578    0.000004    4.991487 v _0800_/D (sky130_fd_sc_hd__dfrtp_1)
                                              4.991487   data arrival time

                                 20.000000   20.000000   clock clk (rise edge)
                                  0.000000   20.000000   clock source latency
     1    0.014116    0.069485    0.047297   20.047298 ^ clk (in)
                                                         clk (net)
                      0.069487    0.000000   20.047298 ^ clkbuf_0_clk/A (sky130_fd_sc_hd__clkbuf_16)
     2    0.017377    0.039622    0.131941   20.179239 ^ clkbuf_0_clk/X (sky130_fd_sc_hd__clkbuf_16)
                                                         clknet_0_clk (net)
                      0.039631    0.000046   20.179285 ^ clkbuf_1_1__f_clk/A (sky130_fd_sc_hd__clkbuf_16)
    10    0.026352    0.047507    0.129631   20.308916 ^ clkbuf_1_1__f_clk/X (sky130_fd_sc_hd__clkbuf_16)
                                                         clknet_1_1__leaf_clk (net)
                      0.047507    0.000046   20.308962 ^ _0800_/CLK (sky130_fd_sc_hd__dfrtp_1)
                                 -0.250000   20.058964   clock uncertainty
                                  0.000000   20.058964   clock reconvergence pessimism
                                 -0.117442   19.941521   library setup time
                                             19.941521   data required time
---------------------------------------------------------------------------------------------
                                             19.941521   data required time
                                             -4.991487   data arrival time
---------------------------------------------------------------------------------------------
                                             14.950034   slack (MET)


Startpoint: arvalid (input port clocked by clk)
Endpoint: _0799_ (rising edge-triggered flip-flop clocked by clk)
Path Group: clk
Path Type: max

Fanout         Cap        Slew       Delay        Time   Description
---------------------------------------------------------------------------------------------
                                  0.000000    0.000000   clock clk (rise edge)
                                  0.000000    0.000000   clock network delay (propagated)
                                  4.000000    4.000000 v input external delay
     1    0.002360    0.007618    0.003673    4.003673 v arvalid (in)
                                                         arvalid (net)
                      0.007618    0.000000    4.003673 v input29/A (sky130_fd_sc_hd__dlymetal6s2s_1)
     5    0.016473    0.094242    0.172726    4.176398 v input29/X (sky130_fd_sc_hd__dlymetal6s2s_1)
                                                         net29 (net)
                      0.094242    0.000203    4.176602 v _0712_/B1 (sky130_fd_sc_hd__o2bb2a_1)
     2    0.005972    0.067518    0.323058    4.499660 v _0712_/X (sky130_fd_sc_hd__o2bb2a_1)
                                                         _0322_ (net)
                      0.067518    0.000002    4.499662 v _0715_/B1 (sky130_fd_sc_hd__o211a_2)
     6    0.019477    0.078127    0.181375    4.681037 v _0715_/X (sky130_fd_sc_hd__o211a_2)
                                                         _0325_ (net)
                      0.078127    0.000038    4.681076 v _0718_/S (sky130_fd_sc_hd__mux2_1)
     1    0.002151    0.053029    0.309474    4.990550 v _0718_/X (sky130_fd_sc_hd__mux2_1)
                                                         _0079_ (net)
                      0.053029    0.000003    4.990552 v _0799_/D (sky130_fd_sc_hd__dfrtp_1)
                                              4.990552   data arrival time

                                 20.000000   20.000000   clock clk (rise edge)
                                  0.000000   20.000000   clock source latency
     1    0.014116    0.069485    0.047297   20.047298 ^ clk (in)
                                                         clk (net)
                      0.069487    0.000000   20.047298 ^ clkbuf_0_clk/A (sky130_fd_sc_hd__clkbuf_16)
     2    0.017377    0.039622    0.131941   20.179239 ^ clkbuf_0_clk/X (sky130_fd_sc_hd__clkbuf_16)
                                                         clknet_0_clk (net)
                      0.039631    0.000046   20.179285 ^ clkbuf_1_1__f_clk/A (sky130_fd_sc_hd__clkbuf_16)
    10    0.026352    0.047507    0.129631   20.308916 ^ clkbuf_1_1__f_clk/X (sky130_fd_sc_hd__clkbuf_16)
                                                         clknet_1_1__leaf_clk (net)
                      0.047507    0.000048   20.308964 ^ _0799_/CLK (sky130_fd_sc_hd__dfrtp_1)
                                 -0.250000   20.058966   clock uncertainty
                                  0.000000   20.058966   clock reconvergence pessimism
                                 -0.117203   19.941763   library setup time
                                             19.941763   data required time
---------------------------------------------------------------------------------------------
                                             19.941763   data required time
                                             -4.990552   data arrival time
---------------------------------------------------------------------------------------------
                                             14.951210   slack (MET)


Startpoint: awvalid (input port clocked by clk)
Endpoint: _1098_ (rising edge-triggered flip-flop clocked by clk)
Path Group: clk
Path Type: max

Fanout         Cap        Slew       Delay        Time   Description
---------------------------------------------------------------------------------------------
                                  0.000000    0.000000   clock clk (rise edge)
                                  0.000000    0.000000   clock network delay (propagated)
                                  4.000000    4.000000 ^ input external delay
     1    0.003220    0.021548    0.011769    4.011769 ^ awvalid (in)
                                                         awvalid (net)
                      0.021548    0.000000    4.011769 ^ input41/A (sky130_fd_sc_hd__buf_1)
     2    0.009415    0.118005    0.125037    4.136806 ^ input41/X (sky130_fd_sc_hd__buf_1)
                                                         net41 (net)
                      0.118005    0.000103    4.136909 ^ _0392_/A (sky130_fd_sc_hd__inv_2)
     2    0.003610    0.029420    0.039847    4.176756 v _0392_/Y (sky130_fd_sc_hd__inv_2)
                                                         _0096_ (net)
                      0.029420    0.000005    4.176761 v _0712_/A2_N (sky130_fd_sc_hd__o2bb2a_1)
     2    0.006253    0.080101    0.236157    4.412918 ^ _0712_/X (sky130_fd_sc_hd__o2bb2a_1)
                                                         _0322_ (net)
                      0.080101    0.000018    4.412936 ^ _0740_/C1 (sky130_fd_sc_hd__o221a_2)
     7    0.019587    0.123891    0.245549    4.658485 ^ _0740_/X (sky130_fd_sc_hd__o221a_2)
                                                         _0346_ (net)
                      0.123891    0.000066    4.658551 ^ _0744_/S (sky130_fd_sc_hd__mux2_1)
     1    0.002652    0.055915    0.328593    4.987144 v _0744_/X (sky130_fd_sc_hd__mux2_1)
                                                         _0083_ (net)
                      0.055915    0.000007    4.987150 v _1098_/D (sky130_fd_sc_hd__dfrtp_1)
                                              4.987150   data arrival time

                                 20.000000   20.000000   clock clk (rise edge)
                                  0.000000   20.000000   clock source latency
     1    0.014116    0.069485    0.047297   20.047298 ^ clk (in)
                                                         clk (net)
                      0.069487    0.000000   20.047298 ^ clkbuf_0_clk/A (sky130_fd_sc_hd__clkbuf_16)
     2    0.017377    0.039622    0.131941   20.179239 ^ clkbuf_0_clk/X (sky130_fd_sc_hd__clkbuf_16)
                                                         clknet_0_clk (net)
                      0.039631    0.000052   20.179291 ^ clkbuf_1_0__f_clk/A (sky130_fd_sc_hd__clkbuf_16)
    10    0.025449    0.046684    0.128740   20.308029 ^ clkbuf_1_0__f_clk/X (sky130_fd_sc_hd__clkbuf_16)
                                                         clknet_1_0__leaf_clk (net)
                      0.046684    0.000133   20.308163 ^ _1098_/CLK (sky130_fd_sc_hd__dfrtp_1)
                                 -0.250000   20.058165   clock uncertainty
                                  0.000000   20.058165   clock reconvergence pessimism
                                 -0.118650   19.939514   library setup time
                                             19.939514   data required time
---------------------------------------------------------------------------------------------
                                             19.939514   data required time
                                             -4.987150   data arrival time
---------------------------------------------------------------------------------------------
                                             14.952363   slack (MET)


Startpoint: wlast (input port clocked by clk)
Endpoint: _0798_ (rising edge-triggered flip-flop clocked by clk)
Path Group: clk
Path Type: max

Fanout         Cap        Slew       Delay        Time   Description
---------------------------------------------------------------------------------------------
                                  0.000000    0.000000   clock clk (rise edge)
                                  0.000000    0.000000   clock network delay (propagated)
                                  4.000000    4.000000 v input external delay
     1    0.003159    0.009464    0.005021    4.005021 v wlast (in)
                                                         wlast (net)
                      0.009464    0.000000    4.005021 v input61/A (sky130_fd_sc_hd__clkbuf_1)
     2    0.005827    0.042325    0.086765    4.091786 v input61/X (sky130_fd_sc_hd__clkbuf_1)
                                                         net61 (net)
                      0.042325    0.000064    4.091850 v _0699_/A (sky130_fd_sc_hd__or4_1)
     1    0.003021    0.086027    0.513370    4.605219 v _0699_/X (sky130_fd_sc_hd__or4_1)
                                                         _0312_ (net)
                      0.086027    0.000011    4.605230 v _0710_/A3 (sky130_fd_sc_hd__a31o_1)
     1    0.002639    0.037212    0.225020    4.830251 v _0710_/X (sky130_fd_sc_hd__a31o_1)
                                                         _0321_ (net)
                      0.037212    0.000004    4.830255 v _0711_/B1 (sky130_fd_sc_hd__a21o_1)
     1    0.002708    0.032543    0.144459    4.974713 v _0711_/X (sky130_fd_sc_hd__a21o_1)
                                                         _0078_ (net)
                      0.032543    0.000010    4.974723 v _0798_/D (sky130_fd_sc_hd__dfrtp_1)
                                              4.974723   data arrival time

                                 20.000000   20.000000   clock clk (rise edge)
                                  0.000000   20.000000   clock source latency
     1    0.014116    0.069485    0.047297   20.047298 ^ clk (in)
                                                         clk (net)
                      0.069487    0.000000   20.047298 ^ clkbuf_0_clk/A (sky130_fd_sc_hd__clkbuf_16)
     2    0.017377    0.039622    0.131941   20.179239 ^ clkbuf_0_clk/X (sky130_fd_sc_hd__clkbuf_16)
                                                         clknet_0_clk (net)
                      0.039631    0.000046   20.179285 ^ clkbuf_1_1__f_clk/A (sky130_fd_sc_hd__clkbuf_16)
    10    0.026352    0.047507    0.129631   20.308916 ^ clkbuf_1_1__f_clk/X (sky130_fd_sc_hd__clkbuf_16)
                                                         clknet_1_1__leaf_clk (net)
                      0.047507    0.000119   20.309034 ^ _0798_/CLK (sky130_fd_sc_hd__dfrtp_1)
                                 -0.250000   20.059036   clock uncertainty
                                  0.000000   20.059036   clock reconvergence pessimism
                                 -0.108266   19.950771   library setup time
                                             19.950771   data required time
---------------------------------------------------------------------------------------------
                                             19.950771   data required time
                                             -4.974723   data arrival time
---------------------------------------------------------------------------------------------
                                             14.976048   slack (MET)


Startpoint: awvalid (input port clocked by clk)
Endpoint: _1100_ (rising edge-triggered flip-flop clocked by clk)
Path Group: clk
Path Type: max

Fanout         Cap        Slew       Delay        Time   Description
---------------------------------------------------------------------------------------------
                                  0.000000    0.000000   clock clk (rise edge)
                                  0.000000    0.000000   clock network delay (propagated)
                                  4.000000    4.000000 ^ input external delay
     1    0.003220    0.021548    0.011769    4.011769 ^ awvalid (in)
                                                         awvalid (net)
                      0.021548    0.000000    4.011769 ^ input41/A (sky130_fd_sc_hd__buf_1)
     2    0.009415    0.118005    0.125037    4.136806 ^ input41/X (sky130_fd_sc_hd__buf_1)
                                                         net41 (net)
                      0.118005    0.000103    4.136909 ^ _0392_/A (sky130_fd_sc_hd__inv_2)
     2    0.003610    0.029420    0.039847    4.176756 v _0392_/Y (sky130_fd_sc_hd__inv_2)
                                                         _0096_ (net)
                      0.029420    0.000005    4.176761 v _0712_/A2_N (sky130_fd_sc_hd__o2bb2a_1)
     2    0.006253    0.080101    0.236157    4.412918 ^ _0712_/X (sky130_fd_sc_hd__o2bb2a_1)
                                                         _0322_ (net)
                      0.080101    0.000018    4.412936 ^ _0740_/C1 (sky130_fd_sc_hd__o221a_2)
     7    0.019587    0.123891    0.245549    4.658485 ^ _0740_/X (sky130_fd_sc_hd__o221a_2)
                                                         _0346_ (net)
                      0.123891    0.000016    4.658501 ^ _0745_/B1 (sky130_fd_sc_hd__o21ai_1)
     1    0.002768    0.053822    0.080928    4.739429 v _0745_/Y (sky130_fd_sc_hd__o21ai_1)
                                                         _0350_ (net)
                      0.053822    0.000005    4.739435 v _0754_/A2 (sky130_fd_sc_hd__a22o_1)
     1    0.003323    0.042813    0.229527    4.968962 v _0754_/X (sky130_fd_sc_hd__a22o_1)
                                                         _0085_ (net)
                      0.042813    0.000015    4.968977 v _1100_/D (sky130_fd_sc_hd__dfrtp_1)
                                              4.968977   data arrival time

                                 20.000000   20.000000   clock clk (rise edge)
                                  0.000000   20.000000   clock source latency
     1    0.014116    0.069485    0.047297   20.047298 ^ clk (in)
                                                         clk (net)
                      0.069487    0.000000   20.047298 ^ clkbuf_0_clk/A (sky130_fd_sc_hd__clkbuf_16)
     2    0.017377    0.039622    0.131941   20.179239 ^ clkbuf_0_clk/X (sky130_fd_sc_hd__clkbuf_16)
                                                         clknet_0_clk (net)
                      0.039631    0.000052   20.179291 ^ clkbuf_1_0__f_clk/A (sky130_fd_sc_hd__clkbuf_16)
    10    0.025449    0.046684    0.128740   20.308029 ^ clkbuf_1_0__f_clk/X (sky130_fd_sc_hd__clkbuf_16)
                                                         clknet_1_0__leaf_clk (net)
                      0.046684    0.000112   20.308142 ^ _1100_/CLK (sky130_fd_sc_hd__dfrtp_1)
                                 -0.250000   20.058142   clock uncertainty
                                  0.000000   20.058142   clock reconvergence pessimism
                                 -0.112934   19.945210   library setup time
                                             19.945210   data required time
---------------------------------------------------------------------------------------------
                                             19.945210   data required time
                                             -4.968977   data arrival time
---------------------------------------------------------------------------------------------
                                             14.976233   slack (MET)


Startpoint: PREADY (input port clocked by clk)
Endpoint: _0795_ (rising edge-triggered flip-flop clocked by clk)
Path Group: clk
Path Type: max

Fanout         Cap        Slew       Delay        Time   Description
---------------------------------------------------------------------------------------------
                                  0.000000    0.000000   clock clk (rise edge)
                                  0.000000    0.000000   clock network delay (propagated)
                                  4.000000    4.000000 v input external delay
     1    0.003001    0.009099    0.004755    4.004755 v PREADY (in)
                                                         PREADY (net)
                      0.009099    0.000000    4.004755 v input17/A (sky130_fd_sc_hd__clkbuf_2)
     7    0.022565    0.090914    0.141011    4.145766 v input17/X (sky130_fd_sc_hd__clkbuf_2)
                                                         net17 (net)
                      0.090915    0.000399    4.146165 v _0401_/A (sky130_fd_sc_hd__nand2_1)
     2    0.005795    0.073764    0.092571    4.238736 ^ _0401_/Y (sky130_fd_sc_hd__nand2_1)
                                                         _0104_ (net)
                      0.073764    0.000010    4.238746 ^ _0696_/C1 (sky130_fd_sc_hd__o311a_1)
     1    0.001782    0.042025    0.142760    4.381506 ^ _0696_/X (sky130_fd_sc_hd__o311a_1)
                                                         _0310_ (net)
                      0.042025    0.000004    4.381510 ^ _0697_/C_N (sky130_fd_sc_hd__or3b_1)
     1    0.002572    0.065215    0.332820    4.714330 v _0697_/X (sky130_fd_sc_hd__or3b_1)
                                                         _0311_ (net)
                      0.065215    0.000005    4.714335 v _0698_/B1 (sky130_fd_sc_hd__a31o_1)
     1    0.002428    0.036175    0.183392    4.897727 v _0698_/X (sky130_fd_sc_hd__a31o_1)
                                                         _0075_ (net)
                      0.036175    0.000005    4.897733 v _0795_/D (sky130_fd_sc_hd__dfrtp_1)
                                              4.897733   data arrival time

                                 20.000000   20.000000   clock clk (rise edge)
                                  0.000000   20.000000   clock source latency
     1    0.014116    0.069485    0.047297   20.047298 ^ clk (in)
                                                         clk (net)
                      0.069487    0.000000   20.047298 ^ clkbuf_0_clk/A (sky130_fd_sc_hd__clkbuf_16)
     2    0.017377    0.039622    0.131941   20.179239 ^ clkbuf_0_clk/X (sky130_fd_sc_hd__clkbuf_16)
                                                         clknet_0_clk (net)
                      0.039631    0.000052   20.179291 ^ clkbuf_1_0__f_clk/A (sky130_fd_sc_hd__clkbuf_16)
    10    0.025449    0.046684    0.128740   20.308029 ^ clkbuf_1_0__f_clk/X (sky130_fd_sc_hd__clkbuf_16)
                                                         clknet_1_0__leaf_clk (net)
                      0.046684    0.000087   20.308117 ^ _0795_/CLK (sky130_fd_sc_hd__dfrtp_1)
                                 -0.250000   20.058117   clock uncertainty
                                  0.000000   20.058117   clock reconvergence pessimism
                                 -0.110038   19.948080   library setup time
                                             19.948080   data required time
---------------------------------------------------------------------------------------------
                                             19.948080   data required time
                                             -4.897733   data arrival time
---------------------------------------------------------------------------------------------
                                             15.050347   slack (MET)


Startpoint: res_n (input port clocked by clk)
Endpoint: _0795_ (recovery check against rising-edge clock clk)
Path Group: asynchronous
Path Type: max

Fanout         Cap        Slew       Delay        Time   Description
---------------------------------------------------------------------------------------------
                                  0.000000    0.000000   clock clk (rise edge)
                                  0.000000    0.000000   clock network delay (propagated)
                                  4.000000    4.000000 ^ input external delay
     1    0.003149    0.021237    0.011519    4.011519 ^ res_n (in)
                                                         res_n (net)
                      0.021237    0.000000    4.011519 ^ input43/A (sky130_fd_sc_hd__buf_1)
     2    0.008729    0.110226    0.119550    4.131069 ^ input43/X (sky130_fd_sc_hd__buf_1)
                                                         net43 (net)
                      0.110226    0.000059    4.131127 ^ fanout245/A (sky130_fd_sc_hd__clkbuf_4)
    10    0.043775    0.139007    0.229007    4.360134 ^ fanout245/X (sky130_fd_sc_hd__clkbuf_4)
                                                         net245 (net)
                      0.139007    0.000584    4.360718 ^ _0795_/RESET_B (sky130_fd_sc_hd__dfrtp_1)
                                              4.360718   data arrival time

                                 20.000000   20.000000   clock clk (rise edge)
                                  0.000000   20.000000   clock source latency
     1    0.014116    0.069485    0.047297   20.047298 ^ clk (in)
                                                         clk (net)
                      0.069487    0.000000   20.047298 ^ clkbuf_0_clk/A (sky130_fd_sc_hd__clkbuf_16)
     2    0.017377    0.039622    0.131941   20.179239 ^ clkbuf_0_clk/X (sky130_fd_sc_hd__clkbuf_16)
                                                         clknet_0_clk (net)
                      0.039631    0.000052   20.179291 ^ clkbuf_1_0__f_clk/A (sky130_fd_sc_hd__clkbuf_16)
    10    0.025449    0.046684    0.128740   20.308029 ^ clkbuf_1_0__f_clk/X (sky130_fd_sc_hd__clkbuf_16)
                                                         clknet_1_0__leaf_clk (net)
                      0.046684    0.000087   20.308117 ^ _0795_/CLK (sky130_fd_sc_hd__dfrtp_1)
                                 -0.250000   20.058117   clock uncertainty
                                  0.000000   20.058117   clock reconvergence pessimism
                                  0.206517   20.264635   library recovery time
                                             20.264635   data required time
---------------------------------------------------------------------------------------------
                                             20.264635   data required time
                                             -4.360718   data arrival time
---------------------------------------------------------------------------------------------
                                             15.903917   slack (MET)


Startpoint: res_n (input port clocked by clk)
Endpoint: _1108_ (recovery check against rising-edge clock clk)
Path Group: asynchronous
Path Type: max

Fanout         Cap        Slew       Delay        Time   Description
---------------------------------------------------------------------------------------------
                                  0.000000    0.000000   clock clk (rise edge)
                                  0.000000    0.000000   clock network delay (propagated)
                                  4.000000    4.000000 ^ input external delay
     1    0.003149    0.021237    0.011519    4.011519 ^ res_n (in)
                                                         res_n (net)
                      0.021237    0.000000    4.011519 ^ input43/A (sky130_fd_sc_hd__buf_1)
     2    0.008729    0.110226    0.119550    4.131069 ^ input43/X (sky130_fd_sc_hd__buf_1)
                                                         net43 (net)
                      0.110226    0.000059    4.131127 ^ fanout245/A (sky130_fd_sc_hd__clkbuf_4)
    10    0.043775    0.139007    0.229007    4.360134 ^ fanout245/X (sky130_fd_sc_hd__clkbuf_4)
                                                         net245 (net)
                      0.139007    0.000514    4.360648 ^ _1108_/RESET_B (sky130_fd_sc_hd__dfrtp_1)
                                              4.360648   data arrival time

                                 20.000000   20.000000   clock clk (rise edge)
                                  0.000000   20.000000   clock source latency
     1    0.014116    0.069485    0.047297   20.047298 ^ clk (in)
                                                         clk (net)
                      0.069487    0.000000   20.047298 ^ clkbuf_0_clk/A (sky130_fd_sc_hd__clkbuf_16)
     2    0.017377    0.039622    0.131941   20.179239 ^ clkbuf_0_clk/X (sky130_fd_sc_hd__clkbuf_16)
                                                         clknet_0_clk (net)
                      0.039631    0.000052   20.179291 ^ clkbuf_1_0__f_clk/A (sky130_fd_sc_hd__clkbuf_16)
    10    0.025449    0.046684    0.128740   20.308029 ^ clkbuf_1_0__f_clk/X (sky130_fd_sc_hd__clkbuf_16)
                                                         clknet_1_0__leaf_clk (net)
                      0.046684    0.000119   20.308149 ^ _1108_/CLK (sky130_fd_sc_hd__dfrtp_1)
                                 -0.250000   20.058149   clock uncertainty
                                  0.000000   20.058149   clock reconvergence pessimism
                                  0.206517   20.264668   library recovery time
                                             20.264668   data required time
---------------------------------------------------------------------------------------------
                                             20.264668   data required time
                                             -4.360648   data arrival time
---------------------------------------------------------------------------------------------
                                             15.904018   slack (MET)


Startpoint: res_n (input port clocked by clk)
Endpoint: _1107_ (recovery check against rising-edge clock clk)
Path Group: asynchronous
Path Type: max

Fanout         Cap        Slew       Delay        Time   Description
---------------------------------------------------------------------------------------------
                                  0.000000    0.000000   clock clk (rise edge)
                                  0.000000    0.000000   clock network delay (propagated)
                                  4.000000    4.000000 ^ input external delay
     1    0.003149    0.021237    0.011519    4.011519 ^ res_n (in)
                                                         res_n (net)
                      0.021237    0.000000    4.011519 ^ input43/A (sky130_fd_sc_hd__buf_1)
     2    0.008729    0.110226    0.119550    4.131069 ^ input43/X (sky130_fd_sc_hd__buf_1)
                                                         net43 (net)
                      0.110226    0.000059    4.131127 ^ fanout245/A (sky130_fd_sc_hd__clkbuf_4)
    10    0.043775    0.139007    0.229007    4.360134 ^ fanout245/X (sky130_fd_sc_hd__clkbuf_4)
                                                         net245 (net)
                      0.139007    0.000481    4.360615 ^ _1107_/RESET_B (sky130_fd_sc_hd__dfrtp_1)
                                              4.360615   data arrival time

                                 20.000000   20.000000   clock clk (rise edge)
                                  0.000000   20.000000   clock source latency
     1    0.014116    0.069485    0.047297   20.047298 ^ clk (in)
                                                         clk (net)
                      0.069487    0.000000   20.047298 ^ clkbuf_0_clk/A (sky130_fd_sc_hd__clkbuf_16)
     2    0.017377    0.039622    0.131941   20.179239 ^ clkbuf_0_clk/X (sky130_fd_sc_hd__clkbuf_16)
                                                         clknet_0_clk (net)
                      0.039631    0.000052   20.179291 ^ clkbuf_1_0__f_clk/A (sky130_fd_sc_hd__clkbuf_16)
    10    0.025449    0.046684    0.128740   20.308029 ^ clkbuf_1_0__f_clk/X (sky130_fd_sc_hd__clkbuf_16)
                                                         clknet_1_0__leaf_clk (net)
                      0.046684    0.000151   20.308180 ^ _1107_/CLK (sky130_fd_sc_hd__dfrtp_1)
                                 -0.250000   20.058182   clock uncertainty
                                  0.000000   20.058182   clock reconvergence pessimism
                                  0.206517   20.264698   library recovery time
                                             20.264698   data required time
---------------------------------------------------------------------------------------------
                                             20.264698   data required time
                                             -4.360615   data arrival time
---------------------------------------------------------------------------------------------
                                             15.904084   slack (MET)


Startpoint: res_n (input port clocked by clk)
Endpoint: _1105_ (recovery check against rising-edge clock clk)
Path Group: asynchronous
Path Type: max

Fanout         Cap        Slew       Delay        Time   Description
---------------------------------------------------------------------------------------------
                                  0.000000    0.000000   clock clk (rise edge)
                                  0.000000    0.000000   clock network delay (propagated)
                                  4.000000    4.000000 ^ input external delay
     1    0.003149    0.021237    0.011519    4.011519 ^ res_n (in)
                                                         res_n (net)
                      0.021237    0.000000    4.011519 ^ input43/A (sky130_fd_sc_hd__buf_1)
     2    0.008729    0.110226    0.119550    4.131069 ^ input43/X (sky130_fd_sc_hd__buf_1)
                                                         net43 (net)
                      0.110226    0.000059    4.131127 ^ fanout245/A (sky130_fd_sc_hd__clkbuf_4)
    10    0.043775    0.139007    0.229007    4.360134 ^ fanout245/X (sky130_fd_sc_hd__clkbuf_4)
                                                         net245 (net)
                      0.139007    0.000460    4.360594 ^ _1105_/RESET_B (sky130_fd_sc_hd__dfrtp_1)
                                              4.360594   data arrival time

                                 20.000000   20.000000   clock clk (rise edge)
                                  0.000000   20.000000   clock source latency
     1    0.014116    0.069485    0.047297   20.047298 ^ clk (in)
                                                         clk (net)
                      0.069487    0.000000   20.047298 ^ clkbuf_0_clk/A (sky130_fd_sc_hd__clkbuf_16)
     2    0.017377    0.039622    0.131941   20.179239 ^ clkbuf_0_clk/X (sky130_fd_sc_hd__clkbuf_16)
                                                         clknet_0_clk (net)
                      0.039631    0.000052   20.179291 ^ clkbuf_1_0__f_clk/A (sky130_fd_sc_hd__clkbuf_16)
    10    0.025449    0.046684    0.128740   20.308029 ^ clkbuf_1_0__f_clk/X (sky130_fd_sc_hd__clkbuf_16)
                                                         clknet_1_0__leaf_clk (net)
                      0.046684    0.000158   20.308187 ^ _1105_/CLK (sky130_fd_sc_hd__dfrtp_1)
                                 -0.250000   20.058189   clock uncertainty
                                  0.000000   20.058189   clock reconvergence pessimism
                                  0.206517   20.264706   library recovery time
                                             20.264706   data required time
---------------------------------------------------------------------------------------------
                                             20.264706   data required time
                                             -4.360594   data arrival time
---------------------------------------------------------------------------------------------
                                             15.904112   slack (MET)


Startpoint: res_n (input port clocked by clk)
Endpoint: _1106_ (recovery check against rising-edge clock clk)
Path Group: asynchronous
Path Type: max

Fanout         Cap        Slew       Delay        Time   Description
---------------------------------------------------------------------------------------------
                                  0.000000    0.000000   clock clk (rise edge)
                                  0.000000    0.000000   clock network delay (propagated)
                                  4.000000    4.000000 ^ input external delay
     1    0.003149    0.021237    0.011519    4.011519 ^ res_n (in)
                                                         res_n (net)
                      0.021237    0.000000    4.011519 ^ input43/A (sky130_fd_sc_hd__buf_1)
     2    0.008729    0.110226    0.119550    4.131069 ^ input43/X (sky130_fd_sc_hd__buf_1)
                                                         net43 (net)
                      0.110226    0.000059    4.131127 ^ fanout245/A (sky130_fd_sc_hd__clkbuf_4)
    10    0.043775    0.139007    0.229007    4.360134 ^ fanout245/X (sky130_fd_sc_hd__clkbuf_4)
                                                         net245 (net)
                      0.139007    0.000417    4.360551 ^ _1106_/RESET_B (sky130_fd_sc_hd__dfrtp_1)
                                              4.360551   data arrival time

                                 20.000000   20.000000   clock clk (rise edge)
                                  0.000000   20.000000   clock source latency
     1    0.014116    0.069485    0.047297   20.047298 ^ clk (in)
                                                         clk (net)
                      0.069487    0.000000   20.047298 ^ clkbuf_0_clk/A (sky130_fd_sc_hd__clkbuf_16)
     2    0.017377    0.039622    0.131941   20.179239 ^ clkbuf_0_clk/X (sky130_fd_sc_hd__clkbuf_16)
                                                         clknet_0_clk (net)
                      0.039631    0.000052   20.179291 ^ clkbuf_1_0__f_clk/A (sky130_fd_sc_hd__clkbuf_16)
    10    0.025449    0.046684    0.128740   20.308029 ^ clkbuf_1_0__f_clk/X (sky130_fd_sc_hd__clkbuf_16)
                                                         clknet_1_0__leaf_clk (net)
                      0.046684    0.000162   20.308191 ^ _1106_/CLK (sky130_fd_sc_hd__dfrtp_1)
                                 -0.250000   20.058191   clock uncertainty
                                  0.000000   20.058191   clock reconvergence pessimism
                                  0.206517   20.264709   library recovery time
                                             20.264709   data required time
---------------------------------------------------------------------------------------------
                                             20.264709   data required time
                                             -4.360551   data arrival time
---------------------------------------------------------------------------------------------
                                             15.904159   slack (MET)


Startpoint: res_n (input port clocked by clk)
Endpoint: _1100_ (recovery check against rising-edge clock clk)
Path Group: asynchronous
Path Type: max

Fanout         Cap        Slew       Delay        Time   Description
---------------------------------------------------------------------------------------------
                                  0.000000    0.000000   clock clk (rise edge)
                                  0.000000    0.000000   clock network delay (propagated)
                                  4.000000    4.000000 ^ input external delay
     1    0.003149    0.021237    0.011519    4.011519 ^ res_n (in)
                                                         res_n (net)
                      0.021237    0.000000    4.011519 ^ input43/A (sky130_fd_sc_hd__buf_1)
     2    0.008729    0.110226    0.119550    4.131069 ^ input43/X (sky130_fd_sc_hd__buf_1)
                                                         net43 (net)
                      0.110226    0.000059    4.131127 ^ fanout245/A (sky130_fd_sc_hd__clkbuf_4)
    10    0.043775    0.139007    0.229007    4.360134 ^ fanout245/X (sky130_fd_sc_hd__clkbuf_4)
                                                         net245 (net)
                      0.139007    0.000312    4.360445 ^ _1100_/RESET_B (sky130_fd_sc_hd__dfrtp_1)
                                              4.360445   data arrival time

                                 20.000000   20.000000   clock clk (rise edge)
                                  0.000000   20.000000   clock source latency
     1    0.014116    0.069485    0.047297   20.047298 ^ clk (in)
                                                         clk (net)
                      0.069487    0.000000   20.047298 ^ clkbuf_0_clk/A (sky130_fd_sc_hd__clkbuf_16)
     2    0.017377    0.039622    0.131941   20.179239 ^ clkbuf_0_clk/X (sky130_fd_sc_hd__clkbuf_16)
                                                         clknet_0_clk (net)
                      0.039631    0.000052   20.179291 ^ clkbuf_1_0__f_clk/A (sky130_fd_sc_hd__clkbuf_16)
    10    0.025449    0.046684    0.128740   20.308029 ^ clkbuf_1_0__f_clk/X (sky130_fd_sc_hd__clkbuf_16)
                                                         clknet_1_0__leaf_clk (net)
                      0.046684    0.000112   20.308142 ^ _1100_/CLK (sky130_fd_sc_hd__dfrtp_1)
                                 -0.250000   20.058142   clock uncertainty
                                  0.000000   20.058142   clock reconvergence pessimism
                                  0.206517   20.264660   library recovery time
                                             20.264660   data required time
---------------------------------------------------------------------------------------------
                                             20.264660   data required time
                                             -4.360445   data arrival time
---------------------------------------------------------------------------------------------
                                             15.904214   slack (MET)


Startpoint: res_n (input port clocked by clk)
Endpoint: _1101_ (recovery check against rising-edge clock clk)
Path Group: asynchronous
Path Type: max

Fanout         Cap        Slew       Delay        Time   Description
---------------------------------------------------------------------------------------------
                                  0.000000    0.000000   clock clk (rise edge)
                                  0.000000    0.000000   clock network delay (propagated)
                                  4.000000    4.000000 ^ input external delay
     1    0.003149    0.021237    0.011519    4.011519 ^ res_n (in)
                                                         res_n (net)
                      0.021237    0.000000    4.011519 ^ input43/A (sky130_fd_sc_hd__buf_1)
     2    0.008729    0.110226    0.119550    4.131069 ^ input43/X (sky130_fd_sc_hd__buf_1)
                                                         net43 (net)
                      0.110226    0.000059    4.131127 ^ fanout245/A (sky130_fd_sc_hd__clkbuf_4)
    10    0.043775    0.139007    0.229007    4.360134 ^ fanout245/X (sky130_fd_sc_hd__clkbuf_4)
                                                         net245 (net)
                      0.139007    0.000251    4.360385 ^ _1101_/RESET_B (sky130_fd_sc_hd__dfrtp_1)
                                              4.360385   data arrival time

                                 20.000000   20.000000   clock clk (rise edge)
                                  0.000000   20.000000   clock source latency
     1    0.014116    0.069485    0.047297   20.047298 ^ clk (in)
                                                         clk (net)
                      0.069487    0.000000   20.047298 ^ clkbuf_0_clk/A (sky130_fd_sc_hd__clkbuf_16)
     2    0.017377    0.039622    0.131941   20.179239 ^ clkbuf_0_clk/X (sky130_fd_sc_hd__clkbuf_16)
                                                         clknet_0_clk (net)
                      0.039631    0.000052   20.179291 ^ clkbuf_1_0__f_clk/A (sky130_fd_sc_hd__clkbuf_16)
    10    0.025449    0.046684    0.128740   20.308029 ^ clkbuf_1_0__f_clk/X (sky130_fd_sc_hd__clkbuf_16)
                                                         clknet_1_0__leaf_clk (net)
                      0.046684    0.000123   20.308151 ^ _1101_/CLK (sky130_fd_sc_hd__dfrtp_1)
                                 -0.250000   20.058153   clock uncertainty
                                  0.000000   20.058153   clock reconvergence pessimism
                                  0.206517   20.264671   library recovery time
                                             20.264671   data required time
---------------------------------------------------------------------------------------------
                                             20.264671   data required time
                                             -4.360385   data arrival time
---------------------------------------------------------------------------------------------
                                             15.904284   slack (MET)


Startpoint: res_n (input port clocked by clk)
Endpoint: _1099_ (recovery check against rising-edge clock clk)
Path Group: asynchronous
Path Type: max

Fanout         Cap        Slew       Delay        Time   Description
---------------------------------------------------------------------------------------------
                                  0.000000    0.000000   clock clk (rise edge)
                                  0.000000    0.000000   clock network delay (propagated)
                                  4.000000    4.000000 ^ input external delay
     1    0.003149    0.021237    0.011519    4.011519 ^ res_n (in)
                                                         res_n (net)
                      0.021237    0.000000    4.011519 ^ input43/A (sky130_fd_sc_hd__buf_1)
     2    0.008729    0.110226    0.119550    4.131069 ^ input43/X (sky130_fd_sc_hd__buf_1)
                                                         net43 (net)
                      0.110226    0.000059    4.131127 ^ fanout245/A (sky130_fd_sc_hd__clkbuf_4)
    10    0.043775    0.139007    0.229007    4.360134 ^ fanout245/X (sky130_fd_sc_hd__clkbuf_4)
                                                         net245 (net)
                      0.139007    0.000217    4.360351 ^ _1099_/RESET_B (sky130_fd_sc_hd__dfrtp_1)
                                              4.360351   data arrival time

                                 20.000000   20.000000   clock clk (rise edge)
                                  0.000000   20.000000   clock source latency
     1    0.014116    0.069485    0.047297   20.047298 ^ clk (in)
                                                         clk (net)
                      0.069487    0.000000   20.047298 ^ clkbuf_0_clk/A (sky130_fd_sc_hd__clkbuf_16)
     2    0.017377    0.039622    0.131941   20.179239 ^ clkbuf_0_clk/X (sky130_fd_sc_hd__clkbuf_16)
                                                         clknet_0_clk (net)
                      0.039631    0.000052   20.179291 ^ clkbuf_1_0__f_clk/A (sky130_fd_sc_hd__clkbuf_16)
    10    0.025449    0.046684    0.128740   20.308029 ^ clkbuf_1_0__f_clk/X (sky130_fd_sc_hd__clkbuf_16)
                                                         clknet_1_0__leaf_clk (net)
                      0.046684    0.000128   20.308157 ^ _1099_/CLK (sky130_fd_sc_hd__dfrtp_1)
                                 -0.250000   20.058159   clock uncertainty
                                  0.000000   20.058159   clock reconvergence pessimism
                                  0.206517   20.264675   library recovery time
                                             20.264675   data required time
---------------------------------------------------------------------------------------------
                                             20.264675   data required time
                                             -4.360351   data arrival time
---------------------------------------------------------------------------------------------
                                             15.904325   slack (MET)


Startpoint: res_n (input port clocked by clk)
Endpoint: _1098_ (recovery check against rising-edge clock clk)
Path Group: asynchronous
Path Type: max

Fanout         Cap        Slew       Delay        Time   Description
---------------------------------------------------------------------------------------------
                                  0.000000    0.000000   clock clk (rise edge)
                                  0.000000    0.000000   clock network delay (propagated)
                                  4.000000    4.000000 ^ input external delay
     1    0.003149    0.021237    0.011519    4.011519 ^ res_n (in)
                                                         res_n (net)
                      0.021237    0.000000    4.011519 ^ input43/A (sky130_fd_sc_hd__buf_1)
     2    0.008729    0.110226    0.119550    4.131069 ^ input43/X (sky130_fd_sc_hd__buf_1)
                                                         net43 (net)
                      0.110226    0.000059    4.131127 ^ fanout245/A (sky130_fd_sc_hd__clkbuf_4)
    10    0.043775    0.139007    0.229007    4.360134 ^ fanout245/X (sky130_fd_sc_hd__clkbuf_4)
                                                         net245 (net)
                      0.139007    0.000110    4.360243 ^ _1098_/RESET_B (sky130_fd_sc_hd__dfrtp_1)
                                              4.360243   data arrival time

                                 20.000000   20.000000   clock clk (rise edge)
                                  0.000000   20.000000   clock source latency
     1    0.014116    0.069485    0.047297   20.047298 ^ clk (in)
                                                         clk (net)
                      0.069487    0.000000   20.047298 ^ clkbuf_0_clk/A (sky130_fd_sc_hd__clkbuf_16)
     2    0.017377    0.039622    0.131941   20.179239 ^ clkbuf_0_clk/X (sky130_fd_sc_hd__clkbuf_16)
                                                         clknet_0_clk (net)
                      0.039631    0.000052   20.179291 ^ clkbuf_1_0__f_clk/A (sky130_fd_sc_hd__clkbuf_16)
    10    0.025449    0.046684    0.128740   20.308029 ^ clkbuf_1_0__f_clk/X (sky130_fd_sc_hd__clkbuf_16)
                                                         clknet_1_0__leaf_clk (net)
                      0.046684    0.000133   20.308163 ^ _1098_/CLK (sky130_fd_sc_hd__dfrtp_1)
                                 -0.250000   20.058165   clock uncertainty
                                  0.000000   20.058165   clock reconvergence pessimism
                                  0.206517   20.264681   library recovery time
                                             20.264681   data required time
---------------------------------------------------------------------------------------------
                                             20.264681   data required time
                                             -4.360243   data arrival time
---------------------------------------------------------------------------------------------
                                             15.904437   slack (MET)


Startpoint: res_n (input port clocked by clk)
Endpoint: _0796_ (recovery check against rising-edge clock clk)
Path Group: asynchronous
Path Type: max

Fanout         Cap        Slew       Delay        Time   Description
---------------------------------------------------------------------------------------------
                                  0.000000    0.000000   clock clk (rise edge)
                                  0.000000    0.000000   clock network delay (propagated)
                                  4.000000    4.000000 ^ input external delay
     1    0.003149    0.021237    0.011519    4.011519 ^ res_n (in)
                                                         res_n (net)
                      0.021237    0.000000    4.011519 ^ input43/A (sky130_fd_sc_hd__buf_1)
     2    0.008729    0.110226    0.119550    4.131069 ^ input43/X (sky130_fd_sc_hd__buf_1)
                                                         net43 (net)
                      0.110226    0.000059    4.131127 ^ fanout245/A (sky130_fd_sc_hd__clkbuf_4)
    10    0.043775    0.139007    0.229007    4.360134 ^ fanout245/X (sky130_fd_sc_hd__clkbuf_4)
                                                         net245 (net)
                      0.139007    0.000643    4.360776 ^ _0796_/RESET_B (sky130_fd_sc_hd__dfrtp_1)
                                              4.360776   data arrival time

                                 20.000000   20.000000   clock clk (rise edge)
                                  0.000000   20.000000   clock source latency
     1    0.014116    0.069485    0.047297   20.047298 ^ clk (in)
                                                         clk (net)
                      0.069487    0.000000   20.047298 ^ clkbuf_0_clk/A (sky130_fd_sc_hd__clkbuf_16)
     2    0.017377    0.039622    0.131941   20.179239 ^ clkbuf_0_clk/X (sky130_fd_sc_hd__clkbuf_16)
                                                         clknet_0_clk (net)
                      0.039631    0.000046   20.179285 ^ clkbuf_1_1__f_clk/A (sky130_fd_sc_hd__clkbuf_16)
    10    0.026352    0.047507    0.129631   20.308916 ^ clkbuf_1_1__f_clk/X (sky130_fd_sc_hd__clkbuf_16)
                                                         clknet_1_1__leaf_clk (net)
                      0.047507    0.000094   20.309010 ^ _0796_/CLK (sky130_fd_sc_hd__dfrtp_1)
                                 -0.250000   20.059011   clock uncertainty
                                  0.000000   20.059011   clock reconvergence pessimism
                                  0.206772   20.265783   library recovery time
                                             20.265783   data required time
---------------------------------------------------------------------------------------------
                                             20.265783   data required time
                                             -4.360776   data arrival time
---------------------------------------------------------------------------------------------
                                             15.905005   slack (MET)


Startpoint: res_n (input port clocked by clk)
Endpoint: _1103_ (recovery check against rising-edge clock clk)
Path Group: asynchronous
Path Type: max

Fanout         Cap        Slew       Delay        Time   Description
---------------------------------------------------------------------------------------------
                                  0.000000    0.000000   clock clk (rise edge)
                                  0.000000    0.000000   clock network delay (propagated)
                                  4.000000    4.000000 ^ input external delay
     1    0.003149    0.021237    0.011519    4.011519 ^ res_n (in)
                                                         res_n (net)
                      0.021237    0.000000    4.011519 ^ input43/A (sky130_fd_sc_hd__buf_1)
     2    0.008729    0.110226    0.119550    4.131069 ^ input43/X (sky130_fd_sc_hd__buf_1)
                                                         net43 (net)
                      0.110226    0.000097    4.131166 ^ fanout246/A (sky130_fd_sc_hd__clkbuf_4)
     9    0.039785    0.127819    0.220871    4.352037 ^ fanout246/X (sky130_fd_sc_hd__clkbuf_4)
                                                         net246 (net)
                      0.127819    0.000234    4.352272 ^ _1103_/RESET_B (sky130_fd_sc_hd__dfrtp_1)
                                              4.352272   data arrival time

                                 20.000000   20.000000   clock clk (rise edge)
                                  0.000000   20.000000   clock source latency
     1    0.014116    0.069485    0.047297   20.047298 ^ clk (in)
                                                         clk (net)
                      0.069487    0.000000   20.047298 ^ clkbuf_0_clk/A (sky130_fd_sc_hd__clkbuf_16)
     2    0.017377    0.039622    0.131941   20.179239 ^ clkbuf_0_clk/X (sky130_fd_sc_hd__clkbuf_16)
                                                         clknet_0_clk (net)
                      0.039631    0.000046   20.179285 ^ clkbuf_1_1__f_clk/A (sky130_fd_sc_hd__clkbuf_16)
    10    0.026352    0.047507    0.129631   20.308916 ^ clkbuf_1_1__f_clk/X (sky130_fd_sc_hd__clkbuf_16)
                                                         clknet_1_1__leaf_clk (net)
                      0.047507    0.000055   20.308971 ^ _1103_/CLK (sky130_fd_sc_hd__dfrtp_1)
                                 -0.250000   20.058971   clock uncertainty
                                  0.000000   20.058971   clock reconvergence pessimism
                                  0.209668   20.268641   library recovery time
                                             20.268641   data required time
---------------------------------------------------------------------------------------------
                                             20.268641   data required time
                                             -4.352272   data arrival time
---------------------------------------------------------------------------------------------
                                             15.916369   slack (MET)


Startpoint: res_n (input port clocked by clk)
Endpoint: _1104_ (recovery check against rising-edge clock clk)
Path Group: asynchronous
Path Type: max

Fanout         Cap        Slew       Delay        Time   Description
---------------------------------------------------------------------------------------------
                                  0.000000    0.000000   clock clk (rise edge)
                                  0.000000    0.000000   clock network delay (propagated)
                                  4.000000    4.000000 ^ input external delay
     1    0.003149    0.021237    0.011519    4.011519 ^ res_n (in)
                                                         res_n (net)
                      0.021237    0.000000    4.011519 ^ input43/A (sky130_fd_sc_hd__buf_1)
     2    0.008729    0.110226    0.119550    4.131069 ^ input43/X (sky130_fd_sc_hd__buf_1)
                                                         net43 (net)
                      0.110226    0.000097    4.131166 ^ fanout246/A (sky130_fd_sc_hd__clkbuf_4)
     9    0.039785    0.127819    0.220871    4.352037 ^ fanout246/X (sky130_fd_sc_hd__clkbuf_4)
                                                         net246 (net)
                      0.127819    0.000230    4.352267 ^ _1104_/RESET_B (sky130_fd_sc_hd__dfrtp_1)
                                              4.352267   data arrival time

                                 20.000000   20.000000   clock clk (rise edge)
                                  0.000000   20.000000   clock source latency
     1    0.014116    0.069485    0.047297   20.047298 ^ clk (in)
                                                         clk (net)
                      0.069487    0.000000   20.047298 ^ clkbuf_0_clk/A (sky130_fd_sc_hd__clkbuf_16)
     2    0.017377    0.039622    0.131941   20.179239 ^ clkbuf_0_clk/X (sky130_fd_sc_hd__clkbuf_16)
                                                         clknet_0_clk (net)
                      0.039631    0.000046   20.179285 ^ clkbuf_1_1__f_clk/A (sky130_fd_sc_hd__clkbuf_16)
    10    0.026352    0.047507    0.129631   20.308916 ^ clkbuf_1_1__f_clk/X (sky130_fd_sc_hd__clkbuf_16)
                                                         clknet_1_1__leaf_clk (net)
                      0.047507    0.000062   20.308979 ^ _1104_/CLK (sky130_fd_sc_hd__dfrtp_1)
                                 -0.250000   20.058979   clock uncertainty
                                  0.000000   20.058979   clock reconvergence pessimism
                                  0.209668   20.268648   library recovery time
                                             20.268648   data required time
---------------------------------------------------------------------------------------------
                                             20.268648   data required time
                                             -4.352267   data arrival time
---------------------------------------------------------------------------------------------
                                             15.916382   slack (MET)


Startpoint: res_n (input port clocked by clk)
Endpoint: _1102_ (recovery check against rising-edge clock clk)
Path Group: asynchronous
Path Type: max

Fanout         Cap        Slew       Delay        Time   Description
---------------------------------------------------------------------------------------------
                                  0.000000    0.000000   clock clk (rise edge)
                                  0.000000    0.000000   clock network delay (propagated)
                                  4.000000    4.000000 ^ input external delay
     1    0.003149    0.021237    0.011519    4.011519 ^ res_n (in)
                                                         res_n (net)
                      0.021237    0.000000    4.011519 ^ input43/A (sky130_fd_sc_hd__buf_1)
     2    0.008729    0.110226    0.119550    4.131069 ^ input43/X (sky130_fd_sc_hd__buf_1)
                                                         net43 (net)
                      0.110226    0.000097    4.131166 ^ fanout246/A (sky130_fd_sc_hd__clkbuf_4)
     9    0.039785    0.127819    0.220871    4.352037 ^ fanout246/X (sky130_fd_sc_hd__clkbuf_4)
                                                         net246 (net)
                      0.127819    0.000193    4.352230 ^ _1102_/RESET_B (sky130_fd_sc_hd__dfrtp_1)
                                              4.352230   data arrival time

                                 20.000000   20.000000   clock clk (rise edge)
                                  0.000000   20.000000   clock source latency
     1    0.014116    0.069485    0.047297   20.047298 ^ clk (in)
                                                         clk (net)
                      0.069487    0.000000   20.047298 ^ clkbuf_0_clk/A (sky130_fd_sc_hd__clkbuf_16)
     2    0.017377    0.039622    0.131941   20.179239 ^ clkbuf_0_clk/X (sky130_fd_sc_hd__clkbuf_16)
                                                         clknet_0_clk (net)
                      0.039631    0.000046   20.179285 ^ clkbuf_1_1__f_clk/A (sky130_fd_sc_hd__clkbuf_16)
    10    0.026352    0.047507    0.129631   20.308916 ^ clkbuf_1_1__f_clk/X (sky130_fd_sc_hd__clkbuf_16)
                                                         clknet_1_1__leaf_clk (net)
                      0.047507    0.000073   20.308989 ^ _1102_/CLK (sky130_fd_sc_hd__dfrtp_1)
                                 -0.250000   20.058990   clock uncertainty
                                  0.000000   20.058990   clock reconvergence pessimism
                                  0.209668   20.268658   library recovery time
                                             20.268658   data required time
---------------------------------------------------------------------------------------------
                                             20.268658   data required time
                                             -4.352230   data arrival time
---------------------------------------------------------------------------------------------
                                             15.916428   slack (MET)


Startpoint: res_n (input port clocked by clk)
Endpoint: _0800_ (recovery check against rising-edge clock clk)
Path Group: asynchronous
Path Type: max

Fanout         Cap        Slew       Delay        Time   Description
---------------------------------------------------------------------------------------------
                                  0.000000    0.000000   clock clk (rise edge)
                                  0.000000    0.000000   clock network delay (propagated)
                                  4.000000    4.000000 ^ input external delay
     1    0.003149    0.021237    0.011519    4.011519 ^ res_n (in)
                                                         res_n (net)
                      0.021237    0.000000    4.011519 ^ input43/A (sky130_fd_sc_hd__buf_1)
     2    0.008729    0.110226    0.119550    4.131069 ^ input43/X (sky130_fd_sc_hd__buf_1)
                                                         net43 (net)
                      0.110226    0.000097    4.131166 ^ fanout246/A (sky130_fd_sc_hd__clkbuf_4)
     9    0.039785    0.127819    0.220871    4.352037 ^ fanout246/X (sky130_fd_sc_hd__clkbuf_4)
                                                         net246 (net)
                      0.127819    0.000142    4.352179 ^ _0800_/RESET_B (sky130_fd_sc_hd__dfrtp_1)
                                              4.352179   data arrival time

                                 20.000000   20.000000   clock clk (rise edge)
                                  0.000000   20.000000   clock source latency
     1    0.014116    0.069485    0.047297   20.047298 ^ clk (in)
                                                         clk (net)
                      0.069487    0.000000   20.047298 ^ clkbuf_0_clk/A (sky130_fd_sc_hd__clkbuf_16)
     2    0.017377    0.039622    0.131941   20.179239 ^ clkbuf_0_clk/X (sky130_fd_sc_hd__clkbuf_16)
                                                         clknet_0_clk (net)
                      0.039631    0.000046   20.179285 ^ clkbuf_1_1__f_clk/A (sky130_fd_sc_hd__clkbuf_16)
    10    0.026352    0.047507    0.129631   20.308916 ^ clkbuf_1_1__f_clk/X (sky130_fd_sc_hd__clkbuf_16)
                                                         clknet_1_1__leaf_clk (net)
                      0.047507    0.000046   20.308962 ^ _0800_/CLK (sky130_fd_sc_hd__dfrtp_1)
                                 -0.250000   20.058964   clock uncertainty
                                  0.000000   20.058964   clock reconvergence pessimism
                                  0.209668   20.268629   library recovery time
                                             20.268629   data required time
---------------------------------------------------------------------------------------------
                                             20.268629   data required time
                                             -4.352179   data arrival time
---------------------------------------------------------------------------------------------
                                             15.916451   slack (MET)


Startpoint: res_n (input port clocked by clk)
Endpoint: _0801_ (recovery check against rising-edge clock clk)
Path Group: asynchronous
Path Type: max

Fanout         Cap        Slew       Delay        Time   Description
---------------------------------------------------------------------------------------------
                                  0.000000    0.000000   clock clk (rise edge)
                                  0.000000    0.000000   clock network delay (propagated)
                                  4.000000    4.000000 ^ input external delay
     1    0.003149    0.021237    0.011519    4.011519 ^ res_n (in)
                                                         res_n (net)
                      0.021237    0.000000    4.011519 ^ input43/A (sky130_fd_sc_hd__buf_1)
     2    0.008729    0.110226    0.119550    4.131069 ^ input43/X (sky130_fd_sc_hd__buf_1)
                                                         net43 (net)
                      0.110226    0.000097    4.131166 ^ fanout246/A (sky130_fd_sc_hd__clkbuf_4)
     9    0.039785    0.127819    0.220871    4.352037 ^ fanout246/X (sky130_fd_sc_hd__clkbuf_4)
                                                         net246 (net)
                      0.127819    0.000140    4.352177 ^ _0801_/RESET_B (sky130_fd_sc_hd__dfrtp_1)
                                              4.352177   data arrival time

                                 20.000000   20.000000   clock clk (rise edge)
                                  0.000000   20.000000   clock source latency
     1    0.014116    0.069485    0.047297   20.047298 ^ clk (in)
                                                         clk (net)
                      0.069487    0.000000   20.047298 ^ clkbuf_0_clk/A (sky130_fd_sc_hd__clkbuf_16)
     2    0.017377    0.039622    0.131941   20.179239 ^ clkbuf_0_clk/X (sky130_fd_sc_hd__clkbuf_16)
                                                         clknet_0_clk (net)
                      0.039631    0.000046   20.179285 ^ clkbuf_1_1__f_clk/A (sky130_fd_sc_hd__clkbuf_16)
    10    0.026352    0.047507    0.129631   20.308916 ^ clkbuf_1_1__f_clk/X (sky130_fd_sc_hd__clkbuf_16)
                                                         clknet_1_1__leaf_clk (net)
                      0.047507    0.000050   20.308966 ^ _0801_/CLK (sky130_fd_sc_hd__dfrtp_1)
                                 -0.250000   20.058966   clock uncertainty
                                  0.000000   20.058966   clock reconvergence pessimism
                                  0.209668   20.268633   library recovery time
                                             20.268633   data required time
---------------------------------------------------------------------------------------------
                                             20.268633   data required time
                                             -4.352177   data arrival time
---------------------------------------------------------------------------------------------
                                             15.916456   slack (MET)


Startpoint: res_n (input port clocked by clk)
Endpoint: _0802_ (recovery check against rising-edge clock clk)
Path Group: asynchronous
Path Type: max

Fanout         Cap        Slew       Delay        Time   Description
---------------------------------------------------------------------------------------------
                                  0.000000    0.000000   clock clk (rise edge)
                                  0.000000    0.000000   clock network delay (propagated)
                                  4.000000    4.000000 ^ input external delay
     1    0.003149    0.021237    0.011519    4.011519 ^ res_n (in)
                                                         res_n (net)
                      0.021237    0.000000    4.011519 ^ input43/A (sky130_fd_sc_hd__buf_1)
     2    0.008729    0.110226    0.119550    4.131069 ^ input43/X (sky130_fd_sc_hd__buf_1)
                                                         net43 (net)
                      0.110226    0.000097    4.131166 ^ fanout246/A (sky130_fd_sc_hd__clkbuf_4)
     9    0.039785    0.127819    0.220871    4.352037 ^ fanout246/X (sky130_fd_sc_hd__clkbuf_4)
                                                         net246 (net)
                      0.127819    0.000113    4.352150 ^ _0802_/RESET_B (sky130_fd_sc_hd__dfrtp_1)
                                              4.352150   data arrival time

                                 20.000000   20.000000   clock clk (rise edge)
                                  0.000000   20.000000   clock source latency
     1    0.014116    0.069485    0.047297   20.047298 ^ clk (in)
                                                         clk (net)
                      0.069487    0.000000   20.047298 ^ clkbuf_0_clk/A (sky130_fd_sc_hd__clkbuf_16)
     2    0.017377    0.039622    0.131941   20.179239 ^ clkbuf_0_clk/X (sky130_fd_sc_hd__clkbuf_16)
                                                         clknet_0_clk (net)
                      0.039631    0.000046   20.179285 ^ clkbuf_1_1__f_clk/A (sky130_fd_sc_hd__clkbuf_16)
    10    0.026352    0.047507    0.129631   20.308916 ^ clkbuf_1_1__f_clk/X (sky130_fd_sc_hd__clkbuf_16)
                                                         clknet_1_1__leaf_clk (net)
                      0.047507    0.000018   20.308933 ^ _0802_/CLK (sky130_fd_sc_hd__dfrtp_1)
                                 -0.250000   20.058935   clock uncertainty
                                  0.000000   20.058935   clock reconvergence pessimism
                                  0.209668   20.268602   library recovery time
                                             20.268602   data required time
---------------------------------------------------------------------------------------------
                                             20.268602   data required time
                                             -4.352150   data arrival time
---------------------------------------------------------------------------------------------
                                             15.916452   slack (MET)


Startpoint: res_n (input port clocked by clk)
Endpoint: _0797_ (recovery check against rising-edge clock clk)
Path Group: asynchronous
Path Type: max

Fanout         Cap        Slew       Delay        Time   Description
---------------------------------------------------------------------------------------------
                                  0.000000    0.000000   clock clk (rise edge)
                                  0.000000    0.000000   clock network delay (propagated)
                                  4.000000    4.000000 ^ input external delay
     1    0.003149    0.021237    0.011519    4.011519 ^ res_n (in)
                                                         res_n (net)
                      0.021237    0.000000    4.011519 ^ input43/A (sky130_fd_sc_hd__buf_1)
     2    0.008729    0.110226    0.119550    4.131069 ^ input43/X (sky130_fd_sc_hd__buf_1)
                                                         net43 (net)
                      0.110226    0.000097    4.131166 ^ fanout246/A (sky130_fd_sc_hd__clkbuf_4)
     9    0.039785    0.127819    0.220871    4.352037 ^ fanout246/X (sky130_fd_sc_hd__clkbuf_4)
                                                         net246 (net)
                      0.127819    0.000193    4.352230 ^ _0797_/RESET_B (sky130_fd_sc_hd__dfrtp_1)
                                              4.352230   data arrival time

                                 20.000000   20.000000   clock clk (rise edge)
                                  0.000000   20.000000   clock source latency
     1    0.014116    0.069485    0.047297   20.047298 ^ clk (in)
                                                         clk (net)
                      0.069487    0.000000   20.047298 ^ clkbuf_0_clk/A (sky130_fd_sc_hd__clkbuf_16)
     2    0.017377    0.039622    0.131941   20.179239 ^ clkbuf_0_clk/X (sky130_fd_sc_hd__clkbuf_16)
                                                         clknet_0_clk (net)
                      0.039631    0.000046   20.179285 ^ clkbuf_1_1__f_clk/A (sky130_fd_sc_hd__clkbuf_16)
    10    0.026352    0.047507    0.129631   20.308916 ^ clkbuf_1_1__f_clk/X (sky130_fd_sc_hd__clkbuf_16)
                                                         clknet_1_1__leaf_clk (net)
                      0.047507    0.000119   20.309034 ^ _0797_/CLK (sky130_fd_sc_hd__dfrtp_1)
                                 -0.250000   20.059036   clock uncertainty
                                  0.000000   20.059036   clock reconvergence pessimism
                                  0.209668   20.268705   library recovery time
                                             20.268705   data required time
---------------------------------------------------------------------------------------------
                                             20.268705   data required time
                                             -4.352230   data arrival time
---------------------------------------------------------------------------------------------
                                             15.916474   slack (MET)


Startpoint: res_n (input port clocked by clk)
Endpoint: _0798_ (recovery check against rising-edge clock clk)
Path Group: asynchronous
Path Type: max

Fanout         Cap        Slew       Delay        Time   Description
---------------------------------------------------------------------------------------------
                                  0.000000    0.000000   clock clk (rise edge)
                                  0.000000    0.000000   clock network delay (propagated)
                                  4.000000    4.000000 ^ input external delay
     1    0.003149    0.021237    0.011519    4.011519 ^ res_n (in)
                                                         res_n (net)
                      0.021237    0.000000    4.011519 ^ input43/A (sky130_fd_sc_hd__buf_1)
     2    0.008729    0.110226    0.119550    4.131069 ^ input43/X (sky130_fd_sc_hd__buf_1)
                                                         net43 (net)
                      0.110226    0.000097    4.131166 ^ fanout246/A (sky130_fd_sc_hd__clkbuf_4)
     9    0.039785    0.127819    0.220871    4.352037 ^ fanout246/X (sky130_fd_sc_hd__clkbuf_4)
                                                         net246 (net)
                      0.127819    0.000195    4.352232 ^ _0798_/RESET_B (sky130_fd_sc_hd__dfrtp_1)
                                              4.352232   data arrival time

                                 20.000000   20.000000   clock clk (rise edge)
                                  0.000000   20.000000   clock source latency
     1    0.014116    0.069485    0.047297   20.047298 ^ clk (in)
                                                         clk (net)
                      0.069487    0.000000   20.047298 ^ clkbuf_0_clk/A (sky130_fd_sc_hd__clkbuf_16)
     2    0.017377    0.039622    0.131941   20.179239 ^ clkbuf_0_clk/X (sky130_fd_sc_hd__clkbuf_16)
                                                         clknet_0_clk (net)
                      0.039631    0.000046   20.179285 ^ clkbuf_1_1__f_clk/A (sky130_fd_sc_hd__clkbuf_16)
    10    0.026352    0.047507    0.129631   20.308916 ^ clkbuf_1_1__f_clk/X (sky130_fd_sc_hd__clkbuf_16)
                                                         clknet_1_1__leaf_clk (net)
                      0.047507    0.000119   20.309034 ^ _0798_/CLK (sky130_fd_sc_hd__dfrtp_1)
                                 -0.250000   20.059036   clock uncertainty
                                  0.000000   20.059036   clock reconvergence pessimism
                                  0.209668   20.268705   library recovery time
                                             20.268705   data required time
---------------------------------------------------------------------------------------------
                                             20.268705   data required time
                                             -4.352232   data arrival time
---------------------------------------------------------------------------------------------
                                             15.916474   slack (MET)


Startpoint: res_n (input port clocked by clk)
Endpoint: _0799_ (recovery check against rising-edge clock clk)
Path Group: asynchronous
Path Type: max

Fanout         Cap        Slew       Delay        Time   Description
---------------------------------------------------------------------------------------------
                                  0.000000    0.000000   clock clk (rise edge)
                                  0.000000    0.000000   clock network delay (propagated)
                                  4.000000    4.000000 ^ input external delay
     1    0.003149    0.021237    0.011519    4.011519 ^ res_n (in)
                                                         res_n (net)
                      0.021237    0.000000    4.011519 ^ input43/A (sky130_fd_sc_hd__buf_1)
     2    0.008729    0.110226    0.119550    4.131069 ^ input43/X (sky130_fd_sc_hd__buf_1)
                                                         net43 (net)
                      0.110226    0.000097    4.131166 ^ fanout246/A (sky130_fd_sc_hd__clkbuf_4)
     9    0.039785    0.127819    0.220871    4.352037 ^ fanout246/X (sky130_fd_sc_hd__clkbuf_4)
                                                         net246 (net)
                      0.127819    0.000057    4.352094 ^ _0799_/RESET_B (sky130_fd_sc_hd__dfrtp_1)
                                              4.352094   data arrival time

                                 20.000000   20.000000   clock clk (rise edge)
                                  0.000000   20.000000   clock source latency
     1    0.014116    0.069485    0.047297   20.047298 ^ clk (in)
                                                         clk (net)
                      0.069487    0.000000   20.047298 ^ clkbuf_0_clk/A (sky130_fd_sc_hd__clkbuf_16)
     2    0.017377    0.039622    0.131941   20.179239 ^ clkbuf_0_clk/X (sky130_fd_sc_hd__clkbuf_16)
                                                         clknet_0_clk (net)
                      0.039631    0.000046   20.179285 ^ clkbuf_1_1__f_clk/A (sky130_fd_sc_hd__clkbuf_16)
    10    0.026352    0.047507    0.129631   20.308916 ^ clkbuf_1_1__f_clk/X (sky130_fd_sc_hd__clkbuf_16)
                                                         clknet_1_1__leaf_clk (net)
                      0.047507    0.000048   20.308964 ^ _0799_/CLK (sky130_fd_sc_hd__dfrtp_1)
                                 -0.250000   20.058966   clock uncertainty
                                  0.000000   20.058966   clock reconvergence pessimism
                                  0.209668   20.268633   library recovery time
                                             20.268633   data required time
---------------------------------------------------------------------------------------------
                                             20.268633   data required time
                                             -4.352094   data arrival time
---------------------------------------------------------------------------------------------
                                             15.916539   slack (MET)



