
===========================================================================
report_checks -path_delay min (Hold)
============================================================================
======================= nom_tt_025C_1v80 Corner ===================================

Startpoint: _1104_ (rising edge-triggered flip-flop clocked by clk)
Endpoint: _1104_ (rising edge-triggered flip-flop clocked by clk)
Path Group: clk
Path Type: min

Fanout         Cap        Slew       Delay        Time   Description
---------------------------------------------------------------------------------------------
                                  0.000000    0.000000   clock clk (rise edge)
                                  0.000000    0.000000   clock source latency
    19    0.051351    0.235033    0.162958    0.162958 ^ clk (in)
                                                         clk (net)
                      0.235039    0.000000    0.162958 ^ _1104_/CLK (sky130_fd_sc_hd__dfrtp_2)
     3    0.006966    0.057800    0.414382    0.577340 ^ _1104_/Q (sky130_fd_sc_hd__dfrtp_2)
                                                         DADDR[2] (net)
                      0.057800    0.000007    0.577347 ^ _0772_/A1 (sky130_fd_sc_hd__a22o_2)
     1    0.002501    0.032286    0.127486    0.704833 ^ _0772_/X (sky130_fd_sc_hd__a22o_2)
                                                         _0089_ (net)
                      0.032286    0.000005    0.704838 ^ _1104_/D (sky130_fd_sc_hd__dfrtp_2)
                                              0.704838   data arrival time

                                  0.000000    0.000000   clock clk (rise edge)
                                  0.000000    0.000000   clock source latency
    19    0.051351    0.235033    0.162958    0.162958 ^ clk (in)
                                                         clk (net)
                      0.235039    0.000000    0.162958 ^ _1104_/CLK (sky130_fd_sc_hd__dfrtp_2)
                                  0.250000    0.412958   clock uncertainty
                                  0.000000    0.412958   clock reconvergence pessimism
                                 -0.006137    0.406820   library hold time
                                              0.406820   data required time
---------------------------------------------------------------------------------------------
                                              0.406820   data required time
                                             -0.704838   data arrival time
---------------------------------------------------------------------------------------------
                                              0.298018   slack (MET)


Startpoint: _0801_ (rising edge-triggered flip-flop clocked by clk)
Endpoint: _0801_ (rising edge-triggered flip-flop clocked by clk)
Path Group: clk
Path Type: min

Fanout         Cap        Slew       Delay        Time   Description
---------------------------------------------------------------------------------------------
                                  0.000000    0.000000   clock clk (rise edge)
                                  0.000000    0.000000   clock source latency
    19    0.051351    0.235033    0.162909    0.162909 ^ clk (in)
                                                         clk (net)
                      0.235038    0.000000    0.162909 ^ _0801_/CLK (sky130_fd_sc_hd__dfrtp_2)
     5    0.012196    0.077770    0.436863    0.599772 ^ _0801_/Q (sky130_fd_sc_hd__dfrtp_2)
                                                         lenS[2] (net)
                      0.077770    0.000030    0.599803 ^ _0731_/A0 (sky130_fd_sc_hd__mux2_1)
     1    0.002158    0.037733    0.120562    0.720364 ^ _0731_/X (sky130_fd_sc_hd__mux2_1)
                                                         _0081_ (net)
                      0.037733    0.000002    0.720366 ^ _0801_/D (sky130_fd_sc_hd__dfrtp_2)
                                              0.720366   data arrival time

                                  0.000000    0.000000   clock clk (rise edge)
                                  0.000000    0.000000   clock source latency
    19    0.051351    0.235033    0.162909    0.162909 ^ clk (in)
                                                         clk (net)
                      0.235038    0.000000    0.162909 ^ _0801_/CLK (sky130_fd_sc_hd__dfrtp_2)
                                  0.250000    0.412910   clock uncertainty
                                  0.000000    0.412910   clock reconvergence pessimism
                                 -0.007239    0.405670   library hold time
                                              0.405670   data required time
---------------------------------------------------------------------------------------------
                                              0.405670   data required time
                                             -0.720366   data arrival time
---------------------------------------------------------------------------------------------
                                              0.314696   slack (MET)


Startpoint: _0802_ (rising edge-triggered flip-flop clocked by clk)
Endpoint: _0802_ (rising edge-triggered flip-flop clocked by clk)
Path Group: clk
Path Type: min

Fanout         Cap        Slew       Delay        Time   Description
---------------------------------------------------------------------------------------------
                                  0.000000    0.000000   clock clk (rise edge)
                                  0.000000    0.000000   clock source latency
    19    0.051351    0.235033    0.162892    0.162892 ^ clk (in)
                                                         clk (net)
                      0.235038    0.000000    0.162892 ^ _0802_/CLK (sky130_fd_sc_hd__dfrtp_2)
     4    0.010961    0.074815    0.431575    0.594467 ^ _0802_/Q (sky130_fd_sc_hd__dfrtp_2)
                                                         lenS[3] (net)
                      0.074815    0.000017    0.594484 ^ _0735_/A1 (sky130_fd_sc_hd__a22o_2)
     1    0.002146    0.030578    0.131630    0.726114 ^ _0735_/X (sky130_fd_sc_hd__a22o_2)
                                                         _0082_ (net)
                      0.030578    0.000001    0.726116 ^ _0802_/D (sky130_fd_sc_hd__dfrtp_2)
                                              0.726116   data arrival time

                                  0.000000    0.000000   clock clk (rise edge)
                                  0.000000    0.000000   clock source latency
    19    0.051351    0.235033    0.162892    0.162892 ^ clk (in)
                                                         clk (net)
                      0.235038    0.000000    0.162892 ^ _0802_/CLK (sky130_fd_sc_hd__dfrtp_2)
                                  0.250000    0.412892   clock uncertainty
                                  0.000000    0.412892   clock reconvergence pessimism
                                 -0.005792    0.407100   library hold time
                                              0.407100   data required time
---------------------------------------------------------------------------------------------
                                              0.407100   data required time
                                             -0.726116   data arrival time
---------------------------------------------------------------------------------------------
                                              0.319015   slack (MET)


Startpoint: _1101_ (rising edge-triggered flip-flop clocked by clk)
Endpoint: _1101_ (rising edge-triggered flip-flop clocked by clk)
Path Group: clk
Path Type: min

Fanout         Cap        Slew       Delay        Time   Description
---------------------------------------------------------------------------------------------
                                  0.000000    0.000000   clock clk (rise edge)
                                  0.000000    0.000000   clock source latency
    19    0.051351    0.235033    0.162686    0.162686 ^ clk (in)
                                                         clk (net)
                      0.235036    0.000000    0.162686 ^ _1101_/CLK (sky130_fd_sc_hd__dfrtp_2)
     3    0.010513    0.071215    0.429631    0.592317 ^ _1101_/Q (sky130_fd_sc_hd__dfrtp_2)
                                                         lenM[3] (net)
                      0.071215    0.000018    0.592335 ^ _0759_/A1 (sky130_fd_sc_hd__a22o_2)
     1    0.003213    0.034558    0.136051    0.728386 ^ _0759_/X (sky130_fd_sc_hd__a22o_2)
                                                         _0086_ (net)
                      0.034558    0.000013    0.728399 ^ _1101_/D (sky130_fd_sc_hd__dfrtp_2)
                                              0.728399   data arrival time

                                  0.000000    0.000000   clock clk (rise edge)
                                  0.000000    0.000000   clock source latency
    19    0.051351    0.235033    0.162686    0.162686 ^ clk (in)
                                                         clk (net)
                      0.235036    0.000000    0.162686 ^ _1101_/CLK (sky130_fd_sc_hd__dfrtp_2)
                                  0.250000    0.412686   clock uncertainty
                                  0.000000    0.412686   clock reconvergence pessimism
                                 -0.006597    0.406089   library hold time
                                              0.406089   data required time
---------------------------------------------------------------------------------------------
                                              0.406089   data required time
                                             -0.728399   data arrival time
---------------------------------------------------------------------------------------------
                                              0.322311   slack (MET)


Startpoint: _0800_ (rising edge-triggered flip-flop clocked by clk)
Endpoint: _0800_ (rising edge-triggered flip-flop clocked by clk)
Path Group: clk
Path Type: min

Fanout         Cap        Slew       Delay        Time   Description
---------------------------------------------------------------------------------------------
                                  0.000000    0.000000   clock clk (rise edge)
                                  0.000000    0.000000   clock source latency
    19    0.051351    0.235033    0.162905    0.162905 ^ clk (in)
                                                         clk (net)
                      0.235038    0.000000    0.162905 ^ _0800_/CLK (sky130_fd_sc_hd__dfrtp_2)
     6    0.014334    0.086299    0.444632    0.607538 ^ _0800_/Q (sky130_fd_sc_hd__dfrtp_2)
                                                         lenS[1] (net)
                      0.086299    0.000036    0.607574 ^ _0723_/A0 (sky130_fd_sc_hd__mux2_1)
     1    0.002221    0.038236    0.124008    0.731582 ^ _0723_/X (sky130_fd_sc_hd__mux2_1)
                                                         _0080_ (net)
                      0.038236    0.000003    0.731584 ^ _0800_/D (sky130_fd_sc_hd__dfrtp_2)
                                              0.731584   data arrival time

                                  0.000000    0.000000   clock clk (rise edge)
                                  0.000000    0.000000   clock source latency
    19    0.051351    0.235033    0.162905    0.162905 ^ clk (in)
                                                         clk (net)
                      0.235038    0.000000    0.162905 ^ _0800_/CLK (sky130_fd_sc_hd__dfrtp_2)
                                  0.250000    0.412905   clock uncertainty
                                  0.000000    0.412905   clock reconvergence pessimism
                                 -0.007341    0.405564   library hold time
                                              0.405564   data required time
---------------------------------------------------------------------------------------------
                                              0.405564   data required time
                                             -0.731584   data arrival time
---------------------------------------------------------------------------------------------
                                              0.326020   slack (MET)


Startpoint: _1103_ (rising edge-triggered flip-flop clocked by clk)
Endpoint: _1103_ (rising edge-triggered flip-flop clocked by clk)
Path Group: clk
Path Type: min

Fanout         Cap        Slew       Delay        Time   Description
---------------------------------------------------------------------------------------------
                                  0.000000    0.000000   clock clk (rise edge)
                                  0.000000    0.000000   clock source latency
    19    0.051351    0.235033    0.162963    0.162963 ^ clk (in)
                                                         clk (net)
                      0.235039    0.000000    0.162963 ^ _1103_/CLK (sky130_fd_sc_hd__dfrtp_2)
     5    0.010849    0.074338    0.431093    0.594056 ^ _1103_/Q (sky130_fd_sc_hd__dfrtp_2)
                                                         DADDR[1] (net)
                      0.074338    0.000010    0.594066 ^ _0769_/A1 (sky130_fd_sc_hd__o22a_2)
     1    0.002210    0.028864    0.140629    0.734695 ^ _0769_/X (sky130_fd_sc_hd__o22a_2)
                                                         _0088_ (net)
                      0.028864    0.000002    0.734697 ^ _1103_/D (sky130_fd_sc_hd__dfrtp_2)
                                              0.734697   data arrival time

                                  0.000000    0.000000   clock clk (rise edge)
                                  0.000000    0.000000   clock source latency
    19    0.051351    0.235033    0.162963    0.162963 ^ clk (in)
                                                         clk (net)
                      0.235039    0.000000    0.162963 ^ _1103_/CLK (sky130_fd_sc_hd__dfrtp_2)
                                  0.250000    0.412963   clock uncertainty
                                  0.000000    0.412963   clock reconvergence pessimism
                                 -0.005445    0.407517   library hold time
                                              0.407517   data required time
---------------------------------------------------------------------------------------------
                                              0.407517   data required time
                                             -0.734697   data arrival time
---------------------------------------------------------------------------------------------
                                              0.327180   slack (MET)


Startpoint: _1100_ (rising edge-triggered flip-flop clocked by clk)
Endpoint: _1100_ (rising edge-triggered flip-flop clocked by clk)
Path Group: clk
Path Type: min

Fanout         Cap        Slew       Delay        Time   Description
---------------------------------------------------------------------------------------------
                                  0.000000    0.000000   clock clk (rise edge)
                                  0.000000    0.000000   clock source latency
    19    0.051351    0.235033    0.162704    0.162704 ^ clk (in)
                                                         clk (net)
                      0.235036    0.000000    0.162704 ^ _1100_/CLK (sky130_fd_sc_hd__dfrtp_2)
     4    0.011851    0.078606    0.435406    0.598110 ^ _1100_/Q (sky130_fd_sc_hd__dfrtp_2)
                                                         lenM[2] (net)
                      0.078606    0.000023    0.598133 ^ _0754_/A1 (sky130_fd_sc_hd__a22o_2)
     1    0.003349    0.035178    0.139400    0.737533 ^ _0754_/X (sky130_fd_sc_hd__a22o_2)
                                                         _0085_ (net)
                      0.035178    0.000015    0.737549 ^ _1100_/D (sky130_fd_sc_hd__dfrtp_2)
                                              0.737549   data arrival time

                                  0.000000    0.000000   clock clk (rise edge)
                                  0.000000    0.000000   clock source latency
    19    0.051351    0.235033    0.162704    0.162704 ^ clk (in)
                                                         clk (net)
                      0.235036    0.000000    0.162704 ^ _1100_/CLK (sky130_fd_sc_hd__dfrtp_2)
                                  0.250000    0.412704   clock uncertainty
                                  0.000000    0.412704   clock reconvergence pessimism
                                 -0.006723    0.405982   library hold time
                                              0.405982   data required time
---------------------------------------------------------------------------------------------
                                              0.405982   data required time
                                             -0.737549   data arrival time
---------------------------------------------------------------------------------------------
                                              0.331567   slack (MET)


Startpoint: _1102_ (rising edge-triggered flip-flop clocked by clk)
Endpoint: _1102_ (rising edge-triggered flip-flop clocked by clk)
Path Group: clk
Path Type: min

Fanout         Cap        Slew       Delay        Time   Description
---------------------------------------------------------------------------------------------
                                  0.000000    0.000000   clock clk (rise edge)
                                  0.000000    0.000000   clock source latency
    19    0.051351    0.235033    0.162939    0.162939 ^ clk (in)
                                                         clk (net)
                      0.235038    0.000000    0.162939 ^ _1102_/CLK (sky130_fd_sc_hd__dfrtp_2)
     6    0.015111    0.089618    0.447298    0.610238 ^ _1102_/Q (sky130_fd_sc_hd__dfrtp_2)
                                                         DADDR[0] (net)
                      0.089618    0.000038    0.610276 ^ _0764_/A0 (sky130_fd_sc_hd__mux2_1)
     1    0.002451    0.040047    0.126985    0.737261 ^ _0764_/X (sky130_fd_sc_hd__mux2_1)
                                                         _0087_ (net)
                      0.040047    0.000005    0.737266 ^ _1102_/D (sky130_fd_sc_hd__dfrtp_2)
                                              0.737266   data arrival time

                                  0.000000    0.000000   clock clk (rise edge)
                                  0.000000    0.000000   clock source latency
    19    0.051351    0.235033    0.162939    0.162939 ^ clk (in)
                                                         clk (net)
                      0.235038    0.000000    0.162939 ^ _1102_/CLK (sky130_fd_sc_hd__dfrtp_2)
                                  0.250000    0.412939   clock uncertainty
                                  0.000000    0.412939   clock reconvergence pessimism
                                 -0.007707    0.405232   library hold time
                                              0.405232   data required time
---------------------------------------------------------------------------------------------
                                              0.405232   data required time
                                             -0.737266   data arrival time
---------------------------------------------------------------------------------------------
                                              0.332034   slack (MET)


Startpoint: _0799_ (rising edge-triggered flip-flop clocked by clk)
Endpoint: _0799_ (rising edge-triggered flip-flop clocked by clk)
Path Group: clk
Path Type: min

Fanout         Cap        Slew       Delay        Time   Description
---------------------------------------------------------------------------------------------
                                  0.000000    0.000000   clock clk (rise edge)
                                  0.000000    0.000000   clock source latency
    19    0.051351    0.235033    0.162846    0.162846 ^ clk (in)
                                                         clk (net)
                      0.235037    0.000000    0.162846 ^ _0799_/CLK (sky130_fd_sc_hd__dfrtp_2)
     7    0.016518    0.095656    0.452133    0.614979 ^ _0799_/Q (sky130_fd_sc_hd__dfrtp_2)
                                                         lenS[0] (net)
                      0.095656    0.000025    0.615004 ^ _0718_/A0 (sky130_fd_sc_hd__mux2_1)
     1    0.002176    0.037877    0.126864    0.741868 ^ _0718_/X (sky130_fd_sc_hd__mux2_1)
                                                         _0079_ (net)
                      0.037877    0.000002    0.741871 ^ _0799_/D (sky130_fd_sc_hd__dfrtp_2)
                                              0.741871   data arrival time

                                  0.000000    0.000000   clock clk (rise edge)
                                  0.000000    0.000000   clock source latency
    19    0.051351    0.235033    0.162846    0.162846 ^ clk (in)
                                                         clk (net)
                      0.235037    0.000000    0.162846 ^ _0799_/CLK (sky130_fd_sc_hd__dfrtp_2)
                                  0.250000    0.412846   clock uncertainty
                                  0.000000    0.412846   clock reconvergence pessimism
                                 -0.007269    0.405577   library hold time
                                              0.405577   data required time
---------------------------------------------------------------------------------------------
                                              0.405577   data required time
                                             -0.741871   data arrival time
---------------------------------------------------------------------------------------------
                                              0.336293   slack (MET)


Startpoint: _1099_ (rising edge-triggered flip-flop clocked by clk)
Endpoint: _1099_ (rising edge-triggered flip-flop clocked by clk)
Path Group: clk
Path Type: min

Fanout         Cap        Slew       Delay        Time   Description
---------------------------------------------------------------------------------------------
                                  0.000000    0.000000   clock clk (rise edge)
                                  0.000000    0.000000   clock source latency
    19    0.051351    0.235033    0.162664    0.162664 ^ clk (in)
                                                         clk (net)
                      0.235036    0.000000    0.162664 ^ _1099_/CLK (sky130_fd_sc_hd__dfrtp_2)
     5    0.017127    0.098279    0.454221    0.616884 ^ _1099_/Q (sky130_fd_sc_hd__dfrtp_2)
                                                         lenM[1] (net)
                      0.098279    0.000032    0.616916 ^ _0749_/A1 (sky130_fd_sc_hd__a22o_2)
     1    0.003243    0.034694    0.145816    0.762733 ^ _0749_/X (sky130_fd_sc_hd__a22o_2)
                                                         _0084_ (net)
                      0.034694    0.000014    0.762746 ^ _1099_/D (sky130_fd_sc_hd__dfrtp_2)
                                              0.762746   data arrival time

                                  0.000000    0.000000   clock clk (rise edge)
                                  0.000000    0.000000   clock source latency
    19    0.051351    0.235033    0.162664    0.162664 ^ clk (in)
                                                         clk (net)
                      0.235036    0.000000    0.162664 ^ _1099_/CLK (sky130_fd_sc_hd__dfrtp_2)
                                  0.250000    0.412664   clock uncertainty
                                  0.000000    0.412664   clock reconvergence pessimism
                                 -0.006625    0.406039   library hold time
                                              0.406039   data required time
---------------------------------------------------------------------------------------------
                                              0.406039   data required time
                                             -0.762746   data arrival time
---------------------------------------------------------------------------------------------
                                              0.356708   slack (MET)


Startpoint: _1098_ (rising edge-triggered flip-flop clocked by clk)
Endpoint: _1098_ (rising edge-triggered flip-flop clocked by clk)
Path Group: clk
Path Type: min

Fanout         Cap        Slew       Delay        Time   Description
---------------------------------------------------------------------------------------------
                                  0.000000    0.000000   clock clk (rise edge)
                                  0.000000    0.000000   clock source latency
    19    0.051351    0.235033    0.162614    0.162614 ^ clk (in)
                                                         clk (net)
                      0.235035    0.000000    0.162614 ^ _1098_/CLK (sky130_fd_sc_hd__dfrtp_2)
     6    0.019436    0.108280    0.462124    0.624739 ^ _1098_/Q (sky130_fd_sc_hd__dfrtp_2)
                                                         lenM[0] (net)
                      0.108280    0.000035    0.624773 ^ _0744_/A0 (sky130_fd_sc_hd__mux2_1)
     1    0.002815    0.042921    0.136320    0.761094 ^ _0744_/X (sky130_fd_sc_hd__mux2_1)
                                                         _0083_ (net)
                      0.042921    0.000009    0.761103 ^ _1098_/D (sky130_fd_sc_hd__dfrtp_2)
                                              0.761103   data arrival time

                                  0.000000    0.000000   clock clk (rise edge)
                                  0.000000    0.000000   clock source latency
    19    0.051351    0.235033    0.162614    0.162614 ^ clk (in)
                                                         clk (net)
                      0.235035    0.000000    0.162614 ^ _1098_/CLK (sky130_fd_sc_hd__dfrtp_2)
                                  0.250000    0.412614   clock uncertainty
                                  0.000000    0.412614   clock reconvergence pessimism
                                 -0.008289    0.404325   library hold time
                                              0.404325   data required time
---------------------------------------------------------------------------------------------
                                              0.404325   data required time
                                             -0.761103   data arrival time
---------------------------------------------------------------------------------------------
                                              0.356777   slack (MET)


Startpoint: _1101_ (rising edge-triggered flip-flop clocked by clk)
Endpoint: _0797_ (rising edge-triggered flip-flop clocked by clk)
Path Group: clk
Path Type: min

Fanout         Cap        Slew       Delay        Time   Description
---------------------------------------------------------------------------------------------
                                  0.000000    0.000000   clock clk (rise edge)
                                  0.000000    0.000000   clock source latency
    19    0.051351    0.235033    0.162686    0.162686 ^ clk (in)
                                                         clk (net)
                      0.235036    0.000000    0.162686 ^ _1101_/CLK (sky130_fd_sc_hd__dfrtp_2)
     3    0.010513    0.071215    0.429631    0.592317 ^ _1101_/Q (sky130_fd_sc_hd__dfrtp_2)
                                                         lenM[3] (net)
                      0.071215    0.000031    0.592348 ^ _0689_/A3 (sky130_fd_sc_hd__o31a_2)
     2    0.005654    0.046047    0.131279    0.723627 ^ _0689_/X (sky130_fd_sc_hd__o31a_2)
                                                         _0304_ (net)
                      0.046047    0.000050    0.723677 ^ _0709_/A (sky130_fd_sc_hd__or4b_2)
     1    0.002736    0.031472    0.105294    0.828970 ^ _0709_/X (sky130_fd_sc_hd__or4b_2)
                                                         _0077_ (net)
                      0.031472    0.000011    0.828981 ^ _0797_/D (sky130_fd_sc_hd__dfrtp_2)
                                              0.828981   data arrival time

                                  0.000000    0.000000   clock clk (rise edge)
                                  0.000000    0.000000   clock source latency
    19    0.051351    0.235033    0.163000    0.163000 ^ clk (in)
                                                         clk (net)
                      0.235039    0.000000    0.163000 ^ _0797_/CLK (sky130_fd_sc_hd__dfrtp_2)
                                  0.250000    0.413000   clock uncertainty
                                  0.000000    0.413000   clock reconvergence pessimism
                                 -0.005973    0.407027   library hold time
                                              0.407027   data required time
---------------------------------------------------------------------------------------------
                                              0.407027   data required time
                                             -0.828981   data arrival time
---------------------------------------------------------------------------------------------
                                              0.421954   slack (MET)


Startpoint: _0802_ (rising edge-triggered flip-flop clocked by clk)
Endpoint: _0795_ (rising edge-triggered flip-flop clocked by clk)
Path Group: clk
Path Type: min

Fanout         Cap        Slew       Delay        Time   Description
---------------------------------------------------------------------------------------------
                                  0.000000    0.000000   clock clk (rise edge)
                                  0.000000    0.000000   clock source latency
    19    0.051351    0.235033    0.162892    0.162892 ^ clk (in)
                                                         clk (net)
                      0.235038    0.000000    0.162892 ^ _0802_/CLK (sky130_fd_sc_hd__dfrtp_2)
     4    0.010961    0.074815    0.431575    0.594467 ^ _0802_/Q (sky130_fd_sc_hd__dfrtp_2)
                                                         lenS[3] (net)
                      0.074815    0.000013    0.594480 ^ _0681_/A (sky130_fd_sc_hd__nor2_2)
     4    0.013417    0.040030    0.062922    0.657402 v _0681_/Y (sky130_fd_sc_hd__nor2_2)
                                                         _0299_ (net)
                      0.040030    0.000111    0.657513 v _0698_/A3 (sky130_fd_sc_hd__a31o_2)
     1    0.002343    0.031893    0.231164    0.888677 v _0698_/X (sky130_fd_sc_hd__a31o_2)
                                                         _0075_ (net)
                      0.031893    0.000005    0.888682 v _0795_/D (sky130_fd_sc_hd__dfrtp_2)
                                              0.888682   data arrival time

                                  0.000000    0.000000   clock clk (rise edge)
                                  0.000000    0.000000   clock source latency
    19    0.051351    0.235033    0.162951    0.162951 ^ clk (in)
                                                         clk (net)
                      0.235039    0.000000    0.162951 ^ _0795_/CLK (sky130_fd_sc_hd__dfrtp_2)
                                  0.250000    0.412951   clock uncertainty
                                  0.000000    0.412951   clock reconvergence pessimism
                                  0.006560    0.419510   library hold time
                                              0.419510   data required time
---------------------------------------------------------------------------------------------
                                              0.419510   data required time
                                             -0.888682   data arrival time
---------------------------------------------------------------------------------------------
                                              0.469171   slack (MET)


Startpoint: _0797_ (rising edge-triggered flip-flop clocked by clk)
Endpoint: _0798_ (rising edge-triggered flip-flop clocked by clk)
Path Group: clk
Path Type: min

Fanout         Cap        Slew       Delay        Time   Description
---------------------------------------------------------------------------------------------
                                  0.000000    0.000000   clock clk (rise edge)
                                  0.000000    0.000000   clock source latency
    19    0.051351    0.235033    0.163000    0.163000 ^ clk (in)
                                                         clk (net)
                      0.235039    0.000000    0.163000 ^ _0797_/CLK (sky130_fd_sc_hd__dfrtp_2)
    11    0.023464    0.125835    0.475948    0.638948 ^ _0797_/Q (sky130_fd_sc_hd__dfrtp_2)
                                                         current_state[2] (net)
                      0.125835    0.000049    0.638996 ^ _0452_/B (sky130_fd_sc_hd__nand2b_2)
     4    0.010821    0.061586    0.092786    0.731782 v _0452_/Y (sky130_fd_sc_hd__nand2b_2)
                                                         _0132_ (net)
                      0.061586    0.000023    0.731805 v _0694_/B (sky130_fd_sc_hd__nor2_2)
     1    0.002472    0.059173    0.072971    0.804776 ^ _0694_/Y (sky130_fd_sc_hd__nor2_2)
                                                         _0308_ (net)
                      0.059173    0.000000    0.804777 ^ _0711_/A2 (sky130_fd_sc_hd__a21o_2)
     1    0.002365    0.024808    0.112473    0.917250 ^ _0711_/X (sky130_fd_sc_hd__a21o_2)
                                                         _0078_ (net)
                      0.024808    0.000005    0.917255 ^ _0798_/D (sky130_fd_sc_hd__dfrtp_2)
                                              0.917255   data arrival time

                                  0.000000    0.000000   clock clk (rise edge)
                                  0.000000    0.000000   clock source latency
    19    0.051351    0.235033    0.163001    0.163001 ^ clk (in)
                                                         clk (net)
                      0.235039    0.000000    0.163001 ^ _0798_/CLK (sky130_fd_sc_hd__dfrtp_2)
                                  0.250000    0.413001   clock uncertainty
                                  0.000000    0.413001   clock reconvergence pessimism
                                 -0.004625    0.408377   library hold time
                                              0.408377   data required time
---------------------------------------------------------------------------------------------
                                              0.408377   data required time
                                             -0.917255   data arrival time
---------------------------------------------------------------------------------------------
                                              0.508879   slack (MET)


Startpoint: _1106_ (rising edge-triggered flip-flop clocked by clk)
Endpoint: _1106_ (rising edge-triggered flip-flop clocked by clk)
Path Group: clk
Path Type: min

Fanout         Cap        Slew       Delay        Time   Description
---------------------------------------------------------------------------------------------
                                  0.000000    0.000000   clock clk (rise edge)
                                  0.000000    0.000000   clock source latency
    19    0.051351    0.235033    0.162826    0.162826 ^ clk (in)
                                                         clk (net)
                      0.235037    0.000000    0.162826 ^ _1106_/CLK (sky130_fd_sc_hd__dfrtp_2)
    20    0.051800    0.250509    0.569719    0.732545 ^ _1106_/Q (sky130_fd_sc_hd__dfrtp_2)
                                                         i[1] (net)
                      0.250509    0.000046    0.732591 ^ _0784_/A1 (sky130_fd_sc_hd__a22o_2)
     1    0.002139    0.030567    0.186502    0.919093 ^ _0784_/X (sky130_fd_sc_hd__a22o_2)
                                                         _0091_ (net)
                      0.030567    0.000002    0.919095 ^ _1106_/D (sky130_fd_sc_hd__dfrtp_2)
                                              0.919095   data arrival time

                                  0.000000    0.000000   clock clk (rise edge)
                                  0.000000    0.000000   clock source latency
    19    0.051351    0.235033    0.162826    0.162826 ^ clk (in)
                                                         clk (net)
                      0.235037    0.000000    0.162826 ^ _1106_/CLK (sky130_fd_sc_hd__dfrtp_2)
                                  0.250000    0.412826   clock uncertainty
                                  0.000000    0.412826   clock reconvergence pessimism
                                 -0.005790    0.407036   library hold time
                                              0.407036   data required time
---------------------------------------------------------------------------------------------
                                              0.407036   data required time
                                             -0.919095   data arrival time
---------------------------------------------------------------------------------------------
                                              0.512059   slack (MET)


Startpoint: _1107_ (rising edge-triggered flip-flop clocked by clk)
Endpoint: _1107_ (rising edge-triggered flip-flop clocked by clk)
Path Group: clk
Path Type: min

Fanout         Cap        Slew       Delay        Time   Description
---------------------------------------------------------------------------------------------
                                  0.000000    0.000000   clock clk (rise edge)
                                  0.000000    0.000000   clock source latency
    19    0.051351    0.235033    0.162861    0.162861 ^ clk (in)
                                                         clk (net)
                      0.235037    0.000000    0.162861 ^ _1107_/CLK (sky130_fd_sc_hd__dfrtp_2)
    20    0.053422    0.257865    0.574972    0.737833 ^ _1107_/Q (sky130_fd_sc_hd__dfrtp_2)
                                                         i[2] (net)
                      0.257865    0.000132    0.737964 ^ _0790_/A1 (sky130_fd_sc_hd__a22o_2)
     1    0.002113    0.030442    0.188537    0.926502 ^ _0790_/X (sky130_fd_sc_hd__a22o_2)
                                                         _0092_ (net)
                      0.030442    0.000001    0.926503 ^ _1107_/D (sky130_fd_sc_hd__dfrtp_2)
                                              0.926503   data arrival time

                                  0.000000    0.000000   clock clk (rise edge)
                                  0.000000    0.000000   clock source latency
    19    0.051351    0.235033    0.162861    0.162861 ^ clk (in)
                                                         clk (net)
                      0.235037    0.000000    0.162861 ^ _1107_/CLK (sky130_fd_sc_hd__dfrtp_2)
                                  0.250000    0.412861   clock uncertainty
                                  0.000000    0.412861   clock reconvergence pessimism
                                 -0.005765    0.407097   library hold time
                                              0.407097   data required time
---------------------------------------------------------------------------------------------
                                              0.407097   data required time
                                             -0.926503   data arrival time
---------------------------------------------------------------------------------------------
                                              0.519406   slack (MET)


Startpoint: _1108_ (rising edge-triggered flip-flop clocked by clk)
Endpoint: _1108_ (rising edge-triggered flip-flop clocked by clk)
Path Group: clk
Path Type: min

Fanout         Cap        Slew       Delay        Time   Description
---------------------------------------------------------------------------------------------
                                  0.000000    0.000000   clock clk (rise edge)
                                  0.000000    0.000000   clock source latency
    19    0.051351    0.235033    0.162871    0.162871 ^ clk (in)
                                                         clk (net)
                      0.235038    0.000000    0.162871 ^ _1108_/CLK (sky130_fd_sc_hd__dfrtp_2)
    19    0.055706    0.268248    0.582287    0.745158 ^ _1108_/Q (sky130_fd_sc_hd__dfrtp_2)
                                                         i[3] (net)
                      0.268248    0.000064    0.745222 ^ _0794_/A1 (sky130_fd_sc_hd__a22o_2)
     1    0.002154    0.030639    0.191848    0.937069 ^ _0794_/X (sky130_fd_sc_hd__a22o_2)
                                                         _0093_ (net)
                      0.030639    0.000002    0.937071 ^ _1108_/D (sky130_fd_sc_hd__dfrtp_2)
                                              0.937071   data arrival time

                                  0.000000    0.000000   clock clk (rise edge)
                                  0.000000    0.000000   clock source latency
    19    0.051351    0.235033    0.162871    0.162871 ^ clk (in)
                                                         clk (net)
                      0.235038    0.000000    0.162871 ^ _1108_/CLK (sky130_fd_sc_hd__dfrtp_2)
                                  0.250000    0.412871   clock uncertainty
                                  0.000000    0.412871   clock reconvergence pessimism
                                 -0.005804    0.407066   library hold time
                                              0.407066   data required time
---------------------------------------------------------------------------------------------
                                              0.407066   data required time
                                             -0.937071   data arrival time
---------------------------------------------------------------------------------------------
                                              0.530004   slack (MET)


Startpoint: _1105_ (rising edge-triggered flip-flop clocked by clk)
Endpoint: _1105_ (rising edge-triggered flip-flop clocked by clk)
Path Group: clk
Path Type: min

Fanout         Cap        Slew       Delay        Time   Description
---------------------------------------------------------------------------------------------
                                  0.000000    0.000000   clock clk (rise edge)
                                  0.000000    0.000000   clock source latency
    19    0.051351    0.235033    0.162838    0.162838 ^ clk (in)
                                                         clk (net)
                      0.235037    0.000000    0.162838 ^ _1105_/CLK (sky130_fd_sc_hd__dfrtp_2)
    20    0.059806    0.286889    0.595415    0.758253 ^ _1105_/Q (sky130_fd_sc_hd__dfrtp_2)
                                                         i[0] (net)
                      0.286889    0.000075    0.758328 ^ _0778_/S (sky130_fd_sc_hd__mux2_1)
     1    0.002064    0.036992    0.178508    0.936836 ^ _0778_/X (sky130_fd_sc_hd__mux2_1)
                                                         _0090_ (net)
                      0.036992    0.000000    0.936837 ^ _1105_/D (sky130_fd_sc_hd__dfrtp_2)
                                              0.936837   data arrival time

                                  0.000000    0.000000   clock clk (rise edge)
                                  0.000000    0.000000   clock source latency
    19    0.051351    0.235033    0.162838    0.162838 ^ clk (in)
                                                         clk (net)
                      0.235037    0.000000    0.162838 ^ _1105_/CLK (sky130_fd_sc_hd__dfrtp_2)
                                  0.250000    0.412838   clock uncertainty
                                  0.000000    0.412838   clock reconvergence pessimism
                                 -0.007090    0.405748   library hold time
                                              0.405748   data required time
---------------------------------------------------------------------------------------------
                                              0.405748   data required time
                                             -0.936837   data arrival time
---------------------------------------------------------------------------------------------
                                              0.531088   slack (MET)


Startpoint: _1101_ (rising edge-triggered flip-flop clocked by clk)
Endpoint: _0796_ (rising edge-triggered flip-flop clocked by clk)
Path Group: clk
Path Type: min

Fanout         Cap        Slew       Delay        Time   Description
---------------------------------------------------------------------------------------------
                                  0.000000    0.000000   clock clk (rise edge)
                                  0.000000    0.000000   clock source latency
    19    0.051351    0.235033    0.162686    0.162686 ^ clk (in)
                                                         clk (net)
                      0.235036    0.000000    0.162686 ^ _1101_/CLK (sky130_fd_sc_hd__dfrtp_2)
     3    0.010513    0.071215    0.429631    0.592317 ^ _1101_/Q (sky130_fd_sc_hd__dfrtp_2)
                                                         lenM[3] (net)
                      0.071215    0.000032    0.592349 ^ _0404_/D (sky130_fd_sc_hd__nor4_2)
     6    0.020201    0.055428    0.072019    0.664368 v _0404_/Y (sky130_fd_sc_hd__nor4_2)
                                                         _0107_ (net)
                      0.055428    0.000170    0.664538 v _0702_/A3 (sky130_fd_sc_hd__o31ai_2)
     2    0.004707    0.054984    0.191846    0.856384 ^ _0702_/Y (sky130_fd_sc_hd__o31ai_2)
                                                         _0315_ (net)
                      0.054984    0.000018    0.856402 ^ _0707_/A (sky130_fd_sc_hd__or4b_2)
     1    0.002450    0.030502    0.107284    0.963686 ^ _0707_/X (sky130_fd_sc_hd__or4b_2)
                                                         _0076_ (net)
                      0.030502    0.000006    0.963692 ^ _0796_/D (sky130_fd_sc_hd__dfrtp_2)
                                              0.963692   data arrival time

                                  0.000000    0.000000   clock clk (rise edge)
                                  0.000000    0.000000   clock source latency
    19    0.051351    0.235033    0.163012    0.163012 ^ clk (in)
                                                         clk (net)
                      0.235039    0.000000    0.163012 ^ _0796_/CLK (sky130_fd_sc_hd__dfrtp_2)
                                  0.250000    0.413012   clock uncertainty
                                  0.000000    0.413012   clock reconvergence pessimism
                                 -0.005777    0.407236   library hold time
                                              0.407236   data required time
---------------------------------------------------------------------------------------------
                                              0.407236   data required time
                                             -0.963692   data arrival time
---------------------------------------------------------------------------------------------
                                              0.556456   slack (MET)


Startpoint: res_n (input port clocked by clk)
Endpoint: _1098_ (removal check against rising-edge clock clk)
Path Group: asynchronous
Path Type: min

Fanout         Cap        Slew       Delay        Time   Description
---------------------------------------------------------------------------------------------
                                  0.000000    0.000000   clock clk (rise edge)
                                  0.000000    0.000000   clock network delay (propagated)
                                  4.000000    4.000000 ^ input external delay
    19    0.084418    0.382573    0.263997    4.263997 ^ res_n (in)
                                                         res_n (net)
                      0.382578    0.000000    4.263997 ^ _1098_/RESET_B (sky130_fd_sc_hd__dfrtp_2)
                                              4.263997   data arrival time

                                  0.000000    0.000000   clock clk (rise edge)
                                  0.000000    0.000000   clock source latency
    19    0.051351    0.235033    0.162614    0.162614 ^ clk (in)
                                                         clk (net)
                      0.235035    0.000000    0.162614 ^ _1098_/CLK (sky130_fd_sc_hd__dfrtp_2)
                                  0.250000    0.412614   clock uncertainty
                                  0.000000    0.412614   clock reconvergence pessimism
                                  0.464232    0.876846   library removal time
                                              0.876846   data required time
---------------------------------------------------------------------------------------------
                                              0.876846   data required time
                                             -4.263997   data arrival time
---------------------------------------------------------------------------------------------
                                              3.387151   slack (MET)


Startpoint: res_n (input port clocked by clk)
Endpoint: _1099_ (removal check against rising-edge clock clk)
Path Group: asynchronous
Path Type: min

Fanout         Cap        Slew       Delay        Time   Description
---------------------------------------------------------------------------------------------
                                  0.000000    0.000000   clock clk (rise edge)
                                  0.000000    0.000000   clock network delay (propagated)
                                  4.000000    4.000000 ^ input external delay
    19    0.084418    0.382573    0.264083    4.264083 ^ res_n (in)
                                                         res_n (net)
                      0.382578    0.000000    4.264083 ^ _1099_/RESET_B (sky130_fd_sc_hd__dfrtp_2)
                                              4.264083   data arrival time

                                  0.000000    0.000000   clock clk (rise edge)
                                  0.000000    0.000000   clock source latency
    19    0.051351    0.235033    0.162664    0.162664 ^ clk (in)
                                                         clk (net)
                      0.235036    0.000000    0.162664 ^ _1099_/CLK (sky130_fd_sc_hd__dfrtp_2)
                                  0.250000    0.412664   clock uncertainty
                                  0.000000    0.412664   clock reconvergence pessimism
                                  0.464232    0.876896   library removal time
                                              0.876896   data required time
---------------------------------------------------------------------------------------------
                                              0.876896   data required time
                                             -4.264083   data arrival time
---------------------------------------------------------------------------------------------
                                              3.387187   slack (MET)


Startpoint: res_n (input port clocked by clk)
Endpoint: _1101_ (removal check against rising-edge clock clk)
Path Group: asynchronous
Path Type: min

Fanout         Cap        Slew       Delay        Time   Description
---------------------------------------------------------------------------------------------
                                  0.000000    0.000000   clock clk (rise edge)
                                  0.000000    0.000000   clock network delay (propagated)
                                  4.000000    4.000000 ^ input external delay
    19    0.084418    0.382573    0.264122    4.264122 ^ res_n (in)
                                                         res_n (net)
                      0.382579    0.000000    4.264122 ^ _1101_/RESET_B (sky130_fd_sc_hd__dfrtp_2)
                                              4.264122   data arrival time

                                  0.000000    0.000000   clock clk (rise edge)
                                  0.000000    0.000000   clock source latency
    19    0.051351    0.235033    0.162686    0.162686 ^ clk (in)
                                                         clk (net)
                      0.235036    0.000000    0.162686 ^ _1101_/CLK (sky130_fd_sc_hd__dfrtp_2)
                                  0.250000    0.412686   clock uncertainty
                                  0.000000    0.412686   clock reconvergence pessimism
                                  0.464232    0.876918   library removal time
                                              0.876918   data required time
---------------------------------------------------------------------------------------------
                                              0.876918   data required time
                                             -4.264122   data arrival time
---------------------------------------------------------------------------------------------
                                              3.387203   slack (MET)


Startpoint: res_n (input port clocked by clk)
Endpoint: _1100_ (removal check against rising-edge clock clk)
Path Group: asynchronous
Path Type: min

Fanout         Cap        Slew       Delay        Time   Description
---------------------------------------------------------------------------------------------
                                  0.000000    0.000000   clock clk (rise edge)
                                  0.000000    0.000000   clock network delay (propagated)
                                  4.000000    4.000000 ^ input external delay
    19    0.084418    0.382573    0.264153    4.264153 ^ res_n (in)
                                                         res_n (net)
                      0.382579    0.000000    4.264153 ^ _1100_/RESET_B (sky130_fd_sc_hd__dfrtp_2)
                                              4.264153   data arrival time

                                  0.000000    0.000000   clock clk (rise edge)
                                  0.000000    0.000000   clock source latency
    19    0.051351    0.235033    0.162704    0.162704 ^ clk (in)
                                                         clk (net)
                      0.235036    0.000000    0.162704 ^ _1100_/CLK (sky130_fd_sc_hd__dfrtp_2)
                                  0.250000    0.412704   clock uncertainty
                                  0.000000    0.412704   clock reconvergence pessimism
                                  0.464232    0.876937   library removal time
                                              0.876937   data required time
---------------------------------------------------------------------------------------------
                                              0.876937   data required time
                                             -4.264153   data arrival time
---------------------------------------------------------------------------------------------
                                              3.387216   slack (MET)


Startpoint: res_n (input port clocked by clk)
Endpoint: _0799_ (removal check against rising-edge clock clk)
Path Group: asynchronous
Path Type: min

Fanout         Cap        Slew       Delay        Time   Description
---------------------------------------------------------------------------------------------
                                  0.000000    0.000000   clock clk (rise edge)
                                  0.000000    0.000000   clock network delay (propagated)
                                  4.000000    4.000000 ^ input external delay
    19    0.084418    0.382573    0.264381    4.264380 ^ res_n (in)
                                                         res_n (net)
                      0.382581    0.000000    4.264380 ^ _0799_/RESET_B (sky130_fd_sc_hd__dfrtp_2)
                                              4.264380   data arrival time

                                  0.000000    0.000000   clock clk (rise edge)
                                  0.000000    0.000000   clock source latency
    19    0.051351    0.235033    0.162846    0.162846 ^ clk (in)
                                                         clk (net)
                      0.235037    0.000000    0.162846 ^ _0799_/CLK (sky130_fd_sc_hd__dfrtp_2)
                                  0.250000    0.412846   clock uncertainty
                                  0.000000    0.412846   clock reconvergence pessimism
                                  0.464233    0.877079   library removal time
                                              0.877079   data required time
---------------------------------------------------------------------------------------------
                                              0.877079   data required time
                                             -4.264380   data arrival time
---------------------------------------------------------------------------------------------
                                              3.387301   slack (MET)


Startpoint: res_n (input port clocked by clk)
Endpoint: _1106_ (removal check against rising-edge clock clk)
Path Group: asynchronous
Path Type: min

Fanout         Cap        Slew       Delay        Time   Description
---------------------------------------------------------------------------------------------
                                  0.000000    0.000000   clock clk (rise edge)
                                  0.000000    0.000000   clock network delay (propagated)
                                  4.000000    4.000000 ^ input external delay
    19    0.084418    0.382573    0.264358    4.264358 ^ res_n (in)
                                                         res_n (net)
                      0.382581    0.000000    4.264358 ^ _1106_/RESET_B (sky130_fd_sc_hd__dfrtp_2)
                                              4.264358   data arrival time

                                  0.000000    0.000000   clock clk (rise edge)
                                  0.000000    0.000000   clock source latency
    19    0.051351    0.235033    0.162826    0.162826 ^ clk (in)
                                                         clk (net)
                      0.235037    0.000000    0.162826 ^ _1106_/CLK (sky130_fd_sc_hd__dfrtp_2)
                                  0.250000    0.412826   clock uncertainty
                                  0.000000    0.412826   clock reconvergence pessimism
                                  0.464233    0.877059   library removal time
                                              0.877059   data required time
---------------------------------------------------------------------------------------------
                                              0.877059   data required time
                                             -4.264358   data arrival time
---------------------------------------------------------------------------------------------
                                              3.387299   slack (MET)


Startpoint: res_n (input port clocked by clk)
Endpoint: _1105_ (removal check against rising-edge clock clk)
Path Group: asynchronous
Path Type: min

Fanout         Cap        Slew       Delay        Time   Description
---------------------------------------------------------------------------------------------
                                  0.000000    0.000000   clock clk (rise edge)
                                  0.000000    0.000000   clock network delay (propagated)
                                  4.000000    4.000000 ^ input external delay
    19    0.084418    0.382573    0.264378    4.264378 ^ res_n (in)
                                                         res_n (net)
                      0.382581    0.000000    4.264378 ^ _1105_/RESET_B (sky130_fd_sc_hd__dfrtp_2)
                                              4.264378   data arrival time

                                  0.000000    0.000000   clock clk (rise edge)
                                  0.000000    0.000000   clock source latency
    19    0.051351    0.235033    0.162838    0.162838 ^ clk (in)
                                                         clk (net)
                      0.235037    0.000000    0.162838 ^ _1105_/CLK (sky130_fd_sc_hd__dfrtp_2)
                                  0.250000    0.412838   clock uncertainty
                                  0.000000    0.412838   clock reconvergence pessimism
                                  0.464233    0.877071   library removal time
                                              0.877071   data required time
---------------------------------------------------------------------------------------------
                                              0.877071   data required time
                                             -4.264378   data arrival time
---------------------------------------------------------------------------------------------
                                              3.387307   slack (MET)


Startpoint: res_n (input port clocked by clk)
Endpoint: _1107_ (removal check against rising-edge clock clk)
Path Group: asynchronous
Path Type: min

Fanout         Cap        Slew       Delay        Time   Description
---------------------------------------------------------------------------------------------
                                  0.000000    0.000000   clock clk (rise edge)
                                  0.000000    0.000000   clock network delay (propagated)
                                  4.000000    4.000000 ^ input external delay
    19    0.084418    0.382573    0.264416    4.264417 ^ res_n (in)
                                                         res_n (net)
                      0.382582    0.000000    4.264417 ^ _1107_/RESET_B (sky130_fd_sc_hd__dfrtp_2)
                                              4.264417   data arrival time

                                  0.000000    0.000000   clock clk (rise edge)
                                  0.000000    0.000000   clock source latency
    19    0.051351    0.235033    0.162861    0.162861 ^ clk (in)
                                                         clk (net)
                      0.235037    0.000000    0.162861 ^ _1107_/CLK (sky130_fd_sc_hd__dfrtp_2)
                                  0.250000    0.412861   clock uncertainty
                                  0.000000    0.412861   clock reconvergence pessimism
                                  0.464233    0.877095   library removal time
                                              0.877095   data required time
---------------------------------------------------------------------------------------------
                                              0.877095   data required time
                                             -4.264417   data arrival time
---------------------------------------------------------------------------------------------
                                              3.387322   slack (MET)


Startpoint: res_n (input port clocked by clk)
Endpoint: _1108_ (removal check against rising-edge clock clk)
Path Group: asynchronous
Path Type: min

Fanout         Cap        Slew       Delay        Time   Description
---------------------------------------------------------------------------------------------
                                  0.000000    0.000000   clock clk (rise edge)
                                  0.000000    0.000000   clock network delay (propagated)
                                  4.000000    4.000000 ^ input external delay
    19    0.084418    0.382573    0.264432    4.264432 ^ res_n (in)
                                                         res_n (net)
                      0.382582    0.000000    4.264432 ^ _1108_/RESET_B (sky130_fd_sc_hd__dfrtp_2)
                                              4.264432   data arrival time

                                  0.000000    0.000000   clock clk (rise edge)
                                  0.000000    0.000000   clock source latency
    19    0.051351    0.235033    0.162871    0.162871 ^ clk (in)
                                                         clk (net)
                      0.235038    0.000000    0.162871 ^ _1108_/CLK (sky130_fd_sc_hd__dfrtp_2)
                                  0.250000    0.412871   clock uncertainty
                                  0.000000    0.412871   clock reconvergence pessimism
                                  0.464233    0.877104   library removal time
                                              0.877104   data required time
---------------------------------------------------------------------------------------------
                                              0.877104   data required time
                                             -4.264432   data arrival time
---------------------------------------------------------------------------------------------
                                              3.387328   slack (MET)


Startpoint: res_n (input port clocked by clk)
Endpoint: _0802_ (removal check against rising-edge clock clk)
Path Group: asynchronous
Path Type: min

Fanout         Cap        Slew       Delay        Time   Description
---------------------------------------------------------------------------------------------
                                  0.000000    0.000000   clock clk (rise edge)
                                  0.000000    0.000000   clock network delay (propagated)
                                  4.000000    4.000000 ^ input external delay
    19    0.084418    0.382573    0.264460    4.264460 ^ res_n (in)
                                                         res_n (net)
                      0.382582    0.000000    4.264460 ^ _0802_/RESET_B (sky130_fd_sc_hd__dfrtp_2)
                                              4.264460   data arrival time

                                  0.000000    0.000000   clock clk (rise edge)
                                  0.000000    0.000000   clock source latency
    19    0.051351    0.235033    0.162892    0.162892 ^ clk (in)
                                                         clk (net)
                      0.235038    0.000000    0.162892 ^ _0802_/CLK (sky130_fd_sc_hd__dfrtp_2)
                                  0.250000    0.412892   clock uncertainty
                                  0.000000    0.412892   clock reconvergence pessimism
                                  0.464234    0.877126   library removal time
                                              0.877126   data required time
---------------------------------------------------------------------------------------------
                                              0.877126   data required time
                                             -4.264460   data arrival time
---------------------------------------------------------------------------------------------
                                              3.387334   slack (MET)


Startpoint: res_n (input port clocked by clk)
Endpoint: _0800_ (removal check against rising-edge clock clk)
Path Group: asynchronous
Path Type: min

Fanout         Cap        Slew       Delay        Time   Description
---------------------------------------------------------------------------------------------
                                  0.000000    0.000000   clock clk (rise edge)
                                  0.000000    0.000000   clock network delay (propagated)
                                  4.000000    4.000000 ^ input external delay
    19    0.084418    0.382573    0.264482    4.264482 ^ res_n (in)
                                                         res_n (net)
                      0.382582    0.000000    4.264482 ^ _0800_/RESET_B (sky130_fd_sc_hd__dfrtp_2)
                                              4.264482   data arrival time

                                  0.000000    0.000000   clock clk (rise edge)
                                  0.000000    0.000000   clock source latency
    19    0.051351    0.235033    0.162905    0.162905 ^ clk (in)
                                                         clk (net)
                      0.235038    0.000000    0.162905 ^ _0800_/CLK (sky130_fd_sc_hd__dfrtp_2)
                                  0.250000    0.412905   clock uncertainty
                                  0.000000    0.412905   clock reconvergence pessimism
                                  0.464234    0.877139   library removal time
                                              0.877139   data required time
---------------------------------------------------------------------------------------------
                                              0.877139   data required time
                                             -4.264482   data arrival time
---------------------------------------------------------------------------------------------
                                              3.387343   slack (MET)


Startpoint: res_n (input port clocked by clk)
Endpoint: _0801_ (removal check against rising-edge clock clk)
Path Group: asynchronous
Path Type: min

Fanout         Cap        Slew       Delay        Time   Description
---------------------------------------------------------------------------------------------
                                  0.000000    0.000000   clock clk (rise edge)
                                  0.000000    0.000000   clock network delay (propagated)
                                  4.000000    4.000000 ^ input external delay
    19    0.084418    0.382573    0.264490    4.264490 ^ res_n (in)
                                                         res_n (net)
                      0.382582    0.000000    4.264490 ^ _0801_/RESET_B (sky130_fd_sc_hd__dfrtp_2)
                                              4.264490   data arrival time

                                  0.000000    0.000000   clock clk (rise edge)
                                  0.000000    0.000000   clock source latency
    19    0.051351    0.235033    0.162909    0.162909 ^ clk (in)
                                                         clk (net)
                      0.235038    0.000000    0.162909 ^ _0801_/CLK (sky130_fd_sc_hd__dfrtp_2)
                                  0.250000    0.412910   clock uncertainty
                                  0.000000    0.412910   clock reconvergence pessimism
                                  0.464234    0.877143   library removal time
                                              0.877143   data required time
---------------------------------------------------------------------------------------------
                                              0.877143   data required time
                                             -4.264490   data arrival time
---------------------------------------------------------------------------------------------
                                              3.387347   slack (MET)


Startpoint: res_n (input port clocked by clk)
Endpoint: _1102_ (removal check against rising-edge clock clk)
Path Group: asynchronous
Path Type: min

Fanout         Cap        Slew       Delay        Time   Description
---------------------------------------------------------------------------------------------
                                  0.000000    0.000000   clock clk (rise edge)
                                  0.000000    0.000000   clock network delay (propagated)
                                  4.000000    4.000000 ^ input external delay
    19    0.084418    0.382573    0.264541    4.264541 ^ res_n (in)
                                                         res_n (net)
                      0.382583    0.000000    4.264541 ^ _1102_/RESET_B (sky130_fd_sc_hd__dfrtp_2)
                                              4.264541   data arrival time

                                  0.000000    0.000000   clock clk (rise edge)
                                  0.000000    0.000000   clock source latency
    19    0.051351    0.235033    0.162939    0.162939 ^ clk (in)
                                                         clk (net)
                      0.235038    0.000000    0.162939 ^ _1102_/CLK (sky130_fd_sc_hd__dfrtp_2)
                                  0.250000    0.412939   clock uncertainty
                                  0.000000    0.412939   clock reconvergence pessimism
                                  0.464234    0.877173   library removal time
                                              0.877173   data required time
---------------------------------------------------------------------------------------------
                                              0.877173   data required time
                                             -4.264541   data arrival time
---------------------------------------------------------------------------------------------
                                              3.387368   slack (MET)


Startpoint: res_n (input port clocked by clk)
Endpoint: _0795_ (removal check against rising-edge clock clk)
Path Group: asynchronous
Path Type: min

Fanout         Cap        Slew       Delay        Time   Description
---------------------------------------------------------------------------------------------
                                  0.000000    0.000000   clock clk (rise edge)
                                  0.000000    0.000000   clock network delay (propagated)
                                  4.000000    4.000000 ^ input external delay
    19    0.084418    0.382573    0.264563    4.264563 ^ res_n (in)
                                                         res_n (net)
                      0.382583    0.000000    4.264563 ^ _0795_/RESET_B (sky130_fd_sc_hd__dfrtp_2)
                                              4.264563   data arrival time

                                  0.000000    0.000000   clock clk (rise edge)
                                  0.000000    0.000000   clock source latency
    19    0.051351    0.235033    0.162951    0.162951 ^ clk (in)
                                                         clk (net)
                      0.235039    0.000000    0.162951 ^ _0795_/CLK (sky130_fd_sc_hd__dfrtp_2)
                                  0.250000    0.412951   clock uncertainty
                                  0.000000    0.412951   clock reconvergence pessimism
                                  0.464234    0.877185   library removal time
                                              0.877185   data required time
---------------------------------------------------------------------------------------------
                                              0.877185   data required time
                                             -4.264563   data arrival time
---------------------------------------------------------------------------------------------
                                              3.387378   slack (MET)


Startpoint: res_n (input port clocked by clk)
Endpoint: _1104_ (removal check against rising-edge clock clk)
Path Group: asynchronous
Path Type: min

Fanout         Cap        Slew       Delay        Time   Description
---------------------------------------------------------------------------------------------
                                  0.000000    0.000000   clock clk (rise edge)
                                  0.000000    0.000000   clock network delay (propagated)
                                  4.000000    4.000000 ^ input external delay
    19    0.084418    0.382573    0.264574    4.264574 ^ res_n (in)
                                                         res_n (net)
                      0.382583    0.000000    4.264574 ^ _1104_/RESET_B (sky130_fd_sc_hd__dfrtp_2)
                                              4.264574   data arrival time

                                  0.000000    0.000000   clock clk (rise edge)
                                  0.000000    0.000000   clock source latency
    19    0.051351    0.235033    0.162958    0.162958 ^ clk (in)
                                                         clk (net)
                      0.235039    0.000000    0.162958 ^ _1104_/CLK (sky130_fd_sc_hd__dfrtp_2)
                                  0.250000    0.412958   clock uncertainty
                                  0.000000    0.412958   clock reconvergence pessimism
                                  0.464234    0.877192   library removal time
                                              0.877192   data required time
---------------------------------------------------------------------------------------------
                                              0.877192   data required time
                                             -4.264574   data arrival time
---------------------------------------------------------------------------------------------
                                              3.387382   slack (MET)


Startpoint: res_n (input port clocked by clk)
Endpoint: _1103_ (removal check against rising-edge clock clk)
Path Group: asynchronous
Path Type: min

Fanout         Cap        Slew       Delay        Time   Description
---------------------------------------------------------------------------------------------
                                  0.000000    0.000000   clock clk (rise edge)
                                  0.000000    0.000000   clock network delay (propagated)
                                  4.000000    4.000000 ^ input external delay
    19    0.084418    0.382573    0.264583    4.264583 ^ res_n (in)
                                                         res_n (net)
                      0.382583    0.000000    4.264583 ^ _1103_/RESET_B (sky130_fd_sc_hd__dfrtp_2)
                                              4.264583   data arrival time

                                  0.000000    0.000000   clock clk (rise edge)
                                  0.000000    0.000000   clock source latency
    19    0.051351    0.235033    0.162963    0.162963 ^ clk (in)
                                                         clk (net)
                      0.235039    0.000000    0.162963 ^ _1103_/CLK (sky130_fd_sc_hd__dfrtp_2)
                                  0.250000    0.412963   clock uncertainty
                                  0.000000    0.412963   clock reconvergence pessimism
                                  0.464234    0.877197   library removal time
                                              0.877197   data required time
---------------------------------------------------------------------------------------------
                                              0.877197   data required time
                                             -4.264583   data arrival time
---------------------------------------------------------------------------------------------
                                              3.387386   slack (MET)


Startpoint: res_n (input port clocked by clk)
Endpoint: _0797_ (removal check against rising-edge clock clk)
Path Group: asynchronous
Path Type: min

Fanout         Cap        Slew       Delay        Time   Description
---------------------------------------------------------------------------------------------
                                  0.000000    0.000000   clock clk (rise edge)
                                  0.000000    0.000000   clock network delay (propagated)
                                  4.000000    4.000000 ^ input external delay
    19    0.084418    0.382573    0.264646    4.264646 ^ res_n (in)
                                                         res_n (net)
                      0.382584    0.000000    4.264646 ^ _0797_/RESET_B (sky130_fd_sc_hd__dfrtp_2)
                                              4.264646   data arrival time

                                  0.000000    0.000000   clock clk (rise edge)
                                  0.000000    0.000000   clock source latency
    19    0.051351    0.235033    0.163000    0.163000 ^ clk (in)
                                                         clk (net)
                      0.235039    0.000000    0.163000 ^ _0797_/CLK (sky130_fd_sc_hd__dfrtp_2)
                                  0.250000    0.413000   clock uncertainty
                                  0.000000    0.413000   clock reconvergence pessimism
                                  0.464235    0.877234   library removal time
                                              0.877234   data required time
---------------------------------------------------------------------------------------------
                                              0.877234   data required time
                                             -4.264646   data arrival time
---------------------------------------------------------------------------------------------
                                              3.387412   slack (MET)


Startpoint: res_n (input port clocked by clk)
Endpoint: _0798_ (removal check against rising-edge clock clk)
Path Group: asynchronous
Path Type: min

Fanout         Cap        Slew       Delay        Time   Description
---------------------------------------------------------------------------------------------
                                  0.000000    0.000000   clock clk (rise edge)
                                  0.000000    0.000000   clock network delay (propagated)
                                  4.000000    4.000000 ^ input external delay
    19    0.084418    0.382573    0.264649    4.264649 ^ res_n (in)
                                                         res_n (net)
                      0.382584    0.000000    4.264649 ^ _0798_/RESET_B (sky130_fd_sc_hd__dfrtp_2)
                                              4.264649   data arrival time

                                  0.000000    0.000000   clock clk (rise edge)
                                  0.000000    0.000000   clock source latency
    19    0.051351    0.235033    0.163001    0.163001 ^ clk (in)
                                                         clk (net)
                      0.235039    0.000000    0.163001 ^ _0798_/CLK (sky130_fd_sc_hd__dfrtp_2)
                                  0.250000    0.413001   clock uncertainty
                                  0.000000    0.413001   clock reconvergence pessimism
                                  0.464235    0.877236   library removal time
                                              0.877236   data required time
---------------------------------------------------------------------------------------------
                                              0.877236   data required time
                                             -4.264649   data arrival time
---------------------------------------------------------------------------------------------
                                              3.387413   slack (MET)


Startpoint: res_n (input port clocked by clk)
Endpoint: _0796_ (removal check against rising-edge clock clk)
Path Group: asynchronous
Path Type: min

Fanout         Cap        Slew       Delay        Time   Description
---------------------------------------------------------------------------------------------
                                  0.000000    0.000000   clock clk (rise edge)
                                  0.000000    0.000000   clock network delay (propagated)
                                  4.000000    4.000000 ^ input external delay
    19    0.084418    0.382573    0.264668    4.264668 ^ res_n (in)
                                                         res_n (net)
                      0.382585    0.000000    4.264668 ^ _0796_/RESET_B (sky130_fd_sc_hd__dfrtp_2)
                                              4.264668   data arrival time

                                  0.000000    0.000000   clock clk (rise edge)
                                  0.000000    0.000000   clock source latency
    19    0.051351    0.235033    0.163012    0.163012 ^ clk (in)
                                                         clk (net)
                      0.235039    0.000000    0.163012 ^ _0796_/CLK (sky130_fd_sc_hd__dfrtp_2)
                                  0.250000    0.413012   clock uncertainty
                                  0.000000    0.413012   clock reconvergence pessimism
                                  0.464235    0.877247   library removal time
                                              0.877247   data required time
---------------------------------------------------------------------------------------------
                                              0.877247   data required time
                                             -4.264668   data arrival time
---------------------------------------------------------------------------------------------
                                              3.387421   slack (MET)


Startpoint: _1104_ (rising edge-triggered flip-flop clocked by clk)
Endpoint: PADDR[2] (output port clocked by clk)
Path Group: clk
Path Type: min

Fanout         Cap        Slew       Delay        Time   Description
---------------------------------------------------------------------------------------------
                                  0.000000    0.000000   clock clk (rise edge)
                                  0.000000    0.000000   clock source latency
    19    0.051351    0.235033    0.162958    0.162958 ^ clk (in)
                                                         clk (net)
                      0.235039    0.000000    0.162958 ^ _1104_/CLK (sky130_fd_sc_hd__dfrtp_2)
     3    0.006966    0.057800    0.414382    0.577340 ^ _1104_/Q (sky130_fd_sc_hd__dfrtp_2)
                                                         DADDR[2] (net)
                      0.057800    0.000011    0.577351 ^ _0458_/B (sky130_fd_sc_hd__and2_2)
     1    0.034575    0.182976    0.250061    0.827412 ^ _0458_/X (sky130_fd_sc_hd__and2_2)
                                                         PADDR[2] (net)
                      0.182976    0.000191    0.827603 ^ PADDR[2] (out)
                                              0.827603   data arrival time

                                  0.000000    0.000000   clock clk (rise edge)
                                  0.000000    0.000000   clock network delay (propagated)
                                  0.250000    0.250000   clock uncertainty
                                  0.000000    0.250000   clock reconvergence pessimism
                                 -4.000000   -3.750000   output external delay
                                             -3.750000   data required time
---------------------------------------------------------------------------------------------
                                             -3.750000   data required time
                                             -0.827603   data arrival time
---------------------------------------------------------------------------------------------
                                              4.577603   slack (MET)


Startpoint: _1103_ (rising edge-triggered flip-flop clocked by clk)
Endpoint: PADDR[1] (output port clocked by clk)
Path Group: clk
Path Type: min

Fanout         Cap        Slew       Delay        Time   Description
---------------------------------------------------------------------------------------------
                                  0.000000    0.000000   clock clk (rise edge)
                                  0.000000    0.000000   clock source latency
    19    0.051351    0.235033    0.162963    0.162963 ^ clk (in)
                                                         clk (net)
                      0.235039    0.000000    0.162963 ^ _1103_/CLK (sky130_fd_sc_hd__dfrtp_2)
     5    0.010849    0.074338    0.431093    0.594056 ^ _1103_/Q (sky130_fd_sc_hd__dfrtp_2)
                                                         DADDR[1] (net)
                      0.074338    0.000007    0.594063 ^ _0457_/B (sky130_fd_sc_hd__and2_2)
     1    0.035249    0.185782    0.257156    0.851218 ^ _0457_/X (sky130_fd_sc_hd__and2_2)
                                                         PADDR[1] (net)
                      0.185782    0.000351    0.851569 ^ PADDR[1] (out)
                                              0.851569   data arrival time

                                  0.000000    0.000000   clock clk (rise edge)
                                  0.000000    0.000000   clock network delay (propagated)
                                  0.250000    0.250000   clock uncertainty
                                  0.000000    0.250000   clock reconvergence pessimism
                                 -4.000000   -3.750000   output external delay
                                             -3.750000   data required time
---------------------------------------------------------------------------------------------
                                             -3.750000   data required time
                                             -0.851569   data arrival time
---------------------------------------------------------------------------------------------
                                              4.601570   slack (MET)


Startpoint: _1102_ (rising edge-triggered flip-flop clocked by clk)
Endpoint: PADDR[0] (output port clocked by clk)
Path Group: clk
Path Type: min

Fanout         Cap        Slew       Delay        Time   Description
---------------------------------------------------------------------------------------------
                                  0.000000    0.000000   clock clk (rise edge)
                                  0.000000    0.000000   clock source latency
    19    0.051351    0.235033    0.162939    0.162939 ^ clk (in)
                                                         clk (net)
                      0.235038    0.000000    0.162939 ^ _1102_/CLK (sky130_fd_sc_hd__dfrtp_2)
     6    0.015111    0.089618    0.447298    0.610238 ^ _1102_/Q (sky130_fd_sc_hd__dfrtp_2)
                                                         DADDR[0] (net)
                      0.089618    0.000074    0.610312 ^ _0456_/B (sky130_fd_sc_hd__and2_2)
     1    0.034292    0.181624    0.258408    0.868720 ^ _0456_/X (sky130_fd_sc_hd__and2_2)
                                                         PADDR[0] (net)
                      0.181624    0.000125    0.868845 ^ PADDR[0] (out)
                                              0.868845   data arrival time

                                  0.000000    0.000000   clock clk (rise edge)
                                  0.000000    0.000000   clock network delay (propagated)
                                  0.250000    0.250000   clock uncertainty
                                  0.000000    0.250000   clock reconvergence pessimism
                                 -4.000000   -3.750000   output external delay
                                             -3.750000   data required time
---------------------------------------------------------------------------------------------
                                             -3.750000   data required time
                                             -0.868845   data arrival time
---------------------------------------------------------------------------------------------
                                              4.618845   slack (MET)


Startpoint: _0797_ (rising edge-triggered flip-flop clocked by clk)
Endpoint: PSEL1 (output port clocked by clk)
Path Group: clk
Path Type: min

Fanout         Cap        Slew       Delay        Time   Description
---------------------------------------------------------------------------------------------
                                  0.000000    0.000000   clock clk (rise edge)
                                  0.000000    0.000000   clock source latency
    19    0.051351    0.235033    0.163000    0.163000 ^ clk (in)
                                                         clk (net)
                      0.235039    0.000000    0.163000 ^ _0797_/CLK (sky130_fd_sc_hd__dfrtp_2)
    11    0.023464    0.125835    0.475948    0.638948 ^ _0797_/Q (sky130_fd_sc_hd__dfrtp_2)
                                                         current_state[2] (net)
                      0.125835    0.000094    0.639042 ^ _0399_/B (sky130_fd_sc_hd__or3b_2)
     4    0.017102    0.105221    0.187324    0.826366 ^ _0399_/X (sky130_fd_sc_hd__or3b_2)
                                                         _0102_ (net)
                      0.105221    0.000083    0.826449 ^ _0446_/A1 (sky130_fd_sc_hd__a211oi_2)
     1    0.037514    0.094742    0.175291    1.001740 v _0446_/Y (sky130_fd_sc_hd__a211oi_2)
                                                         PSEL1 (net)
                      0.094754    0.000896    1.002635 v PSEL1 (out)
                                              1.002635   data arrival time

                                  0.000000    0.000000   clock clk (rise edge)
                                  0.000000    0.000000   clock network delay (propagated)
                                  0.250000    0.250000   clock uncertainty
                                  0.000000    0.250000   clock reconvergence pessimism
                                 -4.000000   -3.750000   output external delay
                                             -3.750000   data required time
---------------------------------------------------------------------------------------------
                                             -3.750000   data required time
                                             -1.002635   data arrival time
---------------------------------------------------------------------------------------------
                                              4.752635   slack (MET)


Startpoint: _0796_ (rising edge-triggered flip-flop clocked by clk)
Endpoint: bresp (output port clocked by clk)
Path Group: clk
Path Type: min

Fanout         Cap        Slew       Delay        Time   Description
---------------------------------------------------------------------------------------------
                                  0.000000    0.000000   clock clk (rise edge)
                                  0.000000    0.000000   clock source latency
    19    0.051351    0.235033    0.163012    0.163012 ^ clk (in)
                                                         clk (net)
                      0.235039    0.000000    0.163012 ^ _0796_/CLK (sky130_fd_sc_hd__dfrtp_2)
    14    0.034855    0.175958    0.514965    0.677977 ^ _0796_/Q (sky130_fd_sc_hd__dfrtp_2)
                                                         current_state[1] (net)
                      0.175958    0.000104    0.678081 ^ _0459_/A_N (sky130_fd_sc_hd__and3b_2)
     5    0.046934    0.127301    0.329990    1.008071 v _0459_/X (sky130_fd_sc_hd__and3b_2)
                                                         bresp (net)
                      0.127306    0.000942    1.009013 v bresp (out)
                                              1.009013   data arrival time

                                  0.000000    0.000000   clock clk (rise edge)
                                  0.000000    0.000000   clock network delay (propagated)
                                  0.250000    0.250000   clock uncertainty
                                  0.000000    0.250000   clock reconvergence pessimism
                                 -4.000000   -3.750000   output external delay
                                             -3.750000   data required time
---------------------------------------------------------------------------------------------
                                             -3.750000   data required time
                                             -1.009013   data arrival time
---------------------------------------------------------------------------------------------
                                              4.759013   slack (MET)


Startpoint: _0797_ (rising edge-triggered flip-flop clocked by clk)
Endpoint: awready (output port clocked by clk)
Path Group: clk
Path Type: min

Fanout         Cap        Slew       Delay        Time   Description
---------------------------------------------------------------------------------------------
                                  0.000000    0.000000   clock clk (rise edge)
                                  0.000000    0.000000   clock source latency
    19    0.051351    0.235033    0.163000    0.163000 ^ clk (in)
                                                         clk (net)
                      0.235039    0.000000    0.163000 ^ _0797_/CLK (sky130_fd_sc_hd__dfrtp_2)
    11    0.021865    0.083297    0.502112    0.665112 v _0797_/Q (sky130_fd_sc_hd__dfrtp_2)
                                                         current_state[2] (net)
                      0.083297    0.000055    0.665167 v _0676_/C (sky130_fd_sc_hd__and4bb_2)
     5    0.048598    0.136903    0.345959    1.011126 v _0676_/X (sky130_fd_sc_hd__and4bb_2)
                                                         awready (net)
                      0.136908    0.001030    1.012156 v awready (out)
                                              1.012156   data arrival time

                                  0.000000    0.000000   clock clk (rise edge)
                                  0.000000    0.000000   clock network delay (propagated)
                                  0.250000    0.250000   clock uncertainty
                                  0.000000    0.250000   clock reconvergence pessimism
                                 -4.000000   -3.750000   output external delay
                                             -3.750000   data required time
---------------------------------------------------------------------------------------------
                                             -3.750000   data required time
                                             -1.012156   data arrival time
---------------------------------------------------------------------------------------------
                                              4.762155   slack (MET)


Startpoint: _0796_ (rising edge-triggered flip-flop clocked by clk)
Endpoint: wready (output port clocked by clk)
Path Group: clk
Path Type: min

Fanout         Cap        Slew       Delay        Time   Description
---------------------------------------------------------------------------------------------
                                  0.000000    0.000000   clock clk (rise edge)
                                  0.000000    0.000000   clock source latency
    19    0.051351    0.235033    0.163012    0.163012 ^ clk (in)
                                                         clk (net)
                      0.235039    0.000000    0.163012 ^ _0796_/CLK (sky130_fd_sc_hd__dfrtp_2)
    14    0.034855    0.175958    0.514965    0.677977 ^ _0796_/Q (sky130_fd_sc_hd__dfrtp_2)
                                                         current_state[1] (net)
                      0.175958    0.000236    0.678213 ^ _0395_/B (sky130_fd_sc_hd__or3b_2)
     4    0.021250    0.127820    0.217228    0.895441 ^ _0395_/X (sky130_fd_sc_hd__or3b_2)
                                                         _0099_ (net)
                      0.127820    0.000115    0.895556 ^ _0396_/A (sky130_fd_sc_hd__inv_2)
     3    0.043022    0.101134    0.124967    1.020523 v _0396_/Y (sky130_fd_sc_hd__inv_2)
                                                         wready (net)
                      0.101140    0.000843    1.021366 v wready (out)
                                              1.021366   data arrival time

                                  0.000000    0.000000   clock clk (rise edge)
                                  0.000000    0.000000   clock network delay (propagated)
                                  0.250000    0.250000   clock uncertainty
                                  0.000000    0.250000   clock reconvergence pessimism
                                 -4.000000   -3.750000   output external delay
                                             -3.750000   data required time
---------------------------------------------------------------------------------------------
                                             -3.750000   data required time
                                             -1.021366   data arrival time
---------------------------------------------------------------------------------------------
                                              4.771366   slack (MET)


Startpoint: _0797_ (rising edge-triggered flip-flop clocked by clk)
Endpoint: arready (output port clocked by clk)
Path Group: clk
Path Type: min

Fanout         Cap        Slew       Delay        Time   Description
---------------------------------------------------------------------------------------------
                                  0.000000    0.000000   clock clk (rise edge)
                                  0.000000    0.000000   clock source latency
    19    0.051351    0.235033    0.163000    0.163000 ^ clk (in)
                                                         clk (net)
                      0.235039    0.000000    0.163000 ^ _0797_/CLK (sky130_fd_sc_hd__dfrtp_2)
    11    0.023464    0.125835    0.475948    0.638948 ^ _0797_/Q (sky130_fd_sc_hd__dfrtp_2)
                                                         current_state[2] (net)
                      0.125835    0.000060    0.639007 ^ _0438_/B (sky130_fd_sc_hd__or4b_2)
     6    0.023908    0.144107    0.220642    0.859650 ^ _0438_/X (sky130_fd_sc_hd__or4b_2)
                                                         _0125_ (net)
                      0.144107    0.000161    0.859811 ^ _0439_/A (sky130_fd_sc_hd__inv_2)
    17    0.091913    0.205124    0.210136    1.069947 v _0439_/Y (sky130_fd_sc_hd__inv_2)
                                                         arready (net)
                      0.205127    0.001044    1.070990 v arready (out)
                                              1.070990   data arrival time

                                  0.000000    0.000000   clock clk (rise edge)
                                  0.000000    0.000000   clock network delay (propagated)
                                  0.250000    0.250000   clock uncertainty
                                  0.000000    0.250000   clock reconvergence pessimism
                                 -4.000000   -3.750000   output external delay
                                             -3.750000   data required time
---------------------------------------------------------------------------------------------
                                             -3.750000   data required time
                                             -1.070990   data arrival time
---------------------------------------------------------------------------------------------
                                              4.820991   slack (MET)


Startpoint: _0797_ (rising edge-triggered flip-flop clocked by clk)
Endpoint: PWRITE (output port clocked by clk)
Path Group: clk
Path Type: min

Fanout         Cap        Slew       Delay        Time   Description
---------------------------------------------------------------------------------------------
                                  0.000000    0.000000   clock clk (rise edge)
                                  0.000000    0.000000   clock source latency
    19    0.051351    0.235033    0.163000    0.163000 ^ clk (in)
                                                         clk (net)
                      0.235039    0.000000    0.163000 ^ _0797_/CLK (sky130_fd_sc_hd__dfrtp_2)
    11    0.023464    0.125835    0.475948    0.638948 ^ _0797_/Q (sky130_fd_sc_hd__dfrtp_2)
                                                         current_state[2] (net)
                      0.125835    0.000094    0.639042 ^ _0399_/B (sky130_fd_sc_hd__or3b_2)
     4    0.017102    0.105221    0.187324    0.826366 ^ _0399_/X (sky130_fd_sc_hd__or3b_2)
                                                         _0102_ (net)
                      0.105221    0.000076    0.826442 ^ _0445_/A (sky130_fd_sc_hd__nand2_2)
     4    0.006809    0.047034    0.064769    0.891212 v _0445_/Y (sky130_fd_sc_hd__nand2_2)
                                                         _0131_ (net)
                      0.047034    0.000026    0.891238 v _0450_/B (sky130_fd_sc_hd__and2_2)
     1    0.034494    0.102332    0.263193    1.154431 v _0450_/X (sky130_fd_sc_hd__and2_2)
                                                         PWRITE (net)
                      0.102332    0.000172    1.154603 v PWRITE (out)
                                              1.154603   data arrival time

                                  0.000000    0.000000   clock clk (rise edge)
                                  0.000000    0.000000   clock network delay (propagated)
                                  0.250000    0.250000   clock uncertainty
                                  0.000000    0.250000   clock reconvergence pessimism
                                 -4.000000   -3.750000   output external delay
                                             -3.750000   data required time
---------------------------------------------------------------------------------------------
                                             -3.750000   data required time
                                             -1.154603   data arrival time
---------------------------------------------------------------------------------------------
                                              4.904603   slack (MET)


Startpoint: _0797_ (rising edge-triggered flip-flop clocked by clk)
Endpoint: PSEL2 (output port clocked by clk)
Path Group: clk
Path Type: min

Fanout         Cap        Slew       Delay        Time   Description
---------------------------------------------------------------------------------------------
                                  0.000000    0.000000   clock clk (rise edge)
                                  0.000000    0.000000   clock source latency
    19    0.051351    0.235033    0.163000    0.163000 ^ clk (in)
                                                         clk (net)
                      0.235039    0.000000    0.163000 ^ _0797_/CLK (sky130_fd_sc_hd__dfrtp_2)
    11    0.023464    0.125835    0.475948    0.638948 ^ _0797_/Q (sky130_fd_sc_hd__dfrtp_2)
                                                         current_state[2] (net)
                      0.125835    0.000094    0.639042 ^ _0399_/B (sky130_fd_sc_hd__or3b_2)
     4    0.017102    0.105221    0.187324    0.826366 ^ _0399_/X (sky130_fd_sc_hd__or3b_2)
                                                         _0102_ (net)
                      0.105221    0.000076    0.826442 ^ _0445_/A (sky130_fd_sc_hd__nand2_2)
     4    0.006809    0.047034    0.064769    0.891212 v _0445_/Y (sky130_fd_sc_hd__nand2_2)
                                                         _0131_ (net)
                      0.047034    0.000023    0.891234 v _0447_/B (sky130_fd_sc_hd__and3b_2)
     1    0.034224    0.104796    0.272764    1.163999 v _0447_/X (sky130_fd_sc_hd__and3b_2)
                                                         PSEL2 (net)
                      0.104796    0.000114    1.164113 v PSEL2 (out)
                                              1.164113   data arrival time

                                  0.000000    0.000000   clock clk (rise edge)
                                  0.000000    0.000000   clock network delay (propagated)
                                  0.250000    0.250000   clock uncertainty
                                  0.000000    0.250000   clock reconvergence pessimism
                                 -4.000000   -3.750000   output external delay
                                             -3.750000   data required time
---------------------------------------------------------------------------------------------
                                             -3.750000   data required time
                                             -1.164113   data arrival time
---------------------------------------------------------------------------------------------
                                              4.914113   slack (MET)


Startpoint: _0797_ (rising edge-triggered flip-flop clocked by clk)
Endpoint: PSEL4 (output port clocked by clk)
Path Group: clk
Path Type: min

Fanout         Cap        Slew       Delay        Time   Description
---------------------------------------------------------------------------------------------
                                  0.000000    0.000000   clock clk (rise edge)
                                  0.000000    0.000000   clock source latency
    19    0.051351    0.235033    0.163000    0.163000 ^ clk (in)
                                                         clk (net)
                      0.235039    0.000000    0.163000 ^ _0797_/CLK (sky130_fd_sc_hd__dfrtp_2)
    11    0.023464    0.125835    0.475948    0.638948 ^ _0797_/Q (sky130_fd_sc_hd__dfrtp_2)
                                                         current_state[2] (net)
                      0.125835    0.000094    0.639042 ^ _0399_/B (sky130_fd_sc_hd__or3b_2)
     4    0.017102    0.105221    0.187324    0.826366 ^ _0399_/X (sky130_fd_sc_hd__or3b_2)
                                                         _0102_ (net)
                      0.105221    0.000076    0.826442 ^ _0445_/A (sky130_fd_sc_hd__nand2_2)
     4    0.006809    0.047034    0.064769    0.891212 v _0445_/Y (sky130_fd_sc_hd__nand2_2)
                                                         _0131_ (net)
                      0.047034    0.000028    0.891239 v _0449_/C (sky130_fd_sc_hd__and3_2)
     1    0.034595    0.105322    0.286897    1.178136 v _0449_/X (sky130_fd_sc_hd__and3_2)
                                                         PSEL4 (net)
                      0.105322    0.000197    1.178334 v PSEL4 (out)
                                              1.178334   data arrival time

                                  0.000000    0.000000   clock clk (rise edge)
                                  0.000000    0.000000   clock network delay (propagated)
                                  0.250000    0.250000   clock uncertainty
                                  0.000000    0.250000   clock reconvergence pessimism
                                 -4.000000   -3.750000   output external delay
                                             -3.750000   data required time
---------------------------------------------------------------------------------------------
                                             -3.750000   data required time
                                             -1.178334   data arrival time
---------------------------------------------------------------------------------------------
                                              4.928333   slack (MET)


Startpoint: _0796_ (rising edge-triggered flip-flop clocked by clk)
Endpoint: PENABLE (output port clocked by clk)
Path Group: clk
Path Type: min

Fanout         Cap        Slew       Delay        Time   Description
---------------------------------------------------------------------------------------------
                                  0.000000    0.000000   clock clk (rise edge)
                                  0.000000    0.000000   clock source latency
    19    0.051351    0.235033    0.163012    0.163012 ^ clk (in)
                                                         clk (net)
                      0.235039    0.000000    0.163012 ^ _0796_/CLK (sky130_fd_sc_hd__dfrtp_2)
    14    0.034855    0.175958    0.514965    0.677977 ^ _0796_/Q (sky130_fd_sc_hd__dfrtp_2)
                                                         current_state[1] (net)
                      0.175958    0.000131    0.678109 ^ _0441_/B (sky130_fd_sc_hd__and3b_2)
     6    0.018759    0.112773    0.268553    0.946662 ^ _0441_/X (sky130_fd_sc_hd__and3b_2)
                                                         _0127_ (net)
                      0.112773    0.000042    0.946704 ^ _0451_/B (sky130_fd_sc_hd__or2_2)
     1    0.034900    0.183197    0.234753    1.181457 ^ _0451_/X (sky130_fd_sc_hd__or2_2)
                                                         PENABLE (net)
                      0.183197    0.000220    1.181677 ^ PENABLE (out)
                                              1.181677   data arrival time

                                  0.000000    0.000000   clock clk (rise edge)
                                  0.000000    0.000000   clock network delay (propagated)
                                  0.250000    0.250000   clock uncertainty
                                  0.000000    0.250000   clock reconvergence pessimism
                                 -4.000000   -3.750000   output external delay
                                             -3.750000   data required time
---------------------------------------------------------------------------------------------
                                             -3.750000   data required time
                                             -1.181677   data arrival time
---------------------------------------------------------------------------------------------
                                              4.931677   slack (MET)


Startpoint: _0797_ (rising edge-triggered flip-flop clocked by clk)
Endpoint: PSEL3 (output port clocked by clk)
Path Group: clk
Path Type: min

Fanout         Cap        Slew       Delay        Time   Description
---------------------------------------------------------------------------------------------
                                  0.000000    0.000000   clock clk (rise edge)
                                  0.000000    0.000000   clock source latency
    19    0.051351    0.235033    0.163000    0.163000 ^ clk (in)
                                                         clk (net)
                      0.235039    0.000000    0.163000 ^ _0797_/CLK (sky130_fd_sc_hd__dfrtp_2)
    11    0.023464    0.125835    0.475948    0.638948 ^ _0797_/Q (sky130_fd_sc_hd__dfrtp_2)
                                                         current_state[2] (net)
                      0.125835    0.000094    0.639042 ^ _0399_/B (sky130_fd_sc_hd__or3b_2)
     4    0.017102    0.105221    0.187324    0.826366 ^ _0399_/X (sky130_fd_sc_hd__or3b_2)
                                                         _0102_ (net)
                      0.105221    0.000076    0.826442 ^ _0445_/A (sky130_fd_sc_hd__nand2_2)
     4    0.006809    0.047034    0.064769    0.891212 v _0445_/Y (sky130_fd_sc_hd__nand2_2)
                                                         _0131_ (net)
                      0.047034    0.000005    0.891217 v _0448_/C (sky130_fd_sc_hd__and3b_2)
     1    0.036877    0.106239    0.291995    1.183212 v _0448_/X (sky130_fd_sc_hd__and3b_2)
                                                         PSEL3 (net)
                      0.106242    0.000755    1.183967 v PSEL3 (out)
                                              1.183967   data arrival time

                                  0.000000    0.000000   clock clk (rise edge)
                                  0.000000    0.000000   clock network delay (propagated)
                                  0.250000    0.250000   clock uncertainty
                                  0.000000    0.250000   clock reconvergence pessimism
                                 -4.000000   -3.750000   output external delay
                                             -3.750000   data required time
---------------------------------------------------------------------------------------------
                                             -3.750000   data required time
                                             -1.183967   data arrival time
---------------------------------------------------------------------------------------------
                                              4.933966   slack (MET)


Startpoint: _0796_ (rising edge-triggered flip-flop clocked by clk)
Endpoint: bvalid (output port clocked by clk)
Path Group: clk
Path Type: min

Fanout         Cap        Slew       Delay        Time   Description
---------------------------------------------------------------------------------------------
                                  0.000000    0.000000   clock clk (rise edge)
                                  0.000000    0.000000   clock source latency
    19    0.051351    0.235033    0.163012    0.163012 ^ clk (in)
                                                         clk (net)
                      0.235039    0.000000    0.163012 ^ _0796_/CLK (sky130_fd_sc_hd__dfrtp_2)
    14    0.034855    0.175958    0.514965    0.677977 ^ _0796_/Q (sky130_fd_sc_hd__dfrtp_2)
                                                         current_state[1] (net)
                      0.175958    0.000104    0.678081 ^ _0459_/A_N (sky130_fd_sc_hd__and3b_2)
     5    0.046934    0.127301    0.329990    1.008071 v _0459_/X (sky130_fd_sc_hd__and3b_2)
                                                         bresp (net)
                      0.127301    0.000596    1.008667 v _1109_/A (sky130_fd_sc_hd__buf_2)
     1    0.034745    0.090430    0.218468    1.227135 v _1109_/X (sky130_fd_sc_hd__buf_2)
                                                         bvalid (net)
                      0.090430    0.000301    1.227436 v bvalid (out)
                                              1.227436   data arrival time

                                  0.000000    0.000000   clock clk (rise edge)
                                  0.000000    0.000000   clock network delay (propagated)
                                  0.250000    0.250000   clock uncertainty
                                  0.000000    0.250000   clock reconvergence pessimism
                                 -4.000000   -3.750000   output external delay
                                             -3.750000   data required time
---------------------------------------------------------------------------------------------
                                             -3.750000   data required time
                                             -1.227436   data arrival time
---------------------------------------------------------------------------------------------
                                              4.977436   slack (MET)


Startpoint: _0798_ (rising edge-triggered flip-flop clocked by clk)
Endpoint: rresp (output port clocked by clk)
Path Group: clk
Path Type: min

Fanout         Cap        Slew       Delay        Time   Description
---------------------------------------------------------------------------------------------
                                  0.000000    0.000000   clock clk (rise edge)
                                  0.000000    0.000000   clock source latency
    19    0.051351    0.235033    0.163001    0.163001 ^ clk (in)
                                                         clk (net)
                      0.235039    0.000000    0.163001 ^ _0798_/CLK (sky130_fd_sc_hd__dfrtp_2)
    12    0.032301    0.164691    0.506199    0.669200 ^ _0798_/Q (sky130_fd_sc_hd__dfrtp_2)
                                                         current_state[3] (net)
                      0.164691    0.000194    0.669395 ^ _0453_/B (sky130_fd_sc_hd__or4bb_2)
    19    0.102955    0.498288    0.483525    1.152919 ^ _0453_/X (sky130_fd_sc_hd__or4bb_2)
                                                         _0133_ (net)
                      0.498288    0.000277    1.153197 ^ _0454_/A (sky130_fd_sc_hd__inv_2)
    10    0.060148    0.203692    0.256689    1.409886 v _0454_/Y (sky130_fd_sc_hd__inv_2)
                                                         rresp (net)
                      0.203693    0.000942    1.410828 v rresp (out)
                                              1.410828   data arrival time

                                  0.000000    0.000000   clock clk (rise edge)
                                  0.000000    0.000000   clock network delay (propagated)
                                  0.250000    0.250000   clock uncertainty
                                  0.000000    0.250000   clock reconvergence pessimism
                                 -4.000000   -3.750000   output external delay
                                             -3.750000   data required time
---------------------------------------------------------------------------------------------
                                             -3.750000   data required time
                                             -1.410828   data arrival time
---------------------------------------------------------------------------------------------
                                              5.160829   slack (MET)


Startpoint: _0798_ (rising edge-triggered flip-flop clocked by clk)
Endpoint: rvalid (output port clocked by clk)
Path Group: clk
Path Type: min

Fanout         Cap        Slew       Delay        Time   Description
---------------------------------------------------------------------------------------------
                                  0.000000    0.000000   clock clk (rise edge)
                                  0.000000    0.000000   clock source latency
    19    0.051351    0.235033    0.163001    0.163001 ^ clk (in)
                                                         clk (net)
                      0.235039    0.000000    0.163001 ^ _0798_/CLK (sky130_fd_sc_hd__dfrtp_2)
    12    0.032301    0.164691    0.506199    0.669200 ^ _0798_/Q (sky130_fd_sc_hd__dfrtp_2)
                                                         current_state[3] (net)
                      0.164691    0.000194    0.669395 ^ _0453_/B (sky130_fd_sc_hd__or4bb_2)
    19    0.102955    0.498288    0.483525    1.152919 ^ _0453_/X (sky130_fd_sc_hd__or4bb_2)
                                                         _0133_ (net)
                      0.498288    0.000277    1.153197 ^ _0454_/A (sky130_fd_sc_hd__inv_2)
    10    0.060148    0.203692    0.256689    1.409886 v _0454_/Y (sky130_fd_sc_hd__inv_2)
                                                         rresp (net)
                      0.203692    0.000248    1.410135 v _1110_/A (sky130_fd_sc_hd__buf_2)
     1    0.035077    0.091799    0.252887    1.663021 v _1110_/X (sky130_fd_sc_hd__buf_2)
                                                         rvalid (net)
                      0.091799    0.000349    1.663371 v rvalid (out)
                                              1.663371   data arrival time

                                  0.000000    0.000000   clock clk (rise edge)
                                  0.000000    0.000000   clock network delay (propagated)
                                  0.250000    0.250000   clock uncertainty
                                  0.000000    0.250000   clock reconvergence pessimism
                                 -4.000000   -3.750000   output external delay
                                             -3.750000   data required time
---------------------------------------------------------------------------------------------
                                             -3.750000   data required time
                                             -1.663371   data arrival time
---------------------------------------------------------------------------------------------
                                              5.413370   slack (MET)


Startpoint: _0798_ (rising edge-triggered flip-flop clocked by clk)
Endpoint: rlast (output port clocked by clk)
Path Group: clk
Path Type: min

Fanout         Cap        Slew       Delay        Time   Description
---------------------------------------------------------------------------------------------
                                  0.000000    0.000000   clock clk (rise edge)
                                  0.000000    0.000000   clock source latency
    19    0.051351    0.235033    0.163001    0.163001 ^ clk (in)
                                                         clk (net)
                      0.235039    0.000000    0.163001 ^ _0798_/CLK (sky130_fd_sc_hd__dfrtp_2)
    12    0.032301    0.164691    0.506199    0.669200 ^ _0798_/Q (sky130_fd_sc_hd__dfrtp_2)
                                                         current_state[3] (net)
                      0.164691    0.000194    0.669395 ^ _0453_/B (sky130_fd_sc_hd__or4bb_2)
    19    0.102955    0.498288    0.483525    1.152919 ^ _0453_/X (sky130_fd_sc_hd__or4bb_2)
                                                         _0133_ (net)
                      0.498288    0.000277    1.153197 ^ _0454_/A (sky130_fd_sc_hd__inv_2)
    10    0.060148    0.203692    0.256689    1.409886 v _0454_/Y (sky130_fd_sc_hd__inv_2)
                                                         rresp (net)
                      0.203692    0.000604    1.410490 v _0455_/B (sky130_fd_sc_hd__and2_2)
     1    0.034935    0.102778    0.337506    1.747996 v _0455_/X (sky130_fd_sc_hd__and2_2)
                                                         rlast (net)
                      0.102778    0.000328    1.748324 v rlast (out)
                                              1.748324   data arrival time

                                  0.000000    0.000000   clock clk (rise edge)
                                  0.000000    0.000000   clock network delay (propagated)
                                  0.250000    0.250000   clock uncertainty
                                  0.000000    0.250000   clock reconvergence pessimism
                                 -4.000000   -3.750000   output external delay
                                             -3.750000   data required time
---------------------------------------------------------------------------------------------
                                             -3.750000   data required time
                                             -1.748324   data arrival time
---------------------------------------------------------------------------------------------
                                              5.498324   slack (MET)



