
===========================================================================
report_checks -path_delay max (Setup)
============================================================================
======================= nom_tt_025C_1v80 Corner ===================================

Startpoint: _0796_ (rising edge-triggered flip-flop clocked by clk)
Endpoint: PSEL1 (output port clocked by clk)
Path Group: clk
Path Type: max

Fanout         Cap        Slew       Delay        Time   Description
---------------------------------------------------------------------------------------------
                                  0.000000    0.000000   clock clk (rise edge)
                                  0.000000    0.000000   clock source latency
     1    0.014365    0.070643    0.048350    0.048350 ^ clk (in)
                                                         clk (net)
                      0.070660    0.000000    0.048350 ^ clkbuf_0_clk/A (sky130_fd_sc_hd__clkbuf_16)
     2    0.017858    0.040034    0.132702    0.181052 ^ clkbuf_0_clk/X (sky130_fd_sc_hd__clkbuf_16)
                                                         clknet_0_clk (net)
                      0.040044    0.000421    0.181473 ^ clkbuf_1_1__f_clk/A (sky130_fd_sc_hd__clkbuf_16)
    10    0.030453    0.051381    0.132845    0.314318 ^ clkbuf_1_1__f_clk/X (sky130_fd_sc_hd__clkbuf_16)
                                                         clknet_1_1__leaf_clk (net)
                      0.051384    0.000718    0.315037 ^ _0796_/CLK (sky130_fd_sc_hd__dfrtp_1)
     5    0.015152    0.092919    0.414751    0.729787 v _0796_/Q (sky130_fd_sc_hd__dfrtp_1)
                                                         current_state[1] (net)
                      0.092920    0.000472    0.730260 v fanout245/A (sky130_fd_sc_hd__buf_6)
     5    0.015838    0.030161    0.143336    0.873595 v fanout245/X (sky130_fd_sc_hd__buf_6)
                                                         net245 (net)
                      0.030163    0.000310    0.873906 v _0438_/B (sky130_fd_sc_hd__or4b_4)
     3    0.024775    0.118936    0.563966    1.437872 v _0438_/X (sky130_fd_sc_hd__or4b_4)
                                                         _0125_ (net)
                      0.118936    0.000973    1.438844 v _0439_/A (sky130_fd_sc_hd__inv_8)
     8    0.031046    0.062429    0.100837    1.539681 ^ _0439_/Y (sky130_fd_sc_hd__inv_8)
                                                         net88 (net)
                      0.062443    0.000853    1.540534 ^ fanout182/A (sky130_fd_sc_hd__buf_8)
     6    0.029229    0.058145    0.115836    1.656370 ^ fanout182/X (sky130_fd_sc_hd__buf_8)
                                                         net182 (net)
                      0.058179    0.001294    1.657664 ^ _0443_/A (sky130_fd_sc_hd__nor2_4)
     6    0.029727    0.060391    0.061294    1.718957 v _0443_/Y (sky130_fd_sc_hd__nor2_4)
                                                         _0129_ (net)
                      0.060401    0.000754    1.719711 v _0446_/A1 (sky130_fd_sc_hd__a211oi_2)
     1    0.007883    0.216746    0.230498    1.950209 ^ _0446_/Y (sky130_fd_sc_hd__a211oi_2)
                                                         net67 (net)
                      0.216746    0.000393    1.950602 ^ output67/A (sky130_fd_sc_hd__buf_6)
     1    0.036176    0.081572    0.173465    2.124067 ^ output67/X (sky130_fd_sc_hd__buf_6)
                                                         PSEL1 (net)
                      0.081599    0.001404    2.125471 ^ PSEL1 (out)
                                              2.125471   data arrival time

                                  5.000000    5.000000   clock clk (rise edge)
                                  0.000000    5.000000   clock network delay (propagated)
                                 -0.250000    4.750000   clock uncertainty
                                  0.000000    4.750000   clock reconvergence pessimism
                                 -1.000000    3.750000   output external delay
                                              3.750000   data required time
---------------------------------------------------------------------------------------------
                                              3.750000   data required time
                                             -2.125471   data arrival time
---------------------------------------------------------------------------------------------
                                              1.624529   slack (MET)


Startpoint: _0796_ (rising edge-triggered flip-flop clocked by clk)
Endpoint: PSEL3 (output port clocked by clk)
Path Group: clk
Path Type: max

Fanout         Cap        Slew       Delay        Time   Description
---------------------------------------------------------------------------------------------
                                  0.000000    0.000000   clock clk (rise edge)
                                  0.000000    0.000000   clock source latency
     1    0.014365    0.070643    0.048350    0.048350 ^ clk (in)
                                                         clk (net)
                      0.070660    0.000000    0.048350 ^ clkbuf_0_clk/A (sky130_fd_sc_hd__clkbuf_16)
     2    0.017858    0.040034    0.132702    0.181052 ^ clkbuf_0_clk/X (sky130_fd_sc_hd__clkbuf_16)
                                                         clknet_0_clk (net)
                      0.040044    0.000421    0.181473 ^ clkbuf_1_1__f_clk/A (sky130_fd_sc_hd__clkbuf_16)
    10    0.030453    0.051381    0.132845    0.314318 ^ clkbuf_1_1__f_clk/X (sky130_fd_sc_hd__clkbuf_16)
                                                         clknet_1_1__leaf_clk (net)
                      0.051384    0.000718    0.315037 ^ _0796_/CLK (sky130_fd_sc_hd__dfrtp_1)
     5    0.015152    0.092919    0.414751    0.729787 v _0796_/Q (sky130_fd_sc_hd__dfrtp_1)
                                                         current_state[1] (net)
                      0.092920    0.000472    0.730260 v fanout245/A (sky130_fd_sc_hd__buf_6)
     5    0.015838    0.030161    0.143336    0.873595 v fanout245/X (sky130_fd_sc_hd__buf_6)
                                                         net245 (net)
                      0.030163    0.000310    0.873906 v _0438_/B (sky130_fd_sc_hd__or4b_4)
     3    0.024775    0.118936    0.563966    1.437872 v _0438_/X (sky130_fd_sc_hd__or4b_4)
                                                         _0125_ (net)
                      0.118936    0.000973    1.438844 v _0439_/A (sky130_fd_sc_hd__inv_8)
     8    0.031046    0.062429    0.100837    1.539681 ^ _0439_/Y (sky130_fd_sc_hd__inv_8)
                                                         net88 (net)
                      0.062443    0.000853    1.540534 ^ fanout182/A (sky130_fd_sc_hd__buf_8)
     6    0.029229    0.058145    0.115836    1.656370 ^ fanout182/X (sky130_fd_sc_hd__buf_8)
                                                         net182 (net)
                      0.058179    0.001294    1.657664 ^ _0443_/A (sky130_fd_sc_hd__nor2_4)
     6    0.029727    0.060391    0.061294    1.718957 v _0443_/Y (sky130_fd_sc_hd__nor2_4)
                                                         _0129_ (net)
                      0.060398    0.000663    1.719620 v _0445_/B (sky130_fd_sc_hd__nand2_4)
     4    0.009936    0.058010    0.075959    1.795579 ^ _0445_/Y (sky130_fd_sc_hd__nand2_4)
                                                         _0131_ (net)
                      0.058010    0.000126    1.795705 ^ _0448_/B (sky130_fd_sc_hd__and3b_1)
     1    0.007026    0.086105    0.178976    1.974682 ^ _0448_/X (sky130_fd_sc_hd__and3b_1)
                                                         net69 (net)
                      0.086105    0.000312    1.974993 ^ output69/A (sky130_fd_sc_hd__buf_6)
     1    0.035505    0.079056    0.140436    2.115430 ^ output69/X (sky130_fd_sc_hd__buf_6)
                                                         PSEL3 (net)
                      0.079075    0.001208    2.116638 ^ PSEL3 (out)
                                              2.116638   data arrival time

                                  5.000000    5.000000   clock clk (rise edge)
                                  0.000000    5.000000   clock network delay (propagated)
                                 -0.250000    4.750000   clock uncertainty
                                  0.000000    4.750000   clock reconvergence pessimism
                                 -1.000000    3.750000   output external delay
                                              3.750000   data required time
---------------------------------------------------------------------------------------------
                                              3.750000   data required time
                                             -2.116638   data arrival time
---------------------------------------------------------------------------------------------
                                              1.633362   slack (MET)


Startpoint: _0796_ (rising edge-triggered flip-flop clocked by clk)
Endpoint: PSEL4 (output port clocked by clk)
Path Group: clk
Path Type: max

Fanout         Cap        Slew       Delay        Time   Description
---------------------------------------------------------------------------------------------
                                  0.000000    0.000000   clock clk (rise edge)
                                  0.000000    0.000000   clock source latency
     1    0.014365    0.070643    0.048350    0.048350 ^ clk (in)
                                                         clk (net)
                      0.070660    0.000000    0.048350 ^ clkbuf_0_clk/A (sky130_fd_sc_hd__clkbuf_16)
     2    0.017858    0.040034    0.132702    0.181052 ^ clkbuf_0_clk/X (sky130_fd_sc_hd__clkbuf_16)
                                                         clknet_0_clk (net)
                      0.040044    0.000421    0.181473 ^ clkbuf_1_1__f_clk/A (sky130_fd_sc_hd__clkbuf_16)
    10    0.030453    0.051381    0.132845    0.314318 ^ clkbuf_1_1__f_clk/X (sky130_fd_sc_hd__clkbuf_16)
                                                         clknet_1_1__leaf_clk (net)
                      0.051384    0.000718    0.315037 ^ _0796_/CLK (sky130_fd_sc_hd__dfrtp_1)
     5    0.015152    0.092919    0.414751    0.729787 v _0796_/Q (sky130_fd_sc_hd__dfrtp_1)
                                                         current_state[1] (net)
                      0.092920    0.000472    0.730260 v fanout245/A (sky130_fd_sc_hd__buf_6)
     5    0.015838    0.030161    0.143336    0.873595 v fanout245/X (sky130_fd_sc_hd__buf_6)
                                                         net245 (net)
                      0.030163    0.000310    0.873906 v _0438_/B (sky130_fd_sc_hd__or4b_4)
     3    0.024775    0.118936    0.563966    1.437872 v _0438_/X (sky130_fd_sc_hd__or4b_4)
                                                         _0125_ (net)
                      0.118936    0.000973    1.438844 v _0439_/A (sky130_fd_sc_hd__inv_8)
     8    0.031046    0.062429    0.100837    1.539681 ^ _0439_/Y (sky130_fd_sc_hd__inv_8)
                                                         net88 (net)
                      0.062443    0.000853    1.540534 ^ fanout182/A (sky130_fd_sc_hd__buf_8)
     6    0.029229    0.058145    0.115836    1.656370 ^ fanout182/X (sky130_fd_sc_hd__buf_8)
                                                         net182 (net)
                      0.058179    0.001294    1.657664 ^ _0443_/A (sky130_fd_sc_hd__nor2_4)
     6    0.029727    0.060391    0.061294    1.718957 v _0443_/Y (sky130_fd_sc_hd__nor2_4)
                                                         _0129_ (net)
                      0.060398    0.000663    1.719620 v _0445_/B (sky130_fd_sc_hd__nand2_4)
     4    0.009936    0.058010    0.075959    1.795579 ^ _0445_/Y (sky130_fd_sc_hd__nand2_4)
                                                         _0131_ (net)
                      0.058010    0.000228    1.795807 ^ _0449_/A (sky130_fd_sc_hd__and3_1)
     1    0.007266    0.087834    0.171449    1.967257 ^ _0449_/X (sky130_fd_sc_hd__and3_1)
                                                         net70 (net)
                      0.087834    0.000328    1.967585 ^ output70/A (sky130_fd_sc_hd__buf_6)
     1    0.034667    0.077527    0.140067    2.107652 ^ output70/X (sky130_fd_sc_hd__buf_6)
                                                         PSEL4 (net)
                      0.077536    0.000874    2.108525 ^ PSEL4 (out)
                                              2.108525   data arrival time

                                  5.000000    5.000000   clock clk (rise edge)
                                  0.000000    5.000000   clock network delay (propagated)
                                 -0.250000    4.750000   clock uncertainty
                                  0.000000    4.750000   clock reconvergence pessimism
                                 -1.000000    3.750000   output external delay
                                              3.750000   data required time
---------------------------------------------------------------------------------------------
                                              3.750000   data required time
                                             -2.108525   data arrival time
---------------------------------------------------------------------------------------------
                                              1.641475   slack (MET)


Startpoint: _0796_ (rising edge-triggered flip-flop clocked by clk)
Endpoint: PSEL2 (output port clocked by clk)
Path Group: clk
Path Type: max

Fanout         Cap        Slew       Delay        Time   Description
---------------------------------------------------------------------------------------------
                                  0.000000    0.000000   clock clk (rise edge)
                                  0.000000    0.000000   clock source latency
     1    0.014365    0.070643    0.048350    0.048350 ^ clk (in)
                                                         clk (net)
                      0.070660    0.000000    0.048350 ^ clkbuf_0_clk/A (sky130_fd_sc_hd__clkbuf_16)
     2    0.017858    0.040034    0.132702    0.181052 ^ clkbuf_0_clk/X (sky130_fd_sc_hd__clkbuf_16)
                                                         clknet_0_clk (net)
                      0.040044    0.000421    0.181473 ^ clkbuf_1_1__f_clk/A (sky130_fd_sc_hd__clkbuf_16)
    10    0.030453    0.051381    0.132845    0.314318 ^ clkbuf_1_1__f_clk/X (sky130_fd_sc_hd__clkbuf_16)
                                                         clknet_1_1__leaf_clk (net)
                      0.051384    0.000718    0.315037 ^ _0796_/CLK (sky130_fd_sc_hd__dfrtp_1)
     5    0.015152    0.092919    0.414751    0.729787 v _0796_/Q (sky130_fd_sc_hd__dfrtp_1)
                                                         current_state[1] (net)
                      0.092920    0.000472    0.730260 v fanout245/A (sky130_fd_sc_hd__buf_6)
     5    0.015838    0.030161    0.143336    0.873595 v fanout245/X (sky130_fd_sc_hd__buf_6)
                                                         net245 (net)
                      0.030163    0.000310    0.873906 v _0438_/B (sky130_fd_sc_hd__or4b_4)
     3    0.024775    0.118936    0.563966    1.437872 v _0438_/X (sky130_fd_sc_hd__or4b_4)
                                                         _0125_ (net)
                      0.118936    0.000973    1.438844 v _0439_/A (sky130_fd_sc_hd__inv_8)
     8    0.031046    0.062429    0.100837    1.539681 ^ _0439_/Y (sky130_fd_sc_hd__inv_8)
                                                         net88 (net)
                      0.062443    0.000853    1.540534 ^ fanout182/A (sky130_fd_sc_hd__buf_8)
     6    0.029229    0.058145    0.115836    1.656370 ^ fanout182/X (sky130_fd_sc_hd__buf_8)
                                                         net182 (net)
                      0.058179    0.001294    1.657664 ^ _0443_/A (sky130_fd_sc_hd__nor2_4)
     6    0.029727    0.060391    0.061294    1.718957 v _0443_/Y (sky130_fd_sc_hd__nor2_4)
                                                         _0129_ (net)
                      0.060398    0.000663    1.719620 v _0445_/B (sky130_fd_sc_hd__nand2_4)
     4    0.009936    0.058010    0.075959    1.795579 ^ _0445_/Y (sky130_fd_sc_hd__nand2_4)
                                                         _0131_ (net)
                      0.058010    0.000254    1.795833 ^ _0447_/B (sky130_fd_sc_hd__and3b_1)
     1    0.005409    0.071896    0.167049    1.962882 ^ _0447_/X (sky130_fd_sc_hd__and3b_1)
                                                         net68 (net)
                      0.071896    0.000126    1.963009 ^ output68/A (sky130_fd_sc_hd__buf_6)
     1    0.035547    0.079071    0.135764    2.098772 ^ output68/X (sky130_fd_sc_hd__buf_6)
                                                         PSEL2 (net)
                      0.079090    0.001208    2.099980 ^ PSEL2 (out)
                                              2.099980   data arrival time

                                  5.000000    5.000000   clock clk (rise edge)
                                  0.000000    5.000000   clock network delay (propagated)
                                 -0.250000    4.750000   clock uncertainty
                                  0.000000    4.750000   clock reconvergence pessimism
                                 -1.000000    3.750000   output external delay
                                              3.750000   data required time
---------------------------------------------------------------------------------------------
                                              3.750000   data required time
                                             -2.099980   data arrival time
---------------------------------------------------------------------------------------------
                                              1.650020   slack (MET)


Startpoint: _0795_ (rising edge-triggered flip-flop clocked by clk)
Endpoint: PENABLE (output port clocked by clk)
Path Group: clk
Path Type: max

Fanout         Cap        Slew       Delay        Time   Description
---------------------------------------------------------------------------------------------
                                  0.000000    0.000000   clock clk (rise edge)
                                  0.000000    0.000000   clock source latency
     1    0.014365    0.070643    0.048350    0.048350 ^ clk (in)
                                                         clk (net)
                      0.070660    0.000000    0.048350 ^ clkbuf_0_clk/A (sky130_fd_sc_hd__clkbuf_16)
     2    0.017858    0.040034    0.132702    0.181052 ^ clkbuf_0_clk/X (sky130_fd_sc_hd__clkbuf_16)
                                                         clknet_0_clk (net)
                      0.040044    0.000414    0.181466 ^ clkbuf_1_0__f_clk/A (sky130_fd_sc_hd__clkbuf_16)
    10    0.028045    0.049309    0.131013    0.312478 ^ clkbuf_1_0__f_clk/X (sky130_fd_sc_hd__clkbuf_16)
                                                         clknet_1_0__leaf_clk (net)
                      0.049317    0.001161    0.313639 ^ _0795_/CLK (sky130_fd_sc_hd__dfrtp_1)
     2    0.007860    0.062866    0.382566    0.696206 v _0795_/Q (sky130_fd_sc_hd__dfrtp_1)
                                                         current_state[0] (net)
                      0.062866    0.000291    0.696497 v fanout246/A (sky130_fd_sc_hd__clkbuf_2)
    10    0.026373    0.104461    0.174492    0.870989 v fanout246/X (sky130_fd_sc_hd__clkbuf_2)
                                                         net246 (net)
                      0.104463    0.000527    0.871516 v _0399_/A (sky130_fd_sc_hd__or3b_1)
     4    0.019534    0.149899    0.491011    1.362526 v _0399_/X (sky130_fd_sc_hd__or3b_1)
                                                         _0102_ (net)
                      0.149899    0.000292    1.362819 v _0400_/B (sky130_fd_sc_hd__nor2_1)
     1    0.004565    0.111912    0.143060    1.505879 ^ _0400_/Y (sky130_fd_sc_hd__nor2_1)
                                                         _0103_ (net)
                      0.111912    0.000177    1.506056 ^ fanout185/A (sky130_fd_sc_hd__clkbuf_4)
     9    0.046750    0.147609    0.234856    1.740912 ^ fanout185/X (sky130_fd_sc_hd__clkbuf_4)
                                                         net185 (net)
                      0.147616    0.001193    1.742105 ^ _0451_/A (sky130_fd_sc_hd__or2_1)
     1    0.002871    0.041333    0.122139    1.864243 ^ _0451_/X (sky130_fd_sc_hd__or2_1)
                                                         net66 (net)
                      0.041333    0.000070    1.864313 ^ output66/A (sky130_fd_sc_hd__buf_2)
     1    0.034310    0.170400    0.196478    2.060791 ^ output66/X (sky130_fd_sc_hd__buf_2)
                                                         PENABLE (net)
                      0.170456    0.000979    2.061770 ^ PENABLE (out)
                                              2.061770   data arrival time

                                  5.000000    5.000000   clock clk (rise edge)
                                  0.000000    5.000000   clock network delay (propagated)
                                 -0.250000    4.750000   clock uncertainty
                                  0.000000    4.750000   clock reconvergence pessimism
                                 -1.000000    3.750000   output external delay
                                              3.750000   data required time
---------------------------------------------------------------------------------------------
                                              3.750000   data required time
                                             -2.061770   data arrival time
---------------------------------------------------------------------------------------------
                                              1.688230   slack (MET)


Startpoint: _0796_ (rising edge-triggered flip-flop clocked by clk)
Endpoint: PWRITE (output port clocked by clk)
Path Group: clk
Path Type: max

Fanout         Cap        Slew       Delay        Time   Description
---------------------------------------------------------------------------------------------
                                  0.000000    0.000000   clock clk (rise edge)
                                  0.000000    0.000000   clock source latency
     1    0.014365    0.070643    0.048350    0.048350 ^ clk (in)
                                                         clk (net)
                      0.070660    0.000000    0.048350 ^ clkbuf_0_clk/A (sky130_fd_sc_hd__clkbuf_16)
     2    0.017858    0.040034    0.132702    0.181052 ^ clkbuf_0_clk/X (sky130_fd_sc_hd__clkbuf_16)
                                                         clknet_0_clk (net)
                      0.040044    0.000421    0.181473 ^ clkbuf_1_1__f_clk/A (sky130_fd_sc_hd__clkbuf_16)
    10    0.030453    0.051381    0.132845    0.314318 ^ clkbuf_1_1__f_clk/X (sky130_fd_sc_hd__clkbuf_16)
                                                         clknet_1_1__leaf_clk (net)
                      0.051384    0.000718    0.315037 ^ _0796_/CLK (sky130_fd_sc_hd__dfrtp_1)
     5    0.015152    0.092919    0.414751    0.729787 v _0796_/Q (sky130_fd_sc_hd__dfrtp_1)
                                                         current_state[1] (net)
                      0.092920    0.000472    0.730260 v fanout245/A (sky130_fd_sc_hd__buf_6)
     5    0.015838    0.030161    0.143336    0.873595 v fanout245/X (sky130_fd_sc_hd__buf_6)
                                                         net245 (net)
                      0.030163    0.000310    0.873906 v _0438_/B (sky130_fd_sc_hd__or4b_4)
     3    0.024775    0.118936    0.563966    1.437872 v _0438_/X (sky130_fd_sc_hd__or4b_4)
                                                         _0125_ (net)
                      0.118936    0.000973    1.438844 v _0439_/A (sky130_fd_sc_hd__inv_8)
     8    0.031046    0.062429    0.100837    1.539681 ^ _0439_/Y (sky130_fd_sc_hd__inv_8)
                                                         net88 (net)
                      0.062443    0.000853    1.540534 ^ fanout182/A (sky130_fd_sc_hd__buf_8)
     6    0.029229    0.058145    0.115836    1.656370 ^ fanout182/X (sky130_fd_sc_hd__buf_8)
                                                         net182 (net)
                      0.058179    0.001294    1.657664 ^ _0443_/A (sky130_fd_sc_hd__nor2_4)
     6    0.029727    0.060391    0.061294    1.718957 v _0443_/Y (sky130_fd_sc_hd__nor2_4)
                                                         _0129_ (net)
                      0.060398    0.000663    1.719620 v _0445_/B (sky130_fd_sc_hd__nand2_4)
     4    0.009936    0.058010    0.075959    1.795579 ^ _0445_/Y (sky130_fd_sc_hd__nand2_4)
                                                         _0131_ (net)
                      0.058010    0.000275    1.795854 ^ _0450_/A (sky130_fd_sc_hd__and2_4)
     1    0.009926    0.048874    0.143776    1.939629 ^ _0450_/X (sky130_fd_sc_hd__and2_4)
                                                         net87 (net)
                      0.048878    0.000477    1.940107 ^ output87/A (sky130_fd_sc_hd__buf_8)
     1    0.034119    0.065376    0.116728    2.056835 ^ output87/X (sky130_fd_sc_hd__buf_8)
                                                         PWRITE (net)
                      0.065389    0.000918    2.057753 ^ PWRITE (out)
                                              2.057753   data arrival time

                                  5.000000    5.000000   clock clk (rise edge)
                                  0.000000    5.000000   clock network delay (propagated)
                                 -0.250000    4.750000   clock uncertainty
                                  0.000000    4.750000   clock reconvergence pessimism
                                 -1.000000    3.750000   output external delay
                                              3.750000   data required time
---------------------------------------------------------------------------------------------
                                              3.750000   data required time
                                             -2.057753   data arrival time
---------------------------------------------------------------------------------------------
                                              1.692247   slack (MET)


Startpoint: _0796_ (rising edge-triggered flip-flop clocked by clk)
Endpoint: rlast (output port clocked by clk)
Path Group: clk
Path Type: max

Fanout         Cap        Slew       Delay        Time   Description
---------------------------------------------------------------------------------------------
                                  0.000000    0.000000   clock clk (rise edge)
                                  0.000000    0.000000   clock source latency
     1    0.014365    0.070643    0.048350    0.048350 ^ clk (in)
                                                         clk (net)
                      0.070660    0.000000    0.048350 ^ clkbuf_0_clk/A (sky130_fd_sc_hd__clkbuf_16)
     2    0.017858    0.040034    0.132702    0.181052 ^ clkbuf_0_clk/X (sky130_fd_sc_hd__clkbuf_16)
                                                         clknet_0_clk (net)
                      0.040044    0.000421    0.181473 ^ clkbuf_1_1__f_clk/A (sky130_fd_sc_hd__clkbuf_16)
    10    0.030453    0.051381    0.132845    0.314318 ^ clkbuf_1_1__f_clk/X (sky130_fd_sc_hd__clkbuf_16)
                                                         clknet_1_1__leaf_clk (net)
                      0.051384    0.000718    0.315037 ^ _0796_/CLK (sky130_fd_sc_hd__dfrtp_1)
     5    0.015152    0.092919    0.414751    0.729787 v _0796_/Q (sky130_fd_sc_hd__dfrtp_1)
                                                         current_state[1] (net)
                      0.092920    0.000472    0.730260 v fanout245/A (sky130_fd_sc_hd__buf_6)
     5    0.015838    0.030161    0.143336    0.873595 v fanout245/X (sky130_fd_sc_hd__buf_6)
                                                         net245 (net)
                      0.030162    0.000267    0.873862 v _0453_/B (sky130_fd_sc_hd__or4bb_4)
     2    0.013463    0.101193    0.536299    1.410161 v _0453_/X (sky130_fd_sc_hd__or4bb_4)
                                                         _0133_ (net)
                      0.101193    0.000491    1.410653 v fanout189/A (sky130_fd_sc_hd__buf_12)
     6    0.050255    0.042052    0.167324    1.577977 v fanout189/X (sky130_fd_sc_hd__buf_12)
                                                         net189 (net)
                      0.042175    0.002409    1.580386 v _0454_/A (sky130_fd_sc_hd__inv_12)
     5    0.023868    0.036303    0.054555    1.634942 ^ _0454_/Y (sky130_fd_sc_hd__inv_12)
                                                         net109 (net)
                      0.036349    0.000772    1.635714 ^ _0455_/B (sky130_fd_sc_hd__and2_1)
     1    0.003527    0.052153    0.117501    1.753214 ^ _0455_/X (sky130_fd_sc_hd__and2_1)
                                                         net108 (net)
                      0.052153    0.000120    1.753335 ^ output108/A (sky130_fd_sc_hd__buf_2)
     1    0.034468    0.171100    0.201227    1.954561 ^ output108/X (sky130_fd_sc_hd__buf_2)
                                                         rlast (net)
                      0.171102    0.000868    1.955429 ^ rlast (out)
                                              1.955429   data arrival time

                                  5.000000    5.000000   clock clk (rise edge)
                                  0.000000    5.000000   clock network delay (propagated)
                                 -0.250000    4.750000   clock uncertainty
                                  0.000000    4.750000   clock reconvergence pessimism
                                 -1.000000    3.750000   output external delay
                                              3.750000   data required time
---------------------------------------------------------------------------------------------
                                              3.750000   data required time
                                             -1.955429   data arrival time
---------------------------------------------------------------------------------------------
                                              1.794571   slack (MET)


Startpoint: _0796_ (rising edge-triggered flip-flop clocked by clk)
Endpoint: rvalid (output port clocked by clk)
Path Group: clk
Path Type: max

Fanout         Cap        Slew       Delay        Time   Description
---------------------------------------------------------------------------------------------
                                  0.000000    0.000000   clock clk (rise edge)
                                  0.000000    0.000000   clock source latency
     1    0.014365    0.070643    0.048350    0.048350 ^ clk (in)
                                                         clk (net)
                      0.070660    0.000000    0.048350 ^ clkbuf_0_clk/A (sky130_fd_sc_hd__clkbuf_16)
     2    0.017858    0.040034    0.132702    0.181052 ^ clkbuf_0_clk/X (sky130_fd_sc_hd__clkbuf_16)
                                                         clknet_0_clk (net)
                      0.040044    0.000421    0.181473 ^ clkbuf_1_1__f_clk/A (sky130_fd_sc_hd__clkbuf_16)
    10    0.030453    0.051381    0.132845    0.314318 ^ clkbuf_1_1__f_clk/X (sky130_fd_sc_hd__clkbuf_16)
                                                         clknet_1_1__leaf_clk (net)
                      0.051384    0.000718    0.315037 ^ _0796_/CLK (sky130_fd_sc_hd__dfrtp_1)
     5    0.015152    0.092919    0.414751    0.729787 v _0796_/Q (sky130_fd_sc_hd__dfrtp_1)
                                                         current_state[1] (net)
                      0.092920    0.000472    0.730260 v fanout245/A (sky130_fd_sc_hd__buf_6)
     5    0.015838    0.030161    0.143336    0.873595 v fanout245/X (sky130_fd_sc_hd__buf_6)
                                                         net245 (net)
                      0.030162    0.000267    0.873862 v _0453_/B (sky130_fd_sc_hd__or4bb_4)
     2    0.013463    0.101193    0.536299    1.410161 v _0453_/X (sky130_fd_sc_hd__or4bb_4)
                                                         _0133_ (net)
                      0.101193    0.000491    1.410653 v fanout189/A (sky130_fd_sc_hd__buf_12)
     6    0.050255    0.042052    0.167324    1.577977 v fanout189/X (sky130_fd_sc_hd__buf_12)
                                                         net189 (net)
                      0.042175    0.002409    1.580386 v _0454_/A (sky130_fd_sc_hd__inv_12)
     5    0.023868    0.036303    0.054555    1.634942 ^ _0454_/Y (sky130_fd_sc_hd__inv_12)
                                                         net109 (net)
                      0.036356    0.000868    1.635809 ^ _1110_/A (sky130_fd_sc_hd__clkbuf_1)
     1    0.003566    0.052400    0.083721    1.719531 ^ _1110_/X (sky130_fd_sc_hd__clkbuf_1)
                                                         net110 (net)
                      0.052400    0.000128    1.719658 ^ output110/A (sky130_fd_sc_hd__buf_2)
     1    0.034320    0.170403    0.200873    1.920532 ^ output110/X (sky130_fd_sc_hd__buf_2)
                                                         rvalid (net)
                      0.170405    0.000807    1.921339 ^ rvalid (out)
                                              1.921339   data arrival time

                                  5.000000    5.000000   clock clk (rise edge)
                                  0.000000    5.000000   clock network delay (propagated)
                                 -0.250000    4.750000   clock uncertainty
                                  0.000000    4.750000   clock reconvergence pessimism
                                 -1.000000    3.750000   output external delay
                                              3.750000   data required time
---------------------------------------------------------------------------------------------
                                              3.750000   data required time
                                             -1.921339   data arrival time
---------------------------------------------------------------------------------------------
                                              1.828661   slack (MET)


Startpoint: _0796_ (rising edge-triggered flip-flop clocked by clk)
Endpoint: awready (output port clocked by clk)
Path Group: clk
Path Type: max

Fanout         Cap        Slew       Delay        Time   Description
---------------------------------------------------------------------------------------------
                                  0.000000    0.000000   clock clk (rise edge)
                                  0.000000    0.000000   clock source latency
     1    0.014365    0.070643    0.048350    0.048350 ^ clk (in)
                                                         clk (net)
                      0.070660    0.000000    0.048350 ^ clkbuf_0_clk/A (sky130_fd_sc_hd__clkbuf_16)
     2    0.017858    0.040034    0.132702    0.181052 ^ clkbuf_0_clk/X (sky130_fd_sc_hd__clkbuf_16)
                                                         clknet_0_clk (net)
                      0.040044    0.000421    0.181473 ^ clkbuf_1_1__f_clk/A (sky130_fd_sc_hd__clkbuf_16)
    10    0.030453    0.051381    0.132845    0.314318 ^ clkbuf_1_1__f_clk/X (sky130_fd_sc_hd__clkbuf_16)
                                                         clknet_1_1__leaf_clk (net)
                      0.051384    0.000718    0.315037 ^ _0796_/CLK (sky130_fd_sc_hd__dfrtp_1)
     5    0.015152    0.092919    0.414751    0.729787 v _0796_/Q (sky130_fd_sc_hd__dfrtp_1)
                                                         current_state[1] (net)
                      0.092919    0.000226    0.730014 v rebuffer8/A (sky130_fd_sc_hd__dlymetal6s2s_1)
     1    0.002763    0.038020    0.154383    0.884396 v rebuffer8/X (sky130_fd_sc_hd__dlymetal6s2s_1)
                                                         net256 (net)
                      0.038020    0.000066    0.884462 v rebuffer7/A (sky130_fd_sc_hd__dlygate4sd1_1)
     1    0.003796    0.035830    0.228153    1.112615 v rebuffer7/X (sky130_fd_sc_hd__dlygate4sd1_1)
                                                         net255 (net)
                      0.035832    0.000137    1.112752 v rebuffer4/A (sky130_fd_sc_hd__dlygate4sd1_1)
     2    0.004365    0.038105    0.229810    1.342562 v rebuffer4/X (sky130_fd_sc_hd__dlygate4sd1_1)
                                                         net252 (net)
                      0.038105    0.000070    1.342632 v _0676_/C (sky130_fd_sc_hd__and4bb_1)
     4    0.017328    0.101382    0.244130    1.586761 v _0676_/X (sky130_fd_sc_hd__and4bb_1)
                                                         net89 (net)
                      0.101387    0.000794    1.587556 v rebuffer16/A (sky130_fd_sc_hd__clkbuf_2)
     2    0.008253    0.041754    0.140556    1.728111 v rebuffer16/X (sky130_fd_sc_hd__clkbuf_2)
                                                         net264 (net)
                      0.041755    0.000293    1.728404 v output89/A (sky130_fd_sc_hd__buf_4)
     1    0.034401    0.059151    0.166593    1.894997 v output89/X (sky130_fd_sc_hd__buf_4)
                                                         awready (net)
                      0.059164    0.000839    1.895836 v awready (out)
                                              1.895836   data arrival time

                                  5.000000    5.000000   clock clk (rise edge)
                                  0.000000    5.000000   clock network delay (propagated)
                                 -0.250000    4.750000   clock uncertainty
                                  0.000000    4.750000   clock reconvergence pessimism
                                 -1.000000    3.750000   output external delay
                                              3.750000   data required time
---------------------------------------------------------------------------------------------
                                              3.750000   data required time
                                             -1.895836   data arrival time
---------------------------------------------------------------------------------------------
                                              1.854164   slack (MET)


Startpoint: _0796_ (rising edge-triggered flip-flop clocked by clk)
Endpoint: rresp (output port clocked by clk)
Path Group: clk
Path Type: max

Fanout         Cap        Slew       Delay        Time   Description
---------------------------------------------------------------------------------------------
                                  0.000000    0.000000   clock clk (rise edge)
                                  0.000000    0.000000   clock source latency
     1    0.014365    0.070643    0.048350    0.048350 ^ clk (in)
                                                         clk (net)
                      0.070660    0.000000    0.048350 ^ clkbuf_0_clk/A (sky130_fd_sc_hd__clkbuf_16)
     2    0.017858    0.040034    0.132702    0.181052 ^ clkbuf_0_clk/X (sky130_fd_sc_hd__clkbuf_16)
                                                         clknet_0_clk (net)
                      0.040044    0.000421    0.181473 ^ clkbuf_1_1__f_clk/A (sky130_fd_sc_hd__clkbuf_16)
    10    0.030453    0.051381    0.132845    0.314318 ^ clkbuf_1_1__f_clk/X (sky130_fd_sc_hd__clkbuf_16)
                                                         clknet_1_1__leaf_clk (net)
                      0.051384    0.000718    0.315037 ^ _0796_/CLK (sky130_fd_sc_hd__dfrtp_1)
     5    0.015152    0.092919    0.414751    0.729787 v _0796_/Q (sky130_fd_sc_hd__dfrtp_1)
                                                         current_state[1] (net)
                      0.092920    0.000472    0.730260 v fanout245/A (sky130_fd_sc_hd__buf_6)
     5    0.015838    0.030161    0.143336    0.873595 v fanout245/X (sky130_fd_sc_hd__buf_6)
                                                         net245 (net)
                      0.030162    0.000267    0.873862 v _0453_/B (sky130_fd_sc_hd__or4bb_4)
     2    0.013463    0.101193    0.536299    1.410161 v _0453_/X (sky130_fd_sc_hd__or4bb_4)
                                                         _0133_ (net)
                      0.101193    0.000491    1.410653 v fanout189/A (sky130_fd_sc_hd__buf_12)
     6    0.050255    0.042052    0.167324    1.577977 v fanout189/X (sky130_fd_sc_hd__buf_12)
                                                         net189 (net)
                      0.042175    0.002409    1.580386 v _0454_/A (sky130_fd_sc_hd__inv_12)
     5    0.023868    0.036303    0.054555    1.634942 ^ _0454_/Y (sky130_fd_sc_hd__inv_12)
                                                         net109 (net)
                      0.036350    0.000787    1.635728 ^ output109/A (sky130_fd_sc_hd__buf_2)
     1    0.034363    0.170646    0.194852    1.830580 ^ output109/X (sky130_fd_sc_hd__buf_2)
                                                         rresp (net)
                      0.170699    0.000827    1.831406 ^ rresp (out)
                                              1.831406   data arrival time

                                  5.000000    5.000000   clock clk (rise edge)
                                  0.000000    5.000000   clock network delay (propagated)
                                 -0.250000    4.750000   clock uncertainty
                                  0.000000    4.750000   clock reconvergence pessimism
                                 -1.000000    3.750000   output external delay
                                              3.750000   data required time
---------------------------------------------------------------------------------------------
                                              3.750000   data required time
                                             -1.831406   data arrival time
---------------------------------------------------------------------------------------------
                                              1.918593   slack (MET)


Startpoint: _0798_ (rising edge-triggered flip-flop clocked by clk)
Endpoint: wready (output port clocked by clk)
Path Group: clk
Path Type: max

Fanout         Cap        Slew       Delay        Time   Description
---------------------------------------------------------------------------------------------
                                  0.000000    0.000000   clock clk (rise edge)
                                  0.000000    0.000000   clock source latency
     1    0.014365    0.070643    0.048350    0.048350 ^ clk (in)
                                                         clk (net)
                      0.070660    0.000000    0.048350 ^ clkbuf_0_clk/A (sky130_fd_sc_hd__clkbuf_16)
     2    0.017858    0.040034    0.132702    0.181052 ^ clkbuf_0_clk/X (sky130_fd_sc_hd__clkbuf_16)
                                                         clknet_0_clk (net)
                      0.040044    0.000421    0.181473 ^ clkbuf_1_1__f_clk/A (sky130_fd_sc_hd__clkbuf_16)
    10    0.030453    0.051381    0.132845    0.314318 ^ clkbuf_1_1__f_clk/X (sky130_fd_sc_hd__clkbuf_16)
                                                         clknet_1_1__leaf_clk (net)
                      0.051385    0.000801    0.315119 ^ _0798_/CLK (sky130_fd_sc_hd__dfrtp_1)
     2    0.007909    0.084677    0.351780    0.666899 ^ _0798_/Q (sky130_fd_sc_hd__dfrtp_1)
                                                         current_state[3] (net)
                      0.084677    0.000236    0.667136 ^ rebuffer10/A (sky130_fd_sc_hd__dlygate4sd1_1)
     2    0.006428    0.072167    0.224969    0.892104 ^ rebuffer10/X (sky130_fd_sc_hd__dlygate4sd1_1)
                                                         net258 (net)
                      0.072167    0.000215    0.892320 ^ _0394_/B (sky130_fd_sc_hd__and2b_1)
     4    0.012603    0.122508    0.183042    1.075362 ^ _0394_/X (sky130_fd_sc_hd__and2b_1)
                                                         _0098_ (net)
                      0.122508    0.000381    1.075743 ^ _0395_/C_N (sky130_fd_sc_hd__or3b_4)
     4    0.014643    0.084775    0.421398    1.497141 v _0395_/X (sky130_fd_sc_hd__or3b_4)
                                                         _0099_ (net)
                      0.084775    0.000455    1.497596 v _0396_/A (sky130_fd_sc_hd__inv_2)
     3    0.017473    0.086449    0.104353    1.601949 ^ _0396_/Y (sky130_fd_sc_hd__inv_2)
                                                         net111 (net)
                      0.086459    0.000747    1.602695 ^ output111/A (sky130_fd_sc_hd__buf_2)
     1    0.035268    0.175148    0.216330    1.819025 ^ output111/X (sky130_fd_sc_hd__buf_2)
                                                         wready (net)
                      0.175153    0.001169    1.820194 ^ wready (out)
                                              1.820194   data arrival time

                                  5.000000    5.000000   clock clk (rise edge)
                                  0.000000    5.000000   clock network delay (propagated)
                                 -0.250000    4.750000   clock uncertainty
                                  0.000000    4.750000   clock reconvergence pessimism
                                 -1.000000    3.750000   output external delay
                                              3.750000   data required time
---------------------------------------------------------------------------------------------
                                              3.750000   data required time
                                             -1.820194   data arrival time
---------------------------------------------------------------------------------------------
                                              1.929806   slack (MET)


Startpoint: _0796_ (rising edge-triggered flip-flop clocked by clk)
Endpoint: bvalid (output port clocked by clk)
Path Group: clk
Path Type: max

Fanout         Cap        Slew       Delay        Time   Description
---------------------------------------------------------------------------------------------
                                  0.000000    0.000000   clock clk (rise edge)
                                  0.000000    0.000000   clock source latency
     1    0.014365    0.070643    0.048350    0.048350 ^ clk (in)
                                                         clk (net)
                      0.070660    0.000000    0.048350 ^ clkbuf_0_clk/A (sky130_fd_sc_hd__clkbuf_16)
     2    0.017858    0.040034    0.132702    0.181052 ^ clkbuf_0_clk/X (sky130_fd_sc_hd__clkbuf_16)
                                                         clknet_0_clk (net)
                      0.040044    0.000421    0.181473 ^ clkbuf_1_1__f_clk/A (sky130_fd_sc_hd__clkbuf_16)
    10    0.030453    0.051381    0.132845    0.314318 ^ clkbuf_1_1__f_clk/X (sky130_fd_sc_hd__clkbuf_16)
                                                         clknet_1_1__leaf_clk (net)
                      0.051384    0.000718    0.315037 ^ _0796_/CLK (sky130_fd_sc_hd__dfrtp_1)
     5    0.015152    0.092919    0.414751    0.729787 v _0796_/Q (sky130_fd_sc_hd__dfrtp_1)
                                                         current_state[1] (net)
                      0.092920    0.000484    0.730271 v rebuffer14/A (sky130_fd_sc_hd__dlygate4sd1_1)
     1    0.003300    0.033757    0.250132    0.980403 v rebuffer14/X (sky130_fd_sc_hd__dlygate4sd1_1)
                                                         net262 (net)
                      0.033757    0.000111    0.980513 v clone12/A (sky130_fd_sc_hd__clkbuf_1)
     5    0.015241    0.093323    0.137261    1.117774 v clone12/X (sky130_fd_sc_hd__clkbuf_1)
                                                         net260 (net)
                      0.093323    0.000313    1.118087 v _0459_/A_N (sky130_fd_sc_hd__and3b_1)
     5    0.016022    0.166629    0.313480    1.431567 ^ _0459_/X (sky130_fd_sc_hd__and3b_1)
                                                         net90 (net)
                      0.166629    0.000510    1.432077 ^ _1109_/A (sky130_fd_sc_hd__clkbuf_1)
     1    0.003340    0.050976    0.112422    1.544499 ^ _1109_/X (sky130_fd_sc_hd__clkbuf_1)
                                                         net91 (net)
                      0.050976    0.000113    1.544611 ^ output91/A (sky130_fd_sc_hd__buf_2)
     1    0.034995    0.173585    0.202393    1.747004 ^ output91/X (sky130_fd_sc_hd__buf_2)
                                                         bvalid (net)
                      0.173643    0.001063    1.748067 ^ bvalid (out)
                                              1.748067   data arrival time

                                  5.000000    5.000000   clock clk (rise edge)
                                  0.000000    5.000000   clock network delay (propagated)
                                 -0.250000    4.750000   clock uncertainty
                                  0.000000    4.750000   clock reconvergence pessimism
                                 -1.000000    3.750000   output external delay
                                              3.750000   data required time
---------------------------------------------------------------------------------------------
                                              3.750000   data required time
                                             -1.748067   data arrival time
---------------------------------------------------------------------------------------------
                                              2.001932   slack (MET)


Startpoint: _0796_ (rising edge-triggered flip-flop clocked by clk)
Endpoint: arready (output port clocked by clk)
Path Group: clk
Path Type: max

Fanout         Cap        Slew       Delay        Time   Description
---------------------------------------------------------------------------------------------
                                  0.000000    0.000000   clock clk (rise edge)
                                  0.000000    0.000000   clock source latency
     1    0.014365    0.070643    0.048350    0.048350 ^ clk (in)
                                                         clk (net)
                      0.070660    0.000000    0.048350 ^ clkbuf_0_clk/A (sky130_fd_sc_hd__clkbuf_16)
     2    0.017858    0.040034    0.132702    0.181052 ^ clkbuf_0_clk/X (sky130_fd_sc_hd__clkbuf_16)
                                                         clknet_0_clk (net)
                      0.040044    0.000421    0.181473 ^ clkbuf_1_1__f_clk/A (sky130_fd_sc_hd__clkbuf_16)
    10    0.030453    0.051381    0.132845    0.314318 ^ clkbuf_1_1__f_clk/X (sky130_fd_sc_hd__clkbuf_16)
                                                         clknet_1_1__leaf_clk (net)
                      0.051384    0.000718    0.315037 ^ _0796_/CLK (sky130_fd_sc_hd__dfrtp_1)
     5    0.015152    0.092919    0.414751    0.729787 v _0796_/Q (sky130_fd_sc_hd__dfrtp_1)
                                                         current_state[1] (net)
                      0.092920    0.000472    0.730260 v fanout245/A (sky130_fd_sc_hd__buf_6)
     5    0.015838    0.030161    0.143336    0.873595 v fanout245/X (sky130_fd_sc_hd__buf_6)
                                                         net245 (net)
                      0.030163    0.000310    0.873906 v _0438_/B (sky130_fd_sc_hd__or4b_4)
     3    0.024775    0.118936    0.563966    1.437872 v _0438_/X (sky130_fd_sc_hd__or4b_4)
                                                         _0125_ (net)
                      0.118936    0.000973    1.438844 v _0439_/A (sky130_fd_sc_hd__inv_8)
     8    0.031046    0.062429    0.100837    1.539681 ^ _0439_/Y (sky130_fd_sc_hd__inv_8)
                                                         net88 (net)
                      0.062439    0.000745    1.540426 ^ output88/A (sky130_fd_sc_hd__buf_2)
     1    0.034888    0.173169    0.206485    1.746911 ^ output88/X (sky130_fd_sc_hd__buf_2)
                                                         arready (net)
                      0.173170    0.000780    1.747691 ^ arready (out)
                                              1.747691   data arrival time

                                  5.000000    5.000000   clock clk (rise edge)
                                  0.000000    5.000000   clock network delay (propagated)
                                 -0.250000    4.750000   clock uncertainty
                                  0.000000    4.750000   clock reconvergence pessimism
                                 -1.000000    3.750000   output external delay
                                              3.750000   data required time
---------------------------------------------------------------------------------------------
                                              3.750000   data required time
                                             -1.747691   data arrival time
---------------------------------------------------------------------------------------------
                                              2.002309   slack (MET)


Startpoint: _0796_ (rising edge-triggered flip-flop clocked by clk)
Endpoint: bresp (output port clocked by clk)
Path Group: clk
Path Type: max

Fanout         Cap        Slew       Delay        Time   Description
---------------------------------------------------------------------------------------------
                                  0.000000    0.000000   clock clk (rise edge)
                                  0.000000    0.000000   clock source latency
     1    0.014365    0.070643    0.048350    0.048350 ^ clk (in)
                                                         clk (net)
                      0.070660    0.000000    0.048350 ^ clkbuf_0_clk/A (sky130_fd_sc_hd__clkbuf_16)
     2    0.017858    0.040034    0.132702    0.181052 ^ clkbuf_0_clk/X (sky130_fd_sc_hd__clkbuf_16)
                                                         clknet_0_clk (net)
                      0.040044    0.000421    0.181473 ^ clkbuf_1_1__f_clk/A (sky130_fd_sc_hd__clkbuf_16)
    10    0.030453    0.051381    0.132845    0.314318 ^ clkbuf_1_1__f_clk/X (sky130_fd_sc_hd__clkbuf_16)
                                                         clknet_1_1__leaf_clk (net)
                      0.051384    0.000718    0.315037 ^ _0796_/CLK (sky130_fd_sc_hd__dfrtp_1)
     5    0.015152    0.092919    0.414751    0.729787 v _0796_/Q (sky130_fd_sc_hd__dfrtp_1)
                                                         current_state[1] (net)
                      0.092920    0.000484    0.730271 v rebuffer14/A (sky130_fd_sc_hd__dlygate4sd1_1)
     1    0.003300    0.033757    0.250132    0.980403 v rebuffer14/X (sky130_fd_sc_hd__dlygate4sd1_1)
                                                         net262 (net)
                      0.033757    0.000111    0.980513 v clone12/A (sky130_fd_sc_hd__clkbuf_1)
     5    0.015241    0.093323    0.137261    1.117774 v clone12/X (sky130_fd_sc_hd__clkbuf_1)
                                                         net260 (net)
                      0.093323    0.000313    1.118087 v _0459_/A_N (sky130_fd_sc_hd__and3b_1)
     5    0.016022    0.166629    0.313480    1.431567 ^ _0459_/X (sky130_fd_sc_hd__and3b_1)
                                                         net90 (net)
                      0.166629    0.000541    1.432108 ^ output90/A (sky130_fd_sc_hd__buf_2)
     1    0.034417    0.171382    0.238935    1.671044 ^ output90/X (sky130_fd_sc_hd__buf_2)
                                                         bresp (net)
                      0.171384    0.000848    1.671891 ^ bresp (out)
                                              1.671891   data arrival time

                                  5.000000    5.000000   clock clk (rise edge)
                                  0.000000    5.000000   clock network delay (propagated)
                                 -0.250000    4.750000   clock uncertainty
                                  0.000000    4.750000   clock reconvergence pessimism
                                 -1.000000    3.750000   output external delay
                                              3.750000   data required time
---------------------------------------------------------------------------------------------
                                              3.750000   data required time
                                             -1.671891   data arrival time
---------------------------------------------------------------------------------------------
                                              2.078109   slack (MET)


Startpoint: _0796_ (rising edge-triggered flip-flop clocked by clk)
Endpoint: _1105_ (rising edge-triggered flip-flop clocked by clk)
Path Group: clk
Path Type: max

Fanout         Cap        Slew       Delay        Time   Description
---------------------------------------------------------------------------------------------
                                  0.000000    0.000000   clock clk (rise edge)
                                  0.000000    0.000000   clock source latency
     1    0.014365    0.070643    0.048350    0.048350 ^ clk (in)
                                                         clk (net)
                      0.070660    0.000000    0.048350 ^ clkbuf_0_clk/A (sky130_fd_sc_hd__clkbuf_16)
     2    0.017858    0.040034    0.132702    0.181052 ^ clkbuf_0_clk/X (sky130_fd_sc_hd__clkbuf_16)
                                                         clknet_0_clk (net)
                      0.040044    0.000421    0.181473 ^ clkbuf_1_1__f_clk/A (sky130_fd_sc_hd__clkbuf_16)
    10    0.030453    0.051381    0.132845    0.314318 ^ clkbuf_1_1__f_clk/X (sky130_fd_sc_hd__clkbuf_16)
                                                         clknet_1_1__leaf_clk (net)
                      0.051384    0.000718    0.315037 ^ _0796_/CLK (sky130_fd_sc_hd__dfrtp_1)
     5    0.015152    0.092919    0.414751    0.729787 v _0796_/Q (sky130_fd_sc_hd__dfrtp_1)
                                                         current_state[1] (net)
                      0.092920    0.000472    0.730260 v fanout245/A (sky130_fd_sc_hd__buf_6)
     5    0.015838    0.030161    0.143336    0.873595 v fanout245/X (sky130_fd_sc_hd__buf_6)
                                                         net245 (net)
                      0.030162    0.000267    0.873862 v _0453_/B (sky130_fd_sc_hd__or4bb_4)
     2    0.013463    0.101193    0.536299    1.410161 v _0453_/X (sky130_fd_sc_hd__or4bb_4)
                                                         _0133_ (net)
                      0.101193    0.000491    1.410653 v fanout189/A (sky130_fd_sc_hd__buf_12)
     6    0.050255    0.042052    0.167324    1.577977 v fanout189/X (sky130_fd_sc_hd__buf_12)
                                                         net189 (net)
                      0.042175    0.002409    1.580386 v _0454_/A (sky130_fd_sc_hd__inv_12)
     5    0.023868    0.036303    0.054555    1.634942 ^ _0454_/Y (sky130_fd_sc_hd__inv_12)
                                                         net109 (net)
                      0.036352    0.000821    1.635763 ^ _0736_/B (sky130_fd_sc_hd__nor2_4)
     6    0.018221    0.040136    0.038994    1.674757 v _0736_/Y (sky130_fd_sc_hd__nor2_4)
                                                         _0342_ (net)
                      0.040151    0.000419    1.675176 v _0774_/A2 (sky130_fd_sc_hd__a31o_1)
     1    0.003373    0.039961    0.199949    1.875125 v _0774_/X (sky130_fd_sc_hd__a31o_1)
                                                         _0373_ (net)
                      0.039961    0.000111    1.875237 v _0776_/B (sky130_fd_sc_hd__or4_4)
     3    0.008920    0.092162    0.519463    2.394700 v _0776_/X (sky130_fd_sc_hd__or4_4)
                                                         _0375_ (net)
                      0.092162    0.000377    2.395076 v _0777_/A_N (sky130_fd_sc_hd__and2b_1)
     4    0.013685    0.131816    0.272427    2.667504 ^ _0777_/X (sky130_fd_sc_hd__and2b_1)
                                                         _0376_ (net)
                      0.131816    0.000218    2.667722 ^ _0778_/A0 (sky130_fd_sc_hd__mux2_4)
     1    0.004343    0.038811    0.163300    2.831022 ^ _0778_/X (sky130_fd_sc_hd__mux2_4)
                                                         _0090_ (net)
                      0.038811    0.000166    2.831187 ^ _1105_/D (sky130_fd_sc_hd__dfrtp_1)
                                              2.831187   data arrival time

                                  5.000000    5.000000   clock clk (rise edge)
                                  0.000000    5.000000   clock source latency
     1    0.014365    0.070643    0.048350    5.048350 ^ clk (in)
                                                         clk (net)
                      0.070660    0.000000    5.048350 ^ clkbuf_0_clk/A (sky130_fd_sc_hd__clkbuf_16)
     2    0.017858    0.040034    0.132702    5.181052 ^ clkbuf_0_clk/X (sky130_fd_sc_hd__clkbuf_16)
                                                         clknet_0_clk (net)
                      0.040044    0.000414    5.181466 ^ clkbuf_1_0__f_clk/A (sky130_fd_sc_hd__clkbuf_16)
    10    0.028045    0.049309    0.131013    5.312479 ^ clkbuf_1_0__f_clk/X (sky130_fd_sc_hd__clkbuf_16)
                                                         clknet_1_0__leaf_clk (net)
                      0.049315    0.000981    5.313460 ^ _1105_/CLK (sky130_fd_sc_hd__dfrtp_1)
                                 -0.250000    5.063460   clock uncertainty
                                  0.000000    5.063460   clock reconvergence pessimism
                                 -0.057752    5.005708   library setup time
                                              5.005708   data required time
---------------------------------------------------------------------------------------------
                                              5.005708   data required time
                                             -2.831187   data arrival time
---------------------------------------------------------------------------------------------
                                              2.174521   slack (MET)


Startpoint: _0796_ (rising edge-triggered flip-flop clocked by clk)
Endpoint: _1107_ (rising edge-triggered flip-flop clocked by clk)
Path Group: clk
Path Type: max

Fanout         Cap        Slew       Delay        Time   Description
---------------------------------------------------------------------------------------------
                                  0.000000    0.000000   clock clk (rise edge)
                                  0.000000    0.000000   clock source latency
     1    0.014365    0.070643    0.048350    0.048350 ^ clk (in)
                                                         clk (net)
                      0.070660    0.000000    0.048350 ^ clkbuf_0_clk/A (sky130_fd_sc_hd__clkbuf_16)
     2    0.017858    0.040034    0.132702    0.181052 ^ clkbuf_0_clk/X (sky130_fd_sc_hd__clkbuf_16)
                                                         clknet_0_clk (net)
                      0.040044    0.000421    0.181473 ^ clkbuf_1_1__f_clk/A (sky130_fd_sc_hd__clkbuf_16)
    10    0.030453    0.051381    0.132845    0.314318 ^ clkbuf_1_1__f_clk/X (sky130_fd_sc_hd__clkbuf_16)
                                                         clknet_1_1__leaf_clk (net)
                      0.051384    0.000718    0.315037 ^ _0796_/CLK (sky130_fd_sc_hd__dfrtp_1)
     5    0.015152    0.092919    0.414751    0.729787 v _0796_/Q (sky130_fd_sc_hd__dfrtp_1)
                                                         current_state[1] (net)
                      0.092920    0.000472    0.730260 v fanout245/A (sky130_fd_sc_hd__buf_6)
     5    0.015838    0.030161    0.143336    0.873595 v fanout245/X (sky130_fd_sc_hd__buf_6)
                                                         net245 (net)
                      0.030162    0.000267    0.873862 v _0453_/B (sky130_fd_sc_hd__or4bb_4)
     2    0.013463    0.101193    0.536299    1.410161 v _0453_/X (sky130_fd_sc_hd__or4bb_4)
                                                         _0133_ (net)
                      0.101193    0.000491    1.410653 v fanout189/A (sky130_fd_sc_hd__buf_12)
     6    0.050255    0.042052    0.167324    1.577977 v fanout189/X (sky130_fd_sc_hd__buf_12)
                                                         net189 (net)
                      0.042175    0.002409    1.580386 v _0454_/A (sky130_fd_sc_hd__inv_12)
     5    0.023868    0.036303    0.054555    1.634942 ^ _0454_/Y (sky130_fd_sc_hd__inv_12)
                                                         net109 (net)
                      0.036352    0.000821    1.635763 ^ _0736_/B (sky130_fd_sc_hd__nor2_4)
     6    0.018221    0.040136    0.038994    1.674757 v _0736_/Y (sky130_fd_sc_hd__nor2_4)
                                                         _0342_ (net)
                      0.040151    0.000419    1.675176 v _0774_/A2 (sky130_fd_sc_hd__a31o_1)
     1    0.003373    0.039961    0.199949    1.875125 v _0774_/X (sky130_fd_sc_hd__a31o_1)
                                                         _0373_ (net)
                      0.039961    0.000111    1.875237 v _0776_/B (sky130_fd_sc_hd__or4_4)
     3    0.008920    0.092162    0.519463    2.394700 v _0776_/X (sky130_fd_sc_hd__or4_4)
                                                         _0375_ (net)
                      0.092162    0.000388    2.395087 v rebuffer9/A (sky130_fd_sc_hd__buf_1)
     3    0.008910    0.058607    0.136493    2.531580 v rebuffer9/X (sky130_fd_sc_hd__buf_1)
                                                         net257 (net)
                      0.058607    0.000184    2.531764 v _0790_/A2 (sky130_fd_sc_hd__a22o_1)
     1    0.003559    0.043939    0.232883    2.764647 v _0790_/X (sky130_fd_sc_hd__a22o_1)
                                                         _0092_ (net)
                      0.043939    0.000121    2.764768 v _1107_/D (sky130_fd_sc_hd__dfrtp_1)
                                              2.764768   data arrival time

                                  5.000000    5.000000   clock clk (rise edge)
                                  0.000000    5.000000   clock source latency
     1    0.014365    0.070643    0.048350    5.048350 ^ clk (in)
                                                         clk (net)
                      0.070660    0.000000    5.048350 ^ clkbuf_0_clk/A (sky130_fd_sc_hd__clkbuf_16)
     2    0.017858    0.040034    0.132702    5.181052 ^ clkbuf_0_clk/X (sky130_fd_sc_hd__clkbuf_16)
                                                         clknet_0_clk (net)
                      0.040044    0.000414    5.181466 ^ clkbuf_1_0__f_clk/A (sky130_fd_sc_hd__clkbuf_16)
    10    0.028045    0.049309    0.131013    5.312479 ^ clkbuf_1_0__f_clk/X (sky130_fd_sc_hd__clkbuf_16)
                                                         clknet_1_0__leaf_clk (net)
                      0.049315    0.001041    5.313519 ^ _1107_/CLK (sky130_fd_sc_hd__dfrtp_1)
                                 -0.250000    5.063519   clock uncertainty
                                  0.000000    5.063519   clock reconvergence pessimism
                                 -0.112823    4.950696   library setup time
                                              4.950696   data required time
---------------------------------------------------------------------------------------------
                                              4.950696   data required time
                                             -2.764768   data arrival time
---------------------------------------------------------------------------------------------
                                              2.185928   slack (MET)


Startpoint: _0796_ (rising edge-triggered flip-flop clocked by clk)
Endpoint: _1108_ (rising edge-triggered flip-flop clocked by clk)
Path Group: clk
Path Type: max

Fanout         Cap        Slew       Delay        Time   Description
---------------------------------------------------------------------------------------------
                                  0.000000    0.000000   clock clk (rise edge)
                                  0.000000    0.000000   clock source latency
     1    0.014365    0.070643    0.048350    0.048350 ^ clk (in)
                                                         clk (net)
                      0.070660    0.000000    0.048350 ^ clkbuf_0_clk/A (sky130_fd_sc_hd__clkbuf_16)
     2    0.017858    0.040034    0.132702    0.181052 ^ clkbuf_0_clk/X (sky130_fd_sc_hd__clkbuf_16)
                                                         clknet_0_clk (net)
                      0.040044    0.000421    0.181473 ^ clkbuf_1_1__f_clk/A (sky130_fd_sc_hd__clkbuf_16)
    10    0.030453    0.051381    0.132845    0.314318 ^ clkbuf_1_1__f_clk/X (sky130_fd_sc_hd__clkbuf_16)
                                                         clknet_1_1__leaf_clk (net)
                      0.051384    0.000718    0.315037 ^ _0796_/CLK (sky130_fd_sc_hd__dfrtp_1)
     5    0.015152    0.092919    0.414751    0.729787 v _0796_/Q (sky130_fd_sc_hd__dfrtp_1)
                                                         current_state[1] (net)
                      0.092920    0.000472    0.730260 v fanout245/A (sky130_fd_sc_hd__buf_6)
     5    0.015838    0.030161    0.143336    0.873595 v fanout245/X (sky130_fd_sc_hd__buf_6)
                                                         net245 (net)
                      0.030162    0.000267    0.873862 v _0453_/B (sky130_fd_sc_hd__or4bb_4)
     2    0.013463    0.101193    0.536299    1.410161 v _0453_/X (sky130_fd_sc_hd__or4bb_4)
                                                         _0133_ (net)
                      0.101193    0.000491    1.410653 v fanout189/A (sky130_fd_sc_hd__buf_12)
     6    0.050255    0.042052    0.167324    1.577977 v fanout189/X (sky130_fd_sc_hd__buf_12)
                                                         net189 (net)
                      0.042175    0.002409    1.580386 v _0454_/A (sky130_fd_sc_hd__inv_12)
     5    0.023868    0.036303    0.054555    1.634942 ^ _0454_/Y (sky130_fd_sc_hd__inv_12)
                                                         net109 (net)
                      0.036352    0.000821    1.635763 ^ _0736_/B (sky130_fd_sc_hd__nor2_4)
     6    0.018221    0.040136    0.038994    1.674757 v _0736_/Y (sky130_fd_sc_hd__nor2_4)
                                                         _0342_ (net)
                      0.040151    0.000419    1.675176 v _0774_/A2 (sky130_fd_sc_hd__a31o_1)
     1    0.003373    0.039961    0.199949    1.875125 v _0774_/X (sky130_fd_sc_hd__a31o_1)
                                                         _0373_ (net)
                      0.039961    0.000111    1.875237 v _0776_/B (sky130_fd_sc_hd__or4_4)
     3    0.008920    0.092162    0.519463    2.394700 v _0776_/X (sky130_fd_sc_hd__or4_4)
                                                         _0375_ (net)
                      0.092162    0.000388    2.395087 v rebuffer9/A (sky130_fd_sc_hd__buf_1)
     3    0.008910    0.058607    0.136493    2.531580 v rebuffer9/X (sky130_fd_sc_hd__buf_1)
                                                         net257 (net)
                      0.058608    0.000266    2.531846 v _0794_/A2 (sky130_fd_sc_hd__a22o_1)
     1    0.003225    0.042285    0.230719    2.762566 v _0794_/X (sky130_fd_sc_hd__a22o_1)
                                                         _0093_ (net)
                      0.042285    0.000084    2.762650 v _1108_/D (sky130_fd_sc_hd__dfrtp_1)
                                              2.762650   data arrival time

                                  5.000000    5.000000   clock clk (rise edge)
                                  0.000000    5.000000   clock source latency
     1    0.014365    0.070643    0.048350    5.048350 ^ clk (in)
                                                         clk (net)
                      0.070660    0.000000    5.048350 ^ clkbuf_0_clk/A (sky130_fd_sc_hd__clkbuf_16)
     2    0.017858    0.040034    0.132702    5.181052 ^ clkbuf_0_clk/X (sky130_fd_sc_hd__clkbuf_16)
                                                         clknet_0_clk (net)
                      0.040044    0.000414    5.181466 ^ clkbuf_1_0__f_clk/A (sky130_fd_sc_hd__clkbuf_16)
    10    0.028045    0.049309    0.131013    5.312479 ^ clkbuf_1_0__f_clk/X (sky130_fd_sc_hd__clkbuf_16)
                                                         clknet_1_0__leaf_clk (net)
                      0.049317    0.001135    5.313613 ^ _1108_/CLK (sky130_fd_sc_hd__dfrtp_1)
                                 -0.250000    5.063613   clock uncertainty
                                  0.000000    5.063613   clock reconvergence pessimism
                                 -0.112102    4.951512   library setup time
                                              4.951512   data required time
---------------------------------------------------------------------------------------------
                                              4.951512   data required time
                                             -2.762650   data arrival time
---------------------------------------------------------------------------------------------
                                              2.188862   slack (MET)


Startpoint: _0796_ (rising edge-triggered flip-flop clocked by clk)
Endpoint: _1106_ (rising edge-triggered flip-flop clocked by clk)
Path Group: clk
Path Type: max

Fanout         Cap        Slew       Delay        Time   Description
---------------------------------------------------------------------------------------------
                                  0.000000    0.000000   clock clk (rise edge)
                                  0.000000    0.000000   clock source latency
     1    0.014365    0.070643    0.048350    0.048350 ^ clk (in)
                                                         clk (net)
                      0.070660    0.000000    0.048350 ^ clkbuf_0_clk/A (sky130_fd_sc_hd__clkbuf_16)
     2    0.017858    0.040034    0.132702    0.181052 ^ clkbuf_0_clk/X (sky130_fd_sc_hd__clkbuf_16)
                                                         clknet_0_clk (net)
                      0.040044    0.000421    0.181473 ^ clkbuf_1_1__f_clk/A (sky130_fd_sc_hd__clkbuf_16)
    10    0.030453    0.051381    0.132845    0.314318 ^ clkbuf_1_1__f_clk/X (sky130_fd_sc_hd__clkbuf_16)
                                                         clknet_1_1__leaf_clk (net)
                      0.051384    0.000718    0.315037 ^ _0796_/CLK (sky130_fd_sc_hd__dfrtp_1)
     5    0.015152    0.092919    0.414751    0.729787 v _0796_/Q (sky130_fd_sc_hd__dfrtp_1)
                                                         current_state[1] (net)
                      0.092920    0.000472    0.730260 v fanout245/A (sky130_fd_sc_hd__buf_6)
     5    0.015838    0.030161    0.143336    0.873595 v fanout245/X (sky130_fd_sc_hd__buf_6)
                                                         net245 (net)
                      0.030162    0.000267    0.873862 v _0453_/B (sky130_fd_sc_hd__or4bb_4)
     2    0.013463    0.101193    0.536299    1.410161 v _0453_/X (sky130_fd_sc_hd__or4bb_4)
                                                         _0133_ (net)
                      0.101193    0.000491    1.410653 v fanout189/A (sky130_fd_sc_hd__buf_12)
     6    0.050255    0.042052    0.167324    1.577977 v fanout189/X (sky130_fd_sc_hd__buf_12)
                                                         net189 (net)
                      0.042175    0.002409    1.580386 v _0454_/A (sky130_fd_sc_hd__inv_12)
     5    0.023868    0.036303    0.054555    1.634942 ^ _0454_/Y (sky130_fd_sc_hd__inv_12)
                                                         net109 (net)
                      0.036352    0.000821    1.635763 ^ _0736_/B (sky130_fd_sc_hd__nor2_4)
     6    0.018221    0.040136    0.038994    1.674757 v _0736_/Y (sky130_fd_sc_hd__nor2_4)
                                                         _0342_ (net)
                      0.040151    0.000419    1.675176 v _0774_/A2 (sky130_fd_sc_hd__a31o_1)
     1    0.003373    0.039961    0.199949    1.875125 v _0774_/X (sky130_fd_sc_hd__a31o_1)
                                                         _0373_ (net)
                      0.039961    0.000111    1.875237 v _0776_/B (sky130_fd_sc_hd__or4_4)
     3    0.008920    0.092162    0.519463    2.394700 v _0776_/X (sky130_fd_sc_hd__or4_4)
                                                         _0375_ (net)
                      0.092162    0.000388    2.395087 v rebuffer9/A (sky130_fd_sc_hd__buf_1)
     3    0.008910    0.058607    0.136493    2.531580 v rebuffer9/X (sky130_fd_sc_hd__buf_1)
                                                         net257 (net)
                      0.058608    0.000263    2.531842 v _0784_/A2 (sky130_fd_sc_hd__a22o_1)
     1    0.002922    0.040616    0.228499    2.760342 v _0784_/X (sky130_fd_sc_hd__a22o_1)
                                                         _0091_ (net)
                      0.040616    0.000096    2.760438 v _1106_/D (sky130_fd_sc_hd__dfrtp_1)
                                              2.760438   data arrival time

                                  5.000000    5.000000   clock clk (rise edge)
                                  0.000000    5.000000   clock source latency
     1    0.014365    0.070643    0.048350    5.048350 ^ clk (in)
                                                         clk (net)
                      0.070660    0.000000    5.048350 ^ clkbuf_0_clk/A (sky130_fd_sc_hd__clkbuf_16)
     2    0.017858    0.040034    0.132702    5.181052 ^ clkbuf_0_clk/X (sky130_fd_sc_hd__clkbuf_16)
                                                         clknet_0_clk (net)
                      0.040044    0.000414    5.181466 ^ clkbuf_1_0__f_clk/A (sky130_fd_sc_hd__clkbuf_16)
    10    0.028045    0.049309    0.131013    5.312479 ^ clkbuf_1_0__f_clk/X (sky130_fd_sc_hd__clkbuf_16)
                                                         clknet_1_0__leaf_clk (net)
                      0.049312    0.000769    5.313248 ^ _1106_/CLK (sky130_fd_sc_hd__dfrtp_1)
                                 -0.250000    5.063248   clock uncertainty
                                  0.000000    5.063248   clock reconvergence pessimism
                                 -0.111375    4.951873   library setup time
                                              4.951873   data required time
---------------------------------------------------------------------------------------------
                                              4.951873   data required time
                                             -2.760438   data arrival time
---------------------------------------------------------------------------------------------
                                              2.191435   slack (MET)


Startpoint: _0796_ (rising edge-triggered flip-flop clocked by clk)
Endpoint: _1101_ (rising edge-triggered flip-flop clocked by clk)
Path Group: clk
Path Type: max

Fanout         Cap        Slew       Delay        Time   Description
---------------------------------------------------------------------------------------------
                                  0.000000    0.000000   clock clk (rise edge)
                                  0.000000    0.000000   clock source latency
     1    0.014365    0.070643    0.048350    0.048350 ^ clk (in)
                                                         clk (net)
                      0.070660    0.000000    0.048350 ^ clkbuf_0_clk/A (sky130_fd_sc_hd__clkbuf_16)
     2    0.017858    0.040034    0.132702    0.181052 ^ clkbuf_0_clk/X (sky130_fd_sc_hd__clkbuf_16)
                                                         clknet_0_clk (net)
                      0.040044    0.000421    0.181473 ^ clkbuf_1_1__f_clk/A (sky130_fd_sc_hd__clkbuf_16)
    10    0.030453    0.051381    0.132845    0.314318 ^ clkbuf_1_1__f_clk/X (sky130_fd_sc_hd__clkbuf_16)
                                                         clknet_1_1__leaf_clk (net)
                      0.051384    0.000718    0.315037 ^ _0796_/CLK (sky130_fd_sc_hd__dfrtp_1)
     5    0.015152    0.092919    0.414751    0.729787 v _0796_/Q (sky130_fd_sc_hd__dfrtp_1)
                                                         current_state[1] (net)
                      0.092920    0.000472    0.730260 v fanout245/A (sky130_fd_sc_hd__buf_6)
     5    0.015838    0.030161    0.143336    0.873595 v fanout245/X (sky130_fd_sc_hd__buf_6)
                                                         net245 (net)
                      0.030163    0.000310    0.873906 v _0438_/B (sky130_fd_sc_hd__or4b_4)
     3    0.024775    0.118936    0.563966    1.437872 v _0438_/X (sky130_fd_sc_hd__or4b_4)
                                                         _0125_ (net)
                      0.118936    0.000764    1.438635 v rebuffer1/A (sky130_fd_sc_hd__dlygate4sd1_1)
     4    0.011213    0.066605    0.295720    1.734356 v rebuffer1/X (sky130_fd_sc_hd__dlygate4sd1_1)
                                                         net183 (net)
                      0.066605    0.000228    1.734584 v _0738_/A (sky130_fd_sc_hd__nand2_1)
     5    0.017738    0.170390    0.155768    1.890351 ^ _0738_/Y (sky130_fd_sc_hd__nand2_1)
                                                         _0344_ (net)
                      0.170391    0.000369    1.890720 ^ _0740_/B1 (sky130_fd_sc_hd__o221a_2)
     7    0.022036    0.136245    0.292848    2.183569 ^ _0740_/X (sky130_fd_sc_hd__o221a_2)
                                                         _0346_ (net)
                      0.136246    0.000729    2.184298 ^ _0755_/B1_N (sky130_fd_sc_hd__a21bo_1)
     1    0.003279    0.036547    0.217800    2.402097 v _0755_/X (sky130_fd_sc_hd__a21bo_1)
                                                         _0358_ (net)
                      0.036547    0.000081    2.402179 v _0759_/A2 (sky130_fd_sc_hd__a22o_1)
     1    0.003724    0.044743    0.224627    2.626806 v _0759_/X (sky130_fd_sc_hd__a22o_1)
                                                         _0086_ (net)
                      0.044743    0.000105    2.626912 v _1101_/D (sky130_fd_sc_hd__dfrtp_1)
                                              2.626912   data arrival time

                                  5.000000    5.000000   clock clk (rise edge)
                                  0.000000    5.000000   clock source latency
     1    0.014365    0.070643    0.048350    5.048350 ^ clk (in)
                                                         clk (net)
                      0.070660    0.000000    5.048350 ^ clkbuf_0_clk/A (sky130_fd_sc_hd__clkbuf_16)
     2    0.017858    0.040034    0.132702    5.181052 ^ clkbuf_0_clk/X (sky130_fd_sc_hd__clkbuf_16)
                                                         clknet_0_clk (net)
                      0.040044    0.000414    5.181466 ^ clkbuf_1_0__f_clk/A (sky130_fd_sc_hd__clkbuf_16)
    10    0.028045    0.049309    0.131013    5.312479 ^ clkbuf_1_0__f_clk/X (sky130_fd_sc_hd__clkbuf_16)
                                                         clknet_1_0__leaf_clk (net)
                      0.049314    0.000941    5.313419 ^ _1101_/CLK (sky130_fd_sc_hd__dfrtp_1)
                                 -0.250000    5.063419   clock uncertainty
                                  0.000000    5.063419   clock reconvergence pessimism
                                 -0.113174    4.950245   library setup time
                                              4.950245   data required time
---------------------------------------------------------------------------------------------
                                              4.950245   data required time
                                             -2.626912   data arrival time
---------------------------------------------------------------------------------------------
                                              2.323333   slack (MET)


Startpoint: _0796_ (rising edge-triggered flip-flop clocked by clk)
Endpoint: _1099_ (rising edge-triggered flip-flop clocked by clk)
Path Group: clk
Path Type: max

Fanout         Cap        Slew       Delay        Time   Description
---------------------------------------------------------------------------------------------
                                  0.000000    0.000000   clock clk (rise edge)
                                  0.000000    0.000000   clock source latency
     1    0.014365    0.070643    0.048350    0.048350 ^ clk (in)
                                                         clk (net)
                      0.070660    0.000000    0.048350 ^ clkbuf_0_clk/A (sky130_fd_sc_hd__clkbuf_16)
     2    0.017858    0.040034    0.132702    0.181052 ^ clkbuf_0_clk/X (sky130_fd_sc_hd__clkbuf_16)
                                                         clknet_0_clk (net)
                      0.040044    0.000421    0.181473 ^ clkbuf_1_1__f_clk/A (sky130_fd_sc_hd__clkbuf_16)
    10    0.030453    0.051381    0.132845    0.314318 ^ clkbuf_1_1__f_clk/X (sky130_fd_sc_hd__clkbuf_16)
                                                         clknet_1_1__leaf_clk (net)
                      0.051384    0.000718    0.315037 ^ _0796_/CLK (sky130_fd_sc_hd__dfrtp_1)
     5    0.015152    0.092919    0.414751    0.729787 v _0796_/Q (sky130_fd_sc_hd__dfrtp_1)
                                                         current_state[1] (net)
                      0.092920    0.000472    0.730260 v fanout245/A (sky130_fd_sc_hd__buf_6)
     5    0.015838    0.030161    0.143336    0.873595 v fanout245/X (sky130_fd_sc_hd__buf_6)
                                                         net245 (net)
                      0.030163    0.000310    0.873906 v _0438_/B (sky130_fd_sc_hd__or4b_4)
     3    0.024775    0.118936    0.563966    1.437872 v _0438_/X (sky130_fd_sc_hd__or4b_4)
                                                         _0125_ (net)
                      0.118936    0.000764    1.438635 v rebuffer1/A (sky130_fd_sc_hd__dlygate4sd1_1)
     4    0.011213    0.066605    0.295720    1.734356 v rebuffer1/X (sky130_fd_sc_hd__dlygate4sd1_1)
                                                         net183 (net)
                      0.066605    0.000228    1.734584 v _0738_/A (sky130_fd_sc_hd__nand2_1)
     5    0.017738    0.170390    0.155768    1.890351 ^ _0738_/Y (sky130_fd_sc_hd__nand2_1)
                                                         _0344_ (net)
                      0.170391    0.000369    1.890720 ^ _0740_/B1 (sky130_fd_sc_hd__o221a_2)
     7    0.022036    0.136245    0.292848    2.183569 ^ _0740_/X (sky130_fd_sc_hd__o221a_2)
                                                         _0346_ (net)
                      0.136247    0.000835    2.184404 ^ _0741_/B1_N (sky130_fd_sc_hd__a21bo_1)
     1    0.002894    0.034685    0.215321    2.399724 v _0741_/X (sky130_fd_sc_hd__a21bo_1)
                                                         _0347_ (net)
                      0.034685    0.000064    2.399788 v _0749_/A2 (sky130_fd_sc_hd__a22o_1)
     1    0.002707    0.039573    0.217008    2.616796 v _0749_/X (sky130_fd_sc_hd__a22o_1)
                                                         _0084_ (net)
                      0.039573    0.000062    2.616857 v _1099_/D (sky130_fd_sc_hd__dfrtp_1)
                                              2.616857   data arrival time

                                  5.000000    5.000000   clock clk (rise edge)
                                  0.000000    5.000000   clock source latency
     1    0.014365    0.070643    0.048350    5.048350 ^ clk (in)
                                                         clk (net)
                      0.070660    0.000000    5.048350 ^ clkbuf_0_clk/A (sky130_fd_sc_hd__clkbuf_16)
     2    0.017858    0.040034    0.132702    5.181052 ^ clkbuf_0_clk/X (sky130_fd_sc_hd__clkbuf_16)
                                                         clknet_0_clk (net)
                      0.040044    0.000414    5.181466 ^ clkbuf_1_0__f_clk/A (sky130_fd_sc_hd__clkbuf_16)
    10    0.028045    0.049309    0.131013    5.312479 ^ clkbuf_1_0__f_clk/X (sky130_fd_sc_hd__clkbuf_16)
                                                         clknet_1_0__leaf_clk (net)
                      0.049315    0.000989    5.313467 ^ _1099_/CLK (sky130_fd_sc_hd__dfrtp_1)
                                 -0.250000    5.063467   clock uncertainty
                                  0.000000    5.063467   clock reconvergence pessimism
                                 -0.110919    4.952549   library setup time
                                              4.952549   data required time
---------------------------------------------------------------------------------------------
                                              4.952549   data required time
                                             -2.616857   data arrival time
---------------------------------------------------------------------------------------------
                                              2.335691   slack (MET)


Startpoint: _0796_ (rising edge-triggered flip-flop clocked by clk)
Endpoint: _1103_ (rising edge-triggered flip-flop clocked by clk)
Path Group: clk
Path Type: max

Fanout         Cap        Slew       Delay        Time   Description
---------------------------------------------------------------------------------------------
                                  0.000000    0.000000   clock clk (rise edge)
                                  0.000000    0.000000   clock source latency
     1    0.014365    0.070643    0.048350    0.048350 ^ clk (in)
                                                         clk (net)
                      0.070660    0.000000    0.048350 ^ clkbuf_0_clk/A (sky130_fd_sc_hd__clkbuf_16)
     2    0.017858    0.040034    0.132702    0.181052 ^ clkbuf_0_clk/X (sky130_fd_sc_hd__clkbuf_16)
                                                         clknet_0_clk (net)
                      0.040044    0.000421    0.181473 ^ clkbuf_1_1__f_clk/A (sky130_fd_sc_hd__clkbuf_16)
    10    0.030453    0.051381    0.132845    0.314318 ^ clkbuf_1_1__f_clk/X (sky130_fd_sc_hd__clkbuf_16)
                                                         clknet_1_1__leaf_clk (net)
                      0.051384    0.000718    0.315037 ^ _0796_/CLK (sky130_fd_sc_hd__dfrtp_1)
     5    0.015152    0.092919    0.414751    0.729787 v _0796_/Q (sky130_fd_sc_hd__dfrtp_1)
                                                         current_state[1] (net)
                      0.092919    0.000226    0.730014 v rebuffer8/A (sky130_fd_sc_hd__dlymetal6s2s_1)
     1    0.002763    0.038020    0.154383    0.884396 v rebuffer8/X (sky130_fd_sc_hd__dlymetal6s2s_1)
                                                         net256 (net)
                      0.038020    0.000066    0.884462 v rebuffer7/A (sky130_fd_sc_hd__dlygate4sd1_1)
     1    0.003796    0.035830    0.228153    1.112615 v rebuffer7/X (sky130_fd_sc_hd__dlygate4sd1_1)
                                                         net255 (net)
                      0.035832    0.000137    1.112752 v rebuffer4/A (sky130_fd_sc_hd__dlygate4sd1_1)
     2    0.004365    0.038105    0.229810    1.342562 v rebuffer4/X (sky130_fd_sc_hd__dlygate4sd1_1)
                                                         net252 (net)
                      0.038105    0.000070    1.342632 v _0676_/C (sky130_fd_sc_hd__and4bb_1)
     4    0.017328    0.101382    0.244130    1.586761 v _0676_/X (sky130_fd_sc_hd__and4bb_1)
                                                         net89 (net)
                      0.101386    0.000713    1.587474 v _0712_/A2_N (sky130_fd_sc_hd__o2bb2a_4)
     2    0.009810    0.048533    0.222900    1.810374 ^ _0712_/X (sky130_fd_sc_hd__o2bb2a_4)
                                                         _0322_ (net)
                      0.048533    0.000258    1.810633 ^ _0715_/C1 (sky130_fd_sc_hd__o211a_4)
     6    0.025087    0.093001    0.187537    1.998169 ^ _0715_/X (sky130_fd_sc_hd__o211a_4)
                                                         _0325_ (net)
                      0.093014    0.001116    1.999285 ^ _0761_/B1 (sky130_fd_sc_hd__o41a_4)
     5    0.017651    0.071371    0.182147    2.181432 ^ _0761_/X (sky130_fd_sc_hd__o41a_4)
                                                         _0363_ (net)
                      0.071371    0.000357    2.181789 ^ _0767_/A1_N (sky130_fd_sc_hd__o2bb2a_2)
     1    0.002905    0.043522    0.207724    2.389513 v _0767_/X (sky130_fd_sc_hd__o2bb2a_2)
                                                         _0368_ (net)
                      0.043522    0.000066    2.389579 v _0769_/B1 (sky130_fd_sc_hd__o22a_1)
     1    0.003346    0.045394    0.173909    2.563489 v _0769_/X (sky130_fd_sc_hd__o22a_1)
                                                         _0088_ (net)
                      0.045394    0.000087    2.563576 v _1103_/D (sky130_fd_sc_hd__dfrtp_1)
                                              2.563576   data arrival time

                                  5.000000    5.000000   clock clk (rise edge)
                                  0.000000    5.000000   clock source latency
     1    0.014365    0.070643    0.048350    5.048350 ^ clk (in)
                                                         clk (net)
                      0.070660    0.000000    5.048350 ^ clkbuf_0_clk/A (sky130_fd_sc_hd__clkbuf_16)
     2    0.017858    0.040034    0.132702    5.181052 ^ clkbuf_0_clk/X (sky130_fd_sc_hd__clkbuf_16)
                                                         clknet_0_clk (net)
                      0.040044    0.000421    5.181474 ^ clkbuf_1_1__f_clk/A (sky130_fd_sc_hd__clkbuf_16)
    10    0.030453    0.051381    0.132845    5.314319 ^ clkbuf_1_1__f_clk/X (sky130_fd_sc_hd__clkbuf_16)
                                                         clknet_1_1__leaf_clk (net)
                      0.051388    0.001029    5.315347 ^ _1103_/CLK (sky130_fd_sc_hd__dfrtp_1)
                                 -0.250000    5.065347   clock uncertainty
                                  0.000000    5.065347   clock reconvergence pessimism
                                 -0.112984    4.952363   library setup time
                                              4.952363   data required time
---------------------------------------------------------------------------------------------
                                              4.952363   data required time
                                             -2.563576   data arrival time
---------------------------------------------------------------------------------------------
                                              2.388788   slack (MET)


Startpoint: _0796_ (rising edge-triggered flip-flop clocked by clk)
Endpoint: _1098_ (rising edge-triggered flip-flop clocked by clk)
Path Group: clk
Path Type: max

Fanout         Cap        Slew       Delay        Time   Description
---------------------------------------------------------------------------------------------
                                  0.000000    0.000000   clock clk (rise edge)
                                  0.000000    0.000000   clock source latency
     1    0.014365    0.070643    0.048350    0.048350 ^ clk (in)
                                                         clk (net)
                      0.070660    0.000000    0.048350 ^ clkbuf_0_clk/A (sky130_fd_sc_hd__clkbuf_16)
     2    0.017858    0.040034    0.132702    0.181052 ^ clkbuf_0_clk/X (sky130_fd_sc_hd__clkbuf_16)
                                                         clknet_0_clk (net)
                      0.040044    0.000421    0.181473 ^ clkbuf_1_1__f_clk/A (sky130_fd_sc_hd__clkbuf_16)
    10    0.030453    0.051381    0.132845    0.314318 ^ clkbuf_1_1__f_clk/X (sky130_fd_sc_hd__clkbuf_16)
                                                         clknet_1_1__leaf_clk (net)
                      0.051384    0.000718    0.315037 ^ _0796_/CLK (sky130_fd_sc_hd__dfrtp_1)
     5    0.015152    0.092919    0.414751    0.729787 v _0796_/Q (sky130_fd_sc_hd__dfrtp_1)
                                                         current_state[1] (net)
                      0.092920    0.000472    0.730260 v fanout245/A (sky130_fd_sc_hd__buf_6)
     5    0.015838    0.030161    0.143336    0.873595 v fanout245/X (sky130_fd_sc_hd__buf_6)
                                                         net245 (net)
                      0.030163    0.000310    0.873906 v _0438_/B (sky130_fd_sc_hd__or4b_4)
     3    0.024775    0.118936    0.563966    1.437872 v _0438_/X (sky130_fd_sc_hd__or4b_4)
                                                         _0125_ (net)
                      0.118936    0.000764    1.438635 v rebuffer1/A (sky130_fd_sc_hd__dlygate4sd1_1)
     4    0.011213    0.066605    0.295720    1.734356 v rebuffer1/X (sky130_fd_sc_hd__dlygate4sd1_1)
                                                         net183 (net)
                      0.066605    0.000228    1.734584 v _0738_/A (sky130_fd_sc_hd__nand2_1)
     5    0.017738    0.170390    0.155768    1.890351 ^ _0738_/Y (sky130_fd_sc_hd__nand2_1)
                                                         _0344_ (net)
                      0.170391    0.000369    1.890720 ^ _0740_/B1 (sky130_fd_sc_hd__o221a_2)
     7    0.022036    0.136245    0.292848    2.183569 ^ _0740_/X (sky130_fd_sc_hd__o221a_2)
                                                         _0346_ (net)
                      0.136248    0.000880    2.184449 ^ _0744_/S (sky130_fd_sc_hd__mux2_1)
     1    0.004028    0.061744    0.341883    2.526332 v _0744_/X (sky130_fd_sc_hd__mux2_1)
                                                         _0083_ (net)
                      0.061744    0.000121    2.526453 v _1098_/D (sky130_fd_sc_hd__dfrtp_1)
                                              2.526453   data arrival time

                                  5.000000    5.000000   clock clk (rise edge)
                                  0.000000    5.000000   clock source latency
     1    0.014365    0.070643    0.048350    5.048350 ^ clk (in)
                                                         clk (net)
                      0.070660    0.000000    5.048350 ^ clkbuf_0_clk/A (sky130_fd_sc_hd__clkbuf_16)
     2    0.017858    0.040034    0.132702    5.181052 ^ clkbuf_0_clk/X (sky130_fd_sc_hd__clkbuf_16)
                                                         clknet_0_clk (net)
                      0.040044    0.000414    5.181466 ^ clkbuf_1_0__f_clk/A (sky130_fd_sc_hd__clkbuf_16)
    10    0.028045    0.049309    0.131013    5.312479 ^ clkbuf_1_0__f_clk/X (sky130_fd_sc_hd__clkbuf_16)
                                                         clknet_1_0__leaf_clk (net)
                      0.049315    0.000978    5.313457 ^ _1098_/CLK (sky130_fd_sc_hd__dfrtp_1)
                                 -0.250000    5.063457   clock uncertainty
                                  0.000000    5.063457   clock reconvergence pessimism
                                 -0.120590    4.942866   library setup time
                                              4.942866   data required time
---------------------------------------------------------------------------------------------
                                              4.942866   data required time
                                             -2.526453   data arrival time
---------------------------------------------------------------------------------------------
                                              2.416413   slack (MET)


Startpoint: _0796_ (rising edge-triggered flip-flop clocked by clk)
Endpoint: _1102_ (rising edge-triggered flip-flop clocked by clk)
Path Group: clk
Path Type: max

Fanout         Cap        Slew       Delay        Time   Description
---------------------------------------------------------------------------------------------
                                  0.000000    0.000000   clock clk (rise edge)
                                  0.000000    0.000000   clock source latency
     1    0.014365    0.070643    0.048350    0.048350 ^ clk (in)
                                                         clk (net)
                      0.070660    0.000000    0.048350 ^ clkbuf_0_clk/A (sky130_fd_sc_hd__clkbuf_16)
     2    0.017858    0.040034    0.132702    0.181052 ^ clkbuf_0_clk/X (sky130_fd_sc_hd__clkbuf_16)
                                                         clknet_0_clk (net)
                      0.040044    0.000421    0.181473 ^ clkbuf_1_1__f_clk/A (sky130_fd_sc_hd__clkbuf_16)
    10    0.030453    0.051381    0.132845    0.314318 ^ clkbuf_1_1__f_clk/X (sky130_fd_sc_hd__clkbuf_16)
                                                         clknet_1_1__leaf_clk (net)
                      0.051384    0.000718    0.315037 ^ _0796_/CLK (sky130_fd_sc_hd__dfrtp_1)
     5    0.015152    0.092919    0.414751    0.729787 v _0796_/Q (sky130_fd_sc_hd__dfrtp_1)
                                                         current_state[1] (net)
                      0.092919    0.000226    0.730014 v rebuffer8/A (sky130_fd_sc_hd__dlymetal6s2s_1)
     1    0.002763    0.038020    0.154383    0.884396 v rebuffer8/X (sky130_fd_sc_hd__dlymetal6s2s_1)
                                                         net256 (net)
                      0.038020    0.000066    0.884462 v rebuffer7/A (sky130_fd_sc_hd__dlygate4sd1_1)
     1    0.003796    0.035830    0.228153    1.112615 v rebuffer7/X (sky130_fd_sc_hd__dlygate4sd1_1)
                                                         net255 (net)
                      0.035832    0.000137    1.112752 v rebuffer4/A (sky130_fd_sc_hd__dlygate4sd1_1)
     2    0.004365    0.038105    0.229810    1.342562 v rebuffer4/X (sky130_fd_sc_hd__dlygate4sd1_1)
                                                         net252 (net)
                      0.038105    0.000070    1.342632 v _0676_/C (sky130_fd_sc_hd__and4bb_1)
     4    0.017328    0.101382    0.244130    1.586761 v _0676_/X (sky130_fd_sc_hd__and4bb_1)
                                                         net89 (net)
                      0.101384    0.000519    1.587281 v _0714_/A3 (sky130_fd_sc_hd__o32a_1)
     1    0.005255    0.062940    0.314692    1.901972 v _0714_/X (sky130_fd_sc_hd__o32a_1)
                                                         _0324_ (net)
                      0.062940    0.000121    1.902093 v _0715_/B1 (sky130_fd_sc_hd__o211a_4)
     6    0.023621    0.062512    0.171293    2.073385 v _0715_/X (sky130_fd_sc_hd__o211a_4)
                                                         _0325_ (net)
                      0.062533    0.001050    2.074435 v _0761_/B1 (sky130_fd_sc_hd__o41a_4)
     5    0.016529    0.084284    0.130037    2.204472 v _0761_/X (sky130_fd_sc_hd__o41a_4)
                                                         _0363_ (net)
                      0.084284    0.000542    2.205014 v _0764_/S (sky130_fd_sc_hd__mux2_1)
     1    0.003254    0.057874    0.322015    2.527029 v _0764_/X (sky130_fd_sc_hd__mux2_1)
                                                         _0087_ (net)
                      0.057874    0.000083    2.527112 v _1102_/D (sky130_fd_sc_hd__dfrtp_1)
                                              2.527112   data arrival time

                                  5.000000    5.000000   clock clk (rise edge)
                                  0.000000    5.000000   clock source latency
     1    0.014365    0.070643    0.048350    5.048350 ^ clk (in)
                                                         clk (net)
                      0.070660    0.000000    5.048350 ^ clkbuf_0_clk/A (sky130_fd_sc_hd__clkbuf_16)
     2    0.017858    0.040034    0.132702    5.181052 ^ clkbuf_0_clk/X (sky130_fd_sc_hd__clkbuf_16)
                                                         clknet_0_clk (net)
                      0.040044    0.000421    5.181474 ^ clkbuf_1_1__f_clk/A (sky130_fd_sc_hd__clkbuf_16)
    10    0.030453    0.051381    0.132845    5.314319 ^ clkbuf_1_1__f_clk/X (sky130_fd_sc_hd__clkbuf_16)
                                                         clknet_1_1__leaf_clk (net)
                      0.051387    0.000947    5.315265 ^ _1102_/CLK (sky130_fd_sc_hd__dfrtp_1)
                                 -0.250000    5.065265   clock uncertainty
                                  0.000000    5.065265   clock reconvergence pessimism
                                 -0.118427    4.946838   library setup time
                                              4.946838   data required time
---------------------------------------------------------------------------------------------
                                              4.946838   data required time
                                             -2.527112   data arrival time
---------------------------------------------------------------------------------------------
                                              2.419726   slack (MET)


Startpoint: _0796_ (rising edge-triggered flip-flop clocked by clk)
Endpoint: _1100_ (rising edge-triggered flip-flop clocked by clk)
Path Group: clk
Path Type: max

Fanout         Cap        Slew       Delay        Time   Description
---------------------------------------------------------------------------------------------
                                  0.000000    0.000000   clock clk (rise edge)
                                  0.000000    0.000000   clock source latency
     1    0.014365    0.070643    0.048350    0.048350 ^ clk (in)
                                                         clk (net)
                      0.070660    0.000000    0.048350 ^ clkbuf_0_clk/A (sky130_fd_sc_hd__clkbuf_16)
     2    0.017858    0.040034    0.132702    0.181052 ^ clkbuf_0_clk/X (sky130_fd_sc_hd__clkbuf_16)
                                                         clknet_0_clk (net)
                      0.040044    0.000421    0.181473 ^ clkbuf_1_1__f_clk/A (sky130_fd_sc_hd__clkbuf_16)
    10    0.030453    0.051381    0.132845    0.314318 ^ clkbuf_1_1__f_clk/X (sky130_fd_sc_hd__clkbuf_16)
                                                         clknet_1_1__leaf_clk (net)
                      0.051384    0.000718    0.315037 ^ _0796_/CLK (sky130_fd_sc_hd__dfrtp_1)
     5    0.015152    0.092919    0.414751    0.729787 v _0796_/Q (sky130_fd_sc_hd__dfrtp_1)
                                                         current_state[1] (net)
                      0.092920    0.000472    0.730260 v fanout245/A (sky130_fd_sc_hd__buf_6)
     5    0.015838    0.030161    0.143336    0.873595 v fanout245/X (sky130_fd_sc_hd__buf_6)
                                                         net245 (net)
                      0.030163    0.000310    0.873906 v _0438_/B (sky130_fd_sc_hd__or4b_4)
     3    0.024775    0.118936    0.563966    1.437872 v _0438_/X (sky130_fd_sc_hd__or4b_4)
                                                         _0125_ (net)
                      0.118936    0.000764    1.438635 v rebuffer1/A (sky130_fd_sc_hd__dlygate4sd1_1)
     4    0.011213    0.066605    0.295720    1.734356 v rebuffer1/X (sky130_fd_sc_hd__dlygate4sd1_1)
                                                         net183 (net)
                      0.066605    0.000228    1.734584 v _0738_/A (sky130_fd_sc_hd__nand2_1)
     5    0.017738    0.170390    0.155768    1.890351 ^ _0738_/Y (sky130_fd_sc_hd__nand2_1)
                                                         _0344_ (net)
                      0.170391    0.000369    1.890720 ^ _0740_/B1 (sky130_fd_sc_hd__o221a_2)
     7    0.022036    0.136245    0.292848    2.183569 ^ _0740_/X (sky130_fd_sc_hd__o221a_2)
                                                         _0346_ (net)
                      0.136247    0.000763    2.184332 ^ _0745_/B1 (sky130_fd_sc_hd__o21ai_1)
     1    0.003950    0.061384    0.091110    2.275442 v _0745_/Y (sky130_fd_sc_hd__o21ai_1)
                                                         _0350_ (net)
                      0.061384    0.000140    2.275582 v _0754_/A2 (sky130_fd_sc_hd__a22o_1)
     1    0.005027    0.050227    0.241888    2.517469 v _0754_/X (sky130_fd_sc_hd__a22o_1)
                                                         _0085_ (net)
                      0.050227    0.000208    2.517678 v _1100_/D (sky130_fd_sc_hd__dfrtp_1)
                                              2.517678   data arrival time

                                  5.000000    5.000000   clock clk (rise edge)
                                  0.000000    5.000000   clock source latency
     1    0.014365    0.070643    0.048350    5.048350 ^ clk (in)
                                                         clk (net)
                      0.070660    0.000000    5.048350 ^ clkbuf_0_clk/A (sky130_fd_sc_hd__clkbuf_16)
     2    0.017858    0.040034    0.132702    5.181052 ^ clkbuf_0_clk/X (sky130_fd_sc_hd__clkbuf_16)
                                                         clknet_0_clk (net)
                      0.040044    0.000414    5.181466 ^ clkbuf_1_0__f_clk/A (sky130_fd_sc_hd__clkbuf_16)
    10    0.028045    0.049309    0.131013    5.312479 ^ clkbuf_1_0__f_clk/X (sky130_fd_sc_hd__clkbuf_16)
                                                         clknet_1_0__leaf_clk (net)
                      0.049314    0.000943    5.313422 ^ _1100_/CLK (sky130_fd_sc_hd__dfrtp_1)
                                 -0.250000    5.063422   clock uncertainty
                                  0.000000    5.063422   clock reconvergence pessimism
                                 -0.115566    4.947855   library setup time
                                              4.947855   data required time
---------------------------------------------------------------------------------------------
                                              4.947855   data required time
                                             -2.517678   data arrival time
---------------------------------------------------------------------------------------------
                                              2.430178   slack (MET)


Startpoint: _0796_ (rising edge-triggered flip-flop clocked by clk)
Endpoint: _0802_ (rising edge-triggered flip-flop clocked by clk)
Path Group: clk
Path Type: max

Fanout         Cap        Slew       Delay        Time   Description
---------------------------------------------------------------------------------------------
                                  0.000000    0.000000   clock clk (rise edge)
                                  0.000000    0.000000   clock source latency
     1    0.014365    0.070643    0.048350    0.048350 ^ clk (in)
                                                         clk (net)
                      0.070660    0.000000    0.048350 ^ clkbuf_0_clk/A (sky130_fd_sc_hd__clkbuf_16)
     2    0.017858    0.040034    0.132702    0.181052 ^ clkbuf_0_clk/X (sky130_fd_sc_hd__clkbuf_16)
                                                         clknet_0_clk (net)
                      0.040044    0.000421    0.181473 ^ clkbuf_1_1__f_clk/A (sky130_fd_sc_hd__clkbuf_16)
    10    0.030453    0.051381    0.132845    0.314318 ^ clkbuf_1_1__f_clk/X (sky130_fd_sc_hd__clkbuf_16)
                                                         clknet_1_1__leaf_clk (net)
                      0.051384    0.000718    0.315037 ^ _0796_/CLK (sky130_fd_sc_hd__dfrtp_1)
     5    0.015152    0.092919    0.414751    0.729787 v _0796_/Q (sky130_fd_sc_hd__dfrtp_1)
                                                         current_state[1] (net)
                      0.092920    0.000472    0.730260 v fanout245/A (sky130_fd_sc_hd__buf_6)
     5    0.015838    0.030161    0.143336    0.873595 v fanout245/X (sky130_fd_sc_hd__buf_6)
                                                         net245 (net)
                      0.030163    0.000310    0.873906 v _0438_/B (sky130_fd_sc_hd__or4b_4)
     3    0.024775    0.118936    0.563966    1.437872 v _0438_/X (sky130_fd_sc_hd__or4b_4)
                                                         _0125_ (net)
                      0.118936    0.000764    1.438635 v rebuffer1/A (sky130_fd_sc_hd__dlygate4sd1_1)
     4    0.011213    0.066605    0.295720    1.734356 v rebuffer1/X (sky130_fd_sc_hd__dlygate4sd1_1)
                                                         net183 (net)
                      0.066605    0.000217    1.734572 v rebuffer2/A (sky130_fd_sc_hd__dlygate4sd1_1)
     1    0.003458    0.034514    0.239055    1.973628 v rebuffer2/X (sky130_fd_sc_hd__dlygate4sd1_1)
                                                         net250 (net)
                      0.034514    0.000089    1.973716 v _0444_/A (sky130_fd_sc_hd__nand2_1)
     2    0.006354    0.075250    0.071671    2.045388 ^ _0444_/Y (sky130_fd_sc_hd__nand2_1)
                                                         _0130_ (net)
                      0.075250    0.000094    2.045482 ^ _0734_/A1_N (sky130_fd_sc_hd__a2bb2o_1)
     1    0.004245    0.057620    0.292663    2.338145 v _0734_/X (sky130_fd_sc_hd__a2bb2o_1)
                                                         _0341_ (net)
                      0.057620    0.000156    2.338300 v _0735_/B1 (sky130_fd_sc_hd__a22o_1)
     1    0.002763    0.039852    0.177326    2.515627 v _0735_/X (sky130_fd_sc_hd__a22o_1)
                                                         _0082_ (net)
                      0.039852    0.000064    2.515691 v _0802_/D (sky130_fd_sc_hd__dfrtp_1)
                                              2.515691   data arrival time

                                  5.000000    5.000000   clock clk (rise edge)
                                  0.000000    5.000000   clock source latency
     1    0.014365    0.070643    0.048350    5.048350 ^ clk (in)
                                                         clk (net)
                      0.070660    0.000000    5.048350 ^ clkbuf_0_clk/A (sky130_fd_sc_hd__clkbuf_16)
     2    0.017858    0.040034    0.132702    5.181052 ^ clkbuf_0_clk/X (sky130_fd_sc_hd__clkbuf_16)
                                                         clknet_0_clk (net)
                      0.040044    0.000421    5.181474 ^ clkbuf_1_1__f_clk/A (sky130_fd_sc_hd__clkbuf_16)
    10    0.030453    0.051381    0.132845    5.314319 ^ clkbuf_1_1__f_clk/X (sky130_fd_sc_hd__clkbuf_16)
                                                         clknet_1_1__leaf_clk (net)
                      0.051384    0.000696    5.315015 ^ _0802_/CLK (sky130_fd_sc_hd__dfrtp_1)
                                 -0.250000    5.065015   clock uncertainty
                                  0.000000    5.065015   clock reconvergence pessimism
                                 -0.110567    4.954447   library setup time
                                              4.954447   data required time
---------------------------------------------------------------------------------------------
                                              4.954447   data required time
                                             -2.515691   data arrival time
---------------------------------------------------------------------------------------------
                                              2.438756   slack (MET)


Startpoint: _0796_ (rising edge-triggered flip-flop clocked by clk)
Endpoint: _0796_ (rising edge-triggered flip-flop clocked by clk)
Path Group: clk
Path Type: max

Fanout         Cap        Slew       Delay        Time   Description
---------------------------------------------------------------------------------------------
                                  0.000000    0.000000   clock clk (rise edge)
                                  0.000000    0.000000   clock source latency
     1    0.014365    0.070643    0.048350    0.048350 ^ clk (in)
                                                         clk (net)
                      0.070660    0.000000    0.048350 ^ clkbuf_0_clk/A (sky130_fd_sc_hd__clkbuf_16)
     2    0.017858    0.040034    0.132702    0.181052 ^ clkbuf_0_clk/X (sky130_fd_sc_hd__clkbuf_16)
                                                         clknet_0_clk (net)
                      0.040044    0.000421    0.181473 ^ clkbuf_1_1__f_clk/A (sky130_fd_sc_hd__clkbuf_16)
    10    0.030453    0.051381    0.132845    0.314318 ^ clkbuf_1_1__f_clk/X (sky130_fd_sc_hd__clkbuf_16)
                                                         clknet_1_1__leaf_clk (net)
                      0.051384    0.000718    0.315037 ^ _0796_/CLK (sky130_fd_sc_hd__dfrtp_1)
     5    0.015152    0.092919    0.414751    0.729787 v _0796_/Q (sky130_fd_sc_hd__dfrtp_1)
                                                         current_state[1] (net)
                      0.092919    0.000226    0.730014 v rebuffer8/A (sky130_fd_sc_hd__dlymetal6s2s_1)
     1    0.002763    0.038020    0.154383    0.884396 v rebuffer8/X (sky130_fd_sc_hd__dlymetal6s2s_1)
                                                         net256 (net)
                      0.038020    0.000066    0.884462 v rebuffer7/A (sky130_fd_sc_hd__dlygate4sd1_1)
     1    0.003796    0.035830    0.228153    1.112615 v rebuffer7/X (sky130_fd_sc_hd__dlygate4sd1_1)
                                                         net255 (net)
                      0.035832    0.000137    1.112752 v rebuffer4/A (sky130_fd_sc_hd__dlygate4sd1_1)
     2    0.004365    0.038105    0.229810    1.342562 v rebuffer4/X (sky130_fd_sc_hd__dlygate4sd1_1)
                                                         net252 (net)
                      0.038105    0.000070    1.342632 v _0676_/C (sky130_fd_sc_hd__and4bb_1)
     4    0.017328    0.101382    0.244130    1.586761 v _0676_/X (sky130_fd_sc_hd__and4bb_1)
                                                         net89 (net)
                      0.101388    0.000849    1.587610 v _0687_/B (sky130_fd_sc_hd__nand2_2)
     3    0.011151    0.076661    0.111803    1.699413 ^ _0687_/Y (sky130_fd_sc_hd__nand2_2)
                                                         _0303_ (net)
                      0.076662    0.000374    1.699788 ^ _0701_/B1 (sky130_fd_sc_hd__o311a_1)
     1    0.003495    0.055688    0.164769    1.864557 ^ _0701_/X (sky130_fd_sc_hd__o311a_1)
                                                         _0314_ (net)
                      0.055690    0.000089    1.864646 ^ _0702_/B1 (sky130_fd_sc_hd__o31ai_1)
     2    0.007208    0.077709    0.087818    1.952464 v _0702_/Y (sky130_fd_sc_hd__o31ai_1)
                                                         _0315_ (net)
                      0.077709    0.000182    1.952646 v _0707_/A (sky130_fd_sc_hd__or4b_4)
     1    0.003589    0.081094    0.534160    2.486806 v _0707_/X (sky130_fd_sc_hd__or4b_4)
                                                         _0076_ (net)
                      0.081095    0.000123    2.486929 v _0796_/D (sky130_fd_sc_hd__dfrtp_1)
                                              2.486929   data arrival time

                                  5.000000    5.000000   clock clk (rise edge)
                                  0.000000    5.000000   clock source latency
     1    0.014365    0.070643    0.048350    5.048350 ^ clk (in)
                                                         clk (net)
                      0.070660    0.000000    5.048350 ^ clkbuf_0_clk/A (sky130_fd_sc_hd__clkbuf_16)
     2    0.017858    0.040034    0.132702    5.181052 ^ clkbuf_0_clk/X (sky130_fd_sc_hd__clkbuf_16)
                                                         clknet_0_clk (net)
                      0.040044    0.000421    5.181474 ^ clkbuf_1_1__f_clk/A (sky130_fd_sc_hd__clkbuf_16)
    10    0.030453    0.051381    0.132845    5.314319 ^ clkbuf_1_1__f_clk/X (sky130_fd_sc_hd__clkbuf_16)
                                                         clknet_1_1__leaf_clk (net)
                      0.051384    0.000718    5.315037 ^ _0796_/CLK (sky130_fd_sc_hd__dfrtp_1)
                                 -0.250000    5.065036   clock uncertainty
                                  0.000000    5.065036   clock reconvergence pessimism
                                 -0.128555    4.936481   library setup time
                                              4.936481   data required time
---------------------------------------------------------------------------------------------
                                              4.936481   data required time
                                             -2.486929   data arrival time
---------------------------------------------------------------------------------------------
                                              2.449552   slack (MET)


Startpoint: _0796_ (rising edge-triggered flip-flop clocked by clk)
Endpoint: _0797_ (rising edge-triggered flip-flop clocked by clk)
Path Group: clk
Path Type: max

Fanout         Cap        Slew       Delay        Time   Description
---------------------------------------------------------------------------------------------
                                  0.000000    0.000000   clock clk (rise edge)
                                  0.000000    0.000000   clock source latency
     1    0.014365    0.070643    0.048350    0.048350 ^ clk (in)
                                                         clk (net)
                      0.070660    0.000000    0.048350 ^ clkbuf_0_clk/A (sky130_fd_sc_hd__clkbuf_16)
     2    0.017858    0.040034    0.132702    0.181052 ^ clkbuf_0_clk/X (sky130_fd_sc_hd__clkbuf_16)
                                                         clknet_0_clk (net)
                      0.040044    0.000421    0.181473 ^ clkbuf_1_1__f_clk/A (sky130_fd_sc_hd__clkbuf_16)
    10    0.030453    0.051381    0.132845    0.314318 ^ clkbuf_1_1__f_clk/X (sky130_fd_sc_hd__clkbuf_16)
                                                         clknet_1_1__leaf_clk (net)
                      0.051384    0.000718    0.315037 ^ _0796_/CLK (sky130_fd_sc_hd__dfrtp_1)
     5    0.015152    0.092919    0.414751    0.729787 v _0796_/Q (sky130_fd_sc_hd__dfrtp_1)
                                                         current_state[1] (net)
                      0.092919    0.000226    0.730014 v rebuffer8/A (sky130_fd_sc_hd__dlymetal6s2s_1)
     1    0.002763    0.038020    0.154383    0.884396 v rebuffer8/X (sky130_fd_sc_hd__dlymetal6s2s_1)
                                                         net256 (net)
                      0.038020    0.000066    0.884462 v rebuffer7/A (sky130_fd_sc_hd__dlygate4sd1_1)
     1    0.003796    0.035830    0.228153    1.112615 v rebuffer7/X (sky130_fd_sc_hd__dlygate4sd1_1)
                                                         net255 (net)
                      0.035832    0.000137    1.112752 v rebuffer4/A (sky130_fd_sc_hd__dlygate4sd1_1)
     2    0.004365    0.038105    0.229810    1.342562 v rebuffer4/X (sky130_fd_sc_hd__dlygate4sd1_1)
                                                         net252 (net)
                      0.038105    0.000070    1.342632 v _0676_/C (sky130_fd_sc_hd__and4bb_1)
     4    0.017328    0.101382    0.244130    1.586761 v _0676_/X (sky130_fd_sc_hd__and4bb_1)
                                                         net89 (net)
                      0.101388    0.000849    1.587610 v _0687_/B (sky130_fd_sc_hd__nand2_2)
     3    0.011151    0.076661    0.111803    1.699413 ^ _0687_/Y (sky130_fd_sc_hd__nand2_2)
                                                         _0303_ (net)
                      0.076662    0.000374    1.699788 ^ _0701_/B1 (sky130_fd_sc_hd__o311a_1)
     1    0.003495    0.055688    0.164769    1.864557 ^ _0701_/X (sky130_fd_sc_hd__o311a_1)
                                                         _0314_ (net)
                      0.055690    0.000089    1.864646 ^ _0702_/B1 (sky130_fd_sc_hd__o31ai_1)
     2    0.007208    0.077709    0.087818    1.952464 v _0702_/Y (sky130_fd_sc_hd__o31ai_1)
                                                         _0315_ (net)
                      0.077709    0.000118    1.952583 v _0709_/B (sky130_fd_sc_hd__or4b_4)
     1    0.003188    0.080141    0.511405    2.463988 v _0709_/X (sky130_fd_sc_hd__or4b_4)
                                                         _0077_ (net)
                      0.080141    0.000108    2.464096 v _0797_/D (sky130_fd_sc_hd__dfrtp_1)
                                              2.464096   data arrival time

                                  5.000000    5.000000   clock clk (rise edge)
                                  0.000000    5.000000   clock source latency
     1    0.014365    0.070643    0.048350    5.048350 ^ clk (in)
                                                         clk (net)
                      0.070660    0.000000    5.048350 ^ clkbuf_0_clk/A (sky130_fd_sc_hd__clkbuf_16)
     2    0.017858    0.040034    0.132702    5.181052 ^ clkbuf_0_clk/X (sky130_fd_sc_hd__clkbuf_16)
                                                         clknet_0_clk (net)
                      0.040044    0.000421    5.181474 ^ clkbuf_1_1__f_clk/A (sky130_fd_sc_hd__clkbuf_16)
    10    0.030453    0.051381    0.132845    5.314319 ^ clkbuf_1_1__f_clk/X (sky130_fd_sc_hd__clkbuf_16)
                                                         clknet_1_1__leaf_clk (net)
                      0.051385    0.000774    5.315093 ^ _0797_/CLK (sky130_fd_sc_hd__dfrtp_1)
                                 -0.250000    5.065093   clock uncertainty
                                  0.000000    5.065093   clock reconvergence pessimism
                                 -0.128139    4.936954   library setup time
                                              4.936954   data required time
---------------------------------------------------------------------------------------------
                                              4.936954   data required time
                                             -2.464096   data arrival time
---------------------------------------------------------------------------------------------
                                              2.472858   slack (MET)


Startpoint: _0796_ (rising edge-triggered flip-flop clocked by clk)
Endpoint: _1104_ (rising edge-triggered flip-flop clocked by clk)
Path Group: clk
Path Type: max

Fanout         Cap        Slew       Delay        Time   Description
---------------------------------------------------------------------------------------------
                                  0.000000    0.000000   clock clk (rise edge)
                                  0.000000    0.000000   clock source latency
     1    0.014365    0.070643    0.048350    0.048350 ^ clk (in)
                                                         clk (net)
                      0.070660    0.000000    0.048350 ^ clkbuf_0_clk/A (sky130_fd_sc_hd__clkbuf_16)
     2    0.017858    0.040034    0.132702    0.181052 ^ clkbuf_0_clk/X (sky130_fd_sc_hd__clkbuf_16)
                                                         clknet_0_clk (net)
                      0.040044    0.000421    0.181473 ^ clkbuf_1_1__f_clk/A (sky130_fd_sc_hd__clkbuf_16)
    10    0.030453    0.051381    0.132845    0.314318 ^ clkbuf_1_1__f_clk/X (sky130_fd_sc_hd__clkbuf_16)
                                                         clknet_1_1__leaf_clk (net)
                      0.051384    0.000718    0.315037 ^ _0796_/CLK (sky130_fd_sc_hd__dfrtp_1)
     5    0.015152    0.092919    0.414751    0.729787 v _0796_/Q (sky130_fd_sc_hd__dfrtp_1)
                                                         current_state[1] (net)
                      0.092919    0.000226    0.730014 v rebuffer8/A (sky130_fd_sc_hd__dlymetal6s2s_1)
     1    0.002763    0.038020    0.154383    0.884396 v rebuffer8/X (sky130_fd_sc_hd__dlymetal6s2s_1)
                                                         net256 (net)
                      0.038020    0.000066    0.884462 v rebuffer7/A (sky130_fd_sc_hd__dlygate4sd1_1)
     1    0.003796    0.035830    0.228153    1.112615 v rebuffer7/X (sky130_fd_sc_hd__dlygate4sd1_1)
                                                         net255 (net)
                      0.035832    0.000137    1.112752 v rebuffer4/A (sky130_fd_sc_hd__dlygate4sd1_1)
     2    0.004365    0.038105    0.229810    1.342562 v rebuffer4/X (sky130_fd_sc_hd__dlygate4sd1_1)
                                                         net252 (net)
                      0.038105    0.000070    1.342632 v _0676_/C (sky130_fd_sc_hd__and4bb_1)
     4    0.017328    0.101382    0.244130    1.586761 v _0676_/X (sky130_fd_sc_hd__and4bb_1)
                                                         net89 (net)
                      0.101386    0.000713    1.587474 v _0712_/A2_N (sky130_fd_sc_hd__o2bb2a_4)
     2    0.009810    0.048533    0.222900    1.810374 ^ _0712_/X (sky130_fd_sc_hd__o2bb2a_4)
                                                         _0322_ (net)
                      0.048533    0.000258    1.810633 ^ _0715_/C1 (sky130_fd_sc_hd__o211a_4)
     6    0.025087    0.093001    0.187537    1.998169 ^ _0715_/X (sky130_fd_sc_hd__o211a_4)
                                                         _0325_ (net)
                      0.093014    0.001116    1.999285 ^ _0761_/B1 (sky130_fd_sc_hd__o41a_4)
     5    0.017651    0.071371    0.182147    2.181432 ^ _0761_/X (sky130_fd_sc_hd__o41a_4)
                                                         _0363_ (net)
                      0.071373    0.000515    2.181947 ^ _0766_/A (sky130_fd_sc_hd__nand2_1)
     1    0.004439    0.044145    0.060746    2.242693 v _0766_/Y (sky130_fd_sc_hd__nand2_1)
                                                         _0367_ (net)
                      0.044145    0.000171    2.242864 v _0772_/A2 (sky130_fd_sc_hd__a22o_1)
     1    0.004394    0.047417    0.231393    2.474257 v _0772_/X (sky130_fd_sc_hd__a22o_1)
                                                         _0089_ (net)
                      0.047417    0.000177    2.474434 v _1104_/D (sky130_fd_sc_hd__dfrtp_1)
                                              2.474434   data arrival time

                                  5.000000    5.000000   clock clk (rise edge)
                                  0.000000    5.000000   clock source latency
     1    0.014365    0.070643    0.048350    5.048350 ^ clk (in)
                                                         clk (net)
                      0.070660    0.000000    5.048350 ^ clkbuf_0_clk/A (sky130_fd_sc_hd__clkbuf_16)
     2    0.017858    0.040034    0.132702    5.181052 ^ clkbuf_0_clk/X (sky130_fd_sc_hd__clkbuf_16)
                                                         clknet_0_clk (net)
                      0.040044    0.000421    5.181474 ^ clkbuf_1_1__f_clk/A (sky130_fd_sc_hd__clkbuf_16)
    10    0.030453    0.051381    0.132845    5.314319 ^ clkbuf_1_1__f_clk/X (sky130_fd_sc_hd__clkbuf_16)
                                                         clknet_1_1__leaf_clk (net)
                      0.051387    0.001014    5.315333 ^ _1104_/CLK (sky130_fd_sc_hd__dfrtp_1)
                                 -0.250000    5.065333   clock uncertainty
                                  0.000000    5.065333   clock reconvergence pessimism
                                 -0.113866    4.951467   library setup time
                                              4.951467   data required time
---------------------------------------------------------------------------------------------
                                              4.951467   data required time
                                             -2.474434   data arrival time
---------------------------------------------------------------------------------------------
                                              2.477032   slack (MET)


Startpoint: _0796_ (rising edge-triggered flip-flop clocked by clk)
Endpoint: _0799_ (rising edge-triggered flip-flop clocked by clk)
Path Group: clk
Path Type: max

Fanout         Cap        Slew       Delay        Time   Description
---------------------------------------------------------------------------------------------
                                  0.000000    0.000000   clock clk (rise edge)
                                  0.000000    0.000000   clock source latency
     1    0.014365    0.070643    0.048350    0.048350 ^ clk (in)
                                                         clk (net)
                      0.070660    0.000000    0.048350 ^ clkbuf_0_clk/A (sky130_fd_sc_hd__clkbuf_16)
     2    0.017858    0.040034    0.132702    0.181052 ^ clkbuf_0_clk/X (sky130_fd_sc_hd__clkbuf_16)
                                                         clknet_0_clk (net)
                      0.040044    0.000421    0.181473 ^ clkbuf_1_1__f_clk/A (sky130_fd_sc_hd__clkbuf_16)
    10    0.030453    0.051381    0.132845    0.314318 ^ clkbuf_1_1__f_clk/X (sky130_fd_sc_hd__clkbuf_16)
                                                         clknet_1_1__leaf_clk (net)
                      0.051384    0.000718    0.315037 ^ _0796_/CLK (sky130_fd_sc_hd__dfrtp_1)
     5    0.015152    0.092919    0.414751    0.729787 v _0796_/Q (sky130_fd_sc_hd__dfrtp_1)
                                                         current_state[1] (net)
                      0.092920    0.000472    0.730260 v fanout245/A (sky130_fd_sc_hd__buf_6)
     5    0.015838    0.030161    0.143336    0.873595 v fanout245/X (sky130_fd_sc_hd__buf_6)
                                                         net245 (net)
                      0.030163    0.000310    0.873906 v _0438_/B (sky130_fd_sc_hd__or4b_4)
     3    0.024775    0.118936    0.563966    1.437872 v _0438_/X (sky130_fd_sc_hd__or4b_4)
                                                         _0125_ (net)
                      0.118936    0.000764    1.438635 v rebuffer1/A (sky130_fd_sc_hd__dlygate4sd1_1)
     4    0.011213    0.066605    0.295720    1.734356 v rebuffer1/X (sky130_fd_sc_hd__dlygate4sd1_1)
                                                         net183 (net)
                      0.066605    0.000217    1.734572 v rebuffer2/A (sky130_fd_sc_hd__dlygate4sd1_1)
     1    0.003458    0.034514    0.239055    1.973628 v rebuffer2/X (sky130_fd_sc_hd__dlygate4sd1_1)
                                                         net250 (net)
                      0.034514    0.000089    1.973716 v _0444_/A (sky130_fd_sc_hd__nand2_1)
     2    0.006354    0.075250    0.071671    2.045388 ^ _0444_/Y (sky130_fd_sc_hd__nand2_1)
                                                         _0130_ (net)
                      0.075250    0.000163    2.045551 ^ _0717_/A2 (sky130_fd_sc_hd__o21ai_1)
     1    0.002726    0.055691    0.059533    2.105084 v _0717_/Y (sky130_fd_sc_hd__o21ai_1)
                                                         _0327_ (net)
                      0.055692    0.000064    2.105147 v _0718_/A1 (sky130_fd_sc_hd__mux2_1)
     1    0.002624    0.053975    0.288859    2.394006 v _0718_/X (sky130_fd_sc_hd__mux2_1)
                                                         _0079_ (net)
                      0.053975    0.000058    2.394064 v _0799_/D (sky130_fd_sc_hd__dfrtp_1)
                                              2.394064   data arrival time

                                  5.000000    5.000000   clock clk (rise edge)
                                  0.000000    5.000000   clock source latency
     1    0.014365    0.070643    0.048350    5.048350 ^ clk (in)
                                                         clk (net)
                      0.070660    0.000000    5.048350 ^ clkbuf_0_clk/A (sky130_fd_sc_hd__clkbuf_16)
     2    0.017858    0.040034    0.132702    5.181052 ^ clkbuf_0_clk/X (sky130_fd_sc_hd__clkbuf_16)
                                                         clknet_0_clk (net)
                      0.040044    0.000421    5.181474 ^ clkbuf_1_1__f_clk/A (sky130_fd_sc_hd__clkbuf_16)
    10    0.030453    0.051381    0.132845    5.314319 ^ clkbuf_1_1__f_clk/X (sky130_fd_sc_hd__clkbuf_16)
                                                         clknet_1_1__leaf_clk (net)
                      0.051386    0.000874    5.315193 ^ _0799_/CLK (sky130_fd_sc_hd__dfrtp_1)
                                 -0.250000    5.065193   clock uncertainty
                                  0.000000    5.065193   clock reconvergence pessimism
                                 -0.116727    4.948466   library setup time
                                              4.948466   data required time
---------------------------------------------------------------------------------------------
                                              4.948466   data required time
                                             -2.394064   data arrival time
---------------------------------------------------------------------------------------------
                                              2.554403   slack (MET)


Startpoint: _0796_ (rising edge-triggered flip-flop clocked by clk)
Endpoint: _0801_ (rising edge-triggered flip-flop clocked by clk)
Path Group: clk
Path Type: max

Fanout         Cap        Slew       Delay        Time   Description
---------------------------------------------------------------------------------------------
                                  0.000000    0.000000   clock clk (rise edge)
                                  0.000000    0.000000   clock source latency
     1    0.014365    0.070643    0.048350    0.048350 ^ clk (in)
                                                         clk (net)
                      0.070660    0.000000    0.048350 ^ clkbuf_0_clk/A (sky130_fd_sc_hd__clkbuf_16)
     2    0.017858    0.040034    0.132702    0.181052 ^ clkbuf_0_clk/X (sky130_fd_sc_hd__clkbuf_16)
                                                         clknet_0_clk (net)
                      0.040044    0.000421    0.181473 ^ clkbuf_1_1__f_clk/A (sky130_fd_sc_hd__clkbuf_16)
    10    0.030453    0.051381    0.132845    0.314318 ^ clkbuf_1_1__f_clk/X (sky130_fd_sc_hd__clkbuf_16)
                                                         clknet_1_1__leaf_clk (net)
                      0.051384    0.000718    0.315037 ^ _0796_/CLK (sky130_fd_sc_hd__dfrtp_1)
     5    0.015152    0.092919    0.414751    0.729787 v _0796_/Q (sky130_fd_sc_hd__dfrtp_1)
                                                         current_state[1] (net)
                      0.092919    0.000226    0.730014 v rebuffer8/A (sky130_fd_sc_hd__dlymetal6s2s_1)
     1    0.002763    0.038020    0.154383    0.884396 v rebuffer8/X (sky130_fd_sc_hd__dlymetal6s2s_1)
                                                         net256 (net)
                      0.038020    0.000066    0.884462 v rebuffer7/A (sky130_fd_sc_hd__dlygate4sd1_1)
     1    0.003796    0.035830    0.228153    1.112615 v rebuffer7/X (sky130_fd_sc_hd__dlygate4sd1_1)
                                                         net255 (net)
                      0.035832    0.000137    1.112752 v rebuffer4/A (sky130_fd_sc_hd__dlygate4sd1_1)
     2    0.004365    0.038105    0.229810    1.342562 v rebuffer4/X (sky130_fd_sc_hd__dlygate4sd1_1)
                                                         net252 (net)
                      0.038105    0.000070    1.342632 v _0676_/C (sky130_fd_sc_hd__and4bb_1)
     4    0.017328    0.101382    0.244130    1.586761 v _0676_/X (sky130_fd_sc_hd__and4bb_1)
                                                         net89 (net)
                      0.101384    0.000519    1.587281 v _0714_/A3 (sky130_fd_sc_hd__o32a_1)
     1    0.005255    0.062940    0.314692    1.901972 v _0714_/X (sky130_fd_sc_hd__o32a_1)
                                                         _0324_ (net)
                      0.062940    0.000121    1.902093 v _0715_/B1 (sky130_fd_sc_hd__o211a_4)
     6    0.023621    0.062512    0.171293    2.073385 v _0715_/X (sky130_fd_sc_hd__o211a_4)
                                                         _0325_ (net)
                      0.062527    0.000922    2.074307 v _0731_/S (sky130_fd_sc_hd__mux2_1)
     1    0.003022    0.056410    0.311988    2.386295 v _0731_/X (sky130_fd_sc_hd__mux2_1)
                                                         _0081_ (net)
                      0.056410    0.000096    2.386391 v _0801_/D (sky130_fd_sc_hd__dfrtp_1)
                                              2.386391   data arrival time

                                  5.000000    5.000000   clock clk (rise edge)
                                  0.000000    5.000000   clock source latency
     1    0.014365    0.070643    0.048350    5.048350 ^ clk (in)
                                                         clk (net)
                      0.070660    0.000000    5.048350 ^ clkbuf_0_clk/A (sky130_fd_sc_hd__clkbuf_16)
     2    0.017858    0.040034    0.132702    5.181052 ^ clkbuf_0_clk/X (sky130_fd_sc_hd__clkbuf_16)
                                                         clknet_0_clk (net)
                      0.040044    0.000421    5.181474 ^ clkbuf_1_1__f_clk/A (sky130_fd_sc_hd__clkbuf_16)
    10    0.030453    0.051381    0.132845    5.314319 ^ clkbuf_1_1__f_clk/X (sky130_fd_sc_hd__clkbuf_16)
                                                         clknet_1_1__leaf_clk (net)
                      0.051386    0.000905    5.315224 ^ _0801_/CLK (sky130_fd_sc_hd__dfrtp_1)
                                 -0.250000    5.065224   clock uncertainty
                                  0.000000    5.065224   clock reconvergence pessimism
                                 -0.117789    4.947434   library setup time
                                              4.947434   data required time
---------------------------------------------------------------------------------------------
                                              4.947434   data required time
                                             -2.386391   data arrival time
---------------------------------------------------------------------------------------------
                                              2.561043   slack (MET)


Startpoint: _0796_ (rising edge-triggered flip-flop clocked by clk)
Endpoint: _0800_ (rising edge-triggered flip-flop clocked by clk)
Path Group: clk
Path Type: max

Fanout         Cap        Slew       Delay        Time   Description
---------------------------------------------------------------------------------------------
                                  0.000000    0.000000   clock clk (rise edge)
                                  0.000000    0.000000   clock source latency
     1    0.014365    0.070643    0.048350    0.048350 ^ clk (in)
                                                         clk (net)
                      0.070660    0.000000    0.048350 ^ clkbuf_0_clk/A (sky130_fd_sc_hd__clkbuf_16)
     2    0.017858    0.040034    0.132702    0.181052 ^ clkbuf_0_clk/X (sky130_fd_sc_hd__clkbuf_16)
                                                         clknet_0_clk (net)
                      0.040044    0.000421    0.181473 ^ clkbuf_1_1__f_clk/A (sky130_fd_sc_hd__clkbuf_16)
    10    0.030453    0.051381    0.132845    0.314318 ^ clkbuf_1_1__f_clk/X (sky130_fd_sc_hd__clkbuf_16)
                                                         clknet_1_1__leaf_clk (net)
                      0.051384    0.000718    0.315037 ^ _0796_/CLK (sky130_fd_sc_hd__dfrtp_1)
     5    0.015152    0.092919    0.414751    0.729787 v _0796_/Q (sky130_fd_sc_hd__dfrtp_1)
                                                         current_state[1] (net)
                      0.092919    0.000226    0.730014 v rebuffer8/A (sky130_fd_sc_hd__dlymetal6s2s_1)
     1    0.002763    0.038020    0.154383    0.884396 v rebuffer8/X (sky130_fd_sc_hd__dlymetal6s2s_1)
                                                         net256 (net)
                      0.038020    0.000066    0.884462 v rebuffer7/A (sky130_fd_sc_hd__dlygate4sd1_1)
     1    0.003796    0.035830    0.228153    1.112615 v rebuffer7/X (sky130_fd_sc_hd__dlygate4sd1_1)
                                                         net255 (net)
                      0.035832    0.000137    1.112752 v rebuffer4/A (sky130_fd_sc_hd__dlygate4sd1_1)
     2    0.004365    0.038105    0.229810    1.342562 v rebuffer4/X (sky130_fd_sc_hd__dlygate4sd1_1)
                                                         net252 (net)
                      0.038105    0.000070    1.342632 v _0676_/C (sky130_fd_sc_hd__and4bb_1)
     4    0.017328    0.101382    0.244130    1.586761 v _0676_/X (sky130_fd_sc_hd__and4bb_1)
                                                         net89 (net)
                      0.101384    0.000519    1.587281 v _0714_/A3 (sky130_fd_sc_hd__o32a_1)
     1    0.005255    0.062940    0.314692    1.901972 v _0714_/X (sky130_fd_sc_hd__o32a_1)
                                                         _0324_ (net)
                      0.062940    0.000121    1.902093 v _0715_/B1 (sky130_fd_sc_hd__o211a_4)
     6    0.023621    0.062512    0.171293    2.073385 v _0715_/X (sky130_fd_sc_hd__o211a_4)
                                                         _0325_ (net)
                      0.062531    0.001019    2.074404 v _0723_/S (sky130_fd_sc_hd__mux2_1)
     1    0.002915    0.055728    0.310993    2.385397 v _0723_/X (sky130_fd_sc_hd__mux2_1)
                                                         _0080_ (net)
                      0.055728    0.000071    2.385468 v _0800_/D (sky130_fd_sc_hd__dfrtp_1)
                                              2.385468   data arrival time

                                  5.000000    5.000000   clock clk (rise edge)
                                  0.000000    5.000000   clock source latency
     1    0.014365    0.070643    0.048350    5.048350 ^ clk (in)
                                                         clk (net)
                      0.070660    0.000000    5.048350 ^ clkbuf_0_clk/A (sky130_fd_sc_hd__clkbuf_16)
     2    0.017858    0.040034    0.132702    5.181052 ^ clkbuf_0_clk/X (sky130_fd_sc_hd__clkbuf_16)
                                                         clknet_0_clk (net)
                      0.040044    0.000421    5.181474 ^ clkbuf_1_1__f_clk/A (sky130_fd_sc_hd__clkbuf_16)
    10    0.030453    0.051381    0.132845    5.314319 ^ clkbuf_1_1__f_clk/X (sky130_fd_sc_hd__clkbuf_16)
                                                         clknet_1_1__leaf_clk (net)
                      0.051386    0.000846    5.315164 ^ _0800_/CLK (sky130_fd_sc_hd__dfrtp_1)
                                 -0.250000    5.065164   clock uncertainty
                                  0.000000    5.065164   clock reconvergence pessimism
                                 -0.117491    4.947673   library setup time
                                              4.947673   data required time
---------------------------------------------------------------------------------------------
                                              4.947673   data required time
                                             -2.385468   data arrival time
---------------------------------------------------------------------------------------------
                                              2.562205   slack (MET)


Startpoint: _0796_ (rising edge-triggered flip-flop clocked by clk)
Endpoint: _0795_ (rising edge-triggered flip-flop clocked by clk)
Path Group: clk
Path Type: max

Fanout         Cap        Slew       Delay        Time   Description
---------------------------------------------------------------------------------------------
                                  0.000000    0.000000   clock clk (rise edge)
                                  0.000000    0.000000   clock source latency
     1    0.014365    0.070643    0.048350    0.048350 ^ clk (in)
                                                         clk (net)
                      0.070660    0.000000    0.048350 ^ clkbuf_0_clk/A (sky130_fd_sc_hd__clkbuf_16)
     2    0.017858    0.040034    0.132702    0.181052 ^ clkbuf_0_clk/X (sky130_fd_sc_hd__clkbuf_16)
                                                         clknet_0_clk (net)
                      0.040044    0.000421    0.181473 ^ clkbuf_1_1__f_clk/A (sky130_fd_sc_hd__clkbuf_16)
    10    0.030453    0.051381    0.132845    0.314318 ^ clkbuf_1_1__f_clk/X (sky130_fd_sc_hd__clkbuf_16)
                                                         clknet_1_1__leaf_clk (net)
                      0.051384    0.000718    0.315037 ^ _0796_/CLK (sky130_fd_sc_hd__dfrtp_1)
     5    0.015152    0.092919    0.414751    0.729787 v _0796_/Q (sky130_fd_sc_hd__dfrtp_1)
                                                         current_state[1] (net)
                      0.092919    0.000226    0.730014 v rebuffer8/A (sky130_fd_sc_hd__dlymetal6s2s_1)
     1    0.002763    0.038020    0.154383    0.884396 v rebuffer8/X (sky130_fd_sc_hd__dlymetal6s2s_1)
                                                         net256 (net)
                      0.038020    0.000066    0.884462 v rebuffer7/A (sky130_fd_sc_hd__dlygate4sd1_1)
     1    0.003796    0.035830    0.228153    1.112615 v rebuffer7/X (sky130_fd_sc_hd__dlygate4sd1_1)
                                                         net255 (net)
                      0.035832    0.000137    1.112752 v rebuffer4/A (sky130_fd_sc_hd__dlygate4sd1_1)
     2    0.004365    0.038105    0.229810    1.342562 v rebuffer4/X (sky130_fd_sc_hd__dlygate4sd1_1)
                                                         net252 (net)
                      0.038105    0.000070    1.342632 v _0676_/C (sky130_fd_sc_hd__and4bb_1)
     4    0.017328    0.101382    0.244130    1.586761 v _0676_/X (sky130_fd_sc_hd__and4bb_1)
                                                         net89 (net)
                      0.101388    0.000849    1.587610 v _0687_/B (sky130_fd_sc_hd__nand2_2)
     3    0.011151    0.076661    0.111803    1.699413 ^ _0687_/Y (sky130_fd_sc_hd__nand2_2)
                                                         _0303_ (net)
                      0.076662    0.000393    1.699806 ^ _0696_/B1 (sky130_fd_sc_hd__o311a_1)
     1    0.002657    0.048369    0.157430    1.857236 ^ _0696_/X (sky130_fd_sc_hd__o311a_1)
                                                         _0310_ (net)
                      0.048370    0.000065    1.857301 ^ _0697_/C_N (sky130_fd_sc_hd__or3b_1)
     1    0.002369    0.062100    0.332386    2.189687 v _0697_/X (sky130_fd_sc_hd__or3b_1)
                                                         _0311_ (net)
                      0.062100    0.000048    2.189734 v _0698_/B1 (sky130_fd_sc_hd__a31o_1)
     1    0.003291    0.039327    0.188025    2.377760 v _0698_/X (sky130_fd_sc_hd__a31o_1)
                                                         _0075_ (net)
                      0.039327    0.000087    2.377846 v _0795_/D (sky130_fd_sc_hd__dfrtp_1)
                                              2.377846   data arrival time

                                  5.000000    5.000000   clock clk (rise edge)
                                  0.000000    5.000000   clock source latency
     1    0.014365    0.070643    0.048350    5.048350 ^ clk (in)
                                                         clk (net)
                      0.070660    0.000000    5.048350 ^ clkbuf_0_clk/A (sky130_fd_sc_hd__clkbuf_16)
     2    0.017858    0.040034    0.132702    5.181052 ^ clkbuf_0_clk/X (sky130_fd_sc_hd__clkbuf_16)
                                                         clknet_0_clk (net)
                      0.040044    0.000414    5.181466 ^ clkbuf_1_0__f_clk/A (sky130_fd_sc_hd__clkbuf_16)
    10    0.028045    0.049309    0.131013    5.312479 ^ clkbuf_1_0__f_clk/X (sky130_fd_sc_hd__clkbuf_16)
                                                         clknet_1_0__leaf_clk (net)
                      0.049317    0.001161    5.313640 ^ _0795_/CLK (sky130_fd_sc_hd__dfrtp_1)
                                 -0.250000    5.063640   clock uncertainty
                                  0.000000    5.063640   clock reconvergence pessimism
                                 -0.110811    4.952828   library setup time
                                              4.952828   data required time
---------------------------------------------------------------------------------------------
                                              4.952828   data required time
                                             -2.377846   data arrival time
---------------------------------------------------------------------------------------------
                                              2.574982   slack (MET)


Startpoint: _1102_ (rising edge-triggered flip-flop clocked by clk)
Endpoint: PADDR[0] (output port clocked by clk)
Path Group: clk
Path Type: max

Fanout         Cap        Slew       Delay        Time   Description
---------------------------------------------------------------------------------------------
                                  0.000000    0.000000   clock clk (rise edge)
                                  0.000000    0.000000   clock source latency
     1    0.014365    0.070643    0.048350    0.048350 ^ clk (in)
                                                         clk (net)
                      0.070660    0.000000    0.048350 ^ clkbuf_0_clk/A (sky130_fd_sc_hd__clkbuf_16)
     2    0.017858    0.040034    0.132702    0.181052 ^ clkbuf_0_clk/X (sky130_fd_sc_hd__clkbuf_16)
                                                         clknet_0_clk (net)
                      0.040044    0.000421    0.181473 ^ clkbuf_1_1__f_clk/A (sky130_fd_sc_hd__clkbuf_16)
    10    0.030453    0.051381    0.132845    0.314318 ^ clkbuf_1_1__f_clk/X (sky130_fd_sc_hd__clkbuf_16)
                                                         clknet_1_1__leaf_clk (net)
                      0.051387    0.000947    0.315265 ^ _1102_/CLK (sky130_fd_sc_hd__dfrtp_1)
     6    0.015120    0.092745    0.414679    0.729944 v _1102_/Q (sky130_fd_sc_hd__dfrtp_1)
                                                         DADDR[0] (net)
                      0.092745    0.000214    0.730158 v _0456_/B (sky130_fd_sc_hd__and2_1)
     1    0.002451    0.033517    0.169728    0.899886 v _0456_/X (sky130_fd_sc_hd__and2_1)
                                                         net63 (net)
                      0.033517    0.000054    0.899940 v output63/A (sky130_fd_sc_hd__buf_2)
     1    0.035296    0.092015    0.176689    1.076629 v output63/X (sky130_fd_sc_hd__buf_2)
                                                         PADDR[0] (net)
                      0.092030    0.001139    1.077769 v PADDR[0] (out)
                                              1.077769   data arrival time

                                  5.000000    5.000000   clock clk (rise edge)
                                  0.000000    5.000000   clock network delay (propagated)
                                 -0.250000    4.750000   clock uncertainty
                                  0.000000    4.750000   clock reconvergence pessimism
                                 -1.000000    3.750000   output external delay
                                              3.750000   data required time
---------------------------------------------------------------------------------------------
                                              3.750000   data required time
                                             -1.077769   data arrival time
---------------------------------------------------------------------------------------------
                                              2.672231   slack (MET)


Startpoint: _1103_ (rising edge-triggered flip-flop clocked by clk)
Endpoint: PADDR[1] (output port clocked by clk)
Path Group: clk
Path Type: max

Fanout         Cap        Slew       Delay        Time   Description
---------------------------------------------------------------------------------------------
                                  0.000000    0.000000   clock clk (rise edge)
                                  0.000000    0.000000   clock source latency
     1    0.014365    0.070643    0.048350    0.048350 ^ clk (in)
                                                         clk (net)
                      0.070660    0.000000    0.048350 ^ clkbuf_0_clk/A (sky130_fd_sc_hd__clkbuf_16)
     2    0.017858    0.040034    0.132702    0.181052 ^ clkbuf_0_clk/X (sky130_fd_sc_hd__clkbuf_16)
                                                         clknet_0_clk (net)
                      0.040044    0.000421    0.181473 ^ clkbuf_1_1__f_clk/A (sky130_fd_sc_hd__clkbuf_16)
    10    0.030453    0.051381    0.132845    0.314318 ^ clkbuf_1_1__f_clk/X (sky130_fd_sc_hd__clkbuf_16)
                                                         clknet_1_1__leaf_clk (net)
                      0.051388    0.001029    0.315347 ^ _1103_/CLK (sky130_fd_sc_hd__dfrtp_1)
     5    0.012107    0.079447    0.402560    0.717907 v _1103_/Q (sky130_fd_sc_hd__dfrtp_1)
                                                         DADDR[1] (net)
                      0.079447    0.000198    0.718105 v _0457_/B (sky130_fd_sc_hd__and2_1)
     1    0.003861    0.039496    0.171305    0.889410 v _0457_/X (sky130_fd_sc_hd__and2_1)
                                                         net64 (net)
                      0.039496    0.000140    0.889551 v output64/A (sky130_fd_sc_hd__buf_2)
     1    0.035308    0.091987    0.179306    1.068857 v output64/X (sky130_fd_sc_hd__buf_2)
                                                         PADDR[1] (net)
                      0.092001    0.001117    1.069974 v PADDR[1] (out)
                                              1.069974   data arrival time

                                  5.000000    5.000000   clock clk (rise edge)
                                  0.000000    5.000000   clock network delay (propagated)
                                 -0.250000    4.750000   clock uncertainty
                                  0.000000    4.750000   clock reconvergence pessimism
                                 -1.000000    3.750000   output external delay
                                              3.750000   data required time
---------------------------------------------------------------------------------------------
                                              3.750000   data required time
                                             -1.069974   data arrival time
---------------------------------------------------------------------------------------------
                                              2.680027   slack (MET)


Startpoint: _1104_ (rising edge-triggered flip-flop clocked by clk)
Endpoint: PADDR[2] (output port clocked by clk)
Path Group: clk
Path Type: max

Fanout         Cap        Slew       Delay        Time   Description
---------------------------------------------------------------------------------------------
                                  0.000000    0.000000   clock clk (rise edge)
                                  0.000000    0.000000   clock source latency
     1    0.014365    0.070643    0.048350    0.048350 ^ clk (in)
                                                         clk (net)
                      0.070660    0.000000    0.048350 ^ clkbuf_0_clk/A (sky130_fd_sc_hd__clkbuf_16)
     2    0.017858    0.040034    0.132702    0.181052 ^ clkbuf_0_clk/X (sky130_fd_sc_hd__clkbuf_16)
                                                         clknet_0_clk (net)
                      0.040044    0.000421    0.181473 ^ clkbuf_1_1__f_clk/A (sky130_fd_sc_hd__clkbuf_16)
    10    0.030453    0.051381    0.132845    0.314318 ^ clkbuf_1_1__f_clk/X (sky130_fd_sc_hd__clkbuf_16)
                                                         clknet_1_1__leaf_clk (net)
                      0.051387    0.001014    0.315333 ^ _1104_/CLK (sky130_fd_sc_hd__dfrtp_1)
     3    0.006838    0.057657    0.377913    0.693246 v _1104_/Q (sky130_fd_sc_hd__dfrtp_1)
                                                         DADDR[2] (net)
                      0.057657    0.000184    0.693429 v _0458_/B (sky130_fd_sc_hd__and2_1)
     1    0.003807    0.039353    0.160997    0.854426 v _0458_/X (sky130_fd_sc_hd__and2_1)
                                                         net65 (net)
                      0.039353    0.000141    0.854567 v output65/A (sky130_fd_sc_hd__buf_2)
     1    0.035365    0.092115    0.179345    1.033912 v output65/X (sky130_fd_sc_hd__buf_2)
                                                         PADDR[2] (net)
                      0.092130    0.001129    1.035041 v PADDR[2] (out)
                                              1.035041   data arrival time

                                  5.000000    5.000000   clock clk (rise edge)
                                  0.000000    5.000000   clock network delay (propagated)
                                 -0.250000    4.750000   clock uncertainty
                                  0.000000    4.750000   clock reconvergence pessimism
                                 -1.000000    3.750000   output external delay
                                              3.750000   data required time
---------------------------------------------------------------------------------------------
                                              3.750000   data required time
                                             -1.035041   data arrival time
---------------------------------------------------------------------------------------------
                                              2.714959   slack (MET)


Startpoint: _0796_ (rising edge-triggered flip-flop clocked by clk)
Endpoint: _0798_ (rising edge-triggered flip-flop clocked by clk)
Path Group: clk
Path Type: max

Fanout         Cap        Slew       Delay        Time   Description
---------------------------------------------------------------------------------------------
                                  0.000000    0.000000   clock clk (rise edge)
                                  0.000000    0.000000   clock source latency
     1    0.014365    0.070643    0.048350    0.048350 ^ clk (in)
                                                         clk (net)
                      0.070660    0.000000    0.048350 ^ clkbuf_0_clk/A (sky130_fd_sc_hd__clkbuf_16)
     2    0.017858    0.040034    0.132702    0.181052 ^ clkbuf_0_clk/X (sky130_fd_sc_hd__clkbuf_16)
                                                         clknet_0_clk (net)
                      0.040044    0.000421    0.181473 ^ clkbuf_1_1__f_clk/A (sky130_fd_sc_hd__clkbuf_16)
    10    0.030453    0.051381    0.132845    0.314318 ^ clkbuf_1_1__f_clk/X (sky130_fd_sc_hd__clkbuf_16)
                                                         clknet_1_1__leaf_clk (net)
                      0.051384    0.000718    0.315037 ^ _0796_/CLK (sky130_fd_sc_hd__dfrtp_1)
     5    0.015152    0.092919    0.414751    0.729787 v _0796_/Q (sky130_fd_sc_hd__dfrtp_1)
                                                         current_state[1] (net)
                      0.092919    0.000226    0.730014 v rebuffer8/A (sky130_fd_sc_hd__dlymetal6s2s_1)
     1    0.002763    0.038020    0.154383    0.884396 v rebuffer8/X (sky130_fd_sc_hd__dlymetal6s2s_1)
                                                         net256 (net)
                      0.038020    0.000066    0.884462 v rebuffer7/A (sky130_fd_sc_hd__dlygate4sd1_1)
     1    0.003796    0.035830    0.228153    1.112615 v rebuffer7/X (sky130_fd_sc_hd__dlygate4sd1_1)
                                                         net255 (net)
                      0.035832    0.000137    1.112752 v rebuffer4/A (sky130_fd_sc_hd__dlygate4sd1_1)
     2    0.004365    0.038105    0.229810    1.342562 v rebuffer4/X (sky130_fd_sc_hd__dlygate4sd1_1)
                                                         net252 (net)
                      0.038105    0.000108    1.342670 v _0461_/B (sky130_fd_sc_hd__and4b_1)
     5    0.016580    0.097387    0.225075    1.567745 v _0461_/X (sky130_fd_sc_hd__and4b_1)
                                                         _0134_ (net)
                      0.097387    0.000203    1.567948 v _0706_/B (sky130_fd_sc_hd__and3_1)
     2    0.006950    0.054872    0.202788    1.770736 v _0706_/X (sky130_fd_sc_hd__and3_1)
                                                         _0319_ (net)
                      0.054872    0.000126    1.770862 v _0710_/B1 (sky130_fd_sc_hd__a31o_1)
     1    0.002823    0.036918    0.182011    1.952873 v _0710_/X (sky130_fd_sc_hd__a31o_1)
                                                         _0321_ (net)
                      0.036918    0.000061    1.952934 v _0711_/B1 (sky130_fd_sc_hd__a21o_1)
     1    0.003001    0.033921    0.146160    2.099094 v _0711_/X (sky130_fd_sc_hd__a21o_1)
                                                         _0078_ (net)
                      0.033921    0.000097    2.099191 v _0798_/D (sky130_fd_sc_hd__dfrtp_1)
                                              2.099191   data arrival time

                                  5.000000    5.000000   clock clk (rise edge)
                                  0.000000    5.000000   clock source latency
     1    0.014365    0.070643    0.048350    5.048350 ^ clk (in)
                                                         clk (net)
                      0.070660    0.000000    5.048350 ^ clkbuf_0_clk/A (sky130_fd_sc_hd__clkbuf_16)
     2    0.017858    0.040034    0.132702    5.181052 ^ clkbuf_0_clk/X (sky130_fd_sc_hd__clkbuf_16)
                                                         clknet_0_clk (net)
                      0.040044    0.000421    5.181474 ^ clkbuf_1_1__f_clk/A (sky130_fd_sc_hd__clkbuf_16)
    10    0.030453    0.051381    0.132845    5.314319 ^ clkbuf_1_1__f_clk/X (sky130_fd_sc_hd__clkbuf_16)
                                                         clknet_1_1__leaf_clk (net)
                      0.051385    0.000800    5.315119 ^ _0798_/CLK (sky130_fd_sc_hd__dfrtp_1)
                                 -0.250000    5.065119   clock uncertainty
                                  0.000000    5.065119   clock reconvergence pessimism
                                 -0.107981    4.957138   library setup time
                                              4.957138   data required time
---------------------------------------------------------------------------------------------
                                              4.957138   data required time
                                             -2.099191   data arrival time
---------------------------------------------------------------------------------------------
                                              2.857947   slack (MET)


Startpoint: res_n (input port clocked by clk)
Endpoint: _0795_ (recovery check against rising-edge clock clk)
Path Group: asynchronous
Path Type: max

Fanout         Cap        Slew       Delay        Time   Description
---------------------------------------------------------------------------------------------
                                  0.000000    0.000000   clock clk (rise edge)
                                  0.000000    0.000000   clock network delay (propagated)
                                  1.000000    1.000000 ^ input external delay
     1    0.004094    0.025353    0.014873    1.014873 ^ res_n (in)
                                                         res_n (net)
                      0.025354    0.000000    1.014873 ^ input43/A (sky130_fd_sc_hd__buf_1)
     2    0.009901    0.123563    0.130052    1.144924 ^ input43/X (sky130_fd_sc_hd__buf_1)
                                                         net43 (net)
                      0.123564    0.000297    1.145221 ^ fanout248/A (sky130_fd_sc_hd__clkbuf_4)
    10    0.046595    0.147133    0.239118    1.384340 ^ fanout248/X (sky130_fd_sc_hd__clkbuf_4)
                                                         net248 (net)
                      0.147159    0.001958    1.386298 ^ _0795_/RESET_B (sky130_fd_sc_hd__dfrtp_1)
                                              1.386298   data arrival time

                                  5.000000    5.000000   clock clk (rise edge)
                                  0.000000    5.000000   clock source latency
     1    0.014365    0.070643    0.048350    5.048350 ^ clk (in)
                                                         clk (net)
                      0.070660    0.000000    5.048350 ^ clkbuf_0_clk/A (sky130_fd_sc_hd__clkbuf_16)
     2    0.017858    0.040034    0.132702    5.181052 ^ clkbuf_0_clk/X (sky130_fd_sc_hd__clkbuf_16)
                                                         clknet_0_clk (net)
                      0.040044    0.000414    5.181466 ^ clkbuf_1_0__f_clk/A (sky130_fd_sc_hd__clkbuf_16)
    10    0.028045    0.049309    0.131013    5.312479 ^ clkbuf_1_0__f_clk/X (sky130_fd_sc_hd__clkbuf_16)
                                                         clknet_1_0__leaf_clk (net)
                      0.049317    0.001161    5.313640 ^ _0795_/CLK (sky130_fd_sc_hd__dfrtp_1)
                                 -0.250000    5.063640   clock uncertainty
                                  0.000000    5.063640   clock reconvergence pessimism
                                  0.205225    5.268865   library recovery time
                                              5.268865   data required time
---------------------------------------------------------------------------------------------
                                              5.268865   data required time
                                             -1.386298   data arrival time
---------------------------------------------------------------------------------------------
                                              3.882567   slack (MET)


Startpoint: res_n (input port clocked by clk)
Endpoint: _1106_ (recovery check against rising-edge clock clk)
Path Group: asynchronous
Path Type: max

Fanout         Cap        Slew       Delay        Time   Description
---------------------------------------------------------------------------------------------
                                  0.000000    0.000000   clock clk (rise edge)
                                  0.000000    0.000000   clock network delay (propagated)
                                  1.000000    1.000000 ^ input external delay
     1    0.004094    0.025353    0.014873    1.014873 ^ res_n (in)
                                                         res_n (net)
                      0.025354    0.000000    1.014873 ^ input43/A (sky130_fd_sc_hd__buf_1)
     2    0.009901    0.123563    0.130052    1.144924 ^ input43/X (sky130_fd_sc_hd__buf_1)
                                                         net43 (net)
                      0.123564    0.000297    1.145221 ^ fanout248/A (sky130_fd_sc_hd__clkbuf_4)
    10    0.046595    0.147133    0.239118    1.384340 ^ fanout248/X (sky130_fd_sc_hd__clkbuf_4)
                                                         net248 (net)
                      0.147145    0.001454    1.385794 ^ _1106_/RESET_B (sky130_fd_sc_hd__dfrtp_1)
                                              1.385794   data arrival time

                                  5.000000    5.000000   clock clk (rise edge)
                                  0.000000    5.000000   clock source latency
     1    0.014365    0.070643    0.048350    5.048350 ^ clk (in)
                                                         clk (net)
                      0.070660    0.000000    5.048350 ^ clkbuf_0_clk/A (sky130_fd_sc_hd__clkbuf_16)
     2    0.017858    0.040034    0.132702    5.181052 ^ clkbuf_0_clk/X (sky130_fd_sc_hd__clkbuf_16)
                                                         clknet_0_clk (net)
                      0.040044    0.000414    5.181466 ^ clkbuf_1_0__f_clk/A (sky130_fd_sc_hd__clkbuf_16)
    10    0.028045    0.049309    0.131013    5.312479 ^ clkbuf_1_0__f_clk/X (sky130_fd_sc_hd__clkbuf_16)
                                                         clknet_1_0__leaf_clk (net)
                      0.049312    0.000769    5.313248 ^ _1106_/CLK (sky130_fd_sc_hd__dfrtp_1)
                                 -0.250000    5.063248   clock uncertainty
                                  0.000000    5.063248   clock reconvergence pessimism
                                  0.205227    5.268475   library recovery time
                                              5.268475   data required time
---------------------------------------------------------------------------------------------
                                              5.268475   data required time
                                             -1.385794   data arrival time
---------------------------------------------------------------------------------------------
                                              3.882681   slack (MET)


Startpoint: res_n (input port clocked by clk)
Endpoint: _1108_ (recovery check against rising-edge clock clk)
Path Group: asynchronous
Path Type: max

Fanout         Cap        Slew       Delay        Time   Description
---------------------------------------------------------------------------------------------
                                  0.000000    0.000000   clock clk (rise edge)
                                  0.000000    0.000000   clock network delay (propagated)
                                  1.000000    1.000000 ^ input external delay
     1    0.004094    0.025353    0.014873    1.014873 ^ res_n (in)
                                                         res_n (net)
                      0.025354    0.000000    1.014873 ^ input43/A (sky130_fd_sc_hd__buf_1)
     2    0.009901    0.123563    0.130052    1.144924 ^ input43/X (sky130_fd_sc_hd__buf_1)
                                                         net43 (net)
                      0.123564    0.000297    1.145221 ^ fanout248/A (sky130_fd_sc_hd__clkbuf_4)
    10    0.046595    0.147133    0.239118    1.384340 ^ fanout248/X (sky130_fd_sc_hd__clkbuf_4)
                                                         net248 (net)
                      0.147154    0.001801    1.386140 ^ _1108_/RESET_B (sky130_fd_sc_hd__dfrtp_1)
                                              1.386140   data arrival time

                                  5.000000    5.000000   clock clk (rise edge)
                                  0.000000    5.000000   clock source latency
     1    0.014365    0.070643    0.048350    5.048350 ^ clk (in)
                                                         clk (net)
                      0.070660    0.000000    5.048350 ^ clkbuf_0_clk/A (sky130_fd_sc_hd__clkbuf_16)
     2    0.017858    0.040034    0.132702    5.181052 ^ clkbuf_0_clk/X (sky130_fd_sc_hd__clkbuf_16)
                                                         clknet_0_clk (net)
                      0.040044    0.000414    5.181466 ^ clkbuf_1_0__f_clk/A (sky130_fd_sc_hd__clkbuf_16)
    10    0.028045    0.049309    0.131013    5.312479 ^ clkbuf_1_0__f_clk/X (sky130_fd_sc_hd__clkbuf_16)
                                                         clknet_1_0__leaf_clk (net)
                      0.049317    0.001135    5.313613 ^ _1108_/CLK (sky130_fd_sc_hd__dfrtp_1)
                                 -0.250000    5.063613   clock uncertainty
                                  0.000000    5.063613   clock reconvergence pessimism
                                  0.205226    5.268840   library recovery time
                                              5.268840   data required time
---------------------------------------------------------------------------------------------
                                              5.268840   data required time
                                             -1.386140   data arrival time
---------------------------------------------------------------------------------------------
                                              3.882699   slack (MET)


Startpoint: res_n (input port clocked by clk)
Endpoint: _1105_ (recovery check against rising-edge clock clk)
Path Group: asynchronous
Path Type: max

Fanout         Cap        Slew       Delay        Time   Description
---------------------------------------------------------------------------------------------
                                  0.000000    0.000000   clock clk (rise edge)
                                  0.000000    0.000000   clock network delay (propagated)
                                  1.000000    1.000000 ^ input external delay
     1    0.004094    0.025353    0.014873    1.014873 ^ res_n (in)
                                                         res_n (net)
                      0.025354    0.000000    1.014873 ^ input43/A (sky130_fd_sc_hd__buf_1)
     2    0.009901    0.123563    0.130052    1.144924 ^ input43/X (sky130_fd_sc_hd__buf_1)
                                                         net43 (net)
                      0.123564    0.000297    1.145221 ^ fanout248/A (sky130_fd_sc_hd__clkbuf_4)
    10    0.046595    0.147133    0.239118    1.384340 ^ fanout248/X (sky130_fd_sc_hd__clkbuf_4)
                                                         net248 (net)
                      0.147149    0.001606    1.385946 ^ _1105_/RESET_B (sky130_fd_sc_hd__dfrtp_1)
                                              1.385946   data arrival time

                                  5.000000    5.000000   clock clk (rise edge)
                                  0.000000    5.000000   clock source latency
     1    0.014365    0.070643    0.048350    5.048350 ^ clk (in)
                                                         clk (net)
                      0.070660    0.000000    5.048350 ^ clkbuf_0_clk/A (sky130_fd_sc_hd__clkbuf_16)
     2    0.017858    0.040034    0.132702    5.181052 ^ clkbuf_0_clk/X (sky130_fd_sc_hd__clkbuf_16)
                                                         clknet_0_clk (net)
                      0.040044    0.000414    5.181466 ^ clkbuf_1_0__f_clk/A (sky130_fd_sc_hd__clkbuf_16)
    10    0.028045    0.049309    0.131013    5.312479 ^ clkbuf_1_0__f_clk/X (sky130_fd_sc_hd__clkbuf_16)
                                                         clknet_1_0__leaf_clk (net)
                      0.049315    0.000981    5.313460 ^ _1105_/CLK (sky130_fd_sc_hd__dfrtp_1)
                                 -0.250000    5.063460   clock uncertainty
                                  0.000000    5.063460   clock reconvergence pessimism
                                  0.205227    5.268687   library recovery time
                                              5.268687   data required time
---------------------------------------------------------------------------------------------
                                              5.268687   data required time
                                             -1.385946   data arrival time
---------------------------------------------------------------------------------------------
                                              3.882742   slack (MET)


Startpoint: res_n (input port clocked by clk)
Endpoint: _1107_ (recovery check against rising-edge clock clk)
Path Group: asynchronous
Path Type: max

Fanout         Cap        Slew       Delay        Time   Description
---------------------------------------------------------------------------------------------
                                  0.000000    0.000000   clock clk (rise edge)
                                  0.000000    0.000000   clock network delay (propagated)
                                  1.000000    1.000000 ^ input external delay
     1    0.004094    0.025353    0.014873    1.014873 ^ res_n (in)
                                                         res_n (net)
                      0.025354    0.000000    1.014873 ^ input43/A (sky130_fd_sc_hd__buf_1)
     2    0.009901    0.123563    0.130052    1.144924 ^ input43/X (sky130_fd_sc_hd__buf_1)
                                                         net43 (net)
                      0.123564    0.000297    1.145221 ^ fanout248/A (sky130_fd_sc_hd__clkbuf_4)
    10    0.046595    0.147133    0.239118    1.384340 ^ fanout248/X (sky130_fd_sc_hd__clkbuf_4)
                                                         net248 (net)
                      0.147150    0.001640    1.385979 ^ _1107_/RESET_B (sky130_fd_sc_hd__dfrtp_1)
                                              1.385979   data arrival time

                                  5.000000    5.000000   clock clk (rise edge)
                                  0.000000    5.000000   clock source latency
     1    0.014365    0.070643    0.048350    5.048350 ^ clk (in)
                                                         clk (net)
                      0.070660    0.000000    5.048350 ^ clkbuf_0_clk/A (sky130_fd_sc_hd__clkbuf_16)
     2    0.017858    0.040034    0.132702    5.181052 ^ clkbuf_0_clk/X (sky130_fd_sc_hd__clkbuf_16)
                                                         clknet_0_clk (net)
                      0.040044    0.000414    5.181466 ^ clkbuf_1_0__f_clk/A (sky130_fd_sc_hd__clkbuf_16)
    10    0.028045    0.049309    0.131013    5.312479 ^ clkbuf_1_0__f_clk/X (sky130_fd_sc_hd__clkbuf_16)
                                                         clknet_1_0__leaf_clk (net)
                      0.049315    0.001041    5.313519 ^ _1107_/CLK (sky130_fd_sc_hd__dfrtp_1)
                                 -0.250000    5.063519   clock uncertainty
                                  0.000000    5.063519   clock reconvergence pessimism
                                  0.205227    5.268747   library recovery time
                                              5.268747   data required time
---------------------------------------------------------------------------------------------
                                              5.268747   data required time
                                             -1.385979   data arrival time
---------------------------------------------------------------------------------------------
                                              3.882767   slack (MET)


Startpoint: res_n (input port clocked by clk)
Endpoint: _1100_ (recovery check against rising-edge clock clk)
Path Group: asynchronous
Path Type: max

Fanout         Cap        Slew       Delay        Time   Description
---------------------------------------------------------------------------------------------
                                  0.000000    0.000000   clock clk (rise edge)
                                  0.000000    0.000000   clock network delay (propagated)
                                  1.000000    1.000000 ^ input external delay
     1    0.004094    0.025353    0.014873    1.014873 ^ res_n (in)
                                                         res_n (net)
                      0.025354    0.000000    1.014873 ^ input43/A (sky130_fd_sc_hd__buf_1)
     2    0.009901    0.123563    0.130052    1.144924 ^ input43/X (sky130_fd_sc_hd__buf_1)
                                                         net43 (net)
                      0.123564    0.000297    1.145221 ^ fanout248/A (sky130_fd_sc_hd__clkbuf_4)
    10    0.046595    0.147133    0.239118    1.384340 ^ fanout248/X (sky130_fd_sc_hd__clkbuf_4)
                                                         net248 (net)
                      0.147141    0.001276    1.385616 ^ _1100_/RESET_B (sky130_fd_sc_hd__dfrtp_1)
                                              1.385616   data arrival time

                                  5.000000    5.000000   clock clk (rise edge)
                                  0.000000    5.000000   clock source latency
     1    0.014365    0.070643    0.048350    5.048350 ^ clk (in)
                                                         clk (net)
                      0.070660    0.000000    5.048350 ^ clkbuf_0_clk/A (sky130_fd_sc_hd__clkbuf_16)
     2    0.017858    0.040034    0.132702    5.181052 ^ clkbuf_0_clk/X (sky130_fd_sc_hd__clkbuf_16)
                                                         clknet_0_clk (net)
                      0.040044    0.000414    5.181466 ^ clkbuf_1_0__f_clk/A (sky130_fd_sc_hd__clkbuf_16)
    10    0.028045    0.049309    0.131013    5.312479 ^ clkbuf_1_0__f_clk/X (sky130_fd_sc_hd__clkbuf_16)
                                                         clknet_1_0__leaf_clk (net)
                      0.049314    0.000943    5.313422 ^ _1100_/CLK (sky130_fd_sc_hd__dfrtp_1)
                                 -0.250000    5.063422   clock uncertainty
                                  0.000000    5.063422   clock reconvergence pessimism
                                  0.205229    5.268651   library recovery time
                                              5.268651   data required time
---------------------------------------------------------------------------------------------
                                              5.268651   data required time
                                             -1.385616   data arrival time
---------------------------------------------------------------------------------------------
                                              3.883035   slack (MET)


Startpoint: res_n (input port clocked by clk)
Endpoint: _1101_ (recovery check against rising-edge clock clk)
Path Group: asynchronous
Path Type: max

Fanout         Cap        Slew       Delay        Time   Description
---------------------------------------------------------------------------------------------
                                  0.000000    0.000000   clock clk (rise edge)
                                  0.000000    0.000000   clock network delay (propagated)
                                  1.000000    1.000000 ^ input external delay
     1    0.004094    0.025353    0.014873    1.014873 ^ res_n (in)
                                                         res_n (net)
                      0.025354    0.000000    1.014873 ^ input43/A (sky130_fd_sc_hd__buf_1)
     2    0.009901    0.123563    0.130052    1.144924 ^ input43/X (sky130_fd_sc_hd__buf_1)
                                                         net43 (net)
                      0.123564    0.000297    1.145221 ^ fanout248/A (sky130_fd_sc_hd__clkbuf_4)
    10    0.046595    0.147133    0.239118    1.384340 ^ fanout248/X (sky130_fd_sc_hd__clkbuf_4)
                                                         net248 (net)
                      0.147141    0.001274    1.385614 ^ _1101_/RESET_B (sky130_fd_sc_hd__dfrtp_1)
                                              1.385614   data arrival time

                                  5.000000    5.000000   clock clk (rise edge)
                                  0.000000    5.000000   clock source latency
     1    0.014365    0.070643    0.048350    5.048350 ^ clk (in)
                                                         clk (net)
                      0.070660    0.000000    5.048350 ^ clkbuf_0_clk/A (sky130_fd_sc_hd__clkbuf_16)
     2    0.017858    0.040034    0.132702    5.181052 ^ clkbuf_0_clk/X (sky130_fd_sc_hd__clkbuf_16)
                                                         clknet_0_clk (net)
                      0.040044    0.000414    5.181466 ^ clkbuf_1_0__f_clk/A (sky130_fd_sc_hd__clkbuf_16)
    10    0.028045    0.049309    0.131013    5.312479 ^ clkbuf_1_0__f_clk/X (sky130_fd_sc_hd__clkbuf_16)
                                                         clknet_1_0__leaf_clk (net)
                      0.049314    0.000941    5.313419 ^ _1101_/CLK (sky130_fd_sc_hd__dfrtp_1)
                                 -0.250000    5.063419   clock uncertainty
                                  0.000000    5.063419   clock reconvergence pessimism
                                  0.205229    5.268648   library recovery time
                                              5.268648   data required time
---------------------------------------------------------------------------------------------
                                              5.268648   data required time
                                             -1.385614   data arrival time
---------------------------------------------------------------------------------------------
                                              3.883034   slack (MET)


Startpoint: res_n (input port clocked by clk)
Endpoint: _1098_ (recovery check against rising-edge clock clk)
Path Group: asynchronous
Path Type: max

Fanout         Cap        Slew       Delay        Time   Description
---------------------------------------------------------------------------------------------
                                  0.000000    0.000000   clock clk (rise edge)
                                  0.000000    0.000000   clock network delay (propagated)
                                  1.000000    1.000000 ^ input external delay
     1    0.004094    0.025353    0.014873    1.014873 ^ res_n (in)
                                                         res_n (net)
                      0.025354    0.000000    1.014873 ^ input43/A (sky130_fd_sc_hd__buf_1)
     2    0.009901    0.123563    0.130052    1.144924 ^ input43/X (sky130_fd_sc_hd__buf_1)
                                                         net43 (net)
                      0.123564    0.000297    1.145221 ^ fanout248/A (sky130_fd_sc_hd__clkbuf_4)
    10    0.046595    0.147133    0.239118    1.384340 ^ fanout248/X (sky130_fd_sc_hd__clkbuf_4)
                                                         net248 (net)
                      0.147137    0.001046    1.385386 ^ _1098_/RESET_B (sky130_fd_sc_hd__dfrtp_1)
                                              1.385386   data arrival time

                                  5.000000    5.000000   clock clk (rise edge)
                                  0.000000    5.000000   clock source latency
     1    0.014365    0.070643    0.048350    5.048350 ^ clk (in)
                                                         clk (net)
                      0.070660    0.000000    5.048350 ^ clkbuf_0_clk/A (sky130_fd_sc_hd__clkbuf_16)
     2    0.017858    0.040034    0.132702    5.181052 ^ clkbuf_0_clk/X (sky130_fd_sc_hd__clkbuf_16)
                                                         clknet_0_clk (net)
                      0.040044    0.000414    5.181466 ^ clkbuf_1_0__f_clk/A (sky130_fd_sc_hd__clkbuf_16)
    10    0.028045    0.049309    0.131013    5.312479 ^ clkbuf_1_0__f_clk/X (sky130_fd_sc_hd__clkbuf_16)
                                                         clknet_1_0__leaf_clk (net)
                      0.049315    0.000978    5.313457 ^ _1098_/CLK (sky130_fd_sc_hd__dfrtp_1)
                                 -0.250000    5.063457   clock uncertainty
                                  0.000000    5.063457   clock reconvergence pessimism
                                  0.205230    5.268686   library recovery time
                                              5.268686   data required time
---------------------------------------------------------------------------------------------
                                              5.268686   data required time
                                             -1.385386   data arrival time
---------------------------------------------------------------------------------------------
                                              3.883301   slack (MET)


Startpoint: res_n (input port clocked by clk)
Endpoint: _1099_ (recovery check against rising-edge clock clk)
Path Group: asynchronous
Path Type: max

Fanout         Cap        Slew       Delay        Time   Description
---------------------------------------------------------------------------------------------
                                  0.000000    0.000000   clock clk (rise edge)
                                  0.000000    0.000000   clock network delay (propagated)
                                  1.000000    1.000000 ^ input external delay
     1    0.004094    0.025353    0.014873    1.014873 ^ res_n (in)
                                                         res_n (net)
                      0.025354    0.000000    1.014873 ^ input43/A (sky130_fd_sc_hd__buf_1)
     2    0.009901    0.123563    0.130052    1.144924 ^ input43/X (sky130_fd_sc_hd__buf_1)
                                                         net43 (net)
                      0.123564    0.000297    1.145221 ^ fanout248/A (sky130_fd_sc_hd__clkbuf_4)
    10    0.046595    0.147133    0.239118    1.384340 ^ fanout248/X (sky130_fd_sc_hd__clkbuf_4)
                                                         net248 (net)
                      0.147133    0.000574    1.384913 ^ _1099_/RESET_B (sky130_fd_sc_hd__dfrtp_1)
                                              1.384913   data arrival time

                                  5.000000    5.000000   clock clk (rise edge)
                                  0.000000    5.000000   clock source latency
     1    0.014365    0.070643    0.048350    5.048350 ^ clk (in)
                                                         clk (net)
                      0.070660    0.000000    5.048350 ^ clkbuf_0_clk/A (sky130_fd_sc_hd__clkbuf_16)
     2    0.017858    0.040034    0.132702    5.181052 ^ clkbuf_0_clk/X (sky130_fd_sc_hd__clkbuf_16)
                                                         clknet_0_clk (net)
                      0.040044    0.000414    5.181466 ^ clkbuf_1_0__f_clk/A (sky130_fd_sc_hd__clkbuf_16)
    10    0.028045    0.049309    0.131013    5.312479 ^ clkbuf_1_0__f_clk/X (sky130_fd_sc_hd__clkbuf_16)
                                                         clknet_1_0__leaf_clk (net)
                      0.049315    0.000989    5.313467 ^ _1099_/CLK (sky130_fd_sc_hd__dfrtp_1)
                                 -0.250000    5.063467   clock uncertainty
                                  0.000000    5.063467   clock reconvergence pessimism
                                  0.205231    5.268699   library recovery time
                                              5.268699   data required time
---------------------------------------------------------------------------------------------
                                              5.268699   data required time
                                             -1.384913   data arrival time
---------------------------------------------------------------------------------------------
                                              3.883785   slack (MET)


Startpoint: res_n (input port clocked by clk)
Endpoint: _0796_ (recovery check against rising-edge clock clk)
Path Group: asynchronous
Path Type: max

Fanout         Cap        Slew       Delay        Time   Description
---------------------------------------------------------------------------------------------
                                  0.000000    0.000000   clock clk (rise edge)
                                  0.000000    0.000000   clock network delay (propagated)
                                  1.000000    1.000000 ^ input external delay
     1    0.004094    0.025353    0.014873    1.014873 ^ res_n (in)
                                                         res_n (net)
                      0.025354    0.000000    1.014873 ^ input43/A (sky130_fd_sc_hd__buf_1)
     2    0.009901    0.123563    0.130052    1.144924 ^ input43/X (sky130_fd_sc_hd__buf_1)
                                                         net43 (net)
                      0.123564    0.000297    1.145221 ^ fanout248/A (sky130_fd_sc_hd__clkbuf_4)
    10    0.046595    0.147133    0.239118    1.384340 ^ fanout248/X (sky130_fd_sc_hd__clkbuf_4)
                                                         net248 (net)
                      0.147163    0.002053    1.386392 ^ _0796_/RESET_B (sky130_fd_sc_hd__dfrtp_1)
                                              1.386392   data arrival time

                                  5.000000    5.000000   clock clk (rise edge)
                                  0.000000    5.000000   clock source latency
     1    0.014365    0.070643    0.048350    5.048350 ^ clk (in)
                                                         clk (net)
                      0.070660    0.000000    5.048350 ^ clkbuf_0_clk/A (sky130_fd_sc_hd__clkbuf_16)
     2    0.017858    0.040034    0.132702    5.181052 ^ clkbuf_0_clk/X (sky130_fd_sc_hd__clkbuf_16)
                                                         clknet_0_clk (net)
                      0.040044    0.000421    5.181474 ^ clkbuf_1_1__f_clk/A (sky130_fd_sc_hd__clkbuf_16)
    10    0.030453    0.051381    0.132845    5.314319 ^ clkbuf_1_1__f_clk/X (sky130_fd_sc_hd__clkbuf_16)
                                                         clknet_1_1__leaf_clk (net)
                      0.051384    0.000718    5.315037 ^ _0796_/CLK (sky130_fd_sc_hd__dfrtp_1)
                                 -0.250000    5.065036   clock uncertainty
                                  0.000000    5.065036   clock reconvergence pessimism
                                  0.205867    5.270904   library recovery time
                                              5.270904   data required time
---------------------------------------------------------------------------------------------
                                              5.270904   data required time
                                             -1.386392   data arrival time
---------------------------------------------------------------------------------------------
                                              3.884511   slack (MET)


Startpoint: res_n (input port clocked by clk)
Endpoint: _0797_ (recovery check against rising-edge clock clk)
Path Group: asynchronous
Path Type: max

Fanout         Cap        Slew       Delay        Time   Description
---------------------------------------------------------------------------------------------
                                  0.000000    0.000000   clock clk (rise edge)
                                  0.000000    0.000000   clock network delay (propagated)
                                  1.000000    1.000000 ^ input external delay
     1    0.004094    0.025353    0.014873    1.014873 ^ res_n (in)
                                                         res_n (net)
                      0.025354    0.000000    1.014873 ^ input43/A (sky130_fd_sc_hd__buf_1)
     2    0.009901    0.123563    0.130052    1.144924 ^ input43/X (sky130_fd_sc_hd__buf_1)
                                                         net43 (net)
                      0.123565    0.000413    1.145338 ^ fanout249/A (sky130_fd_sc_hd__clkbuf_4)
     9    0.042774    0.136351    0.231559    1.376897 ^ fanout249/X (sky130_fd_sc_hd__clkbuf_4)
                                                         net249 (net)
                      0.136357    0.001086    1.377983 ^ _0797_/RESET_B (sky130_fd_sc_hd__dfrtp_1)
                                              1.377983   data arrival time

                                  5.000000    5.000000   clock clk (rise edge)
                                  0.000000    5.000000   clock source latency
     1    0.014365    0.070643    0.048350    5.048350 ^ clk (in)
                                                         clk (net)
                      0.070660    0.000000    5.048350 ^ clkbuf_0_clk/A (sky130_fd_sc_hd__clkbuf_16)
     2    0.017858    0.040034    0.132702    5.181052 ^ clkbuf_0_clk/X (sky130_fd_sc_hd__clkbuf_16)
                                                         clknet_0_clk (net)
                      0.040044    0.000421    5.181474 ^ clkbuf_1_1__f_clk/A (sky130_fd_sc_hd__clkbuf_16)
    10    0.030453    0.051381    0.132845    5.314319 ^ clkbuf_1_1__f_clk/X (sky130_fd_sc_hd__clkbuf_16)
                                                         clknet_1_1__leaf_clk (net)
                      0.051385    0.000774    5.315093 ^ _0797_/CLK (sky130_fd_sc_hd__dfrtp_1)
                                 -0.250000    5.065093   clock uncertainty
                                  0.000000    5.065093   clock reconvergence pessimism
                                  0.208662    5.273754   library recovery time
                                              5.273754   data required time
---------------------------------------------------------------------------------------------
                                              5.273754   data required time
                                             -1.377983   data arrival time
---------------------------------------------------------------------------------------------
                                              3.895771   slack (MET)


Startpoint: res_n (input port clocked by clk)
Endpoint: _0798_ (recovery check against rising-edge clock clk)
Path Group: asynchronous
Path Type: max

Fanout         Cap        Slew       Delay        Time   Description
---------------------------------------------------------------------------------------------
                                  0.000000    0.000000   clock clk (rise edge)
                                  0.000000    0.000000   clock network delay (propagated)
                                  1.000000    1.000000 ^ input external delay
     1    0.004094    0.025353    0.014873    1.014873 ^ res_n (in)
                                                         res_n (net)
                      0.025354    0.000000    1.014873 ^ input43/A (sky130_fd_sc_hd__buf_1)
     2    0.009901    0.123563    0.130052    1.144924 ^ input43/X (sky130_fd_sc_hd__buf_1)
                                                         net43 (net)
                      0.123565    0.000413    1.145338 ^ fanout249/A (sky130_fd_sc_hd__clkbuf_4)
     9    0.042774    0.136351    0.231559    1.376897 ^ fanout249/X (sky130_fd_sc_hd__clkbuf_4)
                                                         net249 (net)
                      0.136357    0.001100    1.377997 ^ _0798_/RESET_B (sky130_fd_sc_hd__dfrtp_1)
                                              1.377997   data arrival time

                                  5.000000    5.000000   clock clk (rise edge)
                                  0.000000    5.000000   clock source latency
     1    0.014365    0.070643    0.048350    5.048350 ^ clk (in)
                                                         clk (net)
                      0.070660    0.000000    5.048350 ^ clkbuf_0_clk/A (sky130_fd_sc_hd__clkbuf_16)
     2    0.017858    0.040034    0.132702    5.181052 ^ clkbuf_0_clk/X (sky130_fd_sc_hd__clkbuf_16)
                                                         clknet_0_clk (net)
                      0.040044    0.000421    5.181474 ^ clkbuf_1_1__f_clk/A (sky130_fd_sc_hd__clkbuf_16)
    10    0.030453    0.051381    0.132845    5.314319 ^ clkbuf_1_1__f_clk/X (sky130_fd_sc_hd__clkbuf_16)
                                                         clknet_1_1__leaf_clk (net)
                      0.051385    0.000800    5.315119 ^ _0798_/CLK (sky130_fd_sc_hd__dfrtp_1)
                                 -0.250000    5.065119   clock uncertainty
                                  0.000000    5.065119   clock reconvergence pessimism
                                  0.208662    5.273780   library recovery time
                                              5.273780   data required time
---------------------------------------------------------------------------------------------
                                              5.273780   data required time
                                             -1.377997   data arrival time
---------------------------------------------------------------------------------------------
                                              3.895783   slack (MET)


Startpoint: res_n (input port clocked by clk)
Endpoint: _0802_ (recovery check against rising-edge clock clk)
Path Group: asynchronous
Path Type: max

Fanout         Cap        Slew       Delay        Time   Description
---------------------------------------------------------------------------------------------
                                  0.000000    0.000000   clock clk (rise edge)
                                  0.000000    0.000000   clock network delay (propagated)
                                  1.000000    1.000000 ^ input external delay
     1    0.004094    0.025353    0.014873    1.014873 ^ res_n (in)
                                                         res_n (net)
                      0.025354    0.000000    1.014873 ^ input43/A (sky130_fd_sc_hd__buf_1)
     2    0.009901    0.123563    0.130052    1.144924 ^ input43/X (sky130_fd_sc_hd__buf_1)
                                                         net43 (net)
                      0.123565    0.000413    1.145338 ^ fanout249/A (sky130_fd_sc_hd__clkbuf_4)
     9    0.042774    0.136351    0.231559    1.376897 ^ fanout249/X (sky130_fd_sc_hd__clkbuf_4)
                                                         net249 (net)
                      0.136355    0.000938    1.377835 ^ _0802_/RESET_B (sky130_fd_sc_hd__dfrtp_1)
                                              1.377835   data arrival time

                                  5.000000    5.000000   clock clk (rise edge)
                                  0.000000    5.000000   clock source latency
     1    0.014365    0.070643    0.048350    5.048350 ^ clk (in)
                                                         clk (net)
                      0.070660    0.000000    5.048350 ^ clkbuf_0_clk/A (sky130_fd_sc_hd__clkbuf_16)
     2    0.017858    0.040034    0.132702    5.181052 ^ clkbuf_0_clk/X (sky130_fd_sc_hd__clkbuf_16)
                                                         clknet_0_clk (net)
                      0.040044    0.000421    5.181474 ^ clkbuf_1_1__f_clk/A (sky130_fd_sc_hd__clkbuf_16)
    10    0.030453    0.051381    0.132845    5.314319 ^ clkbuf_1_1__f_clk/X (sky130_fd_sc_hd__clkbuf_16)
                                                         clknet_1_1__leaf_clk (net)
                      0.051384    0.000696    5.315015 ^ _0802_/CLK (sky130_fd_sc_hd__dfrtp_1)
                                 -0.250000    5.065015   clock uncertainty
                                  0.000000    5.065015   clock reconvergence pessimism
                                  0.208662    5.273677   library recovery time
                                              5.273677   data required time
---------------------------------------------------------------------------------------------
                                              5.273677   data required time
                                             -1.377835   data arrival time
---------------------------------------------------------------------------------------------
                                              3.895842   slack (MET)


Startpoint: res_n (input port clocked by clk)
Endpoint: _1102_ (recovery check against rising-edge clock clk)
Path Group: asynchronous
Path Type: max

Fanout         Cap        Slew       Delay        Time   Description
---------------------------------------------------------------------------------------------
                                  0.000000    0.000000   clock clk (rise edge)
                                  0.000000    0.000000   clock network delay (propagated)
                                  1.000000    1.000000 ^ input external delay
     1    0.004094    0.025353    0.014873    1.014873 ^ res_n (in)
                                                         res_n (net)
                      0.025354    0.000000    1.014873 ^ input43/A (sky130_fd_sc_hd__buf_1)
     2    0.009901    0.123563    0.130052    1.144924 ^ input43/X (sky130_fd_sc_hd__buf_1)
                                                         net43 (net)
                      0.123565    0.000413    1.145338 ^ fanout249/A (sky130_fd_sc_hd__clkbuf_4)
     9    0.042774    0.136351    0.231559    1.376897 ^ fanout249/X (sky130_fd_sc_hd__clkbuf_4)
                                                         net249 (net)
                      0.136355    0.000981    1.377878 ^ _1102_/RESET_B (sky130_fd_sc_hd__dfrtp_1)
                                              1.377878   data arrival time

                                  5.000000    5.000000   clock clk (rise edge)
                                  0.000000    5.000000   clock source latency
     1    0.014365    0.070643    0.048350    5.048350 ^ clk (in)
                                                         clk (net)
                      0.070660    0.000000    5.048350 ^ clkbuf_0_clk/A (sky130_fd_sc_hd__clkbuf_16)
     2    0.017858    0.040034    0.132702    5.181052 ^ clkbuf_0_clk/X (sky130_fd_sc_hd__clkbuf_16)
                                                         clknet_0_clk (net)
                      0.040044    0.000421    5.181474 ^ clkbuf_1_1__f_clk/A (sky130_fd_sc_hd__clkbuf_16)
    10    0.030453    0.051381    0.132845    5.314319 ^ clkbuf_1_1__f_clk/X (sky130_fd_sc_hd__clkbuf_16)
                                                         clknet_1_1__leaf_clk (net)
                      0.051387    0.000947    5.315265 ^ _1102_/CLK (sky130_fd_sc_hd__dfrtp_1)
                                 -0.250000    5.065265   clock uncertainty
                                  0.000000    5.065265   clock reconvergence pessimism
                                  0.208663    5.273928   library recovery time
                                              5.273928   data required time
---------------------------------------------------------------------------------------------
                                              5.273928   data required time
                                             -1.377878   data arrival time
---------------------------------------------------------------------------------------------
                                              3.896050   slack (MET)


Startpoint: res_n (input port clocked by clk)
Endpoint: _1103_ (recovery check against rising-edge clock clk)
Path Group: asynchronous
Path Type: max

Fanout         Cap        Slew       Delay        Time   Description
---------------------------------------------------------------------------------------------
                                  0.000000    0.000000   clock clk (rise edge)
                                  0.000000    0.000000   clock network delay (propagated)
                                  1.000000    1.000000 ^ input external delay
     1    0.004094    0.025353    0.014873    1.014873 ^ res_n (in)
                                                         res_n (net)
                      0.025354    0.000000    1.014873 ^ input43/A (sky130_fd_sc_hd__buf_1)
     2    0.009901    0.123563    0.130052    1.144924 ^ input43/X (sky130_fd_sc_hd__buf_1)
                                                         net43 (net)
                      0.123565    0.000413    1.145338 ^ fanout249/A (sky130_fd_sc_hd__clkbuf_4)
     9    0.042774    0.136351    0.231559    1.376897 ^ fanout249/X (sky130_fd_sc_hd__clkbuf_4)
                                                         net249 (net)
                      0.136357    0.001066    1.377963 ^ _1103_/RESET_B (sky130_fd_sc_hd__dfrtp_1)
                                              1.377963   data arrival time

                                  5.000000    5.000000   clock clk (rise edge)
                                  0.000000    5.000000   clock source latency
     1    0.014365    0.070643    0.048350    5.048350 ^ clk (in)
                                                         clk (net)
                      0.070660    0.000000    5.048350 ^ clkbuf_0_clk/A (sky130_fd_sc_hd__clkbuf_16)
     2    0.017858    0.040034    0.132702    5.181052 ^ clkbuf_0_clk/X (sky130_fd_sc_hd__clkbuf_16)
                                                         clknet_0_clk (net)
                      0.040044    0.000421    5.181474 ^ clkbuf_1_1__f_clk/A (sky130_fd_sc_hd__clkbuf_16)
    10    0.030453    0.051381    0.132845    5.314319 ^ clkbuf_1_1__f_clk/X (sky130_fd_sc_hd__clkbuf_16)
                                                         clknet_1_1__leaf_clk (net)
                      0.051388    0.001029    5.315347 ^ _1103_/CLK (sky130_fd_sc_hd__dfrtp_1)
                                 -0.250000    5.065347   clock uncertainty
                                  0.000000    5.065347   clock reconvergence pessimism
                                  0.208663    5.274010   library recovery time
                                              5.274010   data required time
---------------------------------------------------------------------------------------------
                                              5.274010   data required time
                                             -1.377963   data arrival time
---------------------------------------------------------------------------------------------
                                              3.896047   slack (MET)


Startpoint: res_n (input port clocked by clk)
Endpoint: _1104_ (recovery check against rising-edge clock clk)
Path Group: asynchronous
Path Type: max

Fanout         Cap        Slew       Delay        Time   Description
---------------------------------------------------------------------------------------------
                                  0.000000    0.000000   clock clk (rise edge)
                                  0.000000    0.000000   clock network delay (propagated)
                                  1.000000    1.000000 ^ input external delay
     1    0.004094    0.025353    0.014873    1.014873 ^ res_n (in)
                                                         res_n (net)
                      0.025354    0.000000    1.014873 ^ input43/A (sky130_fd_sc_hd__buf_1)
     2    0.009901    0.123563    0.130052    1.144924 ^ input43/X (sky130_fd_sc_hd__buf_1)
                                                         net43 (net)
                      0.123565    0.000413    1.145338 ^ fanout249/A (sky130_fd_sc_hd__clkbuf_4)
     9    0.042774    0.136351    0.231559    1.376897 ^ fanout249/X (sky130_fd_sc_hd__clkbuf_4)
                                                         net249 (net)
                      0.136356    0.001038    1.377935 ^ _1104_/RESET_B (sky130_fd_sc_hd__dfrtp_1)
                                              1.377935   data arrival time

                                  5.000000    5.000000   clock clk (rise edge)
                                  0.000000    5.000000   clock source latency
     1    0.014365    0.070643    0.048350    5.048350 ^ clk (in)
                                                         clk (net)
                      0.070660    0.000000    5.048350 ^ clkbuf_0_clk/A (sky130_fd_sc_hd__clkbuf_16)
     2    0.017858    0.040034    0.132702    5.181052 ^ clkbuf_0_clk/X (sky130_fd_sc_hd__clkbuf_16)
                                                         clknet_0_clk (net)
                      0.040044    0.000421    5.181474 ^ clkbuf_1_1__f_clk/A (sky130_fd_sc_hd__clkbuf_16)
    10    0.030453    0.051381    0.132845    5.314319 ^ clkbuf_1_1__f_clk/X (sky130_fd_sc_hd__clkbuf_16)
                                                         clknet_1_1__leaf_clk (net)
                      0.051387    0.001014    5.315333 ^ _1104_/CLK (sky130_fd_sc_hd__dfrtp_1)
                                 -0.250000    5.065333   clock uncertainty
                                  0.000000    5.065333   clock reconvergence pessimism
                                  0.208663    5.273995   library recovery time
                                              5.273995   data required time
---------------------------------------------------------------------------------------------
                                              5.273995   data required time
                                             -1.377935   data arrival time
---------------------------------------------------------------------------------------------
                                              3.896060   slack (MET)


Startpoint: res_n (input port clocked by clk)
Endpoint: _0799_ (recovery check against rising-edge clock clk)
Path Group: asynchronous
Path Type: max

Fanout         Cap        Slew       Delay        Time   Description
---------------------------------------------------------------------------------------------
                                  0.000000    0.000000   clock clk (rise edge)
                                  0.000000    0.000000   clock network delay (propagated)
                                  1.000000    1.000000 ^ input external delay
     1    0.004094    0.025353    0.014873    1.014873 ^ res_n (in)
                                                         res_n (net)
                      0.025354    0.000000    1.014873 ^ input43/A (sky130_fd_sc_hd__buf_1)
     2    0.009901    0.123563    0.130052    1.144924 ^ input43/X (sky130_fd_sc_hd__buf_1)
                                                         net43 (net)
                      0.123565    0.000413    1.145338 ^ fanout249/A (sky130_fd_sc_hd__clkbuf_4)
     9    0.042774    0.136351    0.231559    1.376897 ^ fanout249/X (sky130_fd_sc_hd__clkbuf_4)
                                                         net249 (net)
                      0.136353    0.000813    1.377710 ^ _0799_/RESET_B (sky130_fd_sc_hd__dfrtp_1)
                                              1.377710   data arrival time

                                  5.000000    5.000000   clock clk (rise edge)
                                  0.000000    5.000000   clock source latency
     1    0.014365    0.070643    0.048350    5.048350 ^ clk (in)
                                                         clk (net)
                      0.070660    0.000000    5.048350 ^ clkbuf_0_clk/A (sky130_fd_sc_hd__clkbuf_16)
     2    0.017858    0.040034    0.132702    5.181052 ^ clkbuf_0_clk/X (sky130_fd_sc_hd__clkbuf_16)
                                                         clknet_0_clk (net)
                      0.040044    0.000421    5.181474 ^ clkbuf_1_1__f_clk/A (sky130_fd_sc_hd__clkbuf_16)
    10    0.030453    0.051381    0.132845    5.314319 ^ clkbuf_1_1__f_clk/X (sky130_fd_sc_hd__clkbuf_16)
                                                         clknet_1_1__leaf_clk (net)
                      0.051386    0.000874    5.315193 ^ _0799_/CLK (sky130_fd_sc_hd__dfrtp_1)
                                 -0.250000    5.065193   clock uncertainty
                                  0.000000    5.065193   clock reconvergence pessimism
                                  0.208663    5.273856   library recovery time
                                              5.273856   data required time
---------------------------------------------------------------------------------------------
                                              5.273856   data required time
                                             -1.377710   data arrival time
---------------------------------------------------------------------------------------------
                                              3.896146   slack (MET)


Startpoint: res_n (input port clocked by clk)
Endpoint: _0801_ (recovery check against rising-edge clock clk)
Path Group: asynchronous
Path Type: max

Fanout         Cap        Slew       Delay        Time   Description
---------------------------------------------------------------------------------------------
                                  0.000000    0.000000   clock clk (rise edge)
                                  0.000000    0.000000   clock network delay (propagated)
                                  1.000000    1.000000 ^ input external delay
     1    0.004094    0.025353    0.014873    1.014873 ^ res_n (in)
                                                         res_n (net)
                      0.025354    0.000000    1.014873 ^ input43/A (sky130_fd_sc_hd__buf_1)
     2    0.009901    0.123563    0.130052    1.144924 ^ input43/X (sky130_fd_sc_hd__buf_1)
                                                         net43 (net)
                      0.123565    0.000413    1.145338 ^ fanout249/A (sky130_fd_sc_hd__clkbuf_4)
     9    0.042774    0.136351    0.231559    1.376897 ^ fanout249/X (sky130_fd_sc_hd__clkbuf_4)
                                                         net249 (net)
                      0.136353    0.000832    1.377729 ^ _0801_/RESET_B (sky130_fd_sc_hd__dfrtp_1)
                                              1.377729   data arrival time

                                  5.000000    5.000000   clock clk (rise edge)
                                  0.000000    5.000000   clock source latency
     1    0.014365    0.070643    0.048350    5.048350 ^ clk (in)
                                                         clk (net)
                      0.070660    0.000000    5.048350 ^ clkbuf_0_clk/A (sky130_fd_sc_hd__clkbuf_16)
     2    0.017858    0.040034    0.132702    5.181052 ^ clkbuf_0_clk/X (sky130_fd_sc_hd__clkbuf_16)
                                                         clknet_0_clk (net)
                      0.040044    0.000421    5.181474 ^ clkbuf_1_1__f_clk/A (sky130_fd_sc_hd__clkbuf_16)
    10    0.030453    0.051381    0.132845    5.314319 ^ clkbuf_1_1__f_clk/X (sky130_fd_sc_hd__clkbuf_16)
                                                         clknet_1_1__leaf_clk (net)
                      0.051386    0.000905    5.315224 ^ _0801_/CLK (sky130_fd_sc_hd__dfrtp_1)
                                 -0.250000    5.065224   clock uncertainty
                                  0.000000    5.065224   clock reconvergence pessimism
                                  0.208663    5.273886   library recovery time
                                              5.273886   data required time
---------------------------------------------------------------------------------------------
                                              5.273886   data required time
                                             -1.377729   data arrival time
---------------------------------------------------------------------------------------------
                                              3.896157   slack (MET)


Startpoint: res_n (input port clocked by clk)
Endpoint: _0800_ (recovery check against rising-edge clock clk)
Path Group: asynchronous
Path Type: max

Fanout         Cap        Slew       Delay        Time   Description
---------------------------------------------------------------------------------------------
                                  0.000000    0.000000   clock clk (rise edge)
                                  0.000000    0.000000   clock network delay (propagated)
                                  1.000000    1.000000 ^ input external delay
     1    0.004094    0.025353    0.014873    1.014873 ^ res_n (in)
                                                         res_n (net)
                      0.025354    0.000000    1.014873 ^ input43/A (sky130_fd_sc_hd__buf_1)
     2    0.009901    0.123563    0.130052    1.144924 ^ input43/X (sky130_fd_sc_hd__buf_1)
                                                         net43 (net)
                      0.123565    0.000413    1.145338 ^ fanout249/A (sky130_fd_sc_hd__clkbuf_4)
     9    0.042774    0.136351    0.231559    1.376897 ^ fanout249/X (sky130_fd_sc_hd__clkbuf_4)
                                                         net249 (net)
                      0.136352    0.000732    1.377629 ^ _0800_/RESET_B (sky130_fd_sc_hd__dfrtp_1)
                                              1.377629   data arrival time

                                  5.000000    5.000000   clock clk (rise edge)
                                  0.000000    5.000000   clock source latency
     1    0.014365    0.070643    0.048350    5.048350 ^ clk (in)
                                                         clk (net)
                      0.070660    0.000000    5.048350 ^ clkbuf_0_clk/A (sky130_fd_sc_hd__clkbuf_16)
     2    0.017858    0.040034    0.132702    5.181052 ^ clkbuf_0_clk/X (sky130_fd_sc_hd__clkbuf_16)
                                                         clknet_0_clk (net)
                      0.040044    0.000421    5.181474 ^ clkbuf_1_1__f_clk/A (sky130_fd_sc_hd__clkbuf_16)
    10    0.030453    0.051381    0.132845    5.314319 ^ clkbuf_1_1__f_clk/X (sky130_fd_sc_hd__clkbuf_16)
                                                         clknet_1_1__leaf_clk (net)
                      0.051386    0.000846    5.315164 ^ _0800_/CLK (sky130_fd_sc_hd__dfrtp_1)
                                 -0.250000    5.065164   clock uncertainty
                                  0.000000    5.065164   clock reconvergence pessimism
                                  0.208663    5.273827   library recovery time
                                              5.273827   data required time
---------------------------------------------------------------------------------------------
                                              5.273827   data required time
                                             -1.377629   data arrival time
---------------------------------------------------------------------------------------------
                                              3.896198   slack (MET)



