Instance,Terminal,Layer,X location,Y location,Voltage
FILLER_47_269,VGND,li1,129.4900,141.4400,0.000752
FILLER_47_223,VGND,li1,108.3300,141.4400,0.000710
FILLER_47_209,VGND,li1,102.5800,141.4400,0.000686
FILLER_47_202,VGND,li1,99.3600,141.4400,0.000670
FILLER_47_197,VGND,li1,96.6000,141.4400,0.000656
FILLER_47_195,VGND,li1,95.4500,141.4400,0.000645
FILLER_47_191,VGND,li1,93.6100,141.4400,0.000635
FILLER_47_175,VGND,li1,86.7100,141.4400,0.000603
FILLER_47_169,VGND,li1,83.7200,141.4400,0.000587
FILLER_47_160,VGND,li1,79.5800,141.4400,0.000561
FILLER_47_153,VGND,li1,76.8200,141.4400,0.000542
FILLER_47_147,VGND,li1,73.8300,141.4400,0.000522
FILLER_47_141,VGND,li1,70.8400,141.4400,0.000501
FILLER_47_139,VGND,li1,69.6900,141.4400,0.000485
FILLER_47_132,VGND,li1,67.1600,141.4400,0.000460
FILLER_47_126,VGND,li1,64.1700,141.4400,0.000436
FILLER_47_118,VGND,li1,60.7200,141.4400,0.000407
FILLER_47_113,VGND,li1,57.9600,141.4400,0.000388
FILLER_47_111,VGND,li1,56.8100,141.4400,0.000388
FILLER_47_104,VGND,li1,54.2800,141.4400,0.000367
FILLER_47_99,VGND,li1,51.5200,141.4400,0.000344
FILLER_47_91,VGND,li1,49.2200,141.4400,0.000324
FILLER_47_85,VGND,li1,45.0800,141.4400,0.000289
FILLER_47_76,VGND,li1,41.4000,141.4400,0.000239
FILLER_47_69,VGND,li1,38.1800,141.4400,0.000208
FILLER_47_62,VGND,li1,34.9600,141.4400,0.000177
FILLER_47_57,VGND,li1,32.2000,141.4400,0.000150
FILLER_47_53,VGND,li1,30.5900,141.4400,0.000150
FILLER_47_41,VGND,li1,27.1400,141.4400,0.000117
FILLER_47_29,VGND,li1,21.6200,141.4400,0.000097
FILLER_47_27,VGND,li1,18.1700,141.4400,0.000097
FILLER_47_15,VGND,li1,15.1800,141.4400,0.000097
FILLER_47_3,VGND,li1,9.6600,141.4400,0.000097
FILLER_46_250,VGND,li1,120.9800,136.0000,0.002378
FILLER_46_238,VGND,li1,115.2300,136.0000,0.002312
FILLER_46_228,VGND,li1,110.6300,136.0000,0.002230
FILLER_46_224,VGND,li1,109.4800,136.0000,0.002230
FILLER_46_216,VGND,li1,105.5700,136.0000,0.002168
FILLER_46_208,VGND,li1,101.6600,136.0000,0.002085
FILLER_46_197,VGND,li1,96.3700,136.0000,0.001995
FILLER_46_194,VGND,li1,95.2200,136.0000,0.001954
FILLER_46_164,VGND,li1,83.7200,136.0000,0.001736
FILLER_46_155,VGND,li1,77.2800,136.0000,0.001562
FILLER_46_134,VGND,li1,68.5400,136.0000,0.001390
FILLER_46_115,VGND,li1,58.6500,136.0000,0.001129
FILLER_46_109,VGND,li1,57.0400,136.0000,0.001075
FILLER_46_97,VGND,li1,52.9000,136.0000,0.000979
FILLER_46_85,VGND,li1,47.3800,136.0000,0.000847
FILLER_46_83,VGND,li1,43.9300,136.0000,0.000714
FILLER_46_77,VGND,li1,42.3200,136.0000,0.000714
FILLER_46_65,VGND,li1,38.1800,136.0000,0.000605
FILLER_46_53,VGND,li1,32.6600,136.0000,0.000460
FILLER_46_41,VGND,li1,27.1400,136.0000,0.000315
FILLER_46_29,VGND,li1,21.6200,136.0000,0.000263
FILLER_46_27,VGND,li1,18.1700,136.0000,0.000263
FILLER_46_15,VGND,li1,15.1800,136.0000,0.000263
FILLER_46_3,VGND,li1,9.6600,136.0000,0.000263
FILLER_45_248,VGND,li1,120.0600,136.0000,0.002354
FILLER_45_217,VGND,li1,105.8000,136.0000,0.002168
FILLER_45_193,VGND,li1,94.5300,136.0000,0.001954
FILLER_45_178,VGND,li1,87.6300,136.0000,0.001800
FILLER_45_169,VGND,li1,83.4900,136.0000,0.001736
FILLER_45_154,VGND,li1,76.5900,136.0000,0.001562
FILLER_45_125,VGND,li1,63.4800,136.0000,0.001265
FILLER_45_113,VGND,li1,58.1900,136.0000,0.001129
FILLER_45_108,VGND,li1,56.1200,136.0000,0.001075
FILLER_45_96,VGND,li1,52.4400,136.0000,0.000979
FILLER_45_81,VGND,li1,45.5400,136.0000,0.000768
FILLER_45_69,VGND,li1,40.0200,136.0000,0.000653
FILLER_45_57,VGND,li1,34.5000,136.0000,0.000508
FILLER_45_55,VGND,li1,31.0500,136.0000,0.000388
FILLER_45_51,VGND,li1,29.9000,136.0000,0.000388
FILLER_45_39,VGND,li1,26.2200,136.0000,0.000263
FILLER_45_27,VGND,li1,20.7000,136.0000,0.000263
FILLER_45_15,VGND,li1,15.1800,136.0000,0.000263
FILLER_45_3,VGND,li1,9.6600,136.0000,0.000263
FILLER_44_215,VGND,li1,104.8800,130.5600,0.002284
FILLER_44_187,VGND,li1,91.7700,130.5600,0.002098
FILLER_44_175,VGND,li1,86.2500,130.5600,0.002011
FILLER_44_136,VGND,li1,69.0000,130.5600,0.001610
FILLER_44_115,VGND,li1,58.6500,130.5600,0.001262
FILLER_44_109,VGND,li1,57.0400,130.5600,0.001262
FILLER_44_97,VGND,li1,52.9000,130.5600,0.001137
FILLER_44_85,VGND,li1,47.3800,130.5600,0.000971
FILLER_44_83,VGND,li1,43.9300,130.5600,0.000819
FILLER_44_77,VGND,li1,42.3200,130.5600,0.000819
FILLER_44_65,VGND,li1,38.1800,130.5600,0.000694
FILLER_44_53,VGND,li1,32.6600,130.5600,0.000528
FILLER_44_41,VGND,li1,27.1400,130.5600,0.000362
FILLER_44_29,VGND,li1,21.6200,130.5600,0.000301
FILLER_44_27,VGND,li1,18.1700,130.5600,0.000301
FILLER_44_15,VGND,li1,15.1800,130.5600,0.000301
FILLER_44_3,VGND,li1,9.6600,130.5600,0.000301
FILLER_43_278,VGND,li1,133.8600,130.5600,0.002481
FILLER_43_251,VGND,li1,121.4400,130.5600,0.002436
FILLER_43_243,VGND,li1,119.1400,130.5600,0.002423
FILLER_43_208,VGND,li1,101.4300,130.5600,0.002259
FILLER_43_185,VGND,li1,91.0800,130.5600,0.002098
FILLER_43_176,VGND,li1,86.7100,130.5600,0.002011
FILLER_43_136,VGND,li1,69.0000,130.5600,0.001610
FILLER_43_113,VGND,li1,58.1900,130.5600,0.001262
FILLER_43_111,VGND,li1,56.8100,130.5600,0.001207
FILLER_43_105,VGND,li1,55.2000,130.5600,0.001207
FILLER_43_93,VGND,li1,51.0600,130.5600,0.001082
FILLER_43_81,VGND,li1,45.5400,130.5600,0.000881
FILLER_43_69,VGND,li1,40.0200,130.5600,0.000750
FILLER_43_57,VGND,li1,34.5000,130.5600,0.000583
FILLER_43_55,VGND,li1,31.0500,130.5600,0.000445
FILLER_43_51,VGND,li1,29.9000,130.5600,0.000445
FILLER_43_39,VGND,li1,26.2200,130.5600,0.000301
FILLER_43_27,VGND,li1,20.7000,130.5600,0.000301
FILLER_43_15,VGND,li1,15.1800,130.5600,0.000301
FILLER_43_3,VGND,li1,9.6600,130.5600,0.000301
FILLER_42_247,VGND,li1,119.6000,125.1200,0.002905
FILLER_42_239,VGND,li1,117.3000,125.1200,0.002884
FILLER_42_183,VGND,li1,91.0800,125.1200,0.002514
FILLER_42_171,VGND,li1,86.9400,125.1200,0.002394
FILLER_42_166,VGND,li1,82.3400,125.1200,0.002282
FILLER_42_138,VGND,li1,69.4600,125.1200,0.001945
FILLER_42_117,VGND,li1,59.5700,125.1200,0.001601
FILLER_42_109,VGND,li1,57.5000,125.1200,0.001518
FILLER_42_97,VGND,li1,52.9000,125.1200,0.001361
FILLER_42_85,VGND,li1,47.3800,125.1200,0.001162
FILLER_42_83,VGND,li1,43.9300,125.1200,0.000980
FILLER_42_77,VGND,li1,42.3200,125.1200,0.000980
FILLER_42_65,VGND,li1,38.1800,125.1200,0.000830
FILLER_42_53,VGND,li1,32.6600,125.1200,0.000632
FILLER_42_41,VGND,li1,27.1400,125.1200,0.000433
FILLER_42_29,VGND,li1,21.6200,125.1200,0.000361
FILLER_42_27,VGND,li1,18.1700,125.1200,0.000361
FILLER_42_15,VGND,li1,15.1800,125.1200,0.000361
FILLER_42_3,VGND,li1,9.6600,125.1200,0.000361
FILLER_41_270,VGND,li1,130.1800,125.1200,0.002951
FILLER_41_248,VGND,li1,120.0600,125.1200,0.002905
FILLER_41_236,VGND,li1,116.8400,125.1200,0.002884
FILLER_41_186,VGND,li1,91.7700,125.1200,0.002514
FILLER_41_178,VGND,li1,89.2400,125.1200,0.002475
FILLER_41_167,VGND,li1,82.5700,125.1200,0.002328
FILLER_41_152,VGND,li1,76.1300,125.1200,0.002153
FILLER_41_133,VGND,li1,67.3900,125.1200,0.001876
FILLER_41_125,VGND,li1,64.8600,125.1200,0.001775
FILLER_41_113,VGND,li1,60.2600,125.1200,0.001601
FILLER_41_111,VGND,li1,56.8100,125.1200,0.001444
FILLER_41_105,VGND,li1,55.2000,125.1200,0.001444
FILLER_41_93,VGND,li1,51.0600,125.1200,0.001295
FILLER_41_81,VGND,li1,45.5400,125.1200,0.001054
FILLER_41_69,VGND,li1,40.0200,125.1200,0.000897
FILLER_41_57,VGND,li1,34.5000,125.1200,0.000698
FILLER_41_55,VGND,li1,31.0500,125.1200,0.000532
FILLER_41_51,VGND,li1,29.9000,125.1200,0.000532
FILLER_41_39,VGND,li1,26.2200,125.1200,0.000361
FILLER_41_27,VGND,li1,20.7000,125.1200,0.000361
FILLER_41_15,VGND,li1,15.1800,125.1200,0.000361
FILLER_41_3,VGND,li1,9.6600,125.1200,0.000361
FILLER_40_266,VGND,li1,128.8000,119.6800,0.004110
FILLER_40_253,VGND,li1,122.8200,119.6800,0.004070
FILLER_40_246,VGND,li1,118.9100,119.6800,0.004047
FILLER_40_197,VGND,li1,96.8300,119.6800,0.003667
FILLER_40_190,VGND,li1,94.3000,119.6800,0.003598
FILLER_40_178,VGND,li1,90.1600,119.6800,0.003435
FILLER_40_149,VGND,li1,74.7500,119.6800,0.002826
FILLER_40_141,VGND,li1,72.2200,119.6800,0.002743
FILLER_40_139,VGND,li1,69.6900,119.6800,0.002555
FILLER_40_133,VGND,li1,68.0800,119.6800,0.002555
FILLER_40_121,VGND,li1,63.9400,119.6800,0.002346
FILLER_40_109,VGND,li1,58.4200,119.6800,0.002051
FILLER_40_97,VGND,li1,52.9000,119.6800,0.001794
FILLER_40_85,VGND,li1,47.3800,119.6800,0.001570
FILLER_40_83,VGND,li1,43.9300,119.6800,0.001324
FILLER_40_77,VGND,li1,42.3200,119.6800,0.001324
FILLER_40_65,VGND,li1,38.1800,119.6800,0.001122
FILLER_40_53,VGND,li1,32.6600,119.6800,0.000853
FILLER_40_41,VGND,li1,27.1400,119.6800,0.000584
FILLER_40_29,VGND,li1,21.6200,119.6800,0.000487
FILLER_40_27,VGND,li1,18.1700,119.6800,0.000487
FILLER_40_15,VGND,li1,15.1800,119.6800,0.000487
FILLER_40_3,VGND,li1,9.6600,119.6800,0.000487
FILLER_39_277,VGND,li1,133.6300,119.6800,0.004116
FILLER_39_268,VGND,li1,129.2600,119.6800,0.004110
FILLER_39_260,VGND,li1,125.5800,119.6800,0.004089
FILLER_39_249,VGND,li1,120.2900,119.6800,0.004047
FILLER_39_212,VGND,li1,103.2700,119.6800,0.003829
FILLER_39_205,VGND,li1,100.2800,119.6800,0.003755
FILLER_39_172,VGND,li1,86.4800,119.6800,0.003332
FILLER_39_167,VGND,li1,82.5700,119.6800,0.003198
FILLER_39_162,VGND,li1,80.5000,119.6800,0.003110
FILLER_39_148,VGND,li1,74.0600,119.6800,0.002826
FILLER_39_136,VGND,li1,70.8400,119.6800,0.002649
FILLER_39_104,VGND,li1,55.2000,119.6800,0.001950
FILLER_39_97,VGND,li1,50.3700,119.6800,0.001660
FILLER_39_93,VGND,li1,49.2200,119.6800,0.001660
FILLER_39_81,VGND,li1,45.5400,119.6800,0.001424
FILLER_39_69,VGND,li1,40.0200,119.6800,0.001212
FILLER_39_57,VGND,li1,34.5000,119.6800,0.000943
FILLER_39_55,VGND,li1,31.0500,119.6800,0.000719
FILLER_39_51,VGND,li1,29.9000,119.6800,0.000719
FILLER_39_39,VGND,li1,26.2200,119.6800,0.000487
FILLER_39_27,VGND,li1,20.7000,119.6800,0.000487
FILLER_39_15,VGND,li1,15.1800,119.6800,0.000487
FILLER_39_3,VGND,li1,9.6600,119.6800,0.000487
FILLER_38_273,VGND,li1,131.5600,114.2400,0.004232
FILLER_38_251,VGND,li1,121.2100,114.2400,0.004167
FILLER_38_212,VGND,li1,103.2700,114.2400,0.003874
FILLER_38_186,VGND,li1,91.3100,114.2400,0.003539
FILLER_38_176,VGND,li1,87.4000,114.2400,0.003471
FILLER_38_156,VGND,li1,77.7400,114.2400,0.003085
FILLER_38_149,VGND,li1,74.5200,114.2400,0.002976
FILLER_38_141,VGND,li1,72.2200,114.2400,0.002875
FILLER_38_85,VGND,li1,44.8500,114.2400,0.001631
FILLER_38_83,VGND,li1,43.9300,114.2400,0.001519
FILLER_38_77,VGND,li1,42.3200,114.2400,0.001519
FILLER_38_65,VGND,li1,38.1800,114.2400,0.001288
FILLER_38_53,VGND,li1,32.6600,114.2400,0.000979
FILLER_38_41,VGND,li1,27.1400,114.2400,0.000671
FILLER_38_29,VGND,li1,21.6200,114.2400,0.000559
FILLER_38_27,VGND,li1,18.1700,114.2400,0.000559
FILLER_38_15,VGND,li1,15.1800,114.2400,0.000559
FILLER_38_3,VGND,li1,9.6600,114.2400,0.000559
FILLER_37_281,VGND,li1,135.4700,114.2400,0.004237
FILLER_37_279,VGND,li1,134.0900,114.2400,0.004237
FILLER_37_210,VGND,li1,102.3500,114.2400,0.003874
FILLER_37_166,VGND,li1,82.3400,114.2400,0.003312
FILLER_37_138,VGND,li1,70.8400,114.2400,0.002875
FILLER_37_113,VGND,li1,57.7300,114.2400,0.002291
FILLER_37_69,VGND,li1,40.0200,114.2400,0.001391
FILLER_37_57,VGND,li1,34.5000,114.2400,0.001082
FILLER_37_55,VGND,li1,31.0500,114.2400,0.000825
FILLER_37_51,VGND,li1,29.9000,114.2400,0.000825
FILLER_37_39,VGND,li1,26.2200,114.2400,0.000559
FILLER_37_27,VGND,li1,20.7000,114.2400,0.000559
FILLER_37_15,VGND,li1,15.1800,114.2400,0.000559
FILLER_37_3,VGND,li1,9.6600,114.2400,0.000559
FILLER_36_282,VGND,li1,135.7000,108.8000,0.002695
FILLER_36_270,VGND,li1,130.1800,108.8000,0.002694
FILLER_36_250,VGND,li1,120.9800,108.8000,0.002672
FILLER_36_204,VGND,li1,99.8200,108.8000,0.002460
FILLER_36_194,VGND,li1,95.2200,108.8000,0.002368
FILLER_36_180,VGND,li1,88.7800,108.8000,0.002249
FILLER_36_159,VGND,li1,78.8900,108.8000,0.002068
FILLER_36_153,VGND,li1,77.2800,108.8000,0.002028
FILLER_36_138,VGND,li1,69.4600,108.8000,0.001846
FILLER_36_105,VGND,li1,55.2000,108.8000,0.001420
FILLER_36_85,VGND,li1,45.3100,108.8000,0.001049
FILLER_36_83,VGND,li1,43.9300,108.8000,0.000974
FILLER_36_77,VGND,li1,42.3200,108.8000,0.000974
FILLER_36_65,VGND,li1,38.1800,108.8000,0.000826
FILLER_36_53,VGND,li1,32.6600,108.8000,0.000628
FILLER_36_41,VGND,li1,27.1400,108.8000,0.000430
FILLER_36_29,VGND,li1,21.6200,108.8000,0.000359
FILLER_36_27,VGND,li1,18.1700,108.8000,0.000359
FILLER_36_15,VGND,li1,15.1800,108.8000,0.000359
FILLER_36_3,VGND,li1,9.6600,108.8000,0.000359
FILLER_35_281,VGND,li1,135.4700,108.8000,0.002695
FILLER_35_225,VGND,li1,109.4800,108.8000,0.002583
FILLER_35_185,VGND,li1,91.0800,108.8000,0.002289
FILLER_35_173,VGND,li1,87.8600,108.8000,0.002249
FILLER_35_166,VGND,li1,82.3400,108.8000,0.002113
FILLER_35_160,VGND,li1,79.5800,108.8000,0.002068
FILLER_35_149,VGND,li1,74.5200,108.8000,0.001940
FILLER_35_137,VGND,li1,71.3000,108.8000,0.001893
FILLER_35_121,VGND,li1,62.1000,108.8000,0.001639
FILLER_35_117,VGND,li1,59.5700,108.8000,0.001562
FILLER_35_113,VGND,li1,58.4200,108.8000,0.001488
FILLER_35_108,VGND,li1,56.1200,108.8000,0.001420
FILLER_35_96,VGND,li1,52.4400,108.8000,0.001275
FILLER_35_81,VGND,li1,45.5400,108.8000,0.001049
FILLER_35_69,VGND,li1,40.0200,108.8000,0.000892
FILLER_35_57,VGND,li1,34.5000,108.8000,0.000694
FILLER_35_55,VGND,li1,31.0500,108.8000,0.000529
FILLER_35_51,VGND,li1,29.9000,108.8000,0.000529
FILLER_35_39,VGND,li1,26.2200,108.8000,0.000359
FILLER_35_27,VGND,li1,20.7000,108.8000,0.000359
FILLER_35_15,VGND,li1,15.1800,108.8000,0.000359
FILLER_35_3,VGND,li1,9.6600,108.8000,0.000359
FILLER_34_279,VGND,li1,134.0900,103.3600,0.002360
FILLER_34_253,VGND,li1,122.1300,103.3600,0.002292
FILLER_34_250,VGND,li1,120.9800,103.3600,0.002278
FILLER_34_217,VGND,li1,106.0300,103.3600,0.002155
FILLER_34_190,VGND,li1,94.3000,103.3600,0.002007
FILLER_34_178,VGND,li1,90.1600,103.3600,0.001945
FILLER_34_166,VGND,li1,84.6400,103.3600,0.001839
FILLER_34_160,VGND,li1,79.5800,103.3600,0.001766
FILLER_34_153,VGND,li1,76.8200,103.3600,0.001732
FILLER_34_141,VGND,li1,73.1400,103.3600,0.001663
FILLER_34_134,VGND,li1,67.6200,103.3600,0.001553
FILLER_34_115,VGND,li1,61.1800,103.3600,0.001402
FILLER_34_103,VGND,li1,55.6600,103.3600,0.001264
FILLER_34_96,VGND,li1,50.6000,103.3600,0.001140
FILLER_34_83,VGND,li1,43.9300,103.3600,0.000958
FILLER_34_71,VGND,li1,40.9400,103.3600,0.000870
FILLER_34_65,VGND,li1,36.1100,103.3600,0.000703
FILLER_34_53,VGND,li1,32.6600,103.3600,0.000607
FILLER_34_41,VGND,li1,27.1400,103.3600,0.000416
FILLER_34_29,VGND,li1,21.6200,103.3600,0.000347
FILLER_34_27,VGND,li1,18.1700,103.3600,0.000347
FILLER_34_15,VGND,li1,15.1800,103.3600,0.000347
FILLER_34_3,VGND,li1,9.6600,103.3600,0.000347
FILLER_33_281,VGND,li1,135.4700,103.3600,0.002360
FILLER_33_279,VGND,li1,134.0900,103.3600,0.002360
FILLER_33_261,VGND,li1,125.8100,103.3600,0.002322
FILLER_33_255,VGND,li1,124.2000,103.3600,0.002309
FILLER_33_249,VGND,li1,120.7500,103.3600,0.002278
FILLER_33_237,VGND,li1,117.3000,103.3600,0.002259
FILLER_33_225,VGND,li1,111.7800,103.3600,0.002211
FILLER_33_211,VGND,li1,103.9600,103.3600,0.002132
FILLER_33_185,VGND,li1,92.0000,103.3600,0.001972
FILLER_33_173,VGND,li1,87.8600,103.3600,0.001911
FILLER_33_158,VGND,li1,78.6600,103.3600,0.001766
FILLER_33_135,VGND,li1,68.0800,103.3600,0.001553
FILLER_33_113,VGND,li1,58.8800,103.3600,0.001310
FILLER_33_94,VGND,li1,49.4500,103.3600,0.001091
FILLER_33_57,VGND,li1,33.1200,103.3600,0.000607
FILLER_33_55,VGND,li1,31.0500,103.3600,0.000512
FILLER_33_51,VGND,li1,29.9000,103.3600,0.000512
FILLER_33_39,VGND,li1,26.2200,103.3600,0.000347
FILLER_33_27,VGND,li1,20.7000,103.3600,0.000347
FILLER_33_15,VGND,li1,15.1800,103.3600,0.000347
FILLER_33_3,VGND,li1,9.6600,103.3600,0.000347
FILLER_32_270,VGND,li1,130.1800,97.9200,0.001482
FILLER_32_253,VGND,li1,122.3600,97.9200,0.001467
FILLER_32_249,VGND,li1,120.7500,97.9200,0.001462
FILLER_32_237,VGND,li1,117.3000,97.9200,0.001454
FILLER_32_225,VGND,li1,111.7800,97.9200,0.001433
FILLER_32_213,VGND,li1,106.2600,97.9200,0.001402
FILLER_32_201,VGND,li1,100.7400,97.9200,0.001381
FILLER_32_190,VGND,li1,93.3800,97.9200,0.001349
FILLER_32_182,VGND,li1,91.0800,97.9200,0.001336
FILLER_32_141,VGND,li1,70.6100,97.9200,0.001152
FILLER_32_115,VGND,li1,59.1100,97.9200,0.000991
FILLER_32_41,VGND,li1,25.0700,97.9200,0.000246
FILLER_32_29,VGND,li1,21.6200,97.9200,0.000246
FILLER_32_27,VGND,li1,18.1700,97.9200,0.000246
FILLER_32_15,VGND,li1,15.1800,97.9200,0.000246
FILLER_32_3,VGND,li1,9.6600,97.9200,0.000246
FILLER_31_254,VGND,li1,122.8200,97.9200,0.001467
FILLER_31_229,VGND,li1,111.0900,97.9200,0.001425
FILLER_31_225,VGND,li1,109.9400,97.9200,0.001425
FILLER_31_222,VGND,li1,108.1000,97.9200,0.001417
FILLER_31_210,VGND,li1,104.8800,97.9200,0.001402
FILLER_31_176,VGND,li1,87.1700,97.9200,0.001309
FILLER_31_167,VGND,li1,82.5700,97.9200,0.001273
FILLER_31_120,VGND,li1,61.1800,97.9200,0.001024
FILLER_31_43,VGND,li1,25.5300,97.9200,0.000246
FILLER_31_39,VGND,li1,24.3800,97.9200,0.000246
FILLER_31_27,VGND,li1,20.7000,97.9200,0.000246
FILLER_31_15,VGND,li1,15.1800,97.9200,0.000246
FILLER_31_3,VGND,li1,9.6600,97.9200,0.000246
FILLER_30_283,VGND,li1,135.9300,92.4800,0.002493
FILLER_30_279,VGND,li1,134.7800,92.4800,0.002493
FILLER_30_256,VGND,li1,123.7400,92.4800,0.002481
FILLER_30_235,VGND,li1,113.8500,92.4800,0.002443
FILLER_30_226,VGND,li1,109.9400,92.4800,0.002407
FILLER_30_221,VGND,li1,107.4100,92.4800,0.002390
FILLER_30_217,VGND,li1,106.2600,92.4800,0.002390
FILLER_30_191,VGND,li1,93.6100,92.4800,0.002265
FILLER_30_185,VGND,li1,92.0000,92.4800,0.002265
FILLER_30_152,VGND,li1,75.6700,92.4800,0.001975
FILLER_30_117,VGND,li1,59.5700,92.4800,0.001591
FILLER_30_97,VGND,li1,50.3700,92.4800,0.001311
FILLER_30_73,VGND,li1,39.3300,92.4800,0.000936
FILLER_30_45,VGND,li1,26.4500,92.4800,0.000401
FILLER_30_41,VGND,li1,25.3000,92.4800,0.000401
FILLER_30_29,VGND,li1,21.6200,92.4800,0.000404
FILLER_30_27,VGND,li1,18.1700,92.4800,0.000404
FILLER_30_15,VGND,li1,15.1800,92.4800,0.000404
FILLER_30_3,VGND,li1,9.6600,92.4800,0.000404
FILLER_29_277,VGND,li1,133.6300,92.4800,0.002493
FILLER_29_253,VGND,li1,124.6600,92.4800,0.002481
FILLER_29_179,VGND,li1,88.7800,92.4800,0.002212
FILLER_29_154,VGND,li1,76.8200,92.4800,0.001975
FILLER_29_146,VGND,li1,73.3700,92.4800,0.001934
FILLER_29_134,VGND,li1,69.9200,92.4800,0.001826
FILLER_29_127,VGND,li1,64.6300,92.4800,0.001729
FILLER_29_122,VGND,li1,61.8700,92.4800,0.001649
FILLER_29_116,VGND,li1,60.2600,92.4800,0.001591
FILLER_29_84,VGND,li1,44.3900,92.4800,0.001109
FILLER_29_78,VGND,li1,42.7800,92.4800,0.001023
FILLER_29_54,VGND,li1,30.8200,92.4800,0.000622
FILLER_29_47,VGND,li1,27.8300,92.4800,0.000507
FILLER_29_27,VGND,li1,18.1700,92.4800,0.000404
FILLER_29_15,VGND,li1,15.1800,92.4800,0.000404
FILLER_29_3,VGND,li1,9.6600,92.4800,0.000404
FILLER_28_283,VGND,li1,135.9300,87.0400,0.002368
FILLER_28_279,VGND,li1,134.7800,87.0400,0.002368
FILLER_28_264,VGND,li1,128.3400,87.0400,0.002360
FILLER_28_260,VGND,li1,125.3500,87.0400,0.002344
FILLER_28_251,VGND,li1,121.2100,87.0400,0.002329
FILLER_28_209,VGND,li1,103.5000,87.0400,0.002199
FILLER_28_175,VGND,li1,86.9400,87.0400,0.001970
FILLER_28_152,VGND,li1,75.6700,87.0400,0.001763
FILLER_28_148,VGND,li1,74.5200,87.0400,0.001763
FILLER_28_141,VGND,li1,71.0700,87.0400,0.001654
FILLER_28_138,VGND,li1,69.4600,87.0400,0.001654
FILLER_28_133,VGND,li1,66.9300,87.0400,0.001596
FILLER_28_113,VGND,li1,59.3400,87.0400,0.001415
FILLER_28_99,VGND,li1,51.5200,87.0400,0.001164
FILLER_28_94,VGND,li1,48.9900,87.0400,0.001083
FILLER_28_89,VGND,li1,46.6900,87.0400,0.001028
FILLER_28_85,VGND,li1,45.5400,87.0400,0.001028
FILLER_28_81,VGND,li1,43.4700,87.0400,0.000965
FILLER_28_73,VGND,li1,40.9400,87.0400,0.000888
FILLER_28_67,VGND,li1,37.0300,87.0400,0.000734
FILLER_28_55,VGND,li1,33.5800,87.0400,0.000657
FILLER_28_29,VGND,li1,19.7800,87.0400,0.000347
FILLER_28_27,VGND,li1,18.1700,87.0400,0.000347
FILLER_28_15,VGND,li1,15.1800,87.0400,0.000350
FILLER_28_3,VGND,li1,9.6600,87.0400,0.000350
FILLER_27_267,VGND,li1,128.5700,87.0400,0.002360
FILLER_27_262,VGND,li1,126.5000,87.0400,0.002352
FILLER_27_257,VGND,li1,124.2000,87.0400,0.002344
FILLER_27_249,VGND,li1,121.9000,87.0400,0.002329
FILLER_27_212,VGND,li1,104.8800,87.0400,0.002199
FILLER_27_198,VGND,li1,96.8300,87.0400,0.002122
FILLER_27_173,VGND,li1,85.3300,87.0400,0.001970
FILLER_27_169,VGND,li1,84.1800,87.0400,0.001933
FILLER_27_155,VGND,li1,77.0500,87.0400,0.001816
FILLER_27_113,VGND,li1,58.1900,87.0400,0.001361
FILLER_27_111,VGND,li1,56.8100,87.0400,0.001307
FILLER_27_83,VGND,li1,44.1600,87.0400,0.000965
FILLER_27_71,VGND,li1,40.9400,87.0400,0.000888
FILLER_27_64,VGND,li1,35.8800,87.0400,0.000734
FILLER_27_11,VGND,li1,11.0400,87.0400,0.000350
FILLER_27_3,VGND,li1,8.7400,87.0400,0.000350
FILLER_26_260,VGND,li1,126.9600,81.6000,0.001557
FILLER_26_253,VGND,li1,122.8200,81.6000,0.001537
FILLER_26_251,VGND,li1,121.2100,81.6000,0.001537
FILLER_26_220,VGND,li1,107.1800,81.6000,0.001462
FILLER_26_212,VGND,li1,104.8800,81.6000,0.001443
FILLER_26_197,VGND,li1,96.3700,81.6000,0.001362
FILLER_26_195,VGND,li1,95.4500,81.6000,0.001343
FILLER_26_189,VGND,li1,93.8400,81.6000,0.001343
FILLER_26_177,VGND,li1,89.7000,81.6000,0.001299
FILLER_26_157,VGND,li1,77.9700,81.6000,0.001169
FILLER_26_145,VGND,li1,74.9800,81.6000,0.001135
FILLER_26_139,VGND,li1,69.6900,81.6000,0.001073
FILLER_26_85,VGND,li1,45.5400,81.6000,0.000695
FILLER_26_83,VGND,li1,43.9300,81.6000,0.000652
FILLER_26_71,VGND,li1,40.9400,81.6000,0.000588
FILLER_26_65,VGND,li1,36.1100,81.6000,0.000518
FILLER_26_56,VGND,li1,32.2000,81.6000,0.000418
FILLER_26_33,VGND,li1,21.3900,81.6000,0.000261
FILLER_26_27,VGND,li1,18.1700,81.6000,0.000262
FILLER_26_15,VGND,li1,15.1800,81.6000,0.000262
FILLER_26_3,VGND,li1,9.6600,81.6000,0.000262
FILLER_25_281,VGND,li1,135.4700,81.6000,0.001563
FILLER_25_279,VGND,li1,134.0900,81.6000,0.001563
FILLER_25_262,VGND,li1,126.2700,81.6000,0.001557
FILLER_25_250,VGND,li1,123.2800,81.6000,0.001545
FILLER_25_230,VGND,li1,111.5500,81.6000,0.001492
FILLER_25_225,VGND,li1,109.4800,81.6000,0.001480
FILLER_25_222,VGND,li1,108.1000,81.6000,0.001462
FILLER_25_214,VGND,li1,105.8000,81.6000,0.001443
FILLER_25_185,VGND,li1,90.8500,81.6000,0.001299
FILLER_25_181,VGND,li1,89.7000,81.6000,0.001299
FILLER_25_169,VGND,li1,86.0200,81.6000,0.001253
FILLER_25_165,VGND,li1,82.1100,81.6000,0.001204
FILLER_25_153,VGND,li1,78.6600,81.6000,0.001169
FILLER_25_141,VGND,li1,73.1400,81.6000,0.001094
FILLER_25_113,VGND,li1,58.8800,81.6000,0.000921
FILLER_25_111,VGND,li1,56.8100,81.6000,0.000871
FILLER_25_107,VGND,li1,55.6600,81.6000,0.000871
FILLER_25_86,VGND,li1,45.5400,81.6000,0.000695
FILLER_25_78,VGND,li1,43.2400,81.6000,0.000652
FILLER_25_57,VGND,li1,32.2000,81.6000,0.000418
FILLER_25_53,VGND,li1,30.5900,81.6000,0.000370
FILLER_25_41,VGND,li1,27.1400,81.6000,0.000314
FILLER_25_27,VGND,li1,18.4000,81.6000,0.000262
FILLER_25_15,VGND,li1,15.1800,81.6000,0.000262
FILLER_25_3,VGND,li1,9.6600,81.6000,0.000262
FILLER_24_278,VGND,li1,133.8600,76.1600,0.001559
FILLER_24_265,VGND,li1,127.6500,76.1600,0.001554
FILLER_24_253,VGND,li1,124.6600,76.1600,0.001551
FILLER_24_251,VGND,li1,121.2100,76.1600,0.001542
FILLER_24_247,VGND,li1,120.0600,76.1600,0.001542
FILLER_24_243,VGND,li1,117.5300,76.1600,0.001536
FILLER_24_233,VGND,li1,113.1600,76.1600,0.001520
FILLER_24_225,VGND,li1,109.2500,76.1600,0.001497
FILLER_24_221,VGND,li1,108.1000,76.1600,0.001497
FILLER_24_209,VGND,li1,104.4200,76.1600,0.001469
FILLER_24_195,VGND,li1,95.4500,76.1600,0.001423
FILLER_24_187,VGND,li1,93.3800,76.1600,0.001409
FILLER_24_175,VGND,li1,88.7800,76.1600,0.001374
FILLER_24_158,VGND,li1,79.1200,76.1600,0.001283
FILLER_24_146,VGND,li1,75.4400,76.1600,0.001224
FILLER_24_136,VGND,li1,69.0000,76.1600,0.001147
FILLER_24_114,VGND,li1,59.3400,76.1600,0.000988
FILLER_24_102,VGND,li1,55.2000,76.1600,0.000913
FILLER_24_89,VGND,li1,46.6900,76.1600,0.000740
FILLER_24_85,VGND,li1,45.5400,76.1600,0.000689
FILLER_24_49,VGND,li1,28.7500,76.1600,0.000333
FILLER_24_41,VGND,li1,26.2200,76.1600,0.000246
FILLER_24_29,VGND,li1,21.6200,76.1600,0.000250
FILLER_24_27,VGND,li1,18.1700,76.1600,0.000250
FILLER_24_19,VGND,li1,16.1000,76.1600,0.000250
FILLER_24_7,VGND,li1,11.5000,76.1600,0.000250
FILLER_23_281,VGND,li1,135.4700,76.1600,0.001559
FILLER_23_265,VGND,li1,128.1100,76.1600,0.001554
FILLER_23_261,VGND,li1,125.8100,76.1600,0.001551
FILLER_23_211,VGND,li1,102.8100,76.1600,0.001469
FILLER_23_181,VGND,li1,90.1600,76.1600,0.001374
FILLER_23_154,VGND,li1,76.8200,76.1600,0.001254
FILLER_23_146,VGND,li1,74.5200,76.1600,0.001224
FILLER_23_111,VGND,li1,56.8100,76.1600,0.000913
FILLER_23_107,VGND,li1,55.6600,76.1600,0.000913
FILLER_23_101,VGND,li1,52.2100,76.1600,0.000859
FILLER_23_93,VGND,li1,50.1400,76.1600,0.000805
FILLER_23_74,VGND,li1,42.3200,76.1600,0.000644
FILLER_23_61,VGND,li1,33.8100,76.1600,0.000453
FILLER_23_57,VGND,li1,32.6600,76.1600,0.000399
FILLER_23_50,VGND,li1,29.9000,76.1600,0.000333
FILLER_23_38,VGND,li1,25.7600,76.1600,0.000246
FILLER_23_23,VGND,li1,16.7900,76.1600,0.000250
FILLER_23_15,VGND,li1,14.2600,76.1600,0.000250
FILLER_23_3,VGND,li1,9.6600,76.1600,0.000250
FILLER_22_271,VGND,li1,131.5600,70.7200,0.001853
FILLER_22_259,VGND,li1,127.4200,70.7200,0.001853
FILLER_22_225,VGND,li1,109.2500,70.7200,0.001743
FILLER_22_221,VGND,li1,108.1000,70.7200,0.001722
FILLER_22_209,VGND,li1,104.4200,70.7200,0.001698
FILLER_22_185,VGND,li1,91.5400,70.7200,0.001558
FILLER_22_111,VGND,li1,56.8100,70.7200,0.001011
FILLER_22_107,VGND,li1,55.6600,70.7200,0.001011
FILLER_22_85,VGND,li1,45.3100,70.7200,0.000767
FILLER_22_68,VGND,li1,37.7200,70.7200,0.000609
FILLER_22_63,VGND,li1,34.7300,70.7200,0.000503
FILLER_22_55,VGND,li1,32.6600,70.7200,0.000445
FILLER_22_27,VGND,li1,18.1700,70.7200,0.000303
FILLER_22_15,VGND,li1,15.1800,70.7200,0.000305
FILLER_22_3,VGND,li1,9.6600,70.7200,0.000305
FILLER_21_281,VGND,li1,135.4700,70.7200,0.001853
FILLER_21_275,VGND,li1,132.2500,70.7200,0.001853
FILLER_21_267,VGND,li1,130.1800,70.7200,0.001853
FILLER_21_255,VGND,li1,125.5800,70.7200,0.001853
FILLER_21_225,VGND,li1,110.4000,70.7200,0.001743
FILLER_21_223,VGND,li1,108.3300,70.7200,0.001722
FILLER_21_217,VGND,li1,106.7200,70.7200,0.001722
FILLER_21_205,VGND,li1,102.5800,70.7200,0.001679
FILLER_21_196,VGND,li1,95.9100,70.7200,0.001608
FILLER_21_188,VGND,li1,93.8400,70.7200,0.001584
FILLER_21_176,VGND,li1,89.2400,70.7200,0.001526
FILLER_21_166,VGND,li1,82.3400,70.7200,0.001443
FILLER_21_151,VGND,li1,75.6700,70.7200,0.001349
FILLER_21_143,VGND,li1,73.1400,70.7200,0.001287
FILLER_21_121,VGND,li1,61.6400,70.7200,0.001122
FILLER_21_113,VGND,li1,59.3400,70.7200,0.001080
FILLER_21_111,VGND,li1,56.8100,70.7200,0.001011
FILLER_21_107,VGND,li1,55.6600,70.7200,0.001011
FILLER_21_98,VGND,li1,51.2900,70.7200,0.000924
FILLER_21_84,VGND,li1,44.6200,70.7200,0.000767
FILLER_21_64,VGND,li1,36.8000,70.7200,0.000565
FILLER_21_55,VGND,li1,31.0500,70.7200,0.000445
FILLER_21_51,VGND,li1,29.9000,70.7200,0.000398
FILLER_21_3,VGND,li1,9.6600,70.7200,0.000305
FILLER_20_277,VGND,li1,133.6300,65.2800,0.001375
FILLER_20_265,VGND,li1,130.1800,65.2800,0.001373
FILLER_20_253,VGND,li1,124.6600,65.2800,0.001371
FILLER_20_251,VGND,li1,121.2100,65.2800,0.001368
FILLER_20_210,VGND,li1,104.8800,65.2800,0.001311
FILLER_20_197,VGND,li1,97.5200,65.2800,0.001245
FILLER_20_195,VGND,li1,95.4500,65.2800,0.001228
FILLER_20_185,VGND,li1,91.5400,65.2800,0.001208
FILLER_20_177,VGND,li1,87.8600,65.2800,0.001176
FILLER_20_165,VGND,li1,84.1800,65.2800,0.001134
FILLER_20_153,VGND,li1,78.6600,65.2800,0.001092
FILLER_20_115,VGND,li1,58.6500,65.2800,0.000878
FILLER_20_85,VGND,li1,44.8500,65.2800,0.000622
FILLER_20_80,VGND,li1,43.2400,65.2800,0.000622
FILLER_20_68,VGND,li1,39.5600,65.2800,0.000555
FILLER_20_62,VGND,li1,34.5000,65.2800,0.000460
FILLER_20_51,VGND,li1,30.3600,65.2800,0.000372
FILLER_20_29,VGND,li1,19.3200,65.2800,0.000256
FILLER_20_27,VGND,li1,18.1700,65.2800,0.000256
FILLER_20_15,VGND,li1,15.1800,65.2800,0.000256
FILLER_20_3,VGND,li1,9.6600,65.2800,0.000256
FILLER_19_281,VGND,li1,135.4700,65.2800,0.001375
FILLER_19_267,VGND,li1,128.5700,65.2800,0.001373
FILLER_19_255,VGND,li1,125.5800,65.2800,0.001371
FILLER_19_237,VGND,li1,115.9200,65.2800,0.001355
FILLER_19_220,VGND,li1,107.6400,65.2800,0.001325
FILLER_19_208,VGND,li1,101.6600,65.2800,0.001282
FILLER_19_193,VGND,li1,94.9900,65.2800,0.001228
FILLER_19_169,VGND,li1,83.4900,65.2800,0.001134
FILLER_19_156,VGND,li1,80.0400,65.2800,0.001092
FILLER_19_144,VGND,li1,74.5200,65.2800,0.001040
FILLER_19_113,VGND,li1,60.2600,65.2800,0.000878
FILLER_19_108,VGND,li1,56.1200,65.2800,0.000847
FILLER_19_92,VGND,li1,48.7600,65.2800,0.000722
FILLER_19_80,VGND,li1,45.0800,65.2800,0.000655
FILLER_19_53,VGND,li1,30.5900,65.2800,0.000372
FILLER_19_41,VGND,li1,27.1400,65.2800,0.000298
FILLER_19_27,VGND,li1,18.4000,65.2800,0.000256
FILLER_19_15,VGND,li1,15.1800,65.2800,0.000256
FILLER_19_3,VGND,li1,9.6600,65.2800,0.000256
FILLER_18_253,VGND,li1,123.7400,59.8400,0.002499
FILLER_18_248,VGND,li1,120.5200,59.8400,0.002483
FILLER_18_239,VGND,li1,116.3800,59.8400,0.002457
FILLER_18_229,VGND,li1,111.5500,59.8400,0.002418
FILLER_18_163,VGND,li1,80.7300,59.8400,0.002010
FILLER_18_159,VGND,li1,79.5800,59.8400,0.002010
FILLER_18_147,VGND,li1,75.9000,59.8400,0.001945
FILLER_18_139,VGND,li1,69.6900,59.8400,0.001833
FILLER_18_129,VGND,li1,65.5500,59.8400,0.001753
FILLER_18_121,VGND,li1,63.0200,59.8400,0.001703
FILLER_18_89,VGND,li1,46.6900,59.8400,0.001233
FILLER_18_85,VGND,li1,45.5400,59.8400,0.001142
FILLER_18_83,VGND,li1,43.9300,59.8400,0.001142
FILLER_18_49,VGND,li1,28.5200,59.8400,0.000576
FILLER_18_41,VGND,li1,26.2200,59.8400,0.000486
FILLER_18_29,VGND,li1,21.6200,59.8400,0.000406
FILLER_18_27,VGND,li1,18.1700,59.8400,0.000408
FILLER_18_15,VGND,li1,15.1800,59.8400,0.000408
FILLER_18_3,VGND,li1,9.6600,59.8400,0.000408
FILLER_17_281,VGND,li1,135.4700,59.8400,0.002505
FILLER_17_261,VGND,li1,125.8100,59.8400,0.002501
FILLER_17_230,VGND,li1,111.5500,59.8400,0.002418
FILLER_17_225,VGND,li1,109.2500,59.8400,0.002395
FILLER_17_222,VGND,li1,108.1000,59.8400,0.002374
FILLER_17_192,VGND,li1,94.3000,59.8400,0.002226
FILLER_17_177,VGND,li1,87.6300,59.8400,0.002141
FILLER_17_167,VGND,li1,82.5700,59.8400,0.002061
FILLER_17_151,VGND,li1,75.9000,59.8400,0.001945
FILLER_17_123,VGND,li1,62.5600,59.8400,0.001667
FILLER_17_111,VGND,li1,56.8100,59.8400,0.001555
FILLER_17_80,VGND,li1,45.0800,59.8400,0.001142
FILLER_17_44,VGND,li1,28.5200,59.8400,0.000576
FILLER_17_23,VGND,li1,16.5600,59.8400,0.000408
FILLER_17_15,VGND,li1,14.2600,59.8400,0.000408
FILLER_17_3,VGND,li1,9.6600,59.8400,0.000408
FILLER_16_265,VGND,li1,128.1100,54.4000,0.001463
FILLER_16_251,VGND,li1,121.2100,54.4000,0.001450
FILLER_16_215,VGND,li1,104.6500,54.4000,0.001375
FILLER_16_201,VGND,li1,98.4400,54.4000,0.001325
FILLER_16_194,VGND,li1,95.2200,54.4000,0.001312
FILLER_16_179,VGND,li1,89.7000,54.4000,0.001267
FILLER_16_141,VGND,li1,70.8400,54.4000,0.001101
FILLER_16_138,VGND,li1,69.4600,54.4000,0.001079
FILLER_16_113,VGND,li1,57.7300,54.4000,0.000900
FILLER_16_85,VGND,li1,44.8500,54.4000,0.000670
FILLER_16_83,VGND,li1,43.9300,54.4000,0.000670
FILLER_16_71,VGND,li1,40.9400,54.4000,0.000605
FILLER_16_58,VGND,li1,32.4300,54.4000,0.000418
FILLER_16_50,VGND,li1,30.3600,54.4000,0.000361
FILLER_16_29,VGND,li1,19.0900,54.4000,0.000264
FILLER_16_15,VGND,li1,12.6500,54.4000,0.000267
FILLER_16_3,VGND,li1,9.6600,54.4000,0.000267
FILLER_15_270,VGND,li1,131.1000,54.4000,0.001465
FILLER_15_258,VGND,li1,125.5800,54.4000,0.001461
FILLER_15_250,VGND,li1,120.7500,54.4000,0.001450
FILLER_15_246,VGND,li1,119.6000,54.4000,0.001450
FILLER_15_237,VGND,li1,114.7700,54.4000,0.001431
FILLER_15_218,VGND,li1,107.1800,54.4000,0.001387
FILLER_15_206,VGND,li1,103.0400,54.4000,0.001357
FILLER_15_196,VGND,li1,96.3700,54.4000,0.001312
FILLER_15_188,VGND,li1,93.8400,54.4000,0.001296
FILLER_15_176,VGND,li1,89.2400,54.4000,0.001267
FILLER_15_150,VGND,li1,75.9000,54.4000,0.001156
FILLER_15_130,VGND,li1,65.7800,54.4000,0.001037
FILLER_15_113,VGND,li1,58.8800,54.4000,0.000939
FILLER_15_109,VGND,li1,56.3500,54.4000,0.000900
FILLER_15_102,VGND,li1,52.6700,54.4000,0.000819
FILLER_15_87,VGND,li1,46.2300,54.4000,0.000713
FILLER_15_77,VGND,li1,41.6300,54.4000,0.000605
FILLER_15_69,VGND,li1,39.1000,54.4000,0.000565
FILLER_15_57,VGND,li1,34.5000,54.4000,0.000465
FILLER_15_55,VGND,li1,31.0500,54.4000,0.000361
FILLER_15_51,VGND,li1,29.9000,54.4000,0.000361
FILLER_15_39,VGND,li1,26.2200,54.4000,0.000254
FILLER_15_15,VGND,li1,15.1800,54.4000,0.000267
FILLER_15_3,VGND,li1,9.6600,54.4000,0.000267
FILLER_14_279,VGND,li1,134.0900,48.9600,0.001784
FILLER_14_265,VGND,li1,127.8800,48.9600,0.001776
FILLER_14_253,VGND,li1,124.6600,48.9600,0.001771
FILLER_14_244,VGND,li1,119.6000,48.9600,0.001764
FILLER_14_234,VGND,li1,113.6200,48.9600,0.001742
FILLER_14_221,VGND,li1,108.5600,48.9600,0.001716
FILLER_14_209,VGND,li1,104.4200,48.9600,0.001696
FILLER_14_192,VGND,li1,94.0700,48.9600,0.001599
FILLER_14_180,VGND,li1,91.0800,48.9600,0.001556
FILLER_14_168,VGND,li1,85.5600,48.9600,0.001492
FILLER_14_155,VGND,li1,77.0500,48.9600,0.001380
FILLER_14_151,VGND,li1,75.9000,48.9600,0.001380
FILLER_14_96,VGND,li1,51.5200,48.9600,0.000977
FILLER_14_85,VGND,li1,46.0000,48.9600,0.000871
FILLER_14_56,VGND,li1,32.2000,48.9600,0.000488
FILLER_14_15,VGND,li1,12.6500,48.9600,0.000331
FILLER_14_3,VGND,li1,9.6600,48.9600,0.000331
FILLER_13_281,VGND,li1,135.4700,48.9600,0.001784
FILLER_13_267,VGND,li1,128.5700,48.9600,0.001779
FILLER_13_260,VGND,li1,125.3500,48.9600,0.001771
FILLER_13_254,VGND,li1,123.7400,48.9600,0.001771
FILLER_13_223,VGND,li1,108.3300,48.9600,0.001716
FILLER_13_184,VGND,li1,90.3900,48.9600,0.001556
FILLER_13_176,VGND,li1,88.3200,48.9600,0.001532
FILLER_13_166,VGND,li1,82.3400,48.9600,0.001449
FILLER_13_155,VGND,li1,78.6600,48.9600,0.001417
FILLER_13_143,VGND,li1,74.0600,48.9600,0.001356
FILLER_13_128,VGND,li1,64.6300,48.9600,0.001213
FILLER_13_113,VGND,li1,58.1900,48.9600,0.001077
FILLER_13_111,VGND,li1,56.8100,48.9600,0.001077
FILLER_13_103,VGND,li1,54.7400,48.9600,0.001040
FILLER_13_94,VGND,li1,49.2200,48.9600,0.000925
FILLER_13_86,VGND,li1,46.9200,48.9600,0.000871
FILLER_13_61,VGND,li1,33.8100,48.9600,0.000564
FILLER_13_57,VGND,li1,32.6600,48.9600,0.000488
FILLER_13_55,VGND,li1,31.0500,48.9600,0.000488
FILLER_13_43,VGND,li1,28.0600,48.9600,0.000407
FILLER_13_15,VGND,li1,13.3400,48.9600,0.000331
FILLER_13_3,VGND,li1,9.6600,48.9600,0.000331
FILLER_12_280,VGND,li1,134.5500,43.5200,0.001073
FILLER_12_262,VGND,li1,127.4200,43.5200,0.001070
FILLER_12_249,VGND,li1,120.7500,43.5200,0.001065
FILLER_12_241,VGND,li1,118.2200,43.5200,0.001061
FILLER_12_188,VGND,li1,92.9200,43.5200,0.000983
FILLER_12_159,VGND,li1,78.8900,43.5200,0.000888
FILLER_12_153,VGND,li1,77.2800,43.5200,0.000870
FILLER_12_141,VGND,li1,73.1400,43.5200,0.000831
FILLER_12_134,VGND,li1,68.5400,43.5200,0.000783
FILLER_12_122,VGND,li1,64.4000,43.5200,0.000727
FILLER_12_110,VGND,li1,58.8800,43.5200,0.000676
FILLER_12_101,VGND,li1,52.2100,43.5200,0.000586
FILLER_12_97,VGND,li1,51.0600,43.5200,0.000586
FILLER_12_78,VGND,li1,42.7800,43.5200,0.000464
FILLER_12_53,VGND,li1,31.2800,43.5200,0.000279
FILLER_12_41,VGND,li1,27.1400,43.5200,0.000233
FILLER_12_29,VGND,li1,21.6200,43.5200,0.000185
FILLER_12_27,VGND,li1,18.1700,43.5200,0.000187
FILLER_12_15,VGND,li1,15.1800,43.5200,0.000189
FILLER_12_3,VGND,li1,9.6600,43.5200,0.000189
FILLER_11_281,VGND,li1,135.4700,43.5200,0.001073
FILLER_11_275,VGND,li1,132.2500,43.5200,0.001073
FILLER_11_271,VGND,li1,131.1000,43.5200,0.001073
FILLER_11_259,VGND,li1,127.4200,43.5200,0.001070
FILLER_11_253,VGND,li1,122.5900,43.5200,0.001067
FILLER_11_241,VGND,li1,119.1400,43.5200,0.001061
FILLER_11_225,VGND,li1,109.9400,43.5200,0.001047
FILLER_11_221,VGND,li1,107.8700,43.5200,0.001043
FILLER_11_209,VGND,li1,104.4200,43.5200,0.001031
FILLER_11_193,VGND,li1,95.2200,43.5200,0.001000
FILLER_11_155,VGND,li1,77.0500,43.5200,0.000870
FILLER_11_125,VGND,li1,63.4800,43.5200,0.000727
FILLER_11_113,VGND,li1,60.2600,43.5200,0.000676
FILLER_11_111,VGND,li1,56.8100,43.5200,0.000652
FILLER_11_107,VGND,li1,55.6600,43.5200,0.000624
FILLER_11_82,VGND,li1,43.4700,43.5200,0.000464
FILLER_11_76,VGND,li1,41.8600,43.5200,0.000464
FILLER_11_55,VGND,li1,31.0500,43.5200,0.000279
FILLER_11_51,VGND,li1,29.9000,43.5200,0.000279
FILLER_11_42,VGND,li1,25.0700,43.5200,0.000180
FILLER_11_38,VGND,li1,23.9200,43.5200,0.000180
FILLER_11_11,VGND,li1,11.2700,43.5200,0.000189
FILLER_11_3,VGND,li1,8.7400,43.5200,0.000189
FILLER_10_280,VGND,li1,134.5500,38.0800,0.001777
FILLER_10_266,VGND,li1,128.3400,38.0800,0.001775
FILLER_10_259,VGND,li1,124.8900,38.0800,0.001767
FILLER_10_253,VGND,li1,123.2800,38.0800,0.001763
FILLER_10_244,VGND,li1,119.6000,38.0800,0.001759
FILLER_10_235,VGND,li1,113.8500,38.0800,0.001738
FILLER_10_227,VGND,li1,110.1700,38.0800,0.001721
FILLER_10_219,VGND,li1,108.1000,38.0800,0.001710
FILLER_10_207,VGND,li1,103.5000,38.0800,0.001676
FILLER_10_197,VGND,li1,96.3700,38.0800,0.001636
FILLER_10_195,VGND,li1,95.4500,38.0800,0.001623
FILLER_10_189,VGND,li1,93.8400,38.0800,0.001623
FILLER_10_141,VGND,li1,70.8400,38.0800,0.001325
FILLER_10_108,VGND,li1,55.8900,38.0800,0.001083
FILLER_10_85,VGND,li1,45.5400,38.0800,0.000856
FILLER_10_82,VGND,li1,43.7000,38.0800,0.000815
FILLER_10_70,VGND,li1,40.4800,38.0800,0.000742
FILLER_10_33,VGND,li1,20.9300,38.0800,0.000312
FILLER_10_29,VGND,li1,19.7800,38.0800,0.000313
FILLER_10_15,VGND,li1,12.6500,38.0800,0.000316
FILLER_10_3,VGND,li1,9.6600,38.0800,0.000316
FILLER_9_281,VGND,li1,135.4700,38.0800,0.001777
FILLER_9_273,VGND,li1,131.7900,38.0800,0.001777
FILLER_9_260,VGND,li1,125.3500,38.0800,0.001767
FILLER_9_254,VGND,li1,123.7400,38.0800,0.001767
FILLER_9_208,VGND,li1,102.1200,38.0800,0.001676
FILLER_9_181,VGND,li1,90.6200,38.0800,0.001596
FILLER_9_169,VGND,li1,84.1800,38.0800,0.001515
FILLER_9_138,VGND,li1,69.2300,38.0800,0.001325
FILLER_9_121,VGND,li1,61.4100,38.0800,0.001191
FILLER_9_113,VGND,li1,59.3400,38.0800,0.001122
FILLER_9_108,VGND,li1,56.1200,38.0800,0.001083
FILLER_9_76,VGND,li1,40.7100,38.0800,0.000742
FILLER_9_64,VGND,li1,37.7200,38.0800,0.000654
FILLER_9_55,VGND,li1,31.0500,38.0800,0.000509
FILLER_9_40,VGND,li1,24.6100,38.0800,0.000308
FILLER_9_15,VGND,li1,12.6500,38.0800,0.000316
FILLER_9_3,VGND,li1,9.6600,38.0800,0.000316
FILLER_8_280,VGND,li1,135.2400,32.6400,0.000799
FILLER_8_267,VGND,li1,128.5700,32.6400,0.000797
FILLER_8_253,VGND,li1,123.7400,32.6400,0.000789
FILLER_8_251,VGND,li1,121.2100,32.6400,0.000785
FILLER_8_238,VGND,li1,115.2300,32.6400,0.000774
FILLER_8_225,VGND,li1,109.2500,32.6400,0.000753
FILLER_8_221,VGND,li1,108.1000,32.6400,0.000753
FILLER_8_209,VGND,li1,104.4200,32.6400,0.000742
FILLER_8_172,VGND,li1,87.4000,32.6400,0.000663
FILLER_8_160,VGND,li1,81.8800,32.6400,0.000641
FILLER_8_148,VGND,li1,76.3600,32.6400,0.000611
FILLER_8_138,VGND,li1,69.4600,32.6400,0.000566
FILLER_8_121,VGND,li1,61.4100,32.6400,0.000517
FILLER_8_107,VGND,li1,55.2000,32.6400,0.000464
FILLER_8_99,VGND,li1,52.9000,32.6400,0.000444
FILLER_8_85,VGND,li1,45.0800,32.6400,0.000356
FILLER_8_82,VGND,li1,43.7000,32.6400,0.000356
FILLER_8_60,VGND,li1,33.8100,32.6400,0.000226
FILLER_8_52,VGND,li1,31.2800,32.6400,0.000191
FILLER_8_40,VGND,li1,26.6800,32.6400,0.000130
FILLER_8_29,VGND,li1,19.7800,32.6400,0.000131
FILLER_8_27,VGND,li1,18.1700,32.6400,0.000131
FILLER_8_15,VGND,li1,15.1800,32.6400,0.000131
FILLER_8_3,VGND,li1,9.6600,32.6400,0.000131
FILLER_7_281,VGND,li1,135.4700,32.6400,0.000799
FILLER_7_261,VGND,li1,126.2700,32.6400,0.000793
FILLER_7_249,VGND,li1,122.8200,32.6400,0.000785
FILLER_7_237,VGND,li1,117.3000,32.6400,0.000779
FILLER_7_225,VGND,li1,111.7800,32.6400,0.000766
FILLER_7_220,VGND,li1,107.6400,32.6400,0.000753
FILLER_7_208,VGND,li1,103.9600,32.6400,0.000742
FILLER_7_187,VGND,li1,91.7700,32.6400,0.000686
FILLER_7_181,VGND,li1,90.1600,32.6400,0.000686
FILLER_7_169,VGND,li1,86.0200,32.6400,0.000663
FILLER_7_165,VGND,li1,82.1100,32.6400,0.000641
FILLER_7_153,VGND,li1,78.6600,32.6400,0.000624
FILLER_7_141,VGND,li1,73.1400,32.6400,0.000587
FILLER_7_113,VGND,li1,58.8800,32.6400,0.000483
FILLER_7_111,VGND,li1,56.8100,32.6400,0.000464
FILLER_7_105,VGND,li1,55.2000,32.6400,0.000464
FILLER_7_93,VGND,li1,51.0600,32.6400,0.000427
FILLER_7_57,VGND,li1,32.6600,32.6400,0.000226
FILLER_7_55,VGND,li1,31.0500,32.6400,0.000191
FILLER_7_51,VGND,li1,29.9000,32.6400,0.000191
FILLER_7_39,VGND,li1,26.2200,32.6400,0.000130
FILLER_7_27,VGND,li1,20.7000,32.6400,0.000131
FILLER_7_15,VGND,li1,15.1800,32.6400,0.000131
FILLER_7_3,VGND,li1,9.6600,32.6400,0.000131
FILLER_6_280,VGND,li1,134.5500,27.2000,0.001372
FILLER_6_265,VGND,li1,128.1100,27.2000,0.001368
FILLER_6_253,VGND,li1,124.6600,27.2000,0.001366
FILLER_6_244,VGND,li1,119.6000,27.2000,0.001361
FILLER_6_231,VGND,li1,112.0100,27.2000,0.001347
FILLER_6_219,VGND,li1,109.0200,27.2000,0.001338
FILLER_6_205,VGND,li1,100.2800,27.2000,0.001300
FILLER_6_197,VGND,li1,97.9800,27.2000,0.001287
FILLER_6_195,VGND,li1,95.4500,27.2000,0.001257
FILLER_6_183,VGND,li1,92.4600,27.2000,0.001235
FILLER_6_171,VGND,li1,86.9400,27.2000,0.001196
FILLER_6_149,VGND,li1,74.5200,27.2000,0.001077
FILLER_6_141,VGND,li1,72.2200,27.2000,0.001045
FILLER_6_139,VGND,li1,69.6900,27.2000,0.001011
FILLER_6_135,VGND,li1,68.5400,27.2000,0.001011
FILLER_6_113,VGND,li1,57.9600,27.2000,0.000862
FILLER_6_101,VGND,li1,54.7400,27.2000,0.000813
FILLER_6_93,VGND,li1,48.9900,27.2000,0.000718
FILLER_6_85,VGND,li1,46.4600,27.2000,0.000660
FILLER_6_82,VGND,li1,43.7000,27.2000,0.000619
FILLER_6_68,VGND,li1,37.2600,27.2000,0.000492
FILLER_6_56,VGND,li1,34.0400,27.2000,0.000427
FILLER_6_15,VGND,li1,12.6500,27.2000,0.000258
FILLER_6_3,VGND,li1,9.6600,27.2000,0.000258
FILLER_5_261,VGND,li1,125.8100,27.2000,0.001366
FILLER_5_257,VGND,li1,124.6600,27.2000,0.001366
FILLER_5_221,VGND,li1,107.8700,27.2000,0.001330
FILLER_5_194,VGND,li1,94.9900,27.2000,0.001257
FILLER_5_190,VGND,li1,93.8400,27.2000,0.001257
FILLER_5_169,VGND,li1,83.7200,27.2000,0.001168
FILLER_5_164,VGND,li1,81.8800,27.2000,0.001152
FILLER_5_113,VGND,li1,58.1900,27.2000,0.000862
FILLER_5_100,VGND,li1,54.2800,27.2000,0.000813
FILLER_5_87,VGND,li1,45.7700,27.2000,0.000660
FILLER_5_81,VGND,li1,44.1600,27.2000,0.000619
FILLER_5_69,VGND,li1,40.0200,27.2000,0.000548
FILLER_5_57,VGND,li1,34.5000,27.2000,0.000427
FILLER_5_41,VGND,li1,25.0700,27.2000,0.000242
FILLER_5_15,VGND,li1,12.8800,27.2000,0.000258
FILLER_5_3,VGND,li1,9.6600,27.2000,0.000258
FILLER_4_262,VGND,li1,126.5000,21.7600,0.002192
FILLER_4_258,VGND,li1,124.4300,21.7600,0.002190
FILLER_4_251,VGND,li1,121.2100,21.7600,0.002183
FILLER_4_193,VGND,li1,94.9900,21.7600,0.002017
FILLER_4_172,VGND,li1,84.8700,21.7600,0.001871
FILLER_4_141,VGND,li1,71.3000,21.7600,0.001608
FILLER_4_92,VGND,li1,48.0700,21.7600,0.001112
FILLER_4_61,VGND,li1,34.9600,21.7600,0.000696
FILLER_4_50,VGND,li1,29.4400,21.7600,0.000516
FILLER_4_36,VGND,li1,22.5400,21.7600,0.000397
FILLER_4_15,VGND,li1,12.6500,21.7600,0.000405
FILLER_4_3,VGND,li1,9.6600,21.7600,0.000405
FILLER_3_255,VGND,li1,123.0500,21.7600,0.002190
FILLER_3_232,VGND,li1,112.4700,21.7600,0.002153
FILLER_3_228,VGND,li1,111.3200,21.7600,0.002140
FILLER_3_223,VGND,li1,108.3300,21.7600,0.002129
FILLER_3_169,VGND,li1,84.1800,21.7600,0.001838
FILLER_3_165,VGND,li1,82.1100,21.7600,0.001804
FILLER_3_140,VGND,li1,70.1500,21.7600,0.001608
FILLER_3_113,VGND,li1,58.8800,21.7600,0.001335
FILLER_3_77,VGND,li1,41.4000,21.7600,0.000897
FILLER_3_35,VGND,li1,22.0800,21.7600,0.000401
FILLER_3_15,VGND,li1,14.2600,21.7600,0.000405
FILLER_3_3,VGND,li1,9.6600,21.7600,0.000405
FILLER_2_249,VGND,li1,120.7500,16.3200,0.001773
FILLER_2_233,VGND,li1,112.9300,16.3200,0.001750
FILLER_2_169,VGND,li1,84.6400,16.3200,0.001484
FILLER_2_158,VGND,li1,78.6600,16.3200,0.001423
FILLER_2_141,VGND,li1,70.6100,16.3200,0.001286
FILLER_2_137,VGND,li1,69.2300,16.3200,0.001286
FILLER_2_120,VGND,li1,60.9500,16.3200,0.001132
FILLER_2_97,VGND,li1,50.6000,16.3200,0.000916
FILLER_2_71,VGND,li1,38.4100,16.3200,0.000632
FILLER_2_67,VGND,li1,37.2600,16.3200,0.000580
FILLER_2_29,VGND,li1,19.3200,16.3200,0.000293
FILLER_2_27,VGND,li1,18.1700,16.3200,0.000293
FILLER_2_15,VGND,li1,15.1800,16.3200,0.000293
FILLER_2_3,VGND,li1,9.6600,16.3200,0.000293
FILLER_1_250,VGND,li1,121.2100,16.3200,0.001773
FILLER_1_236,VGND,li1,114.5400,16.3200,0.001759
FILLER_1_228,VGND,li1,112.2400,16.3200,0.001750
FILLER_1_223,VGND,li1,108.3300,16.3200,0.001729
FILLER_1_216,VGND,li1,105.5700,16.3200,0.001708
FILLER_1_202,VGND,li1,98.9000,16.3200,0.001660
FILLER_1_190,VGND,li1,95.6800,16.3200,0.001627
FILLER_1_162,VGND,li1,81.4200,16.3200,0.001460
FILLER_1_139,VGND,li1,70.3800,16.3200,0.001286
FILLER_1_117,VGND,li1,59.5700,16.3200,0.001081
FILLER_1_113,VGND,li1,58.4200,16.3200,0.001081
FILLER_1_111,VGND,li1,56.8100,16.3200,0.001024
FILLER_1_107,VGND,li1,55.6600,16.3200,0.001024
FILLER_1_82,VGND,li1,43.4700,16.3200,0.000754
FILLER_1_69,VGND,li1,37.4900,16.3200,0.000580
FILLER_1_65,VGND,li1,36.3400,16.3200,0.000580
FILLER_1_57,VGND,li1,31.9700,16.3200,0.000434
FILLER_1_53,VGND,li1,30.5900,16.3200,0.000434
FILLER_1_27,VGND,li1,18.4000,16.3200,0.000293
FILLER_1_15,VGND,li1,15.1800,16.3200,0.000293
FILLER_1_3,VGND,li1,9.6600,16.3200,0.000293
FILLER_0_266,VGND,li1,128.3400,10.8800,0.000285
FILLER_0_253,VGND,li1,122.3600,10.8800,0.000279
FILLER_0_245,VGND,li1,118.9100,10.8800,0.000273
FILLER_0_238,VGND,li1,115.6900,10.8800,0.000270
FILLER_0_231,VGND,li1,112.4700,10.8800,0.000266
FILLER_0_225,VGND,li1,109.4800,10.8800,0.000263
FILLER_0_209,VGND,li1,102.3500,10.8800,0.000252
FILLER_0_202,VGND,li1,99.3600,10.8800,0.000246
FILLER_0_197,VGND,li1,96.6000,10.8800,0.000241
FILLER_0_195,VGND,li1,95.4500,10.8800,0.000241
FILLER_0_188,VGND,li1,92.9200,10.8800,0.000237
FILLER_0_184,VGND,li1,90.3900,10.8800,0.000231
FILLER_0_167,VGND,li1,82.5700,10.8800,0.000213
FILLER_0_160,VGND,li1,80.0400,10.8800,0.000206
FILLER_0_153,VGND,li1,76.8200,10.8800,0.000196
FILLER_0_146,VGND,li1,73.6000,10.8800,0.000187
FILLER_0_141,VGND,li1,70.8400,10.8800,0.000175
FILLER_0_139,VGND,li1,69.6900,10.8800,0.000175
FILLER_0_132,VGND,li1,67.1600,10.8800,0.000168
FILLER_0_125,VGND,li1,63.9400,10.8800,0.000158
FILLER_0_118,VGND,li1,60.7200,10.8800,0.000148
FILLER_0_113,VGND,li1,57.9600,10.8800,0.000139
FILLER_0_111,VGND,li1,56.8100,10.8800,0.000133
FILLER_0_105,VGND,li1,54.5100,10.8800,0.000123
FILLER_0_97,VGND,li1,51.0600,10.8800,0.000117
FILLER_0_93,VGND,li1,48.5300,10.8800,0.000109
FILLER_0_85,VGND,li1,46.4600,10.8800,0.000102
FILLER_0_81,VGND,li1,43.4700,10.8800,0.000093
FILLER_0_69,VGND,li1,40.0200,10.8800,0.000081
FILLER_0_57,VGND,li1,34.5000,10.8800,0.000063
FILLER_0_53,VGND,li1,30.5900,10.8800,0.000050
FILLER_0_41,VGND,li1,27.1400,10.8800,0.000039
FILLER_0_29,VGND,li1,21.6200,10.8800,0.000033
FILLER_0_27,VGND,li1,18.1700,10.8800,0.000033
FILLER_0_15,VGND,li1,15.1800,10.8800,0.000033
FILLER_0_3,VGND,li1,9.6600,10.8800,0.000033
hold22,VGND,li1,132.9400,125.1200,0.002956
hold21,VGND,li1,75.4400,130.5600,0.001781
hold20,VGND,li1,118.6800,136.0000,0.002354
hold19,VGND,li1,106.7200,130.5600,0.002324
hold18,VGND,li1,71.7600,130.5600,0.001680
hold17,VGND,li1,132.4800,125.1200,0.002956
rebuffer16,VGND,li1,94.7600,125.1200,0.002557
clone15,VGND,li1,69.0000,125.1200,0.001876
rebuffer14,VGND,li1,110.6300,119.6800,0.003958
rebuffer13,VGND,li1,129.4900,114.2400,0.004223
clone12,VGND,li1,103.2700,114.2400,0.003874
rebuffer11,VGND,li1,114.0800,108.8000,0.002617
rebuffer10,VGND,li1,101.8900,108.8000,0.002491
rebuffer9,VGND,li1,67.8500,108.8000,0.001769
rebuffer8,VGND,li1,109.4800,108.8000,0.002583
rebuffer7,VGND,li1,117.0700,108.8000,0.002656
clone6,VGND,li1,110.6300,81.6000,0.001480
rebuffer5,VGND,li1,108.3300,114.2400,0.003995
rebuffer4,VGND,li1,105.1100,114.2400,0.003932
rebuffer3,VGND,li1,89.4700,136.0000,0.001864
rebuffer2,VGND,li1,98.2100,136.0000,0.002041
rebuffer1,VGND,li1,99.5900,130.5600,0.002235
clkload0,VGND,li1,76.8200,119.6800,0.002952
clkbuf_1_1__f_clk,VGND,li1,106.2600,119.6800,0.003881
clkbuf_1_0__f_clk,VGND,li1,82.8000,119.6800,0.003198
clkbuf_0_clk,VGND,li1,95.2200,119.6800,0.003598
fanout249,VGND,li1,103.5000,136.0000,0.002135
fanout248,VGND,li1,71.7600,136.0000,0.001464
fanout247,VGND,li1,107.8700,119.6800,0.003919
fanout246,VGND,li1,97.0600,114.2400,0.003747
fanout245,VGND,li1,116.1500,114.2400,0.004103
fanout244,VGND,li1,104.1900,108.8000,0.002523
fanout243,VGND,li1,100.0500,108.8000,0.002460
fanout242,VGND,li1,69.0000,114.2400,0.002802
fanout241,VGND,li1,66.4700,108.8000,0.001769
fanout240,VGND,li1,63.0200,92.4800,0.001649
fanout239,VGND,li1,58.1900,119.6800,0.002051
fanout238,VGND,li1,60.9500,103.3600,0.001402
fanout237,VGND,li1,66.2400,92.4800,0.001729
fanout236,VGND,li1,60.4900,108.8000,0.001562
fanout235,VGND,li1,62.3300,103.3600,0.001402
fanout234,VGND,li1,67.1600,97.9200,0.001113
fanout233,VGND,li1,58.8800,114.2400,0.002291
fanout232,VGND,li1,43.7000,114.2400,0.001519
max_cap231,VGND,li1,58.1900,92.4800,0.001525
fanout230,VGND,li1,56.1200,97.9200,0.000944
fanout229,VGND,li1,61.1800,59.8400,0.001667
fanout228,VGND,li1,89.7000,92.4800,0.002242
fanout227,VGND,li1,123.2800,70.7200,0.001853
max_cap226,VGND,li1,81.6500,119.6800,0.003110
max_cap225,VGND,li1,49.9100,97.9200,0.000822
fanout224,VGND,li1,35.4200,103.3600,0.000703
fanout223,VGND,li1,57.0400,65.2800,0.000847
max_cap222,VGND,li1,52.2100,103.3600,0.001140
wire221,VGND,li1,55.4300,87.0400,0.001307
fanout220,VGND,li1,37.2600,103.3600,0.000761
fanout219,VGND,li1,57.5000,59.8400,0.001555
fanout218,VGND,li1,71.3000,81.6000,0.001073
fanout217,VGND,li1,53.3600,70.7200,0.000964
wire216,VGND,li1,74.7500,92.4800,0.001934
fanout215,VGND,li1,71.7600,97.9200,0.001152
fanout214,VGND,li1,73.1400,54.4000,0.001130
fanout213,VGND,li1,87.8600,92.4800,0.002212
fanout212,VGND,li1,69.9200,48.9600,0.001299
fanout211,VGND,li1,80.0400,103.3600,0.001766
fanout210,VGND,li1,71.7600,48.9600,0.001325
fanout209,VGND,li1,72.6800,87.0400,0.001699
fanout208,VGND,li1,71.3000,76.1600,0.001182
max_cap207,VGND,li1,56.8100,87.0400,0.001307
fanout206,VGND,li1,58.4200,92.4800,0.001525
fanout205,VGND,li1,54.2800,54.4000,0.000868
fanout204,VGND,li1,44.6200,103.3600,0.000958
fanout203,VGND,li1,55.2000,87.0400,0.001307
fanout202,VGND,li1,47.8400,87.0400,0.001083
fanout201,VGND,li1,32.6600,97.9200,0.000419
fanout200,VGND,li1,48.7600,103.3600,0.001091
fanout199,VGND,li1,58.8800,59.8400,0.001611
fanout198,VGND,li1,77.2800,103.3600,0.001732
fanout197,VGND,li1,71.7600,59.8400,0.001867
fanout196,VGND,li1,86.0200,92.4800,0.002174
fanout195,VGND,li1,93.8400,65.2800,0.001228
fanout194,VGND,li1,68.0800,87.0400,0.001596
fanout193,VGND,li1,73.6000,59.8400,0.001904
fanout192,VGND,li1,50.1400,87.0400,0.001164
fanout191,VGND,li1,53.3600,87.0400,0.001218
fanout190,VGND,li1,98.4400,119.6800,0.003667
fanout189,VGND,li1,117.7600,92.4800,0.002459
fanout188,VGND,li1,121.9000,54.4000,0.001456
fanout187,VGND,li1,120.0600,114.2400,0.004167
fanout186,VGND,li1,127.8800,59.8400,0.002502
fanout185,VGND,li1,127.4200,119.6800,0.004103
fanout184,VGND,li1,124.2000,59.8400,0.002499
fanout182,VGND,li1,113.6200,141.4400,0.000738
fanout181,VGND,li1,80.9600,114.2400,0.003235
fanout180,VGND,li1,107.1800,16.3200,0.001729
fanout179,VGND,li1,95.9100,21.7600,0.002017
fanout178,VGND,li1,67.6200,16.3200,0.001255
fanout177,VGND,li1,60.9500,81.6000,0.000953
fanout176,VGND,li1,61.1800,87.0400,0.001461
fanout175,VGND,li1,80.7300,21.7600,0.001804
fanout174,VGND,li1,71.7600,16.3200,0.001324
fanout173,VGND,li1,81.1900,48.9600,0.001449
fanout172,VGND,li1,80.0400,43.5200,0.000888
fanout171,VGND,li1,80.9600,103.3600,0.001806
fanout170,VGND,li1,84.1800,103.3600,0.001839
fanout169,VGND,li1,124.4300,87.0400,0.002344
fanout168,VGND,li1,110.4000,81.6000,0.001480
fanout167,VGND,li1,121.9000,70.7200,0.001853
fanout166,VGND,li1,69.0000,70.7200,0.001250
fanout165,VGND,li1,74.0600,48.9600,0.001356
fanout164,VGND,li1,61.1800,54.4000,0.000968
fanout163,VGND,li1,110.4000,59.8400,0.002395
fanout162,VGND,li1,120.0600,54.4000,0.001450
fanout161,VGND,li1,98.6700,21.7600,0.002041
fanout160,VGND,li1,106.2600,27.2000,0.001330
fanout159,VGND,li1,78.8900,38.0800,0.001464
fanout158,VGND,li1,68.0800,38.0800,0.001293
fanout157,VGND,li1,68.0800,32.6400,0.000566
fanout156,VGND,li1,68.0800,32.6400,0.000566
fanout155,VGND,li1,94.9900,48.9600,0.001599
fanout154,VGND,li1,94.7600,43.5200,0.001000
fanout153,VGND,li1,70.8400,103.3600,0.001606
fanout152,VGND,li1,69.0000,103.3600,0.001553
fanout151,VGND,li1,84.4100,65.2800,0.001134
fanout150,VGND,li1,47.8400,54.4000,0.000751
fanout149,VGND,li1,118.4500,76.1600,0.001536
fanout148,VGND,li1,115.9200,70.7200,0.001800
fanout147,VGND,li1,129.4900,87.0400,0.002360
fanout146,VGND,li1,127.4200,81.6000,0.001557
fanout145,VGND,li1,91.5400,97.9200,0.001336
fanout144,VGND,li1,100.7400,87.0400,0.002175
fanout143,VGND,li1,85.5600,92.4800,0.002174
fanout142,VGND,li1,122.8200,87.0400,0.002329
fanout141,VGND,li1,29.4400,92.4800,0.000507
fanout140,VGND,li1,32.6600,59.8400,0.000693
fanout139,VGND,li1,35.8800,70.7200,0.000565
fanout138,VGND,li1,46.0000,54.4000,0.000713
fanout137,VGND,li1,28.5200,87.0400,0.000508
fanout136,VGND,li1,67.1600,76.1600,0.001119
fanout135,VGND,li1,92.0000,81.6000,0.001324
fanout134,VGND,li1,94.7600,97.9200,0.001349
fanout133,VGND,li1,94.7600,92.4800,0.002294
fanout132,VGND,li1,97.0600,54.4000,0.001325
fanout131,VGND,li1,97.0600,97.9200,0.001362
fanout130,VGND,li1,106.7200,59.8400,0.002374
fanout129,VGND,li1,108.5600,81.6000,0.001462
fanout128,VGND,li1,89.7000,65.2800,0.001192
fanout127,VGND,li1,41.8600,92.4800,0.001023
fanout126,VGND,li1,32.6600,65.2800,0.000425
fanout125,VGND,li1,46.9200,97.9200,0.000760
fanout124,VGND,li1,19.7800,81.6000,0.000262
fanout123,VGND,li1,48.3000,97.9200,0.000760
fanout122,VGND,li1,46.0000,65.2800,0.000655
fanout121,VGND,li1,36.3400,97.9200,0.000530
fanout120,VGND,li1,35.8800,65.2800,0.000460
fanout119,VGND,li1,81.8800,103.3600,0.001806
fanout118,VGND,li1,107.6400,92.4800,0.002390
fanout117,VGND,li1,108.5600,92.4800,0.002407
fanout116,VGND,li1,87.8600,65.2800,0.001176
fanout115,VGND,li1,118.6800,87.0400,0.002306
fanout114,VGND,li1,86.0200,65.2800,0.001160
fanout113,VGND,li1,107.6400,87.0400,0.002235
fanout112,VGND,li1,91.5400,48.9600,0.001556
output111,VGND,li1,62.5600,141.4400,0.000436
output110,VGND,li1,46.4600,141.4400,0.000289
output109,VGND,li1,72.2200,141.4400,0.000501
output108,VGND,li1,85.1000,141.4400,0.000587
output107,VGND,li1,110.8600,10.8800,0.000266
output106,VGND,li1,120.5200,10.8800,0.000277
output105,VGND,li1,126.9600,10.8800,0.000282
output104,VGND,li1,123.7400,10.8800,0.000279
output103,VGND,li1,122.8200,141.4400,0.000749
output102,VGND,li1,133.4000,136.0000,0.002455
output101,VGND,li1,135.2400,16.3200,0.001786
output100,VGND,li1,117.3000,10.8800,0.000273
output99,VGND,li1,7.8200,76.1600,0.000250
output98,VGND,li1,114.0800,10.8800,0.000270
output97,VGND,li1,129.7200,21.7600,0.002195
output96,VGND,li1,124.6600,141.4400,0.000750
output95,VGND,li1,52.9000,10.8800,0.000123
output94,VGND,li1,124.2000,21.7600,0.002190
output93,VGND,li1,131.5600,21.7600,0.002196
output92,VGND,li1,127.8800,21.7600,0.002194
output91,VGND,li1,126.5000,141.4400,0.000751
output90,VGND,li1,128.3400,141.4400,0.000752
output89,VGND,li1,81.4200,141.4400,0.000574
output88,VGND,li1,125.5800,136.0000,0.002409
output87,VGND,li1,133.4000,97.9200,0.001483
output86,VGND,li1,133.4000,32.6400,0.000799
output85,VGND,li1,133.4000,70.7200,0.001853
output84,VGND,li1,133.4000,54.4000,0.001465
output83,VGND,li1,135.2400,54.4000,0.001465
output82,VGND,li1,127.8800,21.7600,0.002194
output81,VGND,li1,135.2400,81.6000,0.001563
output80,VGND,li1,135.2400,65.2800,0.001375
output79,VGND,li1,133.4000,21.7600,0.002196
output78,VGND,li1,135.2400,70.7200,0.001853
output77,VGND,li1,135.2400,48.9600,0.001784
output76,VGND,li1,135.2400,59.8400,0.002505
output75,VGND,li1,135.2400,76.1600,0.001559
output74,VGND,li1,133.4000,43.5200,0.001073
output73,VGND,li1,135.2400,21.7600,0.002196
output72,VGND,li1,133.4000,38.0800,0.001777
output71,VGND,li1,126.0400,21.7600,0.002192
output70,VGND,li1,132.2500,87.0400,0.002368
output69,VGND,li1,134.0900,130.5600,0.002481
output68,VGND,li1,127.6500,103.3600,0.002335
output67,VGND,li1,130.4100,136.0000,0.002449
output66,VGND,li1,135.2400,103.3600,0.002360
output65,VGND,li1,122.8200,114.2400,0.004185
output64,VGND,li1,127.4200,136.0000,0.002431
output63,VGND,li1,135.2400,136.0000,0.002457
input62,VGND,li1,36.5700,141.4400,0.000208
input61,VGND,li1,92.6900,141.4400,0.000635
input60,VGND,li1,97.7500,10.8800,0.000246
input59,VGND,li1,100.9700,10.8800,0.000252
input58,VGND,li1,81.6500,10.8800,0.000206
input57,VGND,li1,109.7100,16.3200,0.001741
input56,VGND,li1,100.9700,141.4400,0.000670
input55,VGND,li1,75.2100,141.4400,0.000522
input54,VGND,li1,75.2100,10.8800,0.000187
input53,VGND,li1,55.8900,10.8800,0.000133
input52,VGND,li1,65.5500,141.4400,0.000460
input51,VGND,li1,107.8700,10.8800,0.000263
input50,VGND,li1,62.3300,10.8800,0.000148
input49,VGND,li1,78.4300,141.4400,0.000542
input48,VGND,li1,94.5300,10.8800,0.000237
input47,VGND,li1,78.4300,10.8800,0.000196
input46,VGND,li1,68.7700,10.8800,0.000168
input45,VGND,li1,89.4700,10.8800,0.000227
input44,VGND,li1,68.7700,141.4400,0.000485
input43,VGND,li1,55.8900,141.4400,0.000367
input42,VGND,li1,116.1500,136.0000,0.002312
input41,VGND,li1,106.0300,141.4400,0.000695
input40,VGND,li1,97.7500,141.4400,0.000656
input39,VGND,li1,94.5300,141.4400,0.000645
input38,VGND,li1,52.6700,141.4400,0.000344
input37,VGND,li1,89.7000,141.4400,0.000619
input36,VGND,li1,135.4700,141.4400,0.000753
input35,VGND,li1,135.4700,136.0000,0.002457
input34,VGND,li1,135.4700,125.1200,0.002956
input33,VGND,li1,135.4700,27.2000,0.001372
input32,VGND,li1,123.9700,136.0000,0.002409
input31,VGND,li1,135.4700,119.6800,0.004116
input30,VGND,li1,135.4700,125.1200,0.002956
input29,VGND,li1,132.0200,108.8000,0.002695
input28,VGND,li1,107.4100,141.4400,0.000710
input27,VGND,li1,120.7500,141.4400,0.000747
input26,VGND,li1,132.0200,141.4400,0.000753
input25,VGND,li1,43.2400,141.4400,0.000272
input24,VGND,li1,135.4700,87.0400,0.002368
input23,VGND,li1,133.6300,70.7200,0.001853
input22,VGND,li1,135.4700,92.4800,0.002493
input21,VGND,li1,135.4700,97.9200,0.001483
input20,VGND,li1,122.5900,136.0000,0.002378
input19,VGND,li1,135.4700,130.5600,0.002481
input18,VGND,li1,122.5900,130.5600,0.002436
input17,VGND,li1,109.9400,141.4400,0.000721
input16,VGND,li1,91.3100,10.8800,0.000231
input15,VGND,li1,125.3500,10.8800,0.000282
input14,VGND,li1,88.0900,10.8800,0.000227
input13,VGND,li1,135.4700,54.4000,0.001465
input12,VGND,li1,135.4700,16.3200,0.001786
input11,VGND,li1,39.7900,141.4400,0.000239
input10,VGND,li1,135.4700,10.8800,0.000289
input9,VGND,li1,59.1100,10.8800,0.000139
input8,VGND,li1,59.1100,141.4400,0.000407
input7,VGND,li1,135.4700,43.5200,0.001073
input6,VGND,li1,135.4700,27.2000,0.001372
input5,VGND,li1,33.3500,141.4400,0.000177
input4,VGND,li1,135.4700,38.0800,0.001777
input3,VGND,li1,71.9900,10.8800,0.000181
input2,VGND,li1,65.5500,10.8800,0.000158
input1,VGND,li1,49.4500,10.8800,0.000109
TAP_TAPCELL_ROW_47_345,VGND,li1,134.5500,141.1480,0.000753
TAP_TAPCELL_ROW_47_344,VGND,li1,121.6700,141.1480,0.000747
TAP_TAPCELL_ROW_47_343,VGND,li1,108.7900,141.1480,0.000710
TAP_TAPCELL_ROW_47_342,VGND,li1,95.9100,141.1480,0.000645
TAP_TAPCELL_ROW_47_341,VGND,li1,83.0300,141.1480,0.000574
TAP_TAPCELL_ROW_47_340,VGND,li1,70.1500,141.1480,0.000485
TAP_TAPCELL_ROW_47_339,VGND,li1,57.2700,141.1480,0.000388
TAP_TAPCELL_ROW_47_338,VGND,li1,44.3900,141.1480,0.000272
TAP_TAPCELL_ROW_47_337,VGND,li1,31.5100,141.1480,0.000150
TAP_TAPCELL_ROW_47_336,VGND,li1,18.6300,141.1480,0.000097
TAP_TAPCELL_ROW_46_335,VGND,li1,121.6700,136.2910,0.002378
TAP_TAPCELL_ROW_46_334,VGND,li1,95.9100,136.2910,0.001995
TAP_TAPCELL_ROW_46_333,VGND,li1,70.1500,136.2910,0.001390
TAP_TAPCELL_ROW_46_332,VGND,li1,44.3900,136.2910,0.000768
TAP_TAPCELL_ROW_46_331,VGND,li1,18.6300,136.2910,0.000263
TAP_TAPCELL_ROW_45_330,VGND,li1,134.5500,135.7080,0.002457
TAP_TAPCELL_ROW_45_329,VGND,li1,108.7900,135.7080,0.002198
TAP_TAPCELL_ROW_45_328,VGND,li1,83.0300,135.7080,0.001695
TAP_TAPCELL_ROW_45_327,VGND,li1,57.2700,135.7080,0.001075
TAP_TAPCELL_ROW_45_326,VGND,li1,31.5100,135.7080,0.000388
TAP_TAPCELL_ROW_44_325,VGND,li1,121.6700,130.8510,0.002436
TAP_TAPCELL_ROW_44_324,VGND,li1,95.9100,130.8510,0.002177
TAP_TAPCELL_ROW_44_323,VGND,li1,70.1500,130.8510,0.001610
TAP_TAPCELL_ROW_44_322,VGND,li1,44.3900,130.8510,0.000881
TAP_TAPCELL_ROW_44_321,VGND,li1,18.6300,130.8510,0.000301
TAP_TAPCELL_ROW_43_320,VGND,li1,134.5500,130.2680,0.002481
TAP_TAPCELL_ROW_43_319,VGND,li1,108.7900,130.2680,0.002346
TAP_TAPCELL_ROW_43_318,VGND,li1,83.0300,130.2680,0.001927
TAP_TAPCELL_ROW_43_317,VGND,li1,57.2700,130.2680,0.001262
TAP_TAPCELL_ROW_43_316,VGND,li1,31.5100,130.2680,0.000445
TAP_TAPCELL_ROW_42_315,VGND,li1,121.6700,125.4110,0.002918
TAP_TAPCELL_ROW_42_314,VGND,li1,95.9100,125.4110,0.002613
TAP_TAPCELL_ROW_42_313,VGND,li1,70.1500,125.4110,0.001945
TAP_TAPCELL_ROW_42_312,VGND,li1,44.3900,125.4110,0.001054
TAP_TAPCELL_ROW_42_311,VGND,li1,18.6300,125.4110,0.000361
TAP_TAPCELL_ROW_41_310,VGND,li1,134.5500,124.8280,0.002956
TAP_TAPCELL_ROW_41_309,VGND,li1,108.7900,124.8280,0.002800
TAP_TAPCELL_ROW_41_308,VGND,li1,83.0300,124.8280,0.002328
TAP_TAPCELL_ROW_41_307,VGND,li1,57.2700,124.8280,0.001518
TAP_TAPCELL_ROW_41_306,VGND,li1,31.5100,124.8280,0.000532
TAP_TAPCELL_ROW_40_305,VGND,li1,121.6700,119.9710,0.004070
TAP_TAPCELL_ROW_40_304,VGND,li1,95.9100,119.9710,0.003598
TAP_TAPCELL_ROW_40_303,VGND,li1,70.1500,119.9710,0.002649
TAP_TAPCELL_ROW_40_302,VGND,li1,44.3900,119.9710,0.001424
TAP_TAPCELL_ROW_40_301,VGND,li1,18.6300,119.9710,0.000487
TAP_TAPCELL_ROW_39_300,VGND,li1,134.5500,119.3880,0.004116
TAP_TAPCELL_ROW_39_299,VGND,li1,108.7900,119.3880,0.003919
TAP_TAPCELL_ROW_39_298,VGND,li1,83.0300,119.3880,0.003198
TAP_TAPCELL_ROW_39_297,VGND,li1,57.2700,119.3880,0.002051
TAP_TAPCELL_ROW_39_296,VGND,li1,31.5100,119.3880,0.000719
TAP_TAPCELL_ROW_38_295,VGND,li1,121.6700,114.5310,0.004185
TAP_TAPCELL_ROW_38_294,VGND,li1,95.9100,114.5310,0.003692
TAP_TAPCELL_ROW_38_293,VGND,li1,70.1500,114.5310,0.002802
TAP_TAPCELL_ROW_38_292,VGND,li1,44.3900,114.5310,0.001631
TAP_TAPCELL_ROW_38_291,VGND,li1,18.6300,114.5310,0.000559
TAP_TAPCELL_ROW_37_290,VGND,li1,134.5500,113.9480,0.004237
TAP_TAPCELL_ROW_37_289,VGND,li1,108.7900,113.9480,0.003995
TAP_TAPCELL_ROW_37_288,VGND,li1,83.0300,113.9480,0.003312
TAP_TAPCELL_ROW_37_287,VGND,li1,57.2700,113.9480,0.002291
TAP_TAPCELL_ROW_37_286,VGND,li1,31.5100,113.9480,0.000825
TAP_TAPCELL_ROW_36_285,VGND,li1,121.6700,109.0910,0.002672
TAP_TAPCELL_ROW_36_284,VGND,li1,95.9100,109.0910,0.002368
TAP_TAPCELL_ROW_36_283,VGND,li1,70.1500,109.0910,0.001846
TAP_TAPCELL_ROW_36_282,VGND,li1,44.3900,109.0910,0.001049
TAP_TAPCELL_ROW_36_281,VGND,li1,18.6300,109.0910,0.000359
TAP_TAPCELL_ROW_35_280,VGND,li1,134.5500,108.5080,0.002695
TAP_TAPCELL_ROW_35_279,VGND,li1,108.7900,108.5080,0.002560
TAP_TAPCELL_ROW_35_278,VGND,li1,83.0300,108.5080,0.002158
TAP_TAPCELL_ROW_35_277,VGND,li1,57.2700,108.5080,0.001488
TAP_TAPCELL_ROW_35_276,VGND,li1,31.5100,108.5080,0.000529
TAP_TAPCELL_ROW_34_275,VGND,li1,121.6700,103.6510,0.002292
TAP_TAPCELL_ROW_34_274,VGND,li1,95.9100,103.6510,0.002007
TAP_TAPCELL_ROW_34_273,VGND,li1,70.1500,103.6510,0.001606
TAP_TAPCELL_ROW_34_272,VGND,li1,44.3900,103.6510,0.000958
TAP_TAPCELL_ROW_34_271,VGND,li1,18.6300,103.6510,0.000347
TAP_TAPCELL_ROW_33_270,VGND,li1,134.5500,103.0680,0.002360
TAP_TAPCELL_ROW_33_269,VGND,li1,108.7900,103.0680,0.002184
TAP_TAPCELL_ROW_33_268,VGND,li1,83.0300,103.0680,0.001839
TAP_TAPCELL_ROW_33_267,VGND,li1,57.2700,103.0680,0.001310
TAP_TAPCELL_ROW_33_266,VGND,li1,31.5100,103.0680,0.000512
TAP_TAPCELL_ROW_32_265,VGND,li1,121.6700,98.2110,0.001467
TAP_TAPCELL_ROW_32_264,VGND,li1,95.9100,98.2110,0.001362
TAP_TAPCELL_ROW_32_263,VGND,li1,70.1500,98.2110,0.001152
TAP_TAPCELL_ROW_32_262,VGND,li1,44.3900,98.2110,0.000683
TAP_TAPCELL_ROW_32_261,VGND,li1,18.6300,98.2110,0.000246
TAP_TAPCELL_ROW_31_260,VGND,li1,134.5500,97.6280,0.001483
TAP_TAPCELL_ROW_31_259,VGND,li1,108.7900,97.6280,0.001417
TAP_TAPCELL_ROW_31_258,VGND,li1,83.0300,97.6280,0.001273
TAP_TAPCELL_ROW_31_257,VGND,li1,57.2700,97.6280,0.000944
TAP_TAPCELL_ROW_31_256,VGND,li1,31.5100,97.6280,0.000419
TAP_TAPCELL_ROW_30_255,VGND,li1,121.6700,92.7710,0.002476
TAP_TAPCELL_ROW_30_254,VGND,li1,95.9100,92.7710,0.002294
TAP_TAPCELL_ROW_30_253,VGND,li1,70.1500,92.7710,0.001826
TAP_TAPCELL_ROW_30_252,VGND,li1,44.3900,92.7710,0.001109
TAP_TAPCELL_ROW_30_251,VGND,li1,18.6300,92.7710,0.000404
TAP_TAPCELL_ROW_29_250,VGND,li1,134.5500,92.1880,0.002493
TAP_TAPCELL_ROW_29_249,VGND,li1,108.7900,92.1880,0.002407
TAP_TAPCELL_ROW_29_248,VGND,li1,83.0300,92.1880,0.002128
TAP_TAPCELL_ROW_29_247,VGND,li1,57.2700,92.1880,0.001525
TAP_TAPCELL_ROW_29_246,VGND,li1,31.5100,92.1880,0.000622
TAP_TAPCELL_ROW_28_245,VGND,li1,121.6700,87.3310,0.002329
TAP_TAPCELL_ROW_28_244,VGND,li1,95.9100,87.3310,0.002122
TAP_TAPCELL_ROW_28_243,VGND,li1,70.1500,87.3310,0.001654
TAP_TAPCELL_ROW_28_242,VGND,li1,44.3900,87.3310,0.000965
TAP_TAPCELL_ROW_28_241,VGND,li1,18.6300,87.3310,0.000347
TAP_TAPCELL_ROW_27_240,VGND,li1,134.5500,86.7480,0.002368
TAP_TAPCELL_ROW_27_239,VGND,li1,108.7900,86.7480,0.002235
TAP_TAPCELL_ROW_27_238,VGND,li1,83.0300,86.7480,0.001933
TAP_TAPCELL_ROW_27_237,VGND,li1,57.2700,86.7480,0.001361
TAP_TAPCELL_ROW_27_236,VGND,li1,31.5100,86.7480,0.000600
TAP_TAPCELL_ROW_26_235,VGND,li1,121.6700,81.8910,0.001537
TAP_TAPCELL_ROW_26_234,VGND,li1,95.9100,81.8910,0.001362
TAP_TAPCELL_ROW_26_233,VGND,li1,70.1500,81.8910,0.001073
TAP_TAPCELL_ROW_26_232,VGND,li1,44.3900,81.8910,0.000652
TAP_TAPCELL_ROW_26_231,VGND,li1,18.6300,81.8910,0.000262
TAP_TAPCELL_ROW_25_230,VGND,li1,134.5500,81.3080,0.001563
TAP_TAPCELL_ROW_25_229,VGND,li1,108.7900,81.3080,0.001462
TAP_TAPCELL_ROW_25_228,VGND,li1,83.0300,81.3080,0.001227
TAP_TAPCELL_ROW_25_227,VGND,li1,57.2700,81.3080,0.000871
TAP_TAPCELL_ROW_25_226,VGND,li1,31.5100,81.3080,0.000418
TAP_TAPCELL_ROW_24_225,VGND,li1,121.6700,76.4510,0.001542
TAP_TAPCELL_ROW_24_224,VGND,li1,95.9100,76.4510,0.001423
TAP_TAPCELL_ROW_24_223,VGND,li1,70.1500,76.4510,0.001147
TAP_TAPCELL_ROW_24_222,VGND,li1,44.3900,76.4510,0.000689
TAP_TAPCELL_ROW_24_221,VGND,li1,18.6300,76.4510,0.000250
TAP_TAPCELL_ROW_23_220,VGND,li1,134.5500,75.8680,0.001559
TAP_TAPCELL_ROW_23_219,VGND,li1,108.7900,75.8680,0.001497
TAP_TAPCELL_ROW_23_218,VGND,li1,83.0300,75.8680,0.001322
TAP_TAPCELL_ROW_23_217,VGND,li1,57.2700,75.8680,0.000951
TAP_TAPCELL_ROW_23_216,VGND,li1,31.5100,75.8680,0.000399
TAP_TAPCELL_ROW_22_215,VGND,li1,121.6700,71.0110,0.001853
TAP_TAPCELL_ROW_22_214,VGND,li1,95.9100,71.0110,0.001608
TAP_TAPCELL_ROW_22_213,VGND,li1,70.1500,71.0110,0.001250
TAP_TAPCELL_ROW_22_212,VGND,li1,44.3900,71.0110,0.000767
TAP_TAPCELL_ROW_22_211,VGND,li1,18.6300,71.0110,0.000303
TAP_TAPCELL_ROW_21_210,VGND,li1,134.5500,70.4280,0.001853
TAP_TAPCELL_ROW_21_209,VGND,li1,108.7900,70.4280,0.001743
TAP_TAPCELL_ROW_21_208,VGND,li1,83.0300,70.4280,0.001443
TAP_TAPCELL_ROW_21_207,VGND,li1,57.2700,70.4280,0.001011
TAP_TAPCELL_ROW_21_206,VGND,li1,31.5100,70.4280,0.000445
TAP_TAPCELL_ROW_20_205,VGND,li1,121.6700,65.5710,0.001369
TAP_TAPCELL_ROW_20_204,VGND,li1,95.9100,65.5710,0.001245
TAP_TAPCELL_ROW_20_203,VGND,li1,70.1500,65.5710,0.001010
TAP_TAPCELL_ROW_20_202,VGND,li1,44.3900,65.5710,0.000622
TAP_TAPCELL_ROW_20_201,VGND,li1,18.6300,65.5710,0.000256
TAP_TAPCELL_ROW_19_200,VGND,li1,134.5500,64.9880,0.001375
TAP_TAPCELL_ROW_19_199,VGND,li1,108.7900,64.9880,0.001325
TAP_TAPCELL_ROW_19_198,VGND,li1,83.0300,64.9880,0.001134
TAP_TAPCELL_ROW_19_197,VGND,li1,57.2700,64.9880,0.000847
TAP_TAPCELL_ROW_19_196,VGND,li1,31.5100,64.9880,0.000372
TAP_TAPCELL_ROW_18_195,VGND,li1,121.6700,60.1310,0.002483
TAP_TAPCELL_ROW_18_194,VGND,li1,95.9100,60.1310,0.002253
TAP_TAPCELL_ROW_18_193,VGND,li1,70.1500,60.1310,0.001833
TAP_TAPCELL_ROW_18_192,VGND,li1,44.3900,60.1310,0.001142
TAP_TAPCELL_ROW_18_191,VGND,li1,18.6300,60.1310,0.000408
TAP_TAPCELL_ROW_17_190,VGND,li1,134.5500,59.5480,0.002505
TAP_TAPCELL_ROW_17_189,VGND,li1,108.7900,59.5480,0.002395
TAP_TAPCELL_ROW_17_188,VGND,li1,83.0300,59.5480,0.002061
TAP_TAPCELL_ROW_17_187,VGND,li1,57.2700,59.5480,0.001555
TAP_TAPCELL_ROW_17_186,VGND,li1,31.5100,59.5480,0.000693
TAP_TAPCELL_ROW_16_185,VGND,li1,121.6700,54.6910,0.001456
TAP_TAPCELL_ROW_16_184,VGND,li1,95.9100,54.6910,0.001312
TAP_TAPCELL_ROW_16_183,VGND,li1,70.1500,54.6910,0.001079
TAP_TAPCELL_ROW_16_182,VGND,li1,44.3900,54.6910,0.000670
TAP_TAPCELL_ROW_16_181,VGND,li1,18.6300,54.6910,0.000264
TAP_TAPCELL_ROW_15_180,VGND,li1,134.5500,54.1080,0.001465
TAP_TAPCELL_ROW_15_179,VGND,li1,108.7900,54.1080,0.001400
TAP_TAPCELL_ROW_15_178,VGND,li1,83.0300,54.1080,0.001219
TAP_TAPCELL_ROW_15_177,VGND,li1,57.2700,54.1080,0.000900
TAP_TAPCELL_ROW_15_176,VGND,li1,31.5100,54.1080,0.000361
TAP_TAPCELL_ROW_14_175,VGND,li1,121.6700,49.2510,0.001768
TAP_TAPCELL_ROW_14_174,VGND,li1,95.9100,49.2510,0.001617
TAP_TAPCELL_ROW_14_173,VGND,li1,70.1500,49.2510,0.001299
TAP_TAPCELL_ROW_14_172,VGND,li1,44.3900,49.2510,0.000826
TAP_TAPCELL_ROW_14_171,VGND,li1,18.6300,49.2510,0.000327
TAP_TAPCELL_ROW_13_170,VGND,li1,134.5500,48.6680,0.001784
TAP_TAPCELL_ROW_13_169,VGND,li1,108.7900,48.6680,0.001716
TAP_TAPCELL_ROW_13_168,VGND,li1,83.0300,48.6680,0.001471
TAP_TAPCELL_ROW_13_167,VGND,li1,57.2700,48.6680,0.001077
TAP_TAPCELL_ROW_13_166,VGND,li1,31.5100,48.6680,0.000488
TAP_TAPCELL_ROW_12_165,VGND,li1,121.6700,43.8110,0.001065
TAP_TAPCELL_ROW_12_164,VGND,li1,95.9100,43.8110,0.001000
TAP_TAPCELL_ROW_12_163,VGND,li1,70.1500,43.8110,0.000783
TAP_TAPCELL_ROW_12_162,VGND,li1,44.3900,43.8110,0.000499
TAP_TAPCELL_ROW_12_161,VGND,li1,18.6300,43.8110,0.000187
TAP_TAPCELL_ROW_11_160,VGND,li1,134.5500,43.2280,0.001073
TAP_TAPCELL_ROW_11_159,VGND,li1,108.7900,43.2280,0.001043
TAP_TAPCELL_ROW_11_158,VGND,li1,83.0300,43.2280,0.000923
TAP_TAPCELL_ROW_11_157,VGND,li1,57.2700,43.2280,0.000652
TAP_TAPCELL_ROW_11_156,VGND,li1,31.5100,43.2280,0.000279
TAP_TAPCELL_ROW_10_155,VGND,li1,121.6700,38.3710,0.001763
TAP_TAPCELL_ROW_10_154,VGND,li1,95.9100,38.3710,0.001636
TAP_TAPCELL_ROW_10_153,VGND,li1,70.1500,38.3710,0.001325
TAP_TAPCELL_ROW_10_152,VGND,li1,44.3900,38.3710,0.000815
TAP_TAPCELL_ROW_10_151,VGND,li1,18.6300,38.3710,0.000313
TAP_TAPCELL_ROW_9_150,VGND,li1,134.5500,37.7880,0.001777
TAP_TAPCELL_ROW_9_149,VGND,li1,108.7900,37.7880,0.001710
TAP_TAPCELL_ROW_9_148,VGND,li1,83.0300,37.7880,0.001515
TAP_TAPCELL_ROW_9_147,VGND,li1,57.2700,37.7880,0.001083
TAP_TAPCELL_ROW_9_146,VGND,li1,31.5100,37.7880,0.000509
TAP_TAPCELL_ROW_8_145,VGND,li1,121.6700,32.9310,0.000785
TAP_TAPCELL_ROW_8_144,VGND,li1,95.9100,32.9310,0.000710
TAP_TAPCELL_ROW_8_143,VGND,li1,70.1500,32.9310,0.000577
TAP_TAPCELL_ROW_8_142,VGND,li1,44.3900,32.9310,0.000356
TAP_TAPCELL_ROW_8_141,VGND,li1,18.6300,32.9310,0.000131
TAP_TAPCELL_ROW_7_140,VGND,li1,134.5500,32.3480,0.000799
TAP_TAPCELL_ROW_7_139,VGND,li1,108.7900,32.3480,0.000753
TAP_TAPCELL_ROW_7_138,VGND,li1,83.0300,32.3480,0.000641
TAP_TAPCELL_ROW_7_137,VGND,li1,57.2700,32.3480,0.000483
TAP_TAPCELL_ROW_7_136,VGND,li1,31.5100,32.3480,0.000191
TAP_TAPCELL_ROW_6_135,VGND,li1,121.6700,27.4910,0.001364
TAP_TAPCELL_ROW_6_134,VGND,li1,95.9100,27.4910,0.001275
TAP_TAPCELL_ROW_6_133,VGND,li1,70.1500,27.4910,0.001011
TAP_TAPCELL_ROW_6_132,VGND,li1,44.3900,27.4910,0.000619
TAP_TAPCELL_ROW_6_131,VGND,li1,18.6300,27.4910,0.000254
TAP_TAPCELL_ROW_5_130,VGND,li1,134.5500,26.9080,0.001372
TAP_TAPCELL_ROW_5_129,VGND,li1,108.7900,26.9080,0.001338
TAP_TAPCELL_ROW_5_128,VGND,li1,83.0300,26.9080,0.001152
TAP_TAPCELL_ROW_5_127,VGND,li1,57.2700,26.9080,0.000862
TAP_TAPCELL_ROW_5_126,VGND,li1,31.5100,26.9080,0.000376
TAP_TAPCELL_ROW_4_125,VGND,li1,121.6700,22.0510,0.002183
TAP_TAPCELL_ROW_4_124,VGND,li1,95.9100,22.0510,0.002017
TAP_TAPCELL_ROW_4_123,VGND,li1,70.1500,22.0510,0.001608
TAP_TAPCELL_ROW_4_122,VGND,li1,44.3900,22.0510,0.000994
TAP_TAPCELL_ROW_4_121,VGND,li1,18.6300,22.0510,0.000403
TAP_TAPCELL_ROW_3_120,VGND,li1,134.5500,21.4680,0.002196
TAP_TAPCELL_ROW_3_119,VGND,li1,108.7900,21.4680,0.002129
TAP_TAPCELL_ROW_3_118,VGND,li1,83.0300,21.4680,0.001838
TAP_TAPCELL_ROW_3_117,VGND,li1,57.2700,21.4680,0.001335
TAP_TAPCELL_ROW_3_116,VGND,li1,31.5100,21.4680,0.000624
TAP_TAPCELL_ROW_2_115,VGND,li1,121.6700,16.6110,0.001773
TAP_TAPCELL_ROW_2_114,VGND,li1,95.9100,16.6110,0.001627
TAP_TAPCELL_ROW_2_113,VGND,li1,70.1500,16.6110,0.001286
TAP_TAPCELL_ROW_2_112,VGND,li1,44.3900,16.6110,0.000754
TAP_TAPCELL_ROW_2_111,VGND,li1,18.6300,16.6110,0.000293
TAP_TAPCELL_ROW_1_110,VGND,li1,134.5500,16.0280,0.001786
TAP_TAPCELL_ROW_1_109,VGND,li1,108.7900,16.0280,0.001729
TAP_TAPCELL_ROW_1_108,VGND,li1,83.0300,16.0280,0.001484
TAP_TAPCELL_ROW_1_107,VGND,li1,57.2700,16.0280,0.001024
TAP_TAPCELL_ROW_1_106,VGND,li1,31.5100,16.0280,0.000434
TAP_TAPCELL_ROW_0_105,VGND,li1,134.5500,11.1710,0.000289
TAP_TAPCELL_ROW_0_104,VGND,li1,121.6700,11.1710,0.000277
TAP_TAPCELL_ROW_0_103,VGND,li1,108.7900,11.1710,0.000263
TAP_TAPCELL_ROW_0_102,VGND,li1,95.9100,11.1710,0.000241
TAP_TAPCELL_ROW_0_101,VGND,li1,83.0300,11.1710,0.000213
TAP_TAPCELL_ROW_0_100,VGND,li1,70.1500,11.1710,0.000175
TAP_TAPCELL_ROW_0_99,VGND,li1,57.2700,11.1710,0.000133
TAP_TAPCELL_ROW_0_98,VGND,li1,44.3900,11.1710,0.000093
TAP_TAPCELL_ROW_0_97,VGND,li1,31.5100,11.1710,0.000050
TAP_TAPCELL_ROW_0_96,VGND,li1,18.6300,11.1710,0.000033
PHY_EDGE_ROW_47_Left_95,VGND,li1,6.2100,141.4400,0.000097
PHY_EDGE_ROW_46_Left_94,VGND,li1,6.2100,136.0000,0.000263
PHY_EDGE_ROW_45_Left_93,VGND,li1,6.2100,136.0000,0.000263
PHY_EDGE_ROW_44_Left_92,VGND,li1,6.2100,130.5600,0.000301
PHY_EDGE_ROW_43_Left_91,VGND,li1,6.2100,130.5600,0.000301
PHY_EDGE_ROW_42_Left_90,VGND,li1,6.2100,125.1200,0.000361
PHY_EDGE_ROW_41_Left_89,VGND,li1,6.2100,125.1200,0.000361
PHY_EDGE_ROW_40_Left_88,VGND,li1,6.2100,119.6800,0.000487
PHY_EDGE_ROW_39_Left_87,VGND,li1,6.2100,119.6800,0.000487
PHY_EDGE_ROW_38_Left_86,VGND,li1,6.2100,114.2400,0.000559
PHY_EDGE_ROW_37_Left_85,VGND,li1,6.2100,114.2400,0.000559
PHY_EDGE_ROW_36_Left_84,VGND,li1,6.2100,108.8000,0.000359
PHY_EDGE_ROW_35_Left_83,VGND,li1,6.2100,108.8000,0.000359
PHY_EDGE_ROW_34_Left_82,VGND,li1,6.2100,103.3600,0.000347
PHY_EDGE_ROW_33_Left_81,VGND,li1,6.2100,103.3600,0.000347
PHY_EDGE_ROW_32_Left_80,VGND,li1,6.2100,97.9200,0.000246
PHY_EDGE_ROW_31_Left_79,VGND,li1,6.2100,97.9200,0.000246
PHY_EDGE_ROW_30_Left_78,VGND,li1,6.2100,92.4800,0.000404
PHY_EDGE_ROW_29_Left_77,VGND,li1,6.2100,92.4800,0.000404
PHY_EDGE_ROW_28_Left_76,VGND,li1,6.2100,87.0400,0.000350
PHY_EDGE_ROW_27_Left_75,VGND,li1,6.2100,87.0400,0.000350
PHY_EDGE_ROW_26_Left_74,VGND,li1,6.2100,81.6000,0.000262
PHY_EDGE_ROW_25_Left_73,VGND,li1,6.2100,81.6000,0.000262
PHY_EDGE_ROW_24_Left_72,VGND,li1,6.2100,76.1600,0.000250
PHY_EDGE_ROW_23_Left_71,VGND,li1,6.2100,76.1600,0.000250
PHY_EDGE_ROW_22_Left_70,VGND,li1,6.2100,70.7200,0.000305
PHY_EDGE_ROW_21_Left_69,VGND,li1,6.2100,70.7200,0.000305
PHY_EDGE_ROW_20_Left_68,VGND,li1,6.2100,65.2800,0.000256
PHY_EDGE_ROW_19_Left_67,VGND,li1,6.2100,65.2800,0.000256
PHY_EDGE_ROW_18_Left_66,VGND,li1,6.2100,59.8400,0.000408
PHY_EDGE_ROW_17_Left_65,VGND,li1,6.2100,59.8400,0.000408
PHY_EDGE_ROW_16_Left_64,VGND,li1,6.2100,54.4000,0.000267
PHY_EDGE_ROW_15_Left_63,VGND,li1,6.2100,54.4000,0.000267
PHY_EDGE_ROW_14_Left_62,VGND,li1,6.2100,48.9600,0.000331
PHY_EDGE_ROW_13_Left_61,VGND,li1,6.2100,48.9600,0.000331
PHY_EDGE_ROW_12_Left_60,VGND,li1,6.2100,43.5200,0.000189
PHY_EDGE_ROW_11_Left_59,VGND,li1,6.2100,43.5200,0.000189
PHY_EDGE_ROW_10_Left_58,VGND,li1,6.2100,38.0800,0.000316
PHY_EDGE_ROW_9_Left_57,VGND,li1,6.2100,38.0800,0.000316
PHY_EDGE_ROW_8_Left_56,VGND,li1,6.2100,32.6400,0.000131
PHY_EDGE_ROW_7_Left_55,VGND,li1,6.2100,32.6400,0.000131
PHY_EDGE_ROW_6_Left_54,VGND,li1,6.2100,27.2000,0.000258
PHY_EDGE_ROW_5_Left_53,VGND,li1,6.2100,27.2000,0.000258
PHY_EDGE_ROW_4_Left_52,VGND,li1,6.2100,21.7600,0.000405
PHY_EDGE_ROW_3_Left_51,VGND,li1,6.2100,21.7600,0.000405
PHY_EDGE_ROW_2_Left_50,VGND,li1,6.2100,16.3200,0.000293
PHY_EDGE_ROW_1_Left_49,VGND,li1,6.2100,16.3200,0.000293
PHY_EDGE_ROW_0_Left_48,VGND,li1,6.2100,10.8800,0.000033
PHY_EDGE_ROW_47_Right_47,VGND,li1,136.8500,141.4400,0.000753
PHY_EDGE_ROW_46_Right_46,VGND,li1,136.8500,136.0000,0.002457
PHY_EDGE_ROW_45_Right_45,VGND,li1,136.8500,136.0000,0.002457
PHY_EDGE_ROW_44_Right_44,VGND,li1,136.8500,130.5600,0.002481
PHY_EDGE_ROW_43_Right_43,VGND,li1,136.8500,130.5600,0.002481
PHY_EDGE_ROW_42_Right_42,VGND,li1,136.8500,125.1200,0.002956
PHY_EDGE_ROW_41_Right_41,VGND,li1,136.8500,125.1200,0.002956
PHY_EDGE_ROW_40_Right_40,VGND,li1,136.8500,119.6800,0.004116
PHY_EDGE_ROW_39_Right_39,VGND,li1,136.8500,119.6800,0.004116
PHY_EDGE_ROW_38_Right_38,VGND,li1,136.8500,114.2400,0.004237
PHY_EDGE_ROW_37_Right_37,VGND,li1,136.8500,114.2400,0.004237
PHY_EDGE_ROW_36_Right_36,VGND,li1,136.8500,108.8000,0.002695
PHY_EDGE_ROW_35_Right_35,VGND,li1,136.8500,108.8000,0.002695
PHY_EDGE_ROW_34_Right_34,VGND,li1,136.8500,103.3600,0.002360
PHY_EDGE_ROW_33_Right_33,VGND,li1,136.8500,103.3600,0.002360
PHY_EDGE_ROW_32_Right_32,VGND,li1,136.8500,97.9200,0.001483
PHY_EDGE_ROW_31_Right_31,VGND,li1,136.8500,97.9200,0.001483
PHY_EDGE_ROW_30_Right_30,VGND,li1,136.8500,92.4800,0.002493
PHY_EDGE_ROW_29_Right_29,VGND,li1,136.8500,92.4800,0.002493
PHY_EDGE_ROW_28_Right_28,VGND,li1,136.8500,87.0400,0.002368
PHY_EDGE_ROW_27_Right_27,VGND,li1,136.8500,87.0400,0.002368
PHY_EDGE_ROW_26_Right_26,VGND,li1,136.8500,81.6000,0.001563
PHY_EDGE_ROW_25_Right_25,VGND,li1,136.8500,81.6000,0.001563
PHY_EDGE_ROW_24_Right_24,VGND,li1,136.8500,76.1600,0.001559
PHY_EDGE_ROW_23_Right_23,VGND,li1,136.8500,76.1600,0.001559
PHY_EDGE_ROW_22_Right_22,VGND,li1,136.8500,70.7200,0.001853
PHY_EDGE_ROW_21_Right_21,VGND,li1,136.8500,70.7200,0.001853
PHY_EDGE_ROW_20_Right_20,VGND,li1,136.8500,65.2800,0.001375
PHY_EDGE_ROW_19_Right_19,VGND,li1,136.8500,65.2800,0.001375
PHY_EDGE_ROW_18_Right_18,VGND,li1,136.8500,59.8400,0.002505
PHY_EDGE_ROW_17_Right_17,VGND,li1,136.8500,59.8400,0.002505
PHY_EDGE_ROW_16_Right_16,VGND,li1,136.8500,54.4000,0.001465
PHY_EDGE_ROW_15_Right_15,VGND,li1,136.8500,54.4000,0.001465
PHY_EDGE_ROW_14_Right_14,VGND,li1,136.8500,48.9600,0.001784
PHY_EDGE_ROW_13_Right_13,VGND,li1,136.8500,48.9600,0.001784
PHY_EDGE_ROW_12_Right_12,VGND,li1,136.8500,43.5200,0.001073
PHY_EDGE_ROW_11_Right_11,VGND,li1,136.8500,43.5200,0.001073
PHY_EDGE_ROW_10_Right_10,VGND,li1,136.8500,38.0800,0.001777
PHY_EDGE_ROW_9_Right_9,VGND,li1,136.8500,38.0800,0.001777
PHY_EDGE_ROW_8_Right_8,VGND,li1,136.8500,32.6400,0.000799
PHY_EDGE_ROW_7_Right_7,VGND,li1,136.8500,32.6400,0.000799
PHY_EDGE_ROW_6_Right_6,VGND,li1,136.8500,27.2000,0.001372
PHY_EDGE_ROW_5_Right_5,VGND,li1,136.8500,27.2000,0.001372
PHY_EDGE_ROW_4_Right_4,VGND,li1,136.8500,21.7600,0.002196
PHY_EDGE_ROW_3_Right_3,VGND,li1,136.8500,21.7600,0.002196
PHY_EDGE_ROW_2_Right_2,VGND,li1,136.8500,16.3200,0.001786
PHY_EDGE_ROW_1_Right_1,VGND,li1,136.8500,16.3200,0.001786
PHY_EDGE_ROW_0_Right_0,VGND,li1,136.8500,10.8800,0.000289
_1110_,VGND,li1,48.9900,136.0000,0.000847
_1109_,VGND,li1,121.2100,136.0000,0.002378
_1108_,VGND,li1,64.4000,108.8000,0.001710
_1107_,VGND,li1,64.4000,114.2400,0.002573
_1106_,VGND,li1,63.4800,119.6800,0.002346
_1105_,VGND,li1,63.4800,114.2400,0.002573
_1104_,VGND,li1,126.5000,125.1200,0.002942
_1103_,VGND,li1,125.1200,125.1200,0.002942
_1102_,VGND,li1,126.5000,136.0000,0.002431
_1101_,VGND,li1,63.4800,130.5600,0.001456
_1100_,VGND,li1,64.4000,125.1200,0.001775
_1099_,VGND,li1,68.5400,136.0000,0.001390
_1098_,VGND,li1,63.4800,130.5600,0.001456
_1097_,VGND,li1,99.8200,76.1600,0.001447
_1096_,VGND,li1,104.4200,59.8400,0.002337
_1095_,VGND,li1,47.3800,92.4800,0.001211
_1094_,VGND,li1,98.9000,43.5200,0.001017
_1093_,VGND,li1,58.4200,32.6400,0.000483
_1092_,VGND,li1,61.6400,38.0800,0.001191
_1091_,VGND,li1,104.4200,16.3200,0.001708
_1090_,VGND,li1,74.0600,54.4000,0.001130
_1089_,VGND,li1,56.1200,48.9600,0.001040
_1088_,VGND,li1,111.7800,65.2800,0.001337
_1087_,VGND,li1,113.6200,87.0400,0.002282
_1086_,VGND,li1,88.3200,87.0400,0.002017
_1085_,VGND,li1,83.7200,43.5200,0.000923
_1084_,VGND,li1,111.7800,27.2000,0.001347
_1083_,VGND,li1,49.2200,81.6000,0.000756
_1082_,VGND,li1,62.5600,16.3200,0.001132
_1081_,VGND,li1,112.2400,70.7200,0.001778
_1080_,VGND,li1,91.5400,65.2800,0.001208
_1079_,VGND,li1,63.4800,81.6000,0.000990
_1078_,VGND,li1,66.2400,54.4000,0.001037
_1077_,VGND,li1,63.0200,32.6400,0.000517
_1076_,VGND,li1,112.2400,32.6400,0.000766
_1075_,VGND,li1,102.5800,27.2000,0.001314
_1074_,VGND,li1,110.8600,54.4000,0.001413
_1073_,VGND,li1,111.7800,48.9600,0.001733
_1072_,VGND,li1,110.4000,65.2800,0.001337
_1071_,VGND,li1,111.7800,92.4800,0.002429
_1070_,VGND,li1,93.8400,87.0400,0.002093
_1069_,VGND,li1,72.2200,38.0800,0.001360
_1068_,VGND,li1,72.6800,27.2000,0.001045
_1067_,VGND,li1,63.4800,76.1600,0.001060
_1066_,VGND,li1,86.9400,27.2000,0.001196
_1065_,VGND,li1,94.3000,76.1600,0.001409
_1064_,VGND,li1,89.2400,59.8400,0.002141
_1063_,VGND,li1,78.6600,92.4800,0.002045
_1062_,VGND,li1,95.2200,48.9600,0.001599
_1061_,VGND,li1,92.9200,32.6400,0.000701
_1060_,VGND,li1,79.5800,38.0800,0.001464
_1059_,VGND,li1,78.2000,21.7600,0.001756
_1058_,VGND,li1,111.7800,54.4000,0.001413
_1057_,VGND,li1,113.6200,43.5200,0.001055
_1056_,VGND,li1,115.9200,65.2800,0.001355
_1055_,VGND,li1,111.7800,87.0400,0.002268
_1054_,VGND,li1,98.9000,87.0400,0.002143
_1053_,VGND,li1,91.5400,43.5200,0.000983
_1052_,VGND,li1,117.3000,27.2000,0.001359
_1051_,VGND,li1,84.1800,70.7200,0.001468
_1050_,VGND,li1,87.8600,21.7600,0.001918
_1049_,VGND,li1,98.9000,76.1600,0.001447
_1048_,VGND,li1,97.5200,59.8400,0.002253
_1047_,VGND,li1,67.1600,97.9200,0.001113
_1046_,VGND,li1,60.7200,54.4000,0.000968
_1045_,VGND,li1,98.9000,32.6400,0.000727
_1044_,VGND,li1,64.4000,38.0800,0.001245
_1043_,VGND,li1,102.1200,16.3200,0.001688
_1042_,VGND,li1,80.0400,48.9600,0.001417
_1041_,VGND,li1,61.6400,48.9600,0.001162
_1040_,VGND,li1,73.1400,65.2800,0.001040
_1039_,VGND,li1,108.1000,87.0400,0.002235
_1038_,VGND,li1,86.4800,97.9200,0.001292
_1037_,VGND,li1,80.0400,43.5200,0.000888
_1036_,VGND,li1,74.0600,16.3200,0.001362
_1035_,VGND,li1,64.4000,81.6000,0.000990
_1034_,VGND,li1,63.9400,16.3200,0.001190
_1033_,VGND,li1,41.4000,70.7200,0.000698
_1032_,VGND,li1,50.6000,59.8400,0.001332
_1031_,VGND,li1,40.9400,103.3600,0.000870
_1030_,VGND,li1,41.4000,48.9600,0.000758
_1029_,VGND,li1,37.2600,32.6400,0.000273
_1028_,VGND,li1,15.6400,38.0800,0.000316
_1027_,VGND,li1,47.3800,16.3200,0.000824
_1026_,VGND,li1,37.2600,59.8400,0.000876
_1025_,VGND,li1,22.5400,48.9600,0.000321
_1024_,VGND,li1,20.2400,76.1600,0.000250
_1023_,VGND,li1,14.2600,87.0400,0.000350
_1022_,VGND,li1,34.5000,97.9200,0.000488
_1021_,VGND,li1,49.2200,38.0800,0.000939
_1020_,VGND,li1,33.5800,16.3200,0.000512
_1019_,VGND,li1,54.7400,81.6000,0.000832
_1018_,VGND,li1,21.6200,16.3200,0.000293
_1017_,VGND,li1,32.2000,76.1600,0.000399
_1016_,VGND,li1,49.6800,59.8400,0.001332
_1015_,VGND,li1,43.2400,97.9200,0.000683
_1014_,VGND,li1,36.8000,48.9600,0.000620
_1013_,VGND,li1,40.4800,16.3200,0.000683
_1012_,VGND,li1,28.0600,38.0800,0.000426
_1011_,VGND,li1,46.4600,16.3200,0.000824
_1010_,VGND,li1,35.4200,54.4000,0.000465
_1009_,VGND,li1,35.4200,43.5200,0.000355
_1008_,VGND,li1,26.2200,70.7200,0.000292
_1007_,VGND,li1,19.7800,87.0400,0.000347
_1006_,VGND,li1,28.5200,97.9200,0.000347
_1005_,VGND,li1,49.2200,38.0800,0.000939
_1004_,VGND,li1,28.5200,21.7600,0.000516
_1003_,VGND,li1,47.3800,87.0400,0.001083
_1002_,VGND,li1,22.5400,16.3200,0.000293
_1001_,VGND,li1,35.4200,81.6000,0.000483
_1000_,VGND,li1,47.8400,70.7200,0.000848
_0999_,VGND,li1,41.4000,97.9200,0.000643
_0998_,VGND,li1,20.7000,54.4000,0.000263
_0997_,VGND,li1,40.4800,27.2000,0.000548
_0996_,VGND,li1,14.7200,43.5200,0.000189
_0995_,VGND,li1,48.7600,27.2000,0.000718
_0994_,VGND,li1,31.7400,59.8400,0.000693
_0993_,VGND,li1,17.0200,48.9600,0.000331
_0992_,VGND,li1,21.6200,70.7200,0.000301
_0991_,VGND,li1,21.1600,92.4800,0.000404
_0990_,VGND,li1,28.5200,97.9200,0.000347
_0989_,VGND,li1,43.7000,38.0800,0.000815
_0988_,VGND,li1,15.6400,27.2000,0.000258
_0987_,VGND,li1,48.7600,81.6000,0.000756
_0986_,VGND,li1,21.6200,27.2000,0.000249
_0985_,VGND,li1,36.8000,76.1600,0.000522
_0984_,VGND,li1,49.6800,54.4000,0.000786
_0983_,VGND,li1,47.3800,92.4800,0.001211
_0982_,VGND,li1,15.6400,54.4000,0.000267
_0981_,VGND,li1,41.4000,21.7600,0.000897
_0980_,VGND,li1,15.6400,38.0800,0.000316
_0979_,VGND,li1,51.0600,21.7600,0.001187
_0978_,VGND,li1,36.3400,65.2800,0.000495
_0977_,VGND,li1,32.6600,38.0800,0.000509
_0976_,VGND,li1,15.1800,70.7200,0.000305
_0975_,VGND,li1,21.6200,81.6000,0.000261
_0974_,VGND,li1,29.4400,92.4800,0.000507
_0973_,VGND,li1,47.3800,43.5200,0.000528
_0972_,VGND,li1,15.6400,21.7600,0.000405
_0971_,VGND,li1,49.6800,76.1600,0.000805
_0970_,VGND,li1,28.5200,27.2000,0.000316
_0969_,VGND,li1,117.3000,76.1600,0.001536
_0968_,VGND,li1,91.0800,59.8400,0.002190
_0967_,VGND,li1,64.8600,87.0400,0.001528
_0966_,VGND,li1,100.7400,48.9600,0.001664
_0965_,VGND,li1,94.7600,32.6400,0.000710
_0964_,VGND,li1,117.3000,38.0800,0.001747
_0963_,VGND,li1,103.5000,27.2000,0.001314
_0962_,VGND,li1,116.3800,54.4000,0.001431
_0961_,VGND,li1,113.6200,43.5200,0.001055
_0960_,VGND,li1,61.6400,65.2800,0.000915
_0959_,VGND,li1,114.0800,81.6000,0.001506
_0958_,VGND,li1,80.9600,81.6000,0.001204
_0957_,VGND,li1,67.1600,38.0800,0.001293
_0956_,VGND,li1,112.7000,21.7600,0.002153
_0955_,VGND,li1,65.3200,70.7200,0.001180
_0954_,VGND,li1,87.8600,21.7600,0.001918
_0953_,VGND,li1,105.8000,76.1600,0.001486
_0952_,VGND,li1,103.0400,59.8400,0.002337
_0951_,VGND,li1,76.3600,97.9200,0.001208
_0950_,VGND,li1,65.7800,59.8400,0.001753
_0949_,VGND,li1,64.4000,32.6400,0.000540
_0948_,VGND,li1,105.8000,38.0800,0.001698
_0947_,VGND,li1,67.1600,27.2000,0.000979
_0946_,VGND,li1,85.1000,54.4000,0.001235
_0945_,VGND,li1,108.1000,43.5200,0.001043
_0944_,VGND,li1,65.7800,65.2800,0.000964
_0943_,VGND,li1,95.6800,81.6000,0.001362
_0942_,VGND,li1,98.9000,92.4800,0.002332
_0941_,VGND,li1,74.0600,38.0800,0.001397
_0940_,VGND,li1,78.2000,27.2000,0.001112
_0939_,VGND,li1,78.6600,70.7200,0.001393
_0938_,VGND,li1,63.4800,21.7600,0.001464
_0937_,VGND,li1,111.7800,76.1600,0.001512
_0936_,VGND,li1,98.4400,65.2800,0.001266
_0935_,VGND,li1,78.6600,87.0400,0.001816
_0934_,VGND,li1,98.9000,48.9600,0.001647
_0933_,VGND,li1,61.1800,27.2000,0.000907
_0932_,VGND,li1,111.7800,38.0800,0.001721
_0931_,VGND,li1,77.7400,27.2000,0.001112
_0930_,VGND,li1,114.5400,59.8400,0.002437
_0929_,VGND,li1,61.6400,48.9600,0.001162
_0928_,VGND,li1,114.5400,70.7200,0.001800
_0927_,VGND,li1,114.5400,81.6000,0.001506
_0926_,VGND,li1,100.7400,92.4800,0.002348
_0925_,VGND,li1,70.3800,43.5200,0.000803
_0924_,VGND,li1,115.0000,27.2000,0.001355
_0923_,VGND,li1,59.8000,70.7200,0.001080
_0922_,VGND,li1,63.0200,21.7600,0.001464
_0921_,VGND,li1,98.9000,70.7200,0.001632
_0920_,VGND,li1,98.9000,59.8400,0.002289
_0919_,VGND,li1,70.8400,97.9200,0.001152
_0918_,VGND,li1,69.0000,54.4000,0.001079
_0917_,VGND,li1,95.2200,38.0800,0.001623
_0916_,VGND,li1,85.1000,38.0800,0.001540
_0915_,VGND,li1,73.1400,21.7600,0.001667
_0914_,VGND,li1,79.5800,59.8400,0.002010
_0913_,VGND,li1,67.1600,48.9600,0.001248
_0912_,VGND,li1,67.1600,65.2800,0.000964
_0911_,VGND,li1,101.2000,81.6000,0.001412
_0910_,VGND,li1,96.6000,97.9200,0.001362
_0909_,VGND,li1,86.0200,43.5200,0.000946
_0908_,VGND,li1,75.4400,16.3200,0.001362
_0907_,VGND,li1,79.1200,70.7200,0.001393
_0906_,VGND,li1,88.7800,16.3200,0.001555
_0905_,VGND,li1,48.7600,70.7200,0.000848
_0904_,VGND,li1,49.6800,65.2800,0.000722
_0903_,VGND,li1,63.9400,87.0400,0.001528
_0902_,VGND,li1,22.0800,54.4000,0.000263
_0901_,VGND,li1,36.3400,32.6400,0.000273
_0900_,VGND,li1,21.1600,38.0800,0.000312
_0899_,VGND,li1,51.0600,21.7600,0.001187
_0898_,VGND,li1,79.5800,54.4000,0.001191
_0897_,VGND,li1,34.5000,43.5200,0.000355
_0896_,VGND,li1,21.6200,65.2800,0.000256
_0895_,VGND,li1,24.8400,81.6000,0.000258
_0894_,VGND,li1,80.0400,87.0400,0.001876
_0893_,VGND,li1,51.9800,43.5200,0.000586
_0892_,VGND,li1,16.1000,27.2000,0.000258
_0891_,VGND,li1,64.8600,70.7200,0.001180
_0890_,VGND,li1,25.7600,21.7600,0.000392
_0889_,VGND,li1,37.7200,76.1600,0.000522
_0888_,VGND,li1,51.5200,54.4000,0.000819
_0887_,VGND,li1,75.4400,97.9200,0.001208
_0886_,VGND,li1,19.7800,59.8400,0.000408
_0885_,VGND,li1,41.4000,16.3200,0.000683
_0884_,VGND,li1,20.2400,43.5200,0.000185
_0883_,VGND,li1,51.9800,16.3200,0.000916
_0882_,VGND,li1,80.0400,54.4000,0.001191
_0881_,VGND,li1,15.6400,48.9600,0.000331
_0880_,VGND,li1,20.7000,70.7200,0.000301
_0879_,VGND,li1,23.4600,87.0400,0.000344
_0878_,VGND,li1,80.9600,97.9200,0.001258
_0877_,VGND,li1,46.4600,43.5200,0.000528
_0876_,VGND,li1,18.8600,21.7600,0.000403
_0875_,VGND,li1,60.2600,76.1600,0.000988
_0874_,VGND,li1,21.6200,27.2000,0.000249
_0873_,VGND,li1,41.4000,70.7200,0.000698
_0872_,VGND,li1,52.4400,65.2800,0.000786
_0871_,VGND,li1,70.3800,87.0400,0.001654
_0870_,VGND,li1,35.8800,48.9600,0.000620
_0869_,VGND,li1,41.8600,32.6400,0.000334
_0868_,VGND,li1,23.9200,38.0800,0.000308
_0867_,VGND,li1,53.8200,16.3200,0.000985
_0866_,VGND,li1,36.3400,59.8400,0.000876
_0865_,VGND,li1,24.8400,48.9600,0.000315
_0864_,VGND,li1,22.5400,65.2800,0.000256
_0863_,VGND,li1,25.3000,87.0400,0.000404
_0862_,VGND,li1,34.5000,92.4800,0.000747
_0861_,VGND,li1,48.3000,32.6400,0.000403
_0860_,VGND,li1,28.0600,16.3200,0.000344
_0859_,VGND,li1,73.1400,70.7200,0.001287
_0858_,VGND,li1,27.1400,16.3200,0.000344
_0857_,VGND,li1,122.8200,76.1600,0.001548
_0856_,VGND,li1,101.6600,54.4000,0.001357
_0855_,VGND,li1,80.0400,92.4800,0.002045
_0854_,VGND,li1,98.9000,43.5200,0.001017
_0853_,VGND,li1,98.9000,21.7600,0.002041
_0852_,VGND,li1,118.2200,32.6400,0.000779
_0851_,VGND,li1,105.3400,21.7600,0.002111
_0850_,VGND,li1,120.0600,59.8400,0.002472
_0849_,VGND,li1,117.3000,48.9600,0.001752
_0848_,VGND,li1,120.0600,65.2800,0.001368
_0847_,VGND,li1,117.3000,87.0400,0.002306
_0846_,VGND,li1,95.2200,92.4800,0.002294
_0845_,VGND,li1,89.2400,43.5200,0.000968
_0844_,VGND,li1,118.2200,21.7600,0.002171
_0843_,VGND,li1,80.0400,76.1600,0.001283
_0842_,VGND,li1,90.1600,16.3200,0.001555
_0841_,VGND,li1,77.2800,119.6800,0.002952
_0840_,VGND,li1,128.8000,103.3600,0.002335
_0839_,VGND,li1,131.5600,97.9200,0.001482
_0838_,VGND,li1,126.0400,97.9200,0.001477
_0837_,VGND,li1,126.9600,92.4800,0.002489
_0836_,VGND,li1,126.9600,108.8000,0.002688
_0835_,VGND,li1,127.8800,114.2400,0.004223
_0834_,VGND,li1,131.5600,43.5200,0.001073
_0833_,VGND,li1,131.5600,59.8400,0.002505
_0832_,VGND,li1,131.1000,81.6000,0.001563
_0831_,VGND,li1,131.5600,38.0800,0.001777
_0830_,VGND,li1,131.5600,27.2000,0.001372
_0829_,VGND,li1,131.5600,32.6400,0.000799
_0828_,VGND,li1,131.5600,27.2000,0.001372
_0827_,VGND,li1,131.5600,65.2800,0.001375
_0826_,VGND,li1,131.5600,48.9600,0.001784
_0825_,VGND,li1,131.5600,54.4000,0.001465
_0824_,VGND,li1,130.6400,76.1600,0.001559
_0823_,VGND,li1,131.5600,81.6000,0.001563
_0822_,VGND,li1,131.5600,59.8400,0.002505
_0821_,VGND,li1,131.5600,21.7600,0.002196
_0820_,VGND,li1,131.5600,76.1600,0.001559
_0819_,VGND,li1,131.5600,16.3200,0.001785
_0818_,VGND,li1,115.9200,16.3200,0.001759
_0817_,VGND,li1,131.1000,48.9600,0.001784
_0816_,VGND,li1,119.6000,97.9200,0.001462
_0815_,VGND,li1,98.9000,16.3200,0.001660
_0814_,VGND,li1,131.5600,10.8800,0.000289
_0813_,VGND,li1,129.7200,32.6400,0.000797
_0812_,VGND,li1,109.9400,16.3200,0.001741
_0811_,VGND,li1,120.0600,21.7600,0.002183
_0810_,VGND,li1,124.6600,16.3200,0.001780
_0809_,VGND,li1,124.6600,16.3200,0.001780
_0808_,VGND,li1,114.0800,97.9200,0.001443
_0807_,VGND,li1,130.1800,92.4800,0.002493
_0806_,VGND,li1,128.3400,38.0800,0.001775
_0805_,VGND,li1,117.7600,16.3200,0.001768
_0804_,VGND,li1,86.0200,76.1600,0.001349
_0803_,VGND,li1,131.5600,16.3200,0.001785
_0802_,VGND,li1,107.1800,125.1200,0.002800
_0801_,VGND,li1,115.0000,136.0000,0.002312
_0800_,VGND,li1,113.6200,130.5600,0.002392
_0799_,VGND,li1,100.7400,136.0000,0.002085
_0798_,VGND,li1,97.9800,103.3600,0.002061
_0797_,VGND,li1,100.7400,103.3600,0.002097
_0796_,VGND,li1,111.3200,103.3600,0.002211
_0795_,VGND,li1,83.7200,108.8000,0.002158
_0794_,VGND,li1,55.4300,114.2400,0.002157
_0793_,VGND,li1,52.2100,114.2400,0.002019
_0792_,VGND,li1,47.6100,108.8000,0.001164
_0791_,VGND,li1,48.7600,114.2400,0.001862
_0790_,VGND,li1,58.1900,108.8000,0.001488
_0789_,VGND,li1,50.8300,108.8000,0.001275
_0788_,VGND,li1,48.9900,108.8000,0.001164
_0787_,VGND,li1,45.7700,114.2400,0.001631
_0786_,VGND,li1,53.1300,108.8000,0.001351
_0785_,VGND,li1,48.7600,114.2400,0.001862
_0784_,VGND,li1,57.2700,114.2400,0.002291
_0783_,VGND,li1,51.7500,114.2400,0.002019
_0782_,VGND,li1,46.2300,114.2400,0.001729
_0781_,VGND,li1,54.5100,114.2400,0.002157
_0780_,VGND,li1,51.9800,119.6800,0.001794
_0779_,VGND,li1,78.4300,103.3600,0.001732
_0778_,VGND,li1,73.1400,108.8000,0.001940
_0777_,VGND,li1,64.4000,108.8000,0.001710
_0776_,VGND,li1,78.8900,125.1200,0.002233
_0775_,VGND,li1,80.9600,108.8000,0.002113
_0774_,VGND,li1,83.4900,114.2400,0.003312
_0773_,VGND,li1,80.0400,114.2400,0.003235
_0772_,VGND,li1,132.7100,136.0000,0.002455
_0771_,VGND,li1,131.5600,130.5600,0.002474
_0770_,VGND,li1,127.8800,130.5600,0.002465
_0769_,VGND,li1,131.3300,119.6800,0.004115
_0768_,VGND,li1,120.2900,119.6800,0.004047
_0767_,VGND,li1,125.8100,119.6800,0.004103
_0766_,VGND,li1,120.7500,125.1200,0.002905
_0765_,VGND,li1,124.6600,130.5600,0.002448
_0764_,VGND,li1,127.6500,130.5600,0.002465
_0763_,VGND,li1,123.7400,130.5600,0.002448
_0762_,VGND,li1,120.7500,130.5600,0.002423
_0761_,VGND,li1,114.7700,119.6800,0.004001
_0760_,VGND,li1,124.2000,97.9200,0.001473
_0759_,VGND,li1,71.9900,125.1200,0.002012
_0758_,VGND,li1,89.7000,130.5600,0.002059
_0757_,VGND,li1,92.9200,130.5600,0.002129
_0756_,VGND,li1,87.1700,130.5600,0.002011
_0755_,VGND,li1,79.1200,130.5600,0.001869
_0754_,VGND,li1,79.8100,130.5600,0.001869
_0753_,VGND,li1,81.8800,130.5600,0.001927
_0752_,VGND,li1,88.7800,130.5600,0.002059
_0751_,VGND,li1,93.8400,136.0000,0.001954
_0750_,VGND,li1,97.2900,130.5600,0.002177
_0749_,VGND,li1,74.7500,136.0000,0.001520
_0748_,VGND,li1,78.6600,136.0000,0.001630
_0747_,VGND,li1,86.4800,136.0000,0.001800
_0746_,VGND,li1,84.6400,136.0000,0.001736
_0745_,VGND,li1,74.5200,125.1200,0.002083
_0744_,VGND,li1,72.4500,130.5600,0.001680
_0743_,VGND,li1,82.3400,130.5600,0.001927
_0742_,VGND,li1,84.8700,130.5600,0.001969
_0741_,VGND,li1,76.3600,130.5600,0.001781
_0740_,VGND,li1,85.3300,125.1200,0.002394
_0739_,VGND,li1,85.3300,130.5600,0.001969
_0738_,VGND,li1,83.4900,125.1200,0.002328
_0737_,VGND,li1,75.6700,136.0000,0.001562
_0736_,VGND,li1,77.5100,125.1200,0.002153
_0735_,VGND,li1,103.2700,130.5600,0.002284
_0734_,VGND,li1,93.8400,130.5600,0.002129
_0733_,VGND,li1,92.6900,136.0000,0.001912
_0732_,VGND,li1,110.8600,125.1200,0.002837
_0731_,VGND,li1,113.8500,130.5600,0.002392
_0730_,VGND,li1,107.1800,130.5600,0.002324
_0729_,VGND,li1,119.1400,130.5600,0.002423
_0728_,VGND,li1,116.6100,130.5600,0.002409
_0727_,VGND,li1,100.5100,136.0000,0.002085
_0726_,VGND,li1,91.7700,136.0000,0.001912
_0725_,VGND,li1,89.4700,136.0000,0.001864
_0724_,VGND,li1,87.4000,136.0000,0.001800
_0723_,VGND,li1,112.9300,136.0000,0.002282
_0722_,VGND,li1,118.2200,141.4400,0.000745
_0721_,VGND,li1,104.4200,141.4400,0.000695
_0720_,VGND,li1,109.7100,136.0000,0.002230
_0719_,VGND,li1,79.3500,136.0000,0.001630
_0718_,VGND,li1,100.5100,130.5600,0.002235
_0717_,VGND,li1,103.5000,130.5600,0.002284
_0716_,VGND,li1,96.1400,130.5600,0.002177
_0715_,VGND,li1,105.3400,125.1200,0.002777
_0714_,VGND,li1,105.3400,119.6800,0.003881
_0713_,VGND,li1,73.3700,114.2400,0.002976
_0712_,VGND,li1,96.1400,125.1200,0.002613
_0711_,VGND,li1,94.3000,108.8000,0.002368
_0710_,VGND,li1,97.7500,108.8000,0.002412
_0709_,VGND,li1,95.9100,114.2400,0.003692
_0708_,VGND,li1,116.3800,119.6800,0.004025
_0707_,VGND,li1,111.5500,114.2400,0.004052
_0706_,VGND,li1,107.4100,108.8000,0.002560
_0705_,VGND,li1,113.6200,125.1200,0.002859
_0704_,VGND,li1,113.8500,119.6800,0.004001
_0703_,VGND,li1,123.0500,108.8000,0.002681
_0702_,VGND,li1,89.7000,114.2400,0.003539
_0701_,VGND,li1,100.2800,114.2400,0.003828
_0700_,VGND,li1,100.9700,125.1200,0.002704
_0699_,VGND,li1,92.9200,114.2400,0.003593
_0698_,VGND,li1,84.8700,114.2400,0.003393
_0697_,VGND,li1,88.0900,114.2400,0.003471
_0696_,VGND,li1,91.5400,114.2400,0.003593
_0695_,VGND,li1,89.4700,119.6800,0.003435
_0694_,VGND,li1,89.9300,108.8000,0.002289
_0693_,VGND,li1,101.8900,119.6800,0.003755
_0692_,VGND,li1,100.5100,119.6800,0.003755
_0691_,VGND,li1,119.3700,119.6800,0.004047
_0690_,VGND,li1,76.1300,114.2400,0.003085
_0689_,VGND,li1,73.8300,125.1200,0.002083
_0688_,VGND,li1,123.0500,108.8000,0.002681
_0687_,VGND,li1,101.4300,125.1200,0.002704
_0686_,VGND,li1,122.1300,103.3600,0.002292
_0685_,VGND,li1,122.5900,114.2400,0.004185
_0684_,VGND,li1,124.4300,114.2400,0.004207
_0683_,VGND,li1,120.2900,108.8000,0.002672
_0682_,VGND,li1,110.4000,130.5600,0.002346
_0681_,VGND,li1,113.3900,125.1200,0.002859
_0680_,VGND,li1,107.4100,136.0000,0.002198
_0679_,VGND,li1,107.4100,136.0000,0.002198
_0678_,VGND,li1,77.0500,108.8000,0.002028
_0677_,VGND,li1,118.4500,108.8000,0.002656
_0676_,VGND,li1,106.2600,114.2400,0.003932
_0675_,VGND,li1,131.7900,92.4800,0.002493
_0674_,VGND,li1,131.7900,103.3600,0.002352
_0673_,VGND,li1,127.6500,97.9200,0.001477
_0672_,VGND,li1,131.7900,87.0400,0.002368
_0671_,VGND,li1,131.7900,119.6800,0.004115
_0670_,VGND,li1,123.9700,43.5200,0.001067
_0669_,VGND,li1,67.3900,16.3200,0.001255
_0668_,VGND,li1,65.0900,136.0000,0.001265
_0667_,VGND,li1,98.6700,38.0800,0.001655
_0666_,VGND,li1,77.9700,21.7600,0.001756
_0665_,VGND,li1,67.8500,21.7600,0.001563
_0664_,VGND,li1,93.6100,16.3200,0.001607
_0663_,VGND,li1,105.1100,10.8800,0.000260
_0662_,VGND,li1,85.3300,16.3200,0.001513
_0661_,VGND,li1,123.9700,54.4000,0.001459
_0660_,VGND,li1,118.9100,81.6000,0.001527
_0659_,VGND,li1,60.9500,136.0000,0.001201
_0658_,VGND,li1,81.1900,16.3200,0.001460
_0657_,VGND,li1,58.6500,16.3200,0.001081
_0656_,VGND,li1,60.9500,136.0000,0.001201
_0655_,VGND,li1,85.3300,10.8800,0.000221
_0654_,VGND,li1,116.6100,21.7600,0.002171
_0653_,VGND,li1,127.6500,54.4000,0.001463
_0652_,VGND,li1,121.2100,92.4800,0.002476
_0651_,VGND,li1,97.2900,21.7600,0.002041
_0650_,VGND,li1,128.1100,16.3200,0.001783
_0649_,VGND,li1,126.2700,32.6400,0.000793
_0648_,VGND,li1,109.7100,21.7600,0.002140
_0647_,VGND,li1,123.5100,54.4000,0.001459
_0646_,VGND,li1,123.9700,43.5200,0.001067
_0645_,VGND,li1,126.7300,54.4000,0.001461
_0644_,VGND,li1,122.5900,92.4800,0.002476
_0643_,VGND,li1,126.2700,87.0400,0.002352
_0642_,VGND,li1,125.8100,38.0800,0.001771
_0641_,VGND,li1,119.3700,16.3200,0.001768
_0640_,VGND,li1,85.3300,76.1600,0.001349
_0639_,VGND,li1,128.1100,16.3200,0.001783
_0638_,VGND,li1,126.2700,48.9600,0.001776
_0637_,VGND,li1,119.1400,70.7200,0.001835
_0636_,VGND,li1,53.5900,76.1600,0.000859
_0635_,VGND,li1,53.1300,70.7200,0.000964
_0634_,VGND,li1,46.6900,76.1600,0.000740
_0633_,VGND,li1,42.3200,76.1600,0.000644
_0632_,VGND,li1,39.7900,81.6000,0.000588
_0631_,VGND,li1,97.9800,70.7200,0.001632
_0630_,VGND,li1,94.0700,70.7200,0.001584
_0629_,VGND,li1,115.4600,76.1600,0.001530
_0628_,VGND,li1,111.0900,76.1600,0.001512
_0627_,VGND,li1,128.1100,59.8400,0.002502
_0626_,VGND,li1,104.4200,65.2800,0.001311
_0625_,VGND,li1,60.0300,59.8400,0.001611
_0624_,VGND,li1,54.9700,59.8400,0.001479
_0623_,VGND,li1,55.8900,54.4000,0.000868
_0622_,VGND,li1,54.2800,59.8400,0.001479
_0621_,VGND,li1,54.0500,65.2800,0.000786
_0620_,VGND,li1,93.8400,59.8400,0.002226
_0619_,VGND,li1,93.1500,54.4000,0.001296
_0618_,VGND,li1,109.0200,59.8400,0.002395
_0617_,VGND,li1,100.5100,65.2800,0.001282
_0616_,VGND,li1,125.3500,87.0400,0.002344
_0615_,VGND,li1,83.7200,87.0400,0.001933
_0614_,VGND,li1,75.2100,92.4800,0.001975
_0613_,VGND,li1,74.9800,87.0400,0.001763
_0612_,VGND,li1,67.8500,81.6000,0.001049
_0611_,VGND,li1,47.1500,103.3600,0.001024
_0610_,VGND,li1,51.9800,92.4800,0.001311
_0609_,VGND,li1,46.2300,103.3600,0.001024
_0608_,VGND,li1,74.7500,103.3600,0.001663
_0607_,VGND,li1,83.2600,92.4800,0.002128
_0606_,VGND,li1,80.7300,97.9200,0.001258
_0605_,VGND,li1,127.1900,38.0800,0.001771
_0604_,VGND,li1,105.8000,48.9600,0.001696
_0603_,VGND,li1,48.5300,48.9600,0.000925
_0602_,VGND,li1,43.9300,54.4000,0.000670
_0601_,VGND,li1,41.1700,48.9600,0.000758
_0600_,VGND,li1,26.6800,54.4000,0.000254
_0599_,VGND,li1,24.1500,59.8400,0.000404
_0598_,VGND,li1,70.3800,59.8400,0.001833
_0597_,VGND,li1,67.8500,59.8400,0.001798
_0596_,VGND,li1,103.5000,43.5200,0.001031
_0595_,VGND,li1,98.6700,54.4000,0.001325
_0594_,VGND,li1,128.1100,27.2000,0.001368
_0593_,VGND,li1,97.5200,27.2000,0.001275
_0592_,VGND,li1,50.8300,27.2000,0.000757
_0591_,VGND,li1,46.2300,21.7600,0.001066
_0590_,VGND,li1,43.4700,21.7600,0.000994
_0589_,VGND,li1,46.4600,32.6400,0.000385
_0588_,VGND,li1,41.6300,32.6400,0.000334
_0587_,VGND,li1,65.7800,27.2000,0.000979
_0586_,VGND,li1,71.9900,32.6400,0.000587
_0585_,VGND,li1,99.3600,32.6400,0.000727
_0584_,VGND,li1,99.5900,38.0800,0.001655
_0583_,VGND,li1,127.6500,32.6400,0.000793
_0582_,VGND,li1,121.2100,38.0800,0.001759
_0581_,VGND,li1,36.5700,38.0800,0.000654
_0580_,VGND,li1,33.3500,38.0800,0.000570
_0579_,VGND,li1,28.2900,38.0800,0.000426
_0578_,VGND,li1,27.1400,43.5200,0.000233
_0577_,VGND,li1,22.3100,32.6400,0.000131
_0576_,VGND,li1,65.7800,43.5200,0.000753
_0575_,VGND,li1,81.1900,38.0800,0.001493
_0574_,VGND,li1,115.9200,38.0800,0.001747
_0573_,VGND,li1,112.0100,38.0800,0.001730
_0572_,VGND,li1,126.7300,27.2000,0.001368
_0571_,VGND,li1,107.6400,21.7600,0.002129
_0570_,VGND,li1,60.0300,27.2000,0.000907
_0569_,VGND,li1,59.1100,21.7600,0.001378
_0568_,VGND,li1,55.4300,21.7600,0.001293
_0567_,VGND,li1,55.6600,21.7600,0.001293
_0566_,VGND,li1,46.6900,21.7600,0.001066
_0565_,VGND,li1,82.3400,27.2000,0.001152
_0564_,VGND,li1,73.8300,21.7600,0.001667
_0563_,VGND,li1,103.5000,21.7600,0.002096
_0562_,VGND,li1,100.9700,21.7600,0.002074
_0561_,VGND,li1,126.2700,59.8400,0.002501
_0560_,VGND,li1,118.4500,59.8400,0.002472
_0559_,VGND,li1,116.8400,54.4000,0.001440
_0558_,VGND,li1,106.4900,54.4000,0.001387
_0557_,VGND,li1,85.3300,59.8400,0.002104
_0556_,VGND,li1,40.7100,59.8400,0.001036
_0555_,VGND,li1,41.8600,59.8400,0.001036
_0554_,VGND,li1,40.7100,65.2800,0.000555
_0553_,VGND,li1,82.5700,59.8400,0.002061
_0552_,VGND,li1,85.1000,59.8400,0.002104
_0551_,VGND,li1,84.8700,54.4000,0.001235
_0550_,VGND,li1,127.6500,48.9600,0.001776
_0549_,VGND,li1,121.2100,48.9600,0.001764
_0548_,VGND,li1,43.9300,48.9600,0.000826
_0547_,VGND,li1,39.7900,43.5200,0.000422
_0546_,VGND,li1,38.8700,43.5200,0.000422
_0545_,VGND,li1,29.4400,48.9600,0.000407
_0544_,VGND,li1,20.4700,48.9600,0.000325
_0543_,VGND,li1,66.7000,48.9600,0.001248
_0542_,VGND,li1,63.7100,54.4000,0.001009
_0541_,VGND,li1,115.9200,48.9600,0.001752
_0540_,VGND,li1,111.5500,48.9600,0.001733
_0539_,VGND,li1,126.7300,59.8400,0.002501
_0538_,VGND,li1,119.8300,65.2800,0.001368
_0537_,VGND,li1,32.8900,65.2800,0.000425
_0536_,VGND,li1,33.3500,70.7200,0.000503
_0535_,VGND,li1,25.9900,70.7200,0.000292
_0534_,VGND,li1,27.1400,65.2800,0.000298
_0533_,VGND,li1,29.2100,70.7200,0.000398
_0532_,VGND,li1,69.4600,70.7200,0.001250
_0531_,VGND,li1,70.1500,65.2800,0.001010
_0530_,VGND,li1,119.1400,70.7200,0.001835
_0529_,VGND,li1,113.8500,59.8400,0.002437
_0528_,VGND,li1,124.4300,81.6000,0.001545
_0527_,VGND,li1,119.3700,92.4800,0.002472
_0526_,VGND,li1,34.2700,81.6000,0.000483
_0525_,VGND,li1,29.6700,87.0400,0.000508
_0524_,VGND,li1,25.5300,92.4800,0.000401
_0523_,VGND,li1,29.4400,81.6000,0.000370
_0522_,VGND,li1,33.3500,87.0400,0.000657
_0521_,VGND,li1,98.4400,81.6000,0.001390
_0520_,VGND,li1,118.9100,81.6000,0.001527
_0519_,VGND,li1,116.3800,92.4800,0.002459
_0518_,VGND,li1,112.0100,92.4800,0.002429
_0517_,VGND,li1,127.6500,87.0400,0.002352
_0516_,VGND,li1,93.3800,87.0400,0.002093
_0515_,VGND,li1,91.0800,92.4800,0.002242
_0514_,VGND,li1,37.4900,92.4800,0.000873
_0513_,VGND,li1,34.0400,92.4800,0.000747
_0512_,VGND,li1,38.8700,97.9200,0.000587
_0511_,VGND,li1,85.3300,81.6000,0.001253
_0510_,VGND,li1,103.5000,92.4800,0.002370
_0509_,VGND,li1,105.1100,92.4800,0.002370
_0508_,VGND,li1,89.4700,87.0400,0.002017
_0507_,VGND,li1,84.8700,97.9200,0.001292
_0506_,VGND,li1,129.0300,54.4000,0.001463
_0505_,VGND,li1,90.1600,38.0800,0.001596
_0504_,VGND,li1,57.7300,38.0800,0.001122
_0503_,VGND,li1,53.5900,38.0800,0.001035
_0502_,VGND,li1,53.5900,38.0800,0.001035
_0501_,VGND,li1,54.2800,43.5200,0.000624
_0500_,VGND,li1,51.2900,48.9600,0.000977
_0499_,VGND,li1,74.9800,43.5200,0.000850
_0498_,VGND,li1,76.5900,38.0800,0.001433
_0497_,VGND,li1,86.9400,38.0800,0.001560
_0496_,VGND,li1,84.8700,48.9600,0.001492
_0495_,VGND,li1,125.3500,21.7600,0.002192
_0494_,VGND,li1,123.0500,21.7600,0.002190
_0493_,VGND,li1,37.4900,21.7600,0.000814
_0492_,VGND,li1,37.0300,21.7600,0.000814
_0491_,VGND,li1,33.8100,16.3200,0.000512
_0490_,VGND,li1,26.2200,27.2000,0.000242
_0489_,VGND,li1,20.4700,21.7600,0.000401
_0488_,VGND,li1,82.8000,21.7600,0.001838
_0487_,VGND,li1,78.4300,16.3200,0.001423
_0486_,VGND,li1,121.9000,27.2000,0.001364
_0485_,VGND,li1,114.3100,21.7600,0.002161
_0484_,VGND,li1,126.7300,76.1600,0.001554
_0483_,VGND,li1,82.3400,76.1600,0.001322
_0482_,VGND,li1,71.5300,76.1600,0.001182
_0481_,VGND,li1,53.1300,81.6000,0.000832
_0480_,VGND,li1,51.9800,87.0400,0.001218
_0479_,VGND,li1,68.7700,81.6000,0.001049
_0478_,VGND,li1,68.0800,76.1600,0.001119
_0477_,VGND,li1,64.6300,76.1600,0.001060
_0476_,VGND,li1,88.7800,70.7200,0.001526
_0475_,VGND,li1,84.8700,70.7200,0.001468
_0474_,VGND,li1,59.1100,81.6000,0.000921
_0473_,VGND,li1,135.4700,21.7600,0.002196
_0472_,VGND,li1,92.9200,21.7600,0.001988
_0471_,VGND,li1,39.7900,21.7600,0.000897
_0470_,VGND,li1,31.9700,21.7600,0.000624
_0469_,VGND,li1,29.6700,27.2000,0.000316
_0468_,VGND,li1,33.5800,21.7600,0.000696
_0467_,VGND,li1,24.1500,21.7600,0.000397
_0466_,VGND,li1,68.0800,21.7600,0.001563
_0465_,VGND,li1,62.7900,27.2000,0.000942
_0464_,VGND,li1,92.4600,21.7600,0.001988
_0463_,VGND,li1,91.3100,27.2000,0.001235
_0462_,VGND,li1,106.9500,103.3600,0.002155
_0461_,VGND,li1,105.3400,108.8000,0.002523
_0460_,VGND,li1,123.9700,119.6800,0.004089
_0459_,VGND,li1,117.5300,103.3600,0.002259
_0458_,VGND,li1,135.0100,119.6800,0.004116
_0457_,VGND,li1,121.6700,119.6800,0.004070
_0456_,VGND,li1,130.8700,130.5600,0.002474
_0455_,VGND,li1,81.6500,136.0000,0.001695
_0454_,VGND,li1,77.0500,114.2400,0.003085
_0453_,VGND,li1,112.7000,108.8000,0.002617
_0452_,VGND,li1,96.8300,108.8000,0.002412
_0451_,VGND,li1,125.3500,108.8000,0.002688
_0450_,VGND,li1,123.9700,103.3600,0.002309
_0449_,VGND,li1,132.7100,103.3600,0.002352
_0448_,VGND,li1,132.2500,114.2400,0.004232
_0447_,VGND,li1,128.1100,108.8000,0.002692
_0446_,VGND,li1,132.9400,108.8000,0.002695
_0445_,VGND,li1,134.0900,114.2400,0.004237
_0444_,VGND,li1,95.4500,136.0000,0.001954
_0443_,VGND,li1,125.8100,114.2400,0.004207
_0442_,VGND,li1,117.7600,114.2400,0.004142
_0441_,VGND,li1,114.5400,114.2400,0.004103
_0440_,VGND,li1,92.2300,108.8000,0.002332
_0439_,VGND,li1,98.2100,125.1200,0.002657
_0438_,VGND,li1,100.5100,114.2400,0.003828
_0437_,VGND,li1,102.3500,87.0400,0.002175
_0436_,VGND,li1,55.4300,92.4800,0.001462
_0435_,VGND,li1,100.9700,81.6000,0.001412
_0434_,VGND,li1,61.6400,92.4800,0.001649
_0433_,VGND,li1,99.1300,87.0400,0.002143
_0432_,VGND,li1,72.2200,92.4800,0.001893
_0431_,VGND,li1,101.4300,97.9200,0.001381
_0430_,VGND,li1,62.1000,97.9200,0.001024
_0429_,VGND,li1,39.3300,92.4800,0.000936
_0428_,VGND,li1,51.9800,103.3600,0.001140
_0427_,VGND,li1,37.9500,92.4800,0.000873
_0426_,VGND,li1,52.9000,97.9200,0.000881
_0425_,VGND,li1,40.7100,92.4800,0.000936
_0424_,VGND,li1,52.9000,97.9200,0.000881
_0423_,VGND,li1,38.4100,87.0400,0.000811
_0422_,VGND,li1,56.8100,97.9200,0.000944
_0421_,VGND,li1,102.3500,81.6000,0.001412
_0420_,VGND,li1,65.3200,92.4800,0.001729
_0419_,VGND,li1,100.0500,97.9200,0.001381
_0418_,VGND,li1,65.3200,103.3600,0.001503
_0417_,VGND,li1,97.7500,87.0400,0.002143
_0416_,VGND,li1,63.9400,97.9200,0.001067
_0415_,VGND,li1,88.5500,97.9200,0.001309
_0414_,VGND,li1,65.5500,103.3600,0.001503
_0413_,VGND,li1,37.4900,81.6000,0.000518
_0412_,VGND,li1,55.2000,92.4800,0.001462
_0411_,VGND,li1,37.4900,103.3600,0.000761
_0410_,VGND,li1,55.4300,103.3600,0.001264
_0409_,VGND,li1,37.4900,87.0400,0.000734
_0408_,VGND,li1,59.1100,97.9200,0.000991
_0407_,VGND,li1,59.5700,87.0400,0.001415
_0406_,VGND,li1,84.1800,108.8000,0.002158
_0405_,VGND,li1,81.6500,125.1200,0.002282
_0404_,VGND,li1,71.0700,125.1200,0.001945
_0403_,VGND,li1,80.7300,125.1200,0.002282
_0402_,VGND,li1,83.9500,130.5600,0.001969
_0401_,VGND,li1,85.7900,114.2400,0.003393
_0400_,VGND,li1,119.8300,103.3600,0.002278
_0399_,VGND,li1,119.8300,114.2400,0.004167
_0398_,VGND,li1,68.5400,92.4800,0.001826
_0397_,VGND,li1,51.7500,92.4800,0.001311
_0396_,VGND,li1,83.9500,119.6800,0.003198
_0395_,VGND,li1,92.6900,108.8000,0.002332
_0394_,VGND,li1,111.3200,114.2400,0.004052
_0393_,VGND,li1,117.9900,119.6800,0.004025
_0392_,VGND,li1,93.1500,125.1200,0.002557
_0391_,VGND,li1,73.8300,136.0000,0.001520
_0390_,VGND,li1,94.9900,114.2400,0.003692
