Instance,Terminal,Layer,X location,Y location,Voltage
FILLER_47_269,VPWR,li1,129.4900,138.7200,1.798027
FILLER_47_223,VPWR,li1,108.3300,138.7200,1.798209
FILLER_47_209,VPWR,li1,102.5800,138.7200,1.798274
FILLER_47_202,VPWR,li1,99.3600,138.7200,1.798341
FILLER_47_197,VPWR,li1,96.6000,138.7200,1.798375
FILLER_47_195,VPWR,li1,95.4500,138.7200,1.798375
FILLER_47_191,VPWR,li1,93.6100,138.7200,1.798402
FILLER_47_175,VPWR,li1,86.7100,138.7200,1.798505
FILLER_47_169,VPWR,li1,83.7200,138.7200,1.798551
FILLER_47_160,VPWR,li1,79.5800,138.7200,1.798636
FILLER_47_153,VPWR,li1,76.8200,138.7200,1.798682
FILLER_47_147,VPWR,li1,73.8300,138.7200,1.798714
FILLER_47_141,VPWR,li1,70.8400,138.7200,1.798787
FILLER_47_139,VPWR,li1,69.6900,138.7200,1.798787
FILLER_47_132,VPWR,li1,67.1600,138.7200,1.798834
FILLER_47_126,VPWR,li1,64.1700,138.7200,1.798920
FILLER_47_118,VPWR,li1,60.7200,138.7200,1.798956
FILLER_47_113,VPWR,li1,57.9600,138.7200,1.799036
FILLER_47_111,VPWR,li1,56.8100,138.7200,1.799036
FILLER_47_104,VPWR,li1,54.2800,138.7200,1.799087
FILLER_47_99,VPWR,li1,51.5200,138.7200,1.799144
FILLER_47_91,VPWR,li1,49.2200,138.7200,1.799191
FILLER_47_85,VPWR,li1,45.0800,138.7200,1.799276
FILLER_47_76,VPWR,li1,41.4000,138.7200,1.799354
FILLER_47_69,VPWR,li1,38.1800,138.7200,1.799424
FILLER_47_62,VPWR,li1,34.9600,138.7200,1.799493
FILLER_47_57,VPWR,li1,32.2000,138.7200,1.799588
FILLER_47_53,VPWR,li1,30.5900,138.7200,1.799588
FILLER_47_41,VPWR,li1,27.1400,138.7200,1.799663
FILLER_47_29,VPWR,li1,21.6200,138.7200,1.799783
FILLER_47_27,VPWR,li1,18.1700,138.7200,1.799783
FILLER_47_15,VPWR,li1,15.1800,138.7200,1.799783
FILLER_47_3,VPWR,li1,9.6600,138.7200,1.799783
FILLER_46_250,VPWR,li1,120.9800,138.7200,1.798071
FILLER_46_238,VPWR,li1,115.2300,138.7200,1.798116
FILLER_46_228,VPWR,li1,110.6300,138.7200,1.798182
FILLER_46_224,VPWR,li1,109.4800,138.7200,1.798182
FILLER_46_216,VPWR,li1,105.5700,138.7200,1.798249
FILLER_46_208,VPWR,li1,101.6600,138.7200,1.798303
FILLER_46_197,VPWR,li1,96.3700,138.7200,1.798375
FILLER_46_194,VPWR,li1,95.2200,138.7200,1.798402
FILLER_46_164,VPWR,li1,83.7200,138.7200,1.798551
FILLER_46_155,VPWR,li1,77.2800,138.7200,1.798682
FILLER_46_134,VPWR,li1,68.5400,138.7200,1.798834
FILLER_46_115,VPWR,li1,58.6500,138.7200,1.798998
FILLER_46_109,VPWR,li1,57.0400,138.7200,1.799036
FILLER_46_97,VPWR,li1,52.9000,138.7200,1.799144
FILLER_46_85,VPWR,li1,47.3800,138.7200,1.799228
FILLER_46_83,VPWR,li1,43.9300,138.7200,1.799315
FILLER_46_77,VPWR,li1,42.3200,138.7200,1.799354
FILLER_46_65,VPWR,li1,38.1800,138.7200,1.799424
FILLER_46_53,VPWR,li1,32.6600,138.7200,1.799543
FILLER_46_41,VPWR,li1,27.1400,138.7200,1.799663
FILLER_46_29,VPWR,li1,21.6200,138.7200,1.799783
FILLER_46_27,VPWR,li1,18.1700,138.7200,1.799783
FILLER_46_15,VPWR,li1,15.1800,138.7200,1.799783
FILLER_46_3,VPWR,li1,9.6600,138.7200,1.799783
FILLER_45_248,VPWR,li1,120.0600,133.2800,1.797047
FILLER_45_217,VPWR,li1,105.8000,133.2800,1.797201
FILLER_45_193,VPWR,li1,94.5300,133.2800,1.797414
FILLER_45_178,VPWR,li1,87.6300,133.2800,1.797558
FILLER_45_169,VPWR,li1,83.4900,133.2800,1.797642
FILLER_45_154,VPWR,li1,76.5900,133.2800,1.797815
FILLER_45_125,VPWR,li1,63.4800,133.2800,1.798215
FILLER_45_113,VPWR,li1,58.1900,133.2800,1.798391
FILLER_45_108,VPWR,li1,56.1200,133.2800,1.798461
FILLER_45_96,VPWR,li1,52.4400,133.2800,1.798585
FILLER_45_81,VPWR,li1,45.5400,133.2800,1.798858
FILLER_45_69,VPWR,li1,40.0200,133.2800,1.799006
FILLER_45_57,VPWR,li1,34.5000,133.2800,1.799193
FILLER_45_55,VPWR,li1,31.0500,133.2800,1.799349
FILLER_45_51,VPWR,li1,29.9000,133.2800,1.799349
FILLER_45_39,VPWR,li1,26.2200,133.2800,1.799474
FILLER_45_27,VPWR,li1,20.7000,133.2800,1.799661
FILLER_45_15,VPWR,li1,15.1800,133.2800,1.799661
FILLER_45_3,VPWR,li1,9.6600,133.2800,1.799661
FILLER_44_215,VPWR,li1,104.8800,133.2800,1.797236
FILLER_44_187,VPWR,li1,91.7700,133.2800,1.797457
FILLER_44_175,VPWR,li1,86.2500,133.2800,1.797599
FILLER_44_136,VPWR,li1,69.0000,133.2800,1.798048
FILLER_44_115,VPWR,li1,58.6500,133.2800,1.798391
FILLER_44_109,VPWR,li1,57.0400,133.2800,1.798461
FILLER_44_97,VPWR,li1,52.9000,133.2800,1.798585
FILLER_44_85,VPWR,li1,47.3800,133.2800,1.798756
FILLER_44_83,VPWR,li1,43.9300,133.2800,1.798928
FILLER_44_77,VPWR,li1,42.3200,133.2800,1.798928
FILLER_44_65,VPWR,li1,38.1800,133.2800,1.799068
FILLER_44_53,VPWR,li1,32.6600,133.2800,1.799255
FILLER_44_41,VPWR,li1,27.1400,133.2800,1.799474
FILLER_44_29,VPWR,li1,21.6200,133.2800,1.799661
FILLER_44_27,VPWR,li1,18.1700,133.2800,1.799661
FILLER_44_15,VPWR,li1,15.1800,133.2800,1.799661
FILLER_44_3,VPWR,li1,9.6600,133.2800,1.799661
FILLER_43_278,VPWR,li1,133.8600,127.8400,1.797465
FILLER_43_251,VPWR,li1,121.4400,127.8400,1.797495
FILLER_43_243,VPWR,li1,119.1400,127.8400,1.797506
FILLER_43_208,VPWR,li1,101.4300,127.8400,1.797646
FILLER_43_185,VPWR,li1,91.0800,127.8400,1.797798
FILLER_43_176,VPWR,li1,86.7100,127.8400,1.797871
FILLER_43_136,VPWR,li1,69.0000,127.8400,1.798246
FILLER_43_113,VPWR,li1,58.1900,127.8400,1.798578
FILLER_43_111,VPWR,li1,56.8100,127.8400,1.798641
FILLER_43_105,VPWR,li1,55.2000,127.8400,1.798641
FILLER_43_93,VPWR,li1,51.0600,127.8400,1.798768
FILLER_43_81,VPWR,li1,45.5400,127.8400,1.798971
FILLER_43_69,VPWR,li1,40.0200,127.8400,1.799105
FILLER_43_57,VPWR,li1,34.5000,127.8400,1.799273
FILLER_43_55,VPWR,li1,31.0500,127.8400,1.799414
FILLER_43_51,VPWR,li1,29.9000,127.8400,1.799414
FILLER_43_39,VPWR,li1,26.2200,127.8400,1.799526
FILLER_43_27,VPWR,li1,20.7000,127.8400,1.799695
FILLER_43_15,VPWR,li1,15.1800,127.8400,1.799695
FILLER_43_3,VPWR,li1,9.6600,127.8400,1.799695
FILLER_42_247,VPWR,li1,119.6000,127.8400,1.797506
FILLER_42_239,VPWR,li1,117.3000,127.8400,1.797519
FILLER_42_183,VPWR,li1,91.0800,127.8400,1.797798
FILLER_42_171,VPWR,li1,86.9400,127.8400,1.797871
FILLER_42_166,VPWR,li1,82.3400,127.8400,1.797979
FILLER_42_138,VPWR,li1,69.4600,127.8400,1.798246
FILLER_42_117,VPWR,li1,59.5700,127.8400,1.798508
FILLER_42_109,VPWR,li1,57.5000,127.8400,1.798578
FILLER_42_97,VPWR,li1,52.9000,127.8400,1.798711
FILLER_42_85,VPWR,li1,47.3800,127.8400,1.798880
FILLER_42_83,VPWR,li1,43.9300,127.8400,1.799034
FILLER_42_77,VPWR,li1,42.3200,127.8400,1.799034
FILLER_42_65,VPWR,li1,38.1800,127.8400,1.799161
FILLER_42_53,VPWR,li1,32.6600,127.8400,1.799329
FILLER_42_41,VPWR,li1,27.1400,127.8400,1.799526
FILLER_42_29,VPWR,li1,21.6200,127.8400,1.799695
FILLER_42_27,VPWR,li1,18.1700,127.8400,1.799695
FILLER_42_15,VPWR,li1,15.1800,127.8400,1.799695
FILLER_42_3,VPWR,li1,9.6600,127.8400,1.799695
FILLER_41_270,VPWR,li1,130.1800,122.4000,1.796012
FILLER_41_248,VPWR,li1,120.0600,122.4000,1.796054
FILLER_41_236,VPWR,li1,116.8400,122.4000,1.796067
FILLER_41_186,VPWR,li1,91.7700,122.4000,1.796540
FILLER_41_178,VPWR,li1,89.2400,122.4000,1.796611
FILLER_41_167,VPWR,li1,82.5700,122.4000,1.796835
FILLER_41_152,VPWR,li1,76.1300,122.4000,1.797061
FILLER_41_133,VPWR,li1,67.3900,122.4000,1.797445
FILLER_41_125,VPWR,li1,64.8600,122.4000,1.797601
FILLER_41_113,VPWR,li1,60.2600,122.4000,1.797766
FILLER_41_111,VPWR,li1,56.8100,122.4000,1.797994
FILLER_41_105,VPWR,li1,55.2000,122.4000,1.797994
FILLER_41_93,VPWR,li1,51.0600,122.4000,1.798181
FILLER_41_81,VPWR,li1,45.5400,122.4000,1.798482
FILLER_41_69,VPWR,li1,40.0200,122.4000,1.798679
FILLER_41_57,VPWR,li1,34.5000,122.4000,1.798927
FILLER_41_55,VPWR,li1,31.0500,122.4000,1.799135
FILLER_41_51,VPWR,li1,29.9000,122.4000,1.799135
FILLER_41_39,VPWR,li1,26.2200,122.4000,1.799300
FILLER_41_27,VPWR,li1,20.7000,122.4000,1.799549
FILLER_41_15,VPWR,li1,15.1800,122.4000,1.799549
FILLER_41_3,VPWR,li1,9.6600,122.4000,1.799549
FILLER_40_266,VPWR,li1,128.8000,122.4000,1.796012
FILLER_40_253,VPWR,li1,122.8200,122.4000,1.796038
FILLER_40_246,VPWR,li1,118.9100,122.4000,1.796054
FILLER_40_197,VPWR,li1,96.8300,122.4000,1.796418
FILLER_40_190,VPWR,li1,94.3000,122.4000,1.796469
FILLER_40_178,VPWR,li1,90.1600,122.4000,1.796611
FILLER_40_149,VPWR,li1,74.7500,122.4000,1.797161
FILLER_40_141,VPWR,li1,72.2200,122.4000,1.797262
FILLER_40_139,VPWR,li1,69.6900,122.4000,1.797342
FILLER_40_133,VPWR,li1,68.0800,122.4000,1.797445
FILLER_40_121,VPWR,li1,63.9400,122.4000,1.797601
FILLER_40_109,VPWR,li1,58.4200,122.4000,1.797901
FILLER_40_97,VPWR,li1,52.9000,122.4000,1.798098
FILLER_40_85,VPWR,li1,47.3800,122.4000,1.798347
FILLER_40_83,VPWR,li1,43.9300,122.4000,1.798575
FILLER_40_77,VPWR,li1,42.3200,122.4000,1.798575
FILLER_40_65,VPWR,li1,38.1800,122.4000,1.798761
FILLER_40_53,VPWR,li1,32.6600,122.4000,1.799010
FILLER_40_41,VPWR,li1,27.1400,122.4000,1.799300
FILLER_40_29,VPWR,li1,21.6200,122.4000,1.799549
FILLER_40_27,VPWR,li1,18.1700,122.4000,1.799549
FILLER_40_15,VPWR,li1,15.1800,122.4000,1.799549
FILLER_40_3,VPWR,li1,9.6600,122.4000,1.799549
FILLER_39_277,VPWR,li1,133.6300,116.9600,1.795734
FILLER_39_268,VPWR,li1,129.2600,116.9600,1.795745
FILLER_39_260,VPWR,li1,125.5800,116.9600,1.795785
FILLER_39_249,VPWR,li1,120.2900,116.9600,1.795845
FILLER_39_212,VPWR,li1,103.2700,116.9600,1.796127
FILLER_39_205,VPWR,li1,100.2800,116.9600,1.796193
FILLER_39_172,VPWR,li1,86.4800,116.9600,1.796639
FILLER_39_167,VPWR,li1,82.5700,116.9600,1.796751
FILLER_39_162,VPWR,li1,80.5000,116.9600,1.796843
FILLER_39_148,VPWR,li1,74.0600,116.9600,1.797070
FILLER_39_136,VPWR,li1,70.8400,116.9600,1.797196
FILLER_39_104,VPWR,li1,55.2000,116.9600,1.797883
FILLER_39_97,VPWR,li1,50.3700,116.9600,1.798151
FILLER_39_93,VPWR,li1,49.2200,116.9600,1.798151
FILLER_39_81,VPWR,li1,45.5400,116.9600,1.798362
FILLER_39_69,VPWR,li1,40.0200,116.9600,1.798574
FILLER_39_57,VPWR,li1,34.5000,116.9600,1.798843
FILLER_39_55,VPWR,li1,31.0500,116.9600,1.799066
FILLER_39_51,VPWR,li1,29.9000,116.9600,1.799066
FILLER_39_39,VPWR,li1,26.2200,116.9600,1.799245
FILLER_39_27,VPWR,li1,20.7000,116.9600,1.799514
FILLER_39_15,VPWR,li1,15.1800,116.9600,1.799514
FILLER_39_3,VPWR,li1,9.6600,116.9600,1.799514
FILLER_38_273,VPWR,li1,131.5600,116.9600,1.795738
FILLER_38_251,VPWR,li1,121.2100,116.9600,1.795819
FILLER_38_212,VPWR,li1,103.2700,116.9600,1.796127
FILLER_38_186,VPWR,li1,91.3100,116.9600,1.796450
FILLER_38_176,VPWR,li1,87.4000,116.9600,1.796639
FILLER_38_156,VPWR,li1,77.7400,116.9600,1.796989
FILLER_38_149,VPWR,li1,74.5200,116.9600,1.797070
FILLER_38_141,VPWR,li1,72.2200,116.9600,1.797196
FILLER_38_85,VPWR,li1,44.8500,116.9600,1.798362
FILLER_38_83,VPWR,li1,43.9300,116.9600,1.798462
FILLER_38_77,VPWR,li1,42.3200,116.9600,1.798462
FILLER_38_65,VPWR,li1,38.1800,116.9600,1.798664
FILLER_38_53,VPWR,li1,32.6600,116.9600,1.798932
FILLER_38_41,VPWR,li1,27.1400,116.9600,1.799245
FILLER_38_29,VPWR,li1,21.6200,116.9600,1.799514
FILLER_38_27,VPWR,li1,18.1700,116.9600,1.799514
FILLER_38_15,VPWR,li1,15.1800,116.9600,1.799514
FILLER_38_3,VPWR,li1,9.6600,116.9600,1.799514
FILLER_37_281,VPWR,li1,135.4700,111.5200,1.796420
FILLER_37_279,VPWR,li1,134.0900,111.5200,1.796420
FILLER_37_210,VPWR,li1,102.3500,111.5200,1.796675
FILLER_37_166,VPWR,li1,82.3400,111.5200,1.797111
FILLER_37_138,VPWR,li1,70.8400,111.5200,1.797471
FILLER_37_113,VPWR,li1,57.7300,111.5200,1.797903
FILLER_37_69,VPWR,li1,40.0200,111.5200,1.798638
FILLER_37_57,VPWR,li1,34.5000,111.5200,1.798894
FILLER_37_55,VPWR,li1,31.0500,111.5200,1.799108
FILLER_37_51,VPWR,li1,29.9000,111.5200,1.799108
FILLER_37_39,VPWR,li1,26.2200,111.5200,1.799279
FILLER_37_27,VPWR,li1,20.7000,111.5200,1.799535
FILLER_37_15,VPWR,li1,15.1800,111.5200,1.799535
FILLER_37_3,VPWR,li1,9.6600,111.5200,1.799535
FILLER_36_282,VPWR,li1,135.7000,111.5200,1.796420
FILLER_36_270,VPWR,li1,130.1800,111.5200,1.796422
FILLER_36_250,VPWR,li1,120.9800,111.5200,1.796444
FILLER_36_204,VPWR,li1,99.8200,111.5200,1.796712
FILLER_36_194,VPWR,li1,95.2200,111.5200,1.796797
FILLER_36_180,VPWR,li1,88.7800,111.5200,1.796944
FILLER_36_159,VPWR,li1,78.8900,111.5200,1.797173
FILLER_36_153,VPWR,li1,77.2800,111.5200,1.797229
FILLER_36_138,VPWR,li1,69.4600,111.5200,1.797471
FILLER_36_105,VPWR,li1,55.2000,111.5200,1.797985
FILLER_36_85,VPWR,li1,45.3100,111.5200,1.798439
FILLER_36_83,VPWR,li1,43.9300,111.5200,1.798531
FILLER_36_77,VPWR,li1,42.3200,111.5200,1.798531
FILLER_36_65,VPWR,li1,38.1800,111.5200,1.798724
FILLER_36_53,VPWR,li1,32.6600,111.5200,1.798980
FILLER_36_41,VPWR,li1,27.1400,111.5200,1.799279
FILLER_36_29,VPWR,li1,21.6200,111.5200,1.799535
FILLER_36_27,VPWR,li1,18.1700,111.5200,1.799535
FILLER_36_15,VPWR,li1,15.1800,111.5200,1.799535
FILLER_36_3,VPWR,li1,9.6600,111.5200,1.799535
FILLER_35_281,VPWR,li1,135.4700,106.0800,1.796977
FILLER_35_225,VPWR,li1,109.4800,106.0800,1.797179
FILLER_35_185,VPWR,li1,91.0800,106.0800,1.797526
FILLER_35_173,VPWR,li1,87.8600,106.0800,1.797577
FILLER_35_166,VPWR,li1,82.3400,106.0800,1.797701
FILLER_35_160,VPWR,li1,79.5800,106.0800,1.797763
FILLER_35_149,VPWR,li1,74.5200,106.0800,1.797923
FILLER_35_137,VPWR,li1,71.3000,106.0800,1.797970
FILLER_35_121,VPWR,li1,62.1000,106.0800,1.798282
FILLER_35_117,VPWR,li1,59.5700,106.0800,1.798351
FILLER_35_113,VPWR,li1,58.4200,106.0800,1.798351
FILLER_35_108,VPWR,li1,56.1200,106.0800,1.798443
FILLER_35_96,VPWR,li1,52.4400,106.0800,1.798550
FILLER_35_81,VPWR,li1,45.5400,106.0800,1.798841
FILLER_35_69,VPWR,li1,40.0200,106.0800,1.798977
FILLER_35_57,VPWR,li1,34.5000,106.0800,1.799169
FILLER_35_55,VPWR,li1,31.0500,106.0800,1.799330
FILLER_35_51,VPWR,li1,29.9000,106.0800,1.799330
FILLER_35_39,VPWR,li1,26.2200,106.0800,1.799458
FILLER_35_27,VPWR,li1,20.7000,106.0800,1.799651
FILLER_35_15,VPWR,li1,15.1800,106.0800,1.799651
FILLER_35_3,VPWR,li1,9.6600,106.0800,1.799651
FILLER_34_279,VPWR,li1,134.0900,106.0800,1.796977
FILLER_34_253,VPWR,li1,122.1300,106.0800,1.797041
FILLER_34_250,VPWR,li1,120.9800,106.0800,1.797055
FILLER_34_217,VPWR,li1,106.0300,106.0800,1.797218
FILLER_34_190,VPWR,li1,94.3000,106.0800,1.797435
FILLER_34_178,VPWR,li1,90.1600,106.0800,1.797526
FILLER_34_166,VPWR,li1,84.6400,106.0800,1.797659
FILLER_34_160,VPWR,li1,79.5800,106.0800,1.797763
FILLER_34_153,VPWR,li1,76.8200,106.0800,1.797830
FILLER_34_141,VPWR,li1,73.1400,106.0800,1.797923
FILLER_34_134,VPWR,li1,67.6200,106.0800,1.798095
FILLER_34_115,VPWR,li1,61.1800,106.0800,1.798282
FILLER_34_103,VPWR,li1,55.6600,106.0800,1.798443
FILLER_34_96,VPWR,li1,50.6000,106.0800,1.798612
FILLER_34_83,VPWR,li1,43.9300,106.0800,1.798841
FILLER_34_71,VPWR,li1,40.9400,106.0800,1.798977
FILLER_34_65,VPWR,li1,36.1100,106.0800,1.799169
FILLER_34_53,VPWR,li1,32.6600,106.0800,1.799233
FILLER_34_41,VPWR,li1,27.1400,106.0800,1.799458
FILLER_34_29,VPWR,li1,21.6200,106.0800,1.799651
FILLER_34_27,VPWR,li1,18.1700,106.0800,1.799651
FILLER_34_15,VPWR,li1,15.1800,106.0800,1.799651
FILLER_34_3,VPWR,li1,9.6600,106.0800,1.799651
FILLER_33_281,VPWR,li1,135.4700,100.6400,1.798442
FILLER_33_279,VPWR,li1,134.0900,100.6400,1.798442
FILLER_33_261,VPWR,li1,125.8100,100.6400,1.798452
FILLER_33_255,VPWR,li1,124.2000,100.6400,1.798452
FILLER_33_249,VPWR,li1,120.7500,100.6400,1.798459
FILLER_33_237,VPWR,li1,117.3000,100.6400,1.798466
FILLER_33_225,VPWR,li1,111.7800,100.6400,1.798478
FILLER_33_211,VPWR,li1,103.9600,100.6400,1.798496
FILLER_33_185,VPWR,li1,92.0000,100.6400,1.798540
FILLER_33_173,VPWR,li1,87.8600,100.6400,1.798561
FILLER_33_158,VPWR,li1,78.6600,100.6400,1.798621
FILLER_33_135,VPWR,li1,68.0800,100.6400,1.798720
FILLER_33_113,VPWR,li1,58.8800,100.6400,1.798859
FILLER_33_94,VPWR,li1,49.4500,100.6400,1.798991
FILLER_33_57,VPWR,li1,33.1200,100.6400,1.799355
FILLER_33_55,VPWR,li1,31.0500,100.6400,1.799412
FILLER_33_51,VPWR,li1,29.9000,100.6400,1.799483
FILLER_33_39,VPWR,li1,26.2200,100.6400,1.799583
FILLER_33_27,VPWR,li1,20.7000,100.6400,1.799710
FILLER_33_15,VPWR,li1,15.1800,100.6400,1.799710
FILLER_33_3,VPWR,li1,9.6600,100.6400,1.799710
FILLER_32_270,VPWR,li1,130.1800,100.6400,1.798443
FILLER_32_253,VPWR,li1,122.3600,100.6400,1.798459
FILLER_32_249,VPWR,li1,120.7500,100.6400,1.798459
FILLER_32_237,VPWR,li1,117.3000,100.6400,1.798466
FILLER_32_225,VPWR,li1,111.7800,100.6400,1.798478
FILLER_32_213,VPWR,li1,106.2600,100.6400,1.798490
FILLER_32_201,VPWR,li1,100.7400,100.6400,1.798503
FILLER_32_190,VPWR,li1,93.3800,100.6400,1.798529
FILLER_32_182,VPWR,li1,91.0800,100.6400,1.798540
FILLER_32_141,VPWR,li1,70.6100,100.6400,1.798684
FILLER_32_115,VPWR,li1,59.1100,100.6400,1.798830
FILLER_32_41,VPWR,li1,25.0700,100.6400,1.799583
FILLER_32_29,VPWR,li1,21.6200,100.6400,1.799710
FILLER_32_27,VPWR,li1,18.1700,100.6400,1.799710
FILLER_32_15,VPWR,li1,15.1800,100.6400,1.799710
FILLER_32_3,VPWR,li1,9.6600,100.6400,1.799710
FILLER_31_254,VPWR,li1,122.8200,95.2000,1.797387
FILLER_31_229,VPWR,li1,111.0900,95.2000,1.797454
FILLER_31_225,VPWR,li1,109.9400,95.2000,1.797454
FILLER_31_222,VPWR,li1,108.1000,95.2000,1.797467
FILLER_31_210,VPWR,li1,104.8800,95.2000,1.797501
FILLER_31_176,VPWR,li1,87.1700,95.2000,1.797662
FILLER_31_167,VPWR,li1,82.5700,95.2000,1.797738
FILLER_31_120,VPWR,li1,61.1800,95.2000,1.798182
FILLER_31_43,VPWR,li1,25.5300,95.2000,1.799447
FILLER_31_39,VPWR,li1,24.3800,95.2000,1.799447
FILLER_31_27,VPWR,li1,20.7000,95.2000,1.799595
FILLER_31_15,VPWR,li1,15.1800,95.2000,1.799595
FILLER_31_3,VPWR,li1,9.6600,95.2000,1.799595
FILLER_30_283,VPWR,li1,135.9300,95.2000,1.797366
FILLER_30_279,VPWR,li1,134.7800,95.2000,1.797366
FILLER_30_256,VPWR,li1,123.7400,95.2000,1.797381
FILLER_30_235,VPWR,li1,113.8500,95.2000,1.797425
FILLER_30_226,VPWR,li1,109.9400,95.2000,1.797454
FILLER_30_221,VPWR,li1,107.4100,95.2000,1.797481
FILLER_30_217,VPWR,li1,106.2600,95.2000,1.797481
FILLER_30_191,VPWR,li1,93.6100,95.2000,1.797585
FILLER_30_185,VPWR,li1,92.0000,95.2000,1.797604
FILLER_30_152,VPWR,li1,75.6700,95.2000,1.797881
FILLER_30_117,VPWR,li1,59.5700,95.2000,1.798235
FILLER_30_97,VPWR,li1,50.3700,95.2000,1.798496
FILLER_30_73,VPWR,li1,39.3300,95.2000,1.798871
FILLER_30_45,VPWR,li1,26.4500,95.2000,1.799363
FILLER_30_41,VPWR,li1,25.3000,95.2000,1.799447
FILLER_30_29,VPWR,li1,21.6200,95.2000,1.799595
FILLER_30_27,VPWR,li1,18.1700,95.2000,1.799595
FILLER_30_15,VPWR,li1,15.1800,95.2000,1.799595
FILLER_30_3,VPWR,li1,9.6600,95.2000,1.799595
FILLER_29_277,VPWR,li1,133.6300,89.7600,1.797612
FILLER_29_253,VPWR,li1,124.6600,89.7600,1.797621
FILLER_29_179,VPWR,li1,88.7800,89.7600,1.797879
FILLER_29_154,VPWR,li1,76.8200,89.7600,1.798083
FILLER_29_146,VPWR,li1,73.3700,89.7600,1.798170
FILLER_29_134,VPWR,li1,69.9200,89.7600,1.798232
FILLER_29_127,VPWR,li1,64.6300,89.7600,1.798371
FILLER_29_122,VPWR,li1,61.8700,89.7600,1.798422
FILLER_29_116,VPWR,li1,60.2600,89.7600,1.798489
FILLER_29_84,VPWR,li1,44.3900,89.7600,1.798971
FILLER_29_78,VPWR,li1,42.7800,89.7600,1.798971
FILLER_29_54,VPWR,li1,30.8200,89.7600,1.799343
FILLER_29_47,VPWR,li1,27.8300,89.7600,1.799438
FILLER_29_27,VPWR,li1,18.1700,89.7600,1.799658
FILLER_29_15,VPWR,li1,15.1800,89.7600,1.799658
FILLER_29_3,VPWR,li1,9.6600,89.7600,1.799658
FILLER_28_283,VPWR,li1,135.9300,89.7600,1.797612
FILLER_28_279,VPWR,li1,134.7800,89.7600,1.797612
FILLER_28_264,VPWR,li1,128.3400,89.7600,1.797615
FILLER_28_260,VPWR,li1,125.3500,89.7600,1.797621
FILLER_28_251,VPWR,li1,121.2100,89.7600,1.797628
FILLER_28_209,VPWR,li1,103.5000,89.7600,1.797732
FILLER_28_175,VPWR,li1,86.9400,89.7600,1.797925
FILLER_28_152,VPWR,li1,75.6700,89.7600,1.798130
FILLER_28_148,VPWR,li1,74.5200,89.7600,1.798130
FILLER_28_141,VPWR,li1,71.0700,89.7600,1.798232
FILLER_28_138,VPWR,li1,69.4600,89.7600,1.798274
FILLER_28_133,VPWR,li1,66.9300,89.7600,1.798315
FILLER_28_113,VPWR,li1,59.3400,89.7600,1.798489
FILLER_28_99,VPWR,li1,51.5200,89.7600,1.798747
FILLER_28_94,VPWR,li1,48.9900,89.7600,1.798829
FILLER_28_89,VPWR,li1,46.6900,89.7600,1.798886
FILLER_28_85,VPWR,li1,45.5400,89.7600,1.798886
FILLER_28_81,VPWR,li1,43.4700,89.7600,1.798971
FILLER_28_73,VPWR,li1,40.9400,89.7600,1.799077
FILLER_28_67,VPWR,li1,37.0300,89.7600,1.799148
FILLER_28_55,VPWR,li1,33.5800,89.7600,1.799255
FILLER_28_29,VPWR,li1,19.7800,89.7600,1.799658
FILLER_28_27,VPWR,li1,18.1700,89.7600,1.799658
FILLER_28_15,VPWR,li1,15.1800,89.7600,1.799658
FILLER_28_3,VPWR,li1,9.6600,89.7600,1.799658
FILLER_27_267,VPWR,li1,128.5700,84.3200,1.797985
FILLER_27_262,VPWR,li1,126.5000,84.3200,1.797994
FILLER_27_257,VPWR,li1,124.2000,84.3200,1.798003
FILLER_27_249,VPWR,li1,121.9000,84.3200,1.798016
FILLER_27_212,VPWR,li1,104.8800,84.3200,1.798123
FILLER_27_198,VPWR,li1,96.8300,84.3200,1.798213
FILLER_27_173,VPWR,li1,85.3300,84.3200,1.798340
FILLER_27_169,VPWR,li1,84.1800,84.3200,1.798370
FILLER_27_155,VPWR,li1,77.0500,84.3200,1.798451
FILLER_27_113,VPWR,li1,58.1900,84.3200,1.798783
FILLER_27_111,VPWR,li1,56.8100,84.3200,1.798783
FILLER_27_83,VPWR,li1,44.1600,84.3200,1.799071
FILLER_27_71,VPWR,li1,40.9400,84.3200,1.799142
FILLER_27_64,VPWR,li1,35.8800,84.3200,1.799263
FILLER_27_11,VPWR,li1,11.0400,84.3200,1.799673
FILLER_27_3,VPWR,li1,8.7400,84.3200,1.799673
FILLER_26_260,VPWR,li1,126.9600,84.3200,1.797994
FILLER_26_253,VPWR,li1,122.8200,84.3200,1.798016
FILLER_26_251,VPWR,li1,121.2100,84.3200,1.798016
FILLER_26_220,VPWR,li1,107.1800,84.3200,1.798102
FILLER_26_212,VPWR,li1,104.8800,84.3200,1.798123
FILLER_26_197,VPWR,li1,96.3700,84.3200,1.798213
FILLER_26_195,VPWR,li1,95.4500,84.3200,1.798237
FILLER_26_189,VPWR,li1,93.8400,84.3200,1.798237
FILLER_26_177,VPWR,li1,89.7000,84.3200,1.798303
FILLER_26_157,VPWR,li1,77.9700,84.3200,1.798451
FILLER_26_145,VPWR,li1,74.9800,84.3200,1.798480
FILLER_26_139,VPWR,li1,69.6900,84.3200,1.798555
FILLER_26_85,VPWR,li1,45.5400,84.3200,1.799071
FILLER_26_83,VPWR,li1,43.9300,84.3200,1.799071
FILLER_26_71,VPWR,li1,40.9400,84.3200,1.799142
FILLER_26_65,VPWR,li1,36.1100,84.3200,1.799263
FILLER_26_56,VPWR,li1,32.2000,84.3200,1.799376
FILLER_26_33,VPWR,li1,21.3900,84.3200,1.799679
FILLER_26_27,VPWR,li1,18.1700,84.3200,1.799676
FILLER_26_15,VPWR,li1,15.1800,84.3200,1.799673
FILLER_26_3,VPWR,li1,9.6600,84.3200,1.799673
FILLER_25_281,VPWR,li1,135.4700,78.8800,1.798401
FILLER_25_279,VPWR,li1,134.0900,78.8800,1.798401
FILLER_25_262,VPWR,li1,126.2700,78.8800,1.798407
FILLER_25_250,VPWR,li1,123.2800,78.8800,1.798419
FILLER_25_230,VPWR,li1,111.5500,78.8800,1.798481
FILLER_25_225,VPWR,li1,109.4800,78.8800,1.798499
FILLER_25_222,VPWR,li1,108.1000,78.8800,1.798499
FILLER_25_214,VPWR,li1,105.8000,78.8800,1.798525
FILLER_25_185,VPWR,li1,90.8500,78.8800,1.798637
FILLER_25_181,VPWR,li1,89.7000,78.8800,1.798657
FILLER_25_169,VPWR,li1,86.0200,78.8800,1.798689
FILLER_25_165,VPWR,li1,82.1100,78.8800,1.798719
FILLER_25_153,VPWR,li1,78.6600,78.8800,1.798764
FILLER_25_141,VPWR,li1,73.1400,78.8800,1.798855
FILLER_25_113,VPWR,li1,58.8800,78.8800,1.799073
FILLER_25_111,VPWR,li1,56.8100,78.8800,1.799107
FILLER_25_107,VPWR,li1,55.6600,78.8800,1.799107
FILLER_25_86,VPWR,li1,45.5400,78.8800,1.799305
FILLER_25_78,VPWR,li1,43.2400,78.8800,1.799345
FILLER_25_57,VPWR,li1,32.2000,78.8800,1.799590
FILLER_25_53,VPWR,li1,30.5900,78.8800,1.799590
FILLER_25_41,VPWR,li1,27.1400,78.8800,1.799685
FILLER_25_27,VPWR,li1,18.4000,78.8800,1.799784
FILLER_25_15,VPWR,li1,15.1800,78.8800,1.799784
FILLER_25_3,VPWR,li1,9.6600,78.8800,1.799784
FILLER_24_278,VPWR,li1,133.8600,78.8800,1.798401
FILLER_24_265,VPWR,li1,127.6500,78.8800,1.798407
FILLER_24_253,VPWR,li1,124.6600,78.8800,1.798419
FILLER_24_251,VPWR,li1,121.2100,78.8800,1.798432
FILLER_24_247,VPWR,li1,120.0600,78.8800,1.798432
FILLER_24_243,VPWR,li1,117.5300,78.8800,1.798442
FILLER_24_233,VPWR,li1,113.1600,78.8800,1.798465
FILLER_24_225,VPWR,li1,109.2500,78.8800,1.798499
FILLER_24_221,VPWR,li1,108.1000,78.8800,1.798499
FILLER_24_209,VPWR,li1,104.4200,78.8800,1.798525
FILLER_24_195,VPWR,li1,95.4500,78.8800,1.798595
FILLER_24_187,VPWR,li1,93.3800,78.8800,1.798614
FILLER_24_175,VPWR,li1,88.7800,78.8800,1.798657
FILLER_24_158,VPWR,li1,79.1200,78.8800,1.798764
FILLER_24_146,VPWR,li1,75.4400,78.8800,1.798805
FILLER_24_136,VPWR,li1,69.0000,78.8800,1.798891
FILLER_24_114,VPWR,li1,59.3400,78.8800,1.799038
FILLER_24_102,VPWR,li1,55.2000,78.8800,1.799107
FILLER_24_89,VPWR,li1,46.6900,78.8800,1.799261
FILLER_24_85,VPWR,li1,45.5400,78.8800,1.799305
FILLER_24_49,VPWR,li1,28.7500,78.8800,1.799630
FILLER_24_41,VPWR,li1,26.2200,78.8800,1.799685
FILLER_24_29,VPWR,li1,21.6200,78.8800,1.799784
FILLER_24_27,VPWR,li1,18.1700,78.8800,1.799784
FILLER_24_19,VPWR,li1,16.1000,78.8800,1.799784
FILLER_24_7,VPWR,li1,11.5000,78.8800,1.799784
FILLER_23_281,VPWR,li1,135.4700,73.4400,1.797321
FILLER_23_265,VPWR,li1,128.1100,73.4400,1.797321
FILLER_23_261,VPWR,li1,125.8100,73.4400,1.797321
FILLER_23_211,VPWR,li1,102.8100,73.4400,1.797553
FILLER_23_181,VPWR,li1,90.1600,73.4400,1.797776
FILLER_23_154,VPWR,li1,76.8200,73.4400,1.798005
FILLER_23_146,VPWR,li1,74.5200,73.4400,1.798082
FILLER_23_111,VPWR,li1,56.8100,73.4400,1.798513
FILLER_23_107,VPWR,li1,55.6600,73.4400,1.798513
FILLER_23_101,VPWR,li1,52.2100,73.4400,1.798606
FILLER_23_93,VPWR,li1,50.1400,73.4400,1.798714
FILLER_23_74,VPWR,li1,42.3200,73.4400,1.798953
FILLER_23_61,VPWR,li1,33.8100,73.4400,1.799208
FILLER_23_57,VPWR,li1,32.6600,73.4400,1.799287
FILLER_23_50,VPWR,li1,29.9000,73.4400,1.799366
FILLER_23_38,VPWR,li1,25.7600,73.4400,1.799486
FILLER_23_23,VPWR,li1,16.7900,73.4400,1.799631
FILLER_23_15,VPWR,li1,14.2600,73.4400,1.799631
FILLER_23_3,VPWR,li1,9.6600,73.4400,1.799631
FILLER_22_271,VPWR,li1,131.5600,73.4400,1.797321
FILLER_22_259,VPWR,li1,127.4200,73.4400,1.797321
FILLER_22_225,VPWR,li1,109.2500,73.4400,1.797477
FILLER_22_221,VPWR,li1,108.1000,73.4400,1.797477
FILLER_22_209,VPWR,li1,104.4200,73.4400,1.797553
FILLER_22_185,VPWR,li1,91.5400,73.4400,1.797730
FILLER_22_111,VPWR,li1,56.8100,73.4400,1.798513
FILLER_22_107,VPWR,li1,55.6600,73.4400,1.798513
FILLER_22_85,VPWR,li1,45.3100,73.4400,1.798855
FILLER_22_68,VPWR,li1,37.7200,73.4400,1.799075
FILLER_22_63,VPWR,li1,34.7300,73.4400,1.799208
FILLER_22_55,VPWR,li1,32.6600,73.4400,1.799287
FILLER_22_27,VPWR,li1,18.1700,73.4400,1.799631
FILLER_22_15,VPWR,li1,15.1800,73.4400,1.799631
FILLER_22_3,VPWR,li1,9.6600,73.4400,1.799631
FILLER_21_281,VPWR,li1,135.4700,68.0000,1.798736
FILLER_21_275,VPWR,li1,132.2500,68.0000,1.798736
FILLER_21_267,VPWR,li1,130.1800,68.0000,1.798736
FILLER_21_255,VPWR,li1,125.5800,68.0000,1.798736
FILLER_21_225,VPWR,li1,110.4000,68.0000,1.798779
FILLER_21_223,VPWR,li1,108.3300,68.0000,1.798788
FILLER_21_217,VPWR,li1,106.7200,68.0000,1.798788
FILLER_21_205,VPWR,li1,102.5800,68.0000,1.798807
FILLER_21_196,VPWR,li1,95.9100,68.0000,1.798839
FILLER_21_188,VPWR,li1,93.8400,68.0000,1.798850
FILLER_21_176,VPWR,li1,89.2400,68.0000,1.798883
FILLER_21_166,VPWR,li1,82.3400,68.0000,1.798916
FILLER_21_151,VPWR,li1,75.6700,68.0000,1.798958
FILLER_21_143,VPWR,li1,73.1400,68.0000,1.798985
FILLER_21_121,VPWR,li1,61.6400,68.0000,1.799062
FILLER_21_113,VPWR,li1,59.3400,68.0000,1.799088
FILLER_21_111,VPWR,li1,56.8100,68.0000,1.799114
FILLER_21_107,VPWR,li1,55.6600,68.0000,1.799114
FILLER_21_98,VPWR,li1,51.2900,68.0000,1.799199
FILLER_21_84,VPWR,li1,44.6200,68.0000,1.799304
FILLER_21_64,VPWR,li1,36.8000,68.0000,1.799429
FILLER_21_55,VPWR,li1,31.0500,68.0000,1.799545
FILLER_21_51,VPWR,li1,29.9000,68.0000,1.799545
FILLER_21_3,VPWR,li1,9.6600,68.0000,1.799754
FILLER_20_277,VPWR,li1,133.6300,68.0000,1.798736
FILLER_20_265,VPWR,li1,130.1800,68.0000,1.798736
FILLER_20_253,VPWR,li1,124.6600,68.0000,1.798736
FILLER_20_251,VPWR,li1,121.2100,68.0000,1.798736
FILLER_20_210,VPWR,li1,104.8800,68.0000,1.798796
FILLER_20_197,VPWR,li1,97.5200,68.0000,1.798839
FILLER_20_195,VPWR,li1,95.4500,68.0000,1.798850
FILLER_20_185,VPWR,li1,91.5400,68.0000,1.798863
FILLER_20_177,VPWR,li1,87.8600,68.0000,1.798883
FILLER_20_165,VPWR,li1,84.1800,68.0000,1.798905
FILLER_20_153,VPWR,li1,78.6600,68.0000,1.798938
FILLER_20_115,VPWR,li1,58.6500,68.0000,1.799088
FILLER_20_85,VPWR,li1,44.8500,68.0000,1.799304
FILLER_20_80,VPWR,li1,43.2400,68.0000,1.799304
FILLER_20_68,VPWR,li1,39.5600,68.0000,1.799366
FILLER_20_62,VPWR,li1,34.5000,68.0000,1.799480
FILLER_20_51,VPWR,li1,30.3600,68.0000,1.799545
FILLER_20_29,VPWR,li1,19.3200,68.0000,1.799754
FILLER_20_27,VPWR,li1,18.1700,68.0000,1.799754
FILLER_20_15,VPWR,li1,15.1800,68.0000,1.799754
FILLER_20_3,VPWR,li1,9.6600,68.0000,1.799754
FILLER_19_281,VPWR,li1,135.4700,62.5600,1.798227
FILLER_19_267,VPWR,li1,128.5700,62.5600,1.798229
FILLER_19_255,VPWR,li1,125.5800,62.5600,1.798231
FILLER_19_237,VPWR,li1,115.9200,62.5600,1.798246
FILLER_19_220,VPWR,li1,107.6400,62.5600,1.798277
FILLER_19_208,VPWR,li1,101.6600,62.5600,1.798313
FILLER_19_193,VPWR,li1,94.9900,62.5600,1.798377
FILLER_19_169,VPWR,li1,83.4900,62.5600,1.798497
FILLER_19_156,VPWR,li1,80.0400,62.5600,1.798538
FILLER_19_144,VPWR,li1,74.5200,62.5600,1.798608
FILLER_19_113,VPWR,li1,60.2600,62.5600,1.798823
FILLER_19_108,VPWR,li1,56.1200,62.5600,1.798893
FILLER_19_92,VPWR,li1,48.7600,62.5600,1.799054
FILLER_19_80,VPWR,li1,45.0800,62.5600,1.799165
FILLER_19_53,VPWR,li1,30.5900,62.5600,1.799495
FILLER_19_41,VPWR,li1,27.1400,62.5600,1.799611
FILLER_19_27,VPWR,li1,18.4000,62.5600,1.799734
FILLER_19_15,VPWR,li1,15.1800,62.5600,1.799734
FILLER_19_3,VPWR,li1,9.6600,62.5600,1.799734
FILLER_18_253,VPWR,li1,123.7400,62.5600,1.798232
FILLER_18_248,VPWR,li1,120.5200,62.5600,1.798235
FILLER_18_239,VPWR,li1,116.3800,62.5600,1.798246
FILLER_18_229,VPWR,li1,111.5500,62.5600,1.798261
FILLER_18_163,VPWR,li1,80.7300,62.5600,1.798538
FILLER_18_159,VPWR,li1,79.5800,62.5600,1.798538
FILLER_18_147,VPWR,li1,75.9000,62.5600,1.798608
FILLER_18_139,VPWR,li1,69.6900,62.5600,1.798676
FILLER_18_129,VPWR,li1,65.5500,62.5600,1.798737
FILLER_18_121,VPWR,li1,63.0200,62.5600,1.798776
FILLER_18_89,VPWR,li1,46.6900,62.5600,1.799101
FILLER_18_85,VPWR,li1,45.5400,62.5600,1.799165
FILLER_18_83,VPWR,li1,43.9300,62.5600,1.799165
FILLER_18_49,VPWR,li1,28.5200,62.5600,1.799550
FILLER_18_41,VPWR,li1,26.2200,62.5600,1.799611
FILLER_18_29,VPWR,li1,21.6200,62.5600,1.799734
FILLER_18_27,VPWR,li1,18.1700,62.5600,1.799734
FILLER_18_15,VPWR,li1,15.1800,62.5600,1.799734
FILLER_18_3,VPWR,li1,9.6600,62.5600,1.799734
FILLER_17_281,VPWR,li1,135.4700,57.1200,1.797807
FILLER_17_261,VPWR,li1,125.8100,57.1200,1.797811
FILLER_17_230,VPWR,li1,111.5500,57.1200,1.797900
FILLER_17_225,VPWR,li1,109.2500,57.1200,1.797918
FILLER_17_222,VPWR,li1,108.1000,57.1200,1.797940
FILLER_17_192,VPWR,li1,94.3000,57.1200,1.798092
FILLER_17_177,VPWR,li1,87.6300,57.1200,1.798163
FILLER_17_167,VPWR,li1,82.5700,57.1200,1.798231
FILLER_17_151,VPWR,li1,75.9000,57.1200,1.798325
FILLER_17_123,VPWR,li1,62.5600,57.1200,1.798534
FILLER_17_111,VPWR,li1,56.8100,57.1200,1.798653
FILLER_17_80,VPWR,li1,45.0800,57.1200,1.798975
FILLER_17_44,VPWR,li1,28.5200,57.1200,1.799433
FILLER_17_23,VPWR,li1,16.5600,57.1200,1.799644
FILLER_17_15,VPWR,li1,14.2600,57.1200,1.799644
FILLER_17_3,VPWR,li1,9.6600,57.1200,1.799644
FILLER_16_265,VPWR,li1,128.1100,57.1200,1.797810
FILLER_16_251,VPWR,li1,121.2100,57.1200,1.797833
FILLER_16_215,VPWR,li1,104.6500,57.1200,1.797959
FILLER_16_201,VPWR,li1,98.4400,57.1200,1.798043
FILLER_16_194,VPWR,li1,95.2200,57.1200,1.798066
FILLER_16_179,VPWR,li1,89.7000,57.1200,1.798135
FILLER_16_141,VPWR,li1,70.8400,57.1200,1.798421
FILLER_16_138,VPWR,li1,69.4600,57.1200,1.798421
FILLER_16_113,VPWR,li1,57.7300,57.1200,1.798653
FILLER_16_85,VPWR,li1,44.8500,57.1200,1.798975
FILLER_16_83,VPWR,li1,43.9300,57.1200,1.798975
FILLER_16_71,VPWR,li1,40.9400,57.1200,1.799062
FILLER_16_58,VPWR,li1,32.4300,57.1200,1.799310
FILLER_16_50,VPWR,li1,30.3600,57.1200,1.799375
FILLER_16_29,VPWR,li1,19.0900,57.1200,1.799646
FILLER_16_15,VPWR,li1,12.6500,57.1200,1.799644
FILLER_16_3,VPWR,li1,9.6600,57.1200,1.799644
FILLER_15_270,VPWR,li1,131.1000,51.6800,1.798753
FILLER_15_258,VPWR,li1,125.5800,51.6800,1.798754
FILLER_15_250,VPWR,li1,120.7500,51.6800,1.798757
FILLER_15_246,VPWR,li1,119.6000,51.6800,1.798757
FILLER_15_237,VPWR,li1,114.7700,51.6800,1.798766
FILLER_15_218,VPWR,li1,107.1800,51.6800,1.798781
FILLER_15_206,VPWR,li1,103.0400,51.6800,1.798792
FILLER_15_196,VPWR,li1,96.3700,51.6800,1.798812
FILLER_15_188,VPWR,li1,93.8400,51.6800,1.798819
FILLER_15_176,VPWR,li1,89.2400,51.6800,1.798838
FILLER_15_150,VPWR,li1,75.9000,51.6800,1.798898
FILLER_15_130,VPWR,li1,65.7800,51.6800,1.798977
FILLER_15_113,VPWR,li1,58.8800,51.6800,1.799054
FILLER_15_109,VPWR,li1,56.3500,51.6800,1.799088
FILLER_15_102,VPWR,li1,52.6700,51.6800,1.799152
FILLER_15_87,VPWR,li1,46.2300,51.6800,1.799241
FILLER_15_77,VPWR,li1,41.6300,51.6800,1.799327
FILLER_15_69,VPWR,li1,39.1000,51.6800,1.799372
FILLER_15_57,VPWR,li1,34.5000,51.6800,1.799462
FILLER_15_55,VPWR,li1,31.0500,51.6800,1.799565
FILLER_15_51,VPWR,li1,29.9000,51.6800,1.799565
FILLER_15_39,VPWR,li1,26.2200,51.6800,1.799664
FILLER_15_15,VPWR,li1,15.1800,51.6800,1.799757
FILLER_15_3,VPWR,li1,9.6600,51.6800,1.799757
FILLER_14_279,VPWR,li1,134.0900,51.6800,1.798753
FILLER_14_265,VPWR,li1,127.8800,51.6800,1.798753
FILLER_14_253,VPWR,li1,124.6600,51.6800,1.798754
FILLER_14_244,VPWR,li1,119.6000,51.6800,1.798757
FILLER_14_234,VPWR,li1,113.6200,51.6800,1.798766
FILLER_14_221,VPWR,li1,108.5600,51.6800,1.798781
FILLER_14_209,VPWR,li1,104.4200,51.6800,1.798792
FILLER_14_192,VPWR,li1,94.0700,51.6800,1.798819
FILLER_14_180,VPWR,li1,91.0800,51.6800,1.798831
FILLER_14_168,VPWR,li1,85.5600,51.6800,1.798857
FILLER_14_155,VPWR,li1,77.0500,51.6800,1.798898
FILLER_14_151,VPWR,li1,75.9000,51.6800,1.798898
FILLER_14_96,VPWR,li1,51.5200,51.6800,1.799152
FILLER_14_85,VPWR,li1,46.0000,51.6800,1.799241
FILLER_14_56,VPWR,li1,32.2000,51.6800,1.799523
FILLER_14_15,VPWR,li1,12.6500,51.6800,1.799757
FILLER_14_3,VPWR,li1,9.6600,51.6800,1.799757
FILLER_13_281,VPWR,li1,135.4700,46.2400,1.798017
FILLER_13_267,VPWR,li1,128.5700,46.2400,1.798019
FILLER_13_260,VPWR,li1,125.3500,46.2400,1.798023
FILLER_13_254,VPWR,li1,123.7400,46.2400,1.798023
FILLER_13_223,VPWR,li1,108.3300,46.2400,1.798080
FILLER_13_184,VPWR,li1,90.3900,46.2400,1.798265
FILLER_13_176,VPWR,li1,88.3200,46.2400,1.798293
FILLER_13_166,VPWR,li1,82.3400,46.2400,1.798378
FILLER_13_155,VPWR,li1,78.6600,46.2400,1.798460
FILLER_13_143,VPWR,li1,74.0600,46.2400,1.798516
FILLER_13_128,VPWR,li1,64.6300,46.2400,1.798690
FILLER_13_113,VPWR,li1,58.1900,46.2400,1.798840
FILLER_13_111,VPWR,li1,56.8100,46.2400,1.798840
FILLER_13_103,VPWR,li1,54.7400,46.2400,1.798891
FILLER_13_94,VPWR,li1,49.2200,46.2400,1.798996
FILLER_13_86,VPWR,li1,46.9200,46.2400,1.799045
FILLER_13_61,VPWR,li1,33.8100,46.2400,1.799370
FILLER_13_57,VPWR,li1,32.6600,46.2400,1.799447
FILLER_13_55,VPWR,li1,31.0500,46.2400,1.799447
FILLER_13_43,VPWR,li1,28.0600,46.2400,1.799556
FILLER_13_15,VPWR,li1,13.3400,46.2400,1.799706
FILLER_13_3,VPWR,li1,9.6600,46.2400,1.799706
FILLER_12_280,VPWR,li1,134.5500,46.2400,1.798017
FILLER_12_262,VPWR,li1,127.4200,46.2400,1.798021
FILLER_12_249,VPWR,li1,120.7500,46.2400,1.798027
FILLER_12_241,VPWR,li1,118.2200,46.2400,1.798038
FILLER_12_188,VPWR,li1,92.9200,46.2400,1.798232
FILLER_12_159,VPWR,li1,78.8900,46.2400,1.798460
FILLER_12_153,VPWR,li1,77.2800,46.2400,1.798460
FILLER_12_141,VPWR,li1,73.1400,46.2400,1.798559
FILLER_12_134,VPWR,li1,68.5400,46.2400,1.798611
FILLER_12_122,VPWR,li1,64.4000,46.2400,1.798690
FILLER_12_110,VPWR,li1,58.8800,46.2400,1.798799
FILLER_12_101,VPWR,li1,52.2100,46.2400,1.798957
FILLER_12_97,VPWR,li1,51.0600,46.2400,1.798957
FILLER_12_78,VPWR,li1,42.7800,46.2400,1.799135
FILLER_12_53,VPWR,li1,31.2800,46.2400,1.799447
FILLER_12_41,VPWR,li1,27.1400,46.2400,1.799556
FILLER_12_29,VPWR,li1,21.6200,46.2400,1.799709
FILLER_12_27,VPWR,li1,18.1700,46.2400,1.799706
FILLER_12_15,VPWR,li1,15.1800,46.2400,1.799706
FILLER_12_3,VPWR,li1,9.6600,46.2400,1.799706
FILLER_11_281,VPWR,li1,135.4700,40.8000,1.798512
FILLER_11_275,VPWR,li1,132.2500,40.8000,1.798512
FILLER_11_271,VPWR,li1,131.1000,40.8000,1.798512
FILLER_11_259,VPWR,li1,127.4200,40.8000,1.798516
FILLER_11_253,VPWR,li1,122.5900,40.8000,1.798520
FILLER_11_241,VPWR,li1,119.1400,40.8000,1.798522
FILLER_11_225,VPWR,li1,109.9400,40.8000,1.798536
FILLER_11_221,VPWR,li1,107.8700,40.8000,1.798540
FILLER_11_209,VPWR,li1,104.4200,40.8000,1.798550
FILLER_11_193,VPWR,li1,95.2200,40.8000,1.798580
FILLER_11_155,VPWR,li1,77.0500,40.8000,1.798712
FILLER_11_125,VPWR,li1,63.4800,40.8000,1.798874
FILLER_11_113,VPWR,li1,60.2600,40.8000,1.798918
FILLER_11_111,VPWR,li1,56.8100,40.8000,1.798987
FILLER_11_107,VPWR,li1,55.6600,40.8000,1.798987
FILLER_11_82,VPWR,li1,43.4700,40.8000,1.799235
FILLER_11_76,VPWR,li1,41.8600,40.8000,1.799235
FILLER_11_55,VPWR,li1,31.0500,40.8000,1.799496
FILLER_11_51,VPWR,li1,29.9000,40.8000,1.799496
FILLER_11_42,VPWR,li1,25.0700,40.8000,1.799646
FILLER_11_38,VPWR,li1,23.9200,40.8000,1.799646
FILLER_11_11,VPWR,li1,11.2700,40.8000,1.799712
FILLER_11_3,VPWR,li1,8.7400,40.8000,1.799712
FILLER_10_280,VPWR,li1,134.5500,40.8000,1.798512
FILLER_10_266,VPWR,li1,128.3400,40.8000,1.798514
FILLER_10_259,VPWR,li1,124.8900,40.8000,1.798517
FILLER_10_253,VPWR,li1,123.2800,40.8000,1.798520
FILLER_10_244,VPWR,li1,119.6000,40.8000,1.798522
FILLER_10_235,VPWR,li1,113.8500,40.8000,1.798528
FILLER_10_227,VPWR,li1,110.1700,40.8000,1.798536
FILLER_10_219,VPWR,li1,108.1000,40.8000,1.798540
FILLER_10_207,VPWR,li1,103.5000,40.8000,1.798550
FILLER_10_197,VPWR,li1,96.3700,40.8000,1.798572
FILLER_10_195,VPWR,li1,95.4500,40.8000,1.798580
FILLER_10_189,VPWR,li1,93.8400,40.8000,1.798580
FILLER_10_141,VPWR,li1,70.8400,40.8000,1.798789
FILLER_10_108,VPWR,li1,55.8900,40.8000,1.798987
FILLER_10_85,VPWR,li1,45.5400,40.8000,1.799164
FILLER_10_82,VPWR,li1,43.7000,40.8000,1.799200
FILLER_10_70,VPWR,li1,40.4800,40.8000,1.799293
FILLER_10_33,VPWR,li1,20.9300,40.8000,1.799722
FILLER_10_29,VPWR,li1,19.7800,40.8000,1.799718
FILLER_10_15,VPWR,li1,12.6500,40.8000,1.799712
FILLER_10_3,VPWR,li1,9.6600,40.8000,1.799712
FILLER_9_281,VPWR,li1,135.4700,35.3600,1.798805
FILLER_9_273,VPWR,li1,131.7900,35.3600,1.798805
FILLER_9_260,VPWR,li1,125.3500,35.3600,1.798814
FILLER_9_254,VPWR,li1,123.7400,35.3600,1.798814
FILLER_9_208,VPWR,li1,102.1200,35.3600,1.798888
FILLER_9_181,VPWR,li1,90.6200,35.3600,1.798957
FILLER_9_169,VPWR,li1,84.1800,35.3600,1.799013
FILLER_9_138,VPWR,li1,69.2300,35.3600,1.799144
FILLER_9_121,VPWR,li1,61.4100,35.3600,1.799221
FILLER_9_113,VPWR,li1,59.3400,35.3600,1.799246
FILLER_9_108,VPWR,li1,56.1200,35.3600,1.799296
FILLER_9_76,VPWR,li1,40.7100,35.3600,1.799497
FILLER_9_64,VPWR,li1,37.7200,35.3600,1.799548
FILLER_9_55,VPWR,li1,31.0500,35.3600,1.799647
FILLER_9_40,VPWR,li1,24.6100,35.3600,1.799754
FILLER_9_15,VPWR,li1,12.6500,35.3600,1.799809
FILLER_9_3,VPWR,li1,9.6600,35.3600,1.799809
FILLER_8_280,VPWR,li1,135.2400,35.3600,1.798805
FILLER_8_267,VPWR,li1,128.5700,35.3600,1.798807
FILLER_8_253,VPWR,li1,123.7400,35.3600,1.798814
FILLER_8_251,VPWR,li1,121.2100,35.3600,1.798819
FILLER_8_238,VPWR,li1,115.2300,35.3600,1.798832
FILLER_8_225,VPWR,li1,109.2500,35.3600,1.798860
FILLER_8_221,VPWR,li1,108.1000,35.3600,1.798860
FILLER_8_209,VPWR,li1,104.4200,35.3600,1.798876
FILLER_8_172,VPWR,li1,87.4000,35.3600,1.798984
FILLER_8_160,VPWR,li1,81.8800,35.3600,1.799027
FILLER_8_148,VPWR,li1,76.3600,35.3600,1.799067
FILLER_8_138,VPWR,li1,69.4600,35.3600,1.799144
FILLER_8_121,VPWR,li1,61.4100,35.3600,1.799221
FILLER_8_107,VPWR,li1,55.2000,35.3600,1.799296
FILLER_8_99,VPWR,li1,52.9000,35.3600,1.799325
FILLER_8_85,VPWR,li1,45.0800,35.3600,1.799453
FILLER_8_82,VPWR,li1,43.7000,35.3600,1.799453
FILLER_8_60,VPWR,li1,33.8100,35.3600,1.799609
FILLER_8_52,VPWR,li1,31.2800,35.3600,1.799647
FILLER_8_40,VPWR,li1,26.6800,35.3600,1.799719
FILLER_8_29,VPWR,li1,19.7800,35.3600,1.799811
FILLER_8_27,VPWR,li1,18.1700,35.3600,1.799811
FILLER_8_15,VPWR,li1,15.1800,35.3600,1.799809
FILLER_8_3,VPWR,li1,9.6600,35.3600,1.799809
FILLER_7_281,VPWR,li1,135.4700,29.9200,1.799136
FILLER_7_261,VPWR,li1,126.2700,29.9200,1.799144
FILLER_7_249,VPWR,li1,122.8200,29.9200,1.799149
FILLER_7_237,VPWR,li1,117.3000,29.9200,1.799156
FILLER_7_225,VPWR,li1,111.7800,29.9200,1.799167
FILLER_7_220,VPWR,li1,107.6400,29.9200,1.799177
FILLER_7_208,VPWR,li1,103.9600,29.9200,1.799186
FILLER_7_187,VPWR,li1,91.7700,29.9200,1.799233
FILLER_7_181,VPWR,li1,90.1600,29.9200,1.799233
FILLER_7_169,VPWR,li1,86.0200,29.9200,1.799249
FILLER_7_165,VPWR,li1,82.1100,29.9200,1.799265
FILLER_7_153,VPWR,li1,78.6600,29.9200,1.799286
FILLER_7_141,VPWR,li1,73.1400,29.9200,1.799316
FILLER_7_113,VPWR,li1,58.8800,29.9200,1.799407
FILLER_7_111,VPWR,li1,56.8100,29.9200,1.799425
FILLER_7_105,VPWR,li1,55.2000,29.9200,1.799442
FILLER_7_93,VPWR,li1,51.0600,29.9200,1.799475
FILLER_7_57,VPWR,li1,32.6600,29.9200,1.799705
FILLER_7_55,VPWR,li1,31.0500,29.9200,1.799729
FILLER_7_51,VPWR,li1,29.9000,29.9200,1.799729
FILLER_7_39,VPWR,li1,26.2200,29.9200,1.799776
FILLER_7_27,VPWR,li1,20.7000,29.9200,1.799851
FILLER_7_15,VPWR,li1,15.1800,29.9200,1.799847
FILLER_7_3,VPWR,li1,9.6600,29.9200,1.799847
FILLER_6_280,VPWR,li1,134.5500,29.9200,1.799136
FILLER_6_265,VPWR,li1,128.1100,29.9200,1.799138
FILLER_6_253,VPWR,li1,124.6600,29.9200,1.799144
FILLER_6_244,VPWR,li1,119.6000,29.9200,1.799152
FILLER_6_231,VPWR,li1,112.0100,29.9200,1.799167
FILLER_6_219,VPWR,li1,109.0200,29.9200,1.799177
FILLER_6_205,VPWR,li1,100.2800,29.9200,1.799196
FILLER_6_197,VPWR,li1,97.9800,29.9200,1.799203
FILLER_6_195,VPWR,li1,95.4500,29.9200,1.799214
FILLER_6_183,VPWR,li1,92.4600,29.9200,1.799223
FILLER_6_171,VPWR,li1,86.9400,29.9200,1.799249
FILLER_6_149,VPWR,li1,74.5200,29.9200,1.799304
FILLER_6_141,VPWR,li1,72.2200,29.9200,1.799316
FILLER_6_139,VPWR,li1,69.6900,29.9200,1.799338
FILLER_6_135,VPWR,li1,68.5400,29.9200,1.799338
FILLER_6_113,VPWR,li1,57.9600,29.9200,1.799425
FILLER_6_101,VPWR,li1,54.7400,29.9200,1.799442
FILLER_6_93,VPWR,li1,48.9900,29.9200,1.799496
FILLER_6_85,VPWR,li1,46.4600,29.9200,1.799524
FILLER_6_82,VPWR,li1,43.7000,29.9200,1.799554
FILLER_6_68,VPWR,li1,37.2600,29.9200,1.799642
FILLER_6_56,VPWR,li1,34.0400,29.9200,1.799672
FILLER_6_15,VPWR,li1,12.6500,29.9200,1.799847
FILLER_6_3,VPWR,li1,9.6600,29.9200,1.799847
FILLER_5_261,VPWR,li1,125.8100,24.4800,1.797807
FILLER_5_257,VPWR,li1,124.6600,24.4800,1.797808
FILLER_5_221,VPWR,li1,107.8700,24.4800,1.797867
FILLER_5_194,VPWR,li1,94.9900,24.4800,1.797995
FILLER_5_190,VPWR,li1,93.8400,24.4800,1.797995
FILLER_5_169,VPWR,li1,83.7200,24.4800,1.798141
FILLER_5_164,VPWR,li1,81.8800,24.4800,1.798169
FILLER_5_113,VPWR,li1,58.1900,24.4800,1.798613
FILLER_5_100,VPWR,li1,54.2800,24.4800,1.798684
FILLER_5_87,VPWR,li1,45.7700,24.4800,1.798936
FILLER_5_81,VPWR,li1,44.1600,24.4800,1.798936
FILLER_5_69,VPWR,li1,40.0200,24.4800,1.799045
FILLER_5_57,VPWR,li1,34.5000,24.4800,1.799204
FILLER_5_41,VPWR,li1,25.0700,24.4800,1.799498
FILLER_5_15,VPWR,li1,12.8800,24.4800,1.799642
FILLER_5_3,VPWR,li1,9.6600,24.4800,1.799642
FILLER_4_262,VPWR,li1,126.5000,24.4800,1.797807
FILLER_4_258,VPWR,li1,124.4300,24.4800,1.797808
FILLER_4_251,VPWR,li1,121.2100,24.4800,1.797811
FILLER_4_193,VPWR,li1,94.9900,24.4800,1.797995
FILLER_4_172,VPWR,li1,84.8700,24.4800,1.798141
FILLER_4_141,VPWR,li1,71.3000,24.4800,1.798364
FILLER_4_92,VPWR,li1,48.0700,24.4800,1.798835
FILLER_4_61,VPWR,li1,34.9600,24.4800,1.799204
FILLER_4_50,VPWR,li1,29.4400,24.4800,1.799388
FILLER_4_36,VPWR,li1,22.5400,24.4800,1.799581
FILLER_4_15,VPWR,li1,12.6500,24.4800,1.799642
FILLER_4_3,VPWR,li1,9.6600,24.4800,1.799642
FILLER_3_255,VPWR,li1,123.0500,19.0400,1.797875
FILLER_3_232,VPWR,li1,112.4700,19.0400,1.797905
FILLER_3_228,VPWR,li1,111.3200,19.0400,1.797905
FILLER_3_223,VPWR,li1,108.3300,19.0400,1.797916
FILLER_3_169,VPWR,li1,84.1800,19.0400,1.798162
FILLER_3_165,VPWR,li1,82.1100,19.0400,1.798195
FILLER_3_140,VPWR,li1,70.1500,19.0400,1.798376
FILLER_3_113,VPWR,li1,58.8800,19.0400,1.798654
FILLER_3_77,VPWR,li1,41.4000,19.0400,1.799098
FILLER_3_35,VPWR,li1,22.0800,19.0400,1.799659
FILLER_3_15,VPWR,li1,14.2600,19.0400,1.799656
FILLER_3_3,VPWR,li1,9.6600,19.0400,1.799656
FILLER_2_249,VPWR,li1,120.7500,19.0400,1.797879
FILLER_2_233,VPWR,li1,112.9300,19.0400,1.797905
FILLER_2_169,VPWR,li1,84.6400,19.0400,1.798162
FILLER_2_158,VPWR,li1,78.6600,19.0400,1.798240
FILLER_2_141,VPWR,li1,70.6100,19.0400,1.798376
FILLER_2_137,VPWR,li1,69.2300,19.0400,1.798425
FILLER_2_120,VPWR,li1,60.9500,19.0400,1.798571
FILLER_2_97,VPWR,li1,50.6000,19.0400,1.798815
FILLER_2_71,VPWR,li1,38.4100,19.0400,1.799179
FILLER_2_67,VPWR,li1,37.2600,19.0400,1.799179
FILLER_2_29,VPWR,li1,19.3200,19.0400,1.799656
FILLER_2_27,VPWR,li1,18.1700,19.0400,1.799656
FILLER_2_15,VPWR,li1,15.1800,19.0400,1.799656
FILLER_2_3,VPWR,li1,9.6600,19.0400,1.799656
FILLER_1_250,VPWR,li1,121.2100,13.6000,1.798897
FILLER_1_236,VPWR,li1,114.5400,13.6000,1.798914
FILLER_1_228,VPWR,li1,112.2400,13.6000,1.798920
FILLER_1_223,VPWR,li1,108.3300,13.6000,1.798935
FILLER_1_216,VPWR,li1,105.5700,13.6000,1.798948
FILLER_1_202,VPWR,li1,98.9000,13.6000,1.799001
FILLER_1_190,VPWR,li1,95.6800,13.6000,1.799019
FILLER_1_162,VPWR,li1,81.4200,13.6000,1.799150
FILLER_1_139,VPWR,li1,70.3800,13.6000,1.799250
FILLER_1_117,VPWR,li1,59.5700,13.6000,1.799382
FILLER_1_113,VPWR,li1,58.4200,13.6000,1.799382
FILLER_1_111,VPWR,li1,56.8100,13.6000,1.799410
FILLER_1_107,VPWR,li1,55.6600,13.6000,1.799410
FILLER_1_82,VPWR,li1,43.4700,13.6000,1.799562
FILLER_1_69,VPWR,li1,37.4900,13.6000,1.799655
FILLER_1_65,VPWR,li1,36.3400,13.6000,1.799655
FILLER_1_57,VPWR,li1,31.9700,13.6000,1.799734
FILLER_1_53,VPWR,li1,30.5900,13.6000,1.799734
FILLER_1_27,VPWR,li1,18.4000,13.6000,1.799860
FILLER_1_15,VPWR,li1,15.1800,13.6000,1.799860
FILLER_1_3,VPWR,li1,9.6600,13.6000,1.799860
FILLER_0_266,VPWR,li1,128.3400,13.6000,1.798886
FILLER_0_253,VPWR,li1,122.3600,13.6000,1.798893
FILLER_0_245,VPWR,li1,118.9100,13.6000,1.798904
FILLER_0_238,VPWR,li1,115.6900,13.6000,1.798914
FILLER_0_231,VPWR,li1,112.4700,13.6000,1.798920
FILLER_0_225,VPWR,li1,109.4800,13.6000,1.798928
FILLER_0_209,VPWR,li1,102.3500,13.6000,1.798977
FILLER_0_202,VPWR,li1,99.3600,13.6000,1.799001
FILLER_0_197,VPWR,li1,96.6000,13.6000,1.799019
FILLER_0_195,VPWR,li1,95.4500,13.6000,1.799019
FILLER_0_188,VPWR,li1,92.9200,13.6000,1.799038
FILLER_0_184,VPWR,li1,90.3900,13.6000,1.799059
FILLER_0_167,VPWR,li1,82.5700,13.6000,1.799126
FILLER_0_160,VPWR,li1,80.0400,13.6000,1.799150
FILLER_0_153,VPWR,li1,76.8200,13.6000,1.799180
FILLER_0_146,VPWR,li1,73.6000,13.6000,1.799211
FILLER_0_141,VPWR,li1,70.8400,13.6000,1.799250
FILLER_0_139,VPWR,li1,69.6900,13.6000,1.799250
FILLER_0_132,VPWR,li1,67.1600,13.6000,1.799294
FILLER_0_125,VPWR,li1,63.9400,13.6000,1.799327
FILLER_0_118,VPWR,li1,60.7200,13.6000,1.799349
FILLER_0_113,VPWR,li1,57.9600,13.6000,1.799382
FILLER_0_111,VPWR,li1,56.8100,13.6000,1.799410
FILLER_0_105,VPWR,li1,54.5100,13.6000,1.799443
FILLER_0_97,VPWR,li1,51.0600,13.6000,1.799465
FILLER_0_93,VPWR,li1,48.5300,13.6000,1.799497
FILLER_0_85,VPWR,li1,46.4600,13.6000,1.799524
FILLER_0_81,VPWR,li1,43.4700,13.6000,1.799562
FILLER_0_69,VPWR,li1,40.0200,13.6000,1.799606
FILLER_0_57,VPWR,li1,34.5000,13.6000,1.799689
FILLER_0_53,VPWR,li1,30.5900,13.6000,1.799734
FILLER_0_41,VPWR,li1,27.1400,13.6000,1.799783
FILLER_0_29,VPWR,li1,21.6200,13.6000,1.799860
FILLER_0_27,VPWR,li1,18.1700,13.6000,1.799860
FILLER_0_15,VPWR,li1,15.1800,13.6000,1.799860
FILLER_0_3,VPWR,li1,9.6600,13.6000,1.799860
hold22,VPWR,li1,132.9400,127.8400,1.797465
hold21,VPWR,li1,75.4400,127.8400,1.798110
hold20,VPWR,li1,118.6800,138.7200,1.798090
hold19,VPWR,li1,106.7200,127.8400,1.797586
hold18,VPWR,li1,71.7600,127.8400,1.798180
hold17,VPWR,li1,132.4800,122.4000,1.796007
rebuffer16,VPWR,li1,94.7600,127.8400,1.797737
clone15,VPWR,li1,69.0000,122.4000,1.797445
rebuffer14,VPWR,li1,110.6300,116.9600,1.795980
rebuffer13,VPWR,li1,129.4900,116.9600,1.795745
clone12,VPWR,li1,103.2700,111.5200,1.796675
rebuffer11,VPWR,li1,114.0800,111.5200,1.796499
rebuffer10,VPWR,li1,101.8900,111.5200,1.796675
rebuffer9,VPWR,li1,67.8500,106.0800,1.798095
rebuffer8,VPWR,li1,109.4800,111.5200,1.796568
rebuffer7,VPWR,li1,117.0700,106.0800,1.797082
clone6,VPWR,li1,110.6300,78.8800,1.798481
rebuffer5,VPWR,li1,108.3300,116.9600,1.796031
rebuffer4,VPWR,li1,105.1100,116.9600,1.796086
rebuffer3,VPWR,li1,89.4700,133.2800,1.797506
rebuffer2,VPWR,li1,98.2100,138.7200,1.798341
rebuffer1,VPWR,li1,99.5900,127.8400,1.797685
clkload0,VPWR,li1,76.8200,122.4000,1.797061
clkbuf_1_1__f_clk,VPWR,li1,106.2600,122.4000,1.796184
clkbuf_1_0__f_clk,VPWR,li1,82.8000,122.4000,1.796835
clkbuf_0_clk,VPWR,li1,95.2200,116.9600,1.796327
fanout249,VPWR,li1,103.5000,138.7200,1.798274
fanout248,VPWR,li1,71.7600,138.7200,1.798753
fanout247,VPWR,li1,107.8700,116.9600,1.796031
fanout246,VPWR,li1,97.0600,116.9600,1.796273
fanout245,VPWR,li1,116.1500,111.5200,1.796476
fanout244,VPWR,li1,104.1900,106.0800,1.797245
fanout243,VPWR,li1,100.0500,106.0800,1.797314
fanout242,VPWR,li1,69.0000,116.9600,1.797268
fanout241,VPWR,li1,66.4700,106.0800,1.798095
fanout240,VPWR,li1,63.0200,89.7600,1.798422
fanout239,VPWR,li1,58.1900,116.9600,1.797758
fanout238,VPWR,li1,60.9500,100.6400,1.798801
fanout237,VPWR,li1,66.2400,89.7600,1.798315
fanout236,VPWR,li1,60.4900,106.0800,1.798282
fanout235,VPWR,li1,62.3300,100.6400,1.798801
fanout234,VPWR,li1,67.1600,95.2000,1.798033
fanout233,VPWR,li1,58.8800,111.5200,1.797903
fanout232,VPWR,li1,43.7000,111.5200,1.798531
max_cap231,VPWR,li1,58.1900,89.7600,1.798544
fanout230,VPWR,li1,56.1200,95.2000,1.798342
fanout229,VPWR,li1,61.1800,57.1200,1.798565
fanout228,VPWR,li1,89.7000,95.2000,1.797624
fanout227,VPWR,li1,123.2800,73.4400,1.797322
max_cap226,VPWR,li1,81.6500,116.9600,1.796843
max_cap225,VPWR,li1,49.9100,100.6400,1.798991
fanout224,VPWR,li1,35.4200,100.6400,1.799291
fanout223,VPWR,li1,57.0400,68.0000,1.799114
max_cap222,VPWR,li1,52.2100,106.0800,1.798612
wire221,VPWR,li1,55.4300,89.7600,1.798595
fanout220,VPWR,li1,37.2600,100.6400,1.799246
fanout219,VPWR,li1,57.5000,62.5600,1.798893
fanout218,VPWR,li1,71.3000,84.3200,1.798555
fanout217,VPWR,li1,53.3600,68.0000,1.799143
wire216,VPWR,li1,74.7500,95.2000,1.797881
fanout215,VPWR,li1,71.7600,100.6400,1.798684
fanout214,VPWR,li1,73.1400,51.6800,1.798923
fanout213,VPWR,li1,87.8600,95.2000,1.797662
fanout212,VPWR,li1,69.9200,46.2400,1.798611
fanout211,VPWR,li1,80.0400,100.6400,1.798599
fanout210,VPWR,li1,71.7600,51.6800,1.798923
fanout209,VPWR,li1,72.6800,89.7600,1.798170
fanout208,VPWR,li1,71.3000,73.4400,1.798147
max_cap207,VPWR,li1,56.8100,89.7600,1.798595
fanout206,VPWR,li1,58.4200,95.2000,1.798284
fanout205,VPWR,li1,54.2800,51.6800,1.799112
fanout204,VPWR,li1,44.6200,100.6400,1.799090
fanout203,VPWR,li1,55.2000,84.3200,1.798824
fanout202,VPWR,li1,47.8400,89.7600,1.798829
fanout201,VPWR,li1,32.6600,100.6400,1.799412
fanout200,VPWR,li1,48.7600,106.0800,1.798674
fanout199,VPWR,li1,58.8800,57.1200,1.798606
fanout198,VPWR,li1,77.2800,100.6400,1.798621
fanout197,VPWR,li1,71.7600,62.5600,1.798649
fanout196,VPWR,li1,86.0200,95.2000,1.797699
fanout195,VPWR,li1,93.8400,68.0000,1.798850
fanout194,VPWR,li1,68.0800,89.7600,1.798274
fanout193,VPWR,li1,73.6000,57.1200,1.798358
fanout192,VPWR,li1,50.1400,89.7600,1.798747
fanout191,VPWR,li1,53.3600,89.7600,1.798692
fanout190,VPWR,li1,98.4400,122.4000,1.796356
fanout189,VPWR,li1,117.7600,95.2000,1.797401
fanout188,VPWR,li1,121.9000,51.6800,1.798755
fanout187,VPWR,li1,120.0600,116.9600,1.795845
fanout186,VPWR,li1,127.8800,62.5600,1.798229
fanout185,VPWR,li1,127.4200,116.9600,1.795763
fanout184,VPWR,li1,124.2000,57.1200,1.797812
fanout182,VPWR,li1,113.6200,138.7200,1.798137
fanout181,VPWR,li1,80.9600,111.5200,1.797111
fanout180,VPWR,li1,107.1800,13.6000,1.798935
fanout179,VPWR,li1,95.9100,19.0400,1.797996
fanout178,VPWR,li1,67.6200,19.0400,1.798425
fanout177,VPWR,li1,60.9500,78.8800,1.799038
fanout176,VPWR,li1,61.1800,84.3200,1.798698
fanout175,VPWR,li1,80.7300,19.0400,1.798195
fanout174,VPWR,li1,71.7600,19.0400,1.798376
fanout173,VPWR,li1,81.1900,46.2400,1.798413
fanout172,VPWR,li1,80.0400,46.2400,1.798413
fanout171,VPWR,li1,80.9600,106.0800,1.797763
fanout170,VPWR,li1,84.1800,100.6400,1.798573
fanout169,VPWR,li1,124.4300,89.7600,1.797621
fanout168,VPWR,li1,110.4000,84.3200,1.798075
fanout167,VPWR,li1,121.9000,68.0000,1.798736
fanout166,VPWR,li1,69.0000,73.4400,1.798194
fanout165,VPWR,li1,74.0600,51.6800,1.798907
fanout164,VPWR,li1,61.1800,51.6800,1.799025
fanout163,VPWR,li1,110.4000,57.1200,1.797918
fanout162,VPWR,li1,120.0600,57.1200,1.797833
fanout161,VPWR,li1,98.6700,19.0400,1.797973
fanout160,VPWR,li1,106.2600,24.4800,1.797867
fanout159,VPWR,li1,78.8900,35.3600,1.799045
fanout158,VPWR,li1,68.0800,35.3600,1.799144
fanout157,VPWR,li1,68.0800,29.9200,1.799338
fanout156,VPWR,li1,68.0800,35.3600,1.799144
fanout155,VPWR,li1,94.9900,51.6800,1.798819
fanout154,VPWR,li1,94.7600,46.2400,1.798207
fanout153,VPWR,li1,70.8400,100.6400,1.798684
fanout152,VPWR,li1,69.0000,106.0800,1.798028
fanout151,VPWR,li1,84.4100,62.5600,1.798472
fanout150,VPWR,li1,47.8400,57.1200,1.798869
fanout149,VPWR,li1,118.4500,78.8800,1.798442
fanout148,VPWR,li1,115.9200,73.4400,1.797373
fanout147,VPWR,li1,129.4900,84.3200,1.797985
fanout146,VPWR,li1,127.4200,78.8800,1.798407
fanout145,VPWR,li1,91.5400,95.2000,1.797604
fanout144,VPWR,li1,100.7400,84.3200,1.798159
fanout143,VPWR,li1,85.5600,89.7600,1.797925
fanout142,VPWR,li1,122.8200,89.7600,1.797628
fanout141,VPWR,li1,29.4400,89.7600,1.799438
fanout140,VPWR,li1,32.6600,57.1200,1.799310
fanout139,VPWR,li1,35.8800,73.4400,1.799137
fanout138,VPWR,li1,46.0000,57.1200,1.798918
fanout137,VPWR,li1,28.5200,89.7600,1.799438
fanout136,VPWR,li1,67.1600,78.8800,1.798918
fanout135,VPWR,li1,92.0000,78.8800,1.798637
fanout134,VPWR,li1,94.7600,100.6400,1.798529
fanout133,VPWR,li1,94.7600,95.2000,1.797585
fanout132,VPWR,li1,97.0600,57.1200,1.798043
fanout131,VPWR,li1,97.0600,100.6400,1.798519
fanout130,VPWR,li1,106.7200,57.1200,1.797940
fanout129,VPWR,li1,108.5600,84.3200,1.798102
fanout128,VPWR,li1,89.7000,68.0000,1.798873
fanout127,VPWR,li1,41.8600,95.2000,1.798783
fanout126,VPWR,li1,32.6600,62.5600,1.799441
fanout125,VPWR,li1,46.9200,100.6400,1.799038
fanout124,VPWR,li1,19.7800,84.3200,1.799676
fanout123,VPWR,li1,48.3000,95.2000,1.798596
fanout122,VPWR,li1,46.0000,68.0000,1.799258
fanout121,VPWR,li1,36.3400,100.6400,1.799291
fanout120,VPWR,li1,35.8800,68.0000,1.799429
fanout119,VPWR,li1,81.8800,100.6400,1.798587
fanout118,VPWR,li1,107.6400,89.7600,1.797702
fanout117,VPWR,li1,108.5600,95.2000,1.797467
fanout116,VPWR,li1,87.8600,62.5600,1.798436
fanout115,VPWR,li1,118.6800,89.7600,1.797637
fanout114,VPWR,li1,86.0200,62.5600,1.798472
fanout113,VPWR,li1,107.6400,84.3200,1.798102
fanout112,VPWR,li1,91.5400,46.2400,1.798265
output111,VPWR,li1,62.5600,138.7200,1.798920
output110,VPWR,li1,46.4600,138.7200,1.799276
output109,VPWR,li1,72.2200,138.7200,1.798753
output108,VPWR,li1,85.1000,138.7200,1.798551
output107,VPWR,li1,110.8600,13.6000,1.798928
output106,VPWR,li1,120.5200,13.6000,1.798897
output105,VPWR,li1,126.9600,13.6000,1.798886
output104,VPWR,li1,123.7400,13.6000,1.798893
output103,VPWR,li1,122.8200,138.7200,1.798058
output102,VPWR,li1,133.4000,138.7200,1.798016
output101,VPWR,li1,135.2400,19.0400,1.797865
output100,VPWR,li1,117.3000,13.6000,1.798904
output99,VPWR,li1,7.8200,78.8800,1.799784
output98,VPWR,li1,114.0800,13.6000,1.798914
output97,VPWR,li1,129.7200,24.4800,1.797807
output96,VPWR,li1,124.6600,138.7200,1.798043
output95,VPWR,li1,52.9000,13.6000,1.799443
output94,VPWR,li1,124.2000,19.0400,1.797870
output93,VPWR,li1,131.5600,24.4800,1.797807
output92,VPWR,li1,127.8800,24.4800,1.797807
output91,VPWR,li1,126.5000,138.7200,1.798034
output90,VPWR,li1,128.3400,138.7200,1.798027
output89,VPWR,li1,81.4200,138.7200,1.798586
output88,VPWR,li1,125.5800,138.7200,1.798043
output87,VPWR,li1,133.4000,100.6400,1.798442
output86,VPWR,li1,133.4000,29.9200,1.799136
output85,VPWR,li1,133.4000,68.0000,1.798736
output84,VPWR,li1,133.4000,51.6800,1.798753
output83,VPWR,li1,135.2400,57.1200,1.797807
output82,VPWR,li1,127.8800,19.0400,1.797867
output81,VPWR,li1,135.2400,84.3200,1.797977
output80,VPWR,li1,135.2400,68.0000,1.798736
output79,VPWR,li1,133.4000,24.4800,1.797806
output78,VPWR,li1,135.2400,73.4400,1.797321
output77,VPWR,li1,135.2400,51.6800,1.798753
output76,VPWR,li1,135.2400,62.5600,1.798227
output75,VPWR,li1,135.2400,78.8800,1.798401
output74,VPWR,li1,133.4000,40.8000,1.798512
output73,VPWR,li1,135.2400,24.4800,1.797806
output72,VPWR,li1,133.4000,35.3600,1.798805
output71,VPWR,li1,126.0400,19.0400,1.797869
output70,VPWR,li1,132.2500,84.3200,1.797977
output69,VPWR,li1,134.0900,133.2800,1.796967
output68,VPWR,li1,127.6500,106.0800,1.797001
output67,VPWR,li1,130.4100,138.7200,1.798020
output66,VPWR,li1,135.2400,106.0800,1.796977
output65,VPWR,li1,122.8200,116.9600,1.795819
output64,VPWR,li1,127.4200,138.7200,1.798034
output63,VPWR,li1,135.2400,138.7200,1.798014
input62,VPWR,li1,36.5700,138.7200,1.799493
input61,VPWR,li1,92.6900,138.7200,1.798429
input60,VPWR,li1,97.7500,13.6000,1.799001
input59,VPWR,li1,100.9700,13.6000,1.798977
input58,VPWR,li1,81.6500,13.6000,1.799150
input57,VPWR,li1,109.7100,13.6000,1.798928
input56,VPWR,li1,100.9700,138.7200,1.798303
input55,VPWR,li1,75.2100,138.7200,1.798714
input54,VPWR,li1,75.2100,13.6000,1.799211
input53,VPWR,li1,55.8900,13.6000,1.799410
input52,VPWR,li1,65.5500,138.7200,1.798872
input51,VPWR,li1,107.8700,13.6000,1.798935
input50,VPWR,li1,62.3300,13.6000,1.799349
input49,VPWR,li1,78.4300,138.7200,1.798636
input48,VPWR,li1,94.5300,13.6000,1.799038
input47,VPWR,li1,78.4300,13.6000,1.799180
input46,VPWR,li1,68.7700,13.6000,1.799273
input45,VPWR,li1,89.4700,13.6000,1.799077
input44,VPWR,li1,68.7700,138.7200,1.798834
input43,VPWR,li1,55.8900,138.7200,1.799087
input42,VPWR,li1,116.1500,138.7200,1.798116
input41,VPWR,li1,106.0300,138.7200,1.798249
input40,VPWR,li1,97.7500,138.7200,1.798341
input39,VPWR,li1,94.5300,138.7200,1.798402
input38,VPWR,li1,52.6700,138.7200,1.799144
input37,VPWR,li1,89.7000,138.7200,1.798463
input36,VPWR,li1,135.4700,138.7200,1.798014
input35,VPWR,li1,135.4700,133.2800,1.796967
input34,VPWR,li1,135.4700,122.4000,1.796006
input33,VPWR,li1,135.4700,29.9200,1.799136
input32,VPWR,li1,123.9700,138.7200,1.798058
input31,VPWR,li1,135.4700,116.9600,1.795734
input30,VPWR,li1,135.4700,127.8400,1.797465
input29,VPWR,li1,132.0200,106.0800,1.796984
input28,VPWR,li1,107.4100,138.7200,1.798209
input27,VPWR,li1,120.7500,138.7200,1.798071
input26,VPWR,li1,132.0200,138.7200,1.798020
input25,VPWR,li1,43.2400,138.7200,1.799315
input24,VPWR,li1,135.4700,84.3200,1.797977
input23,VPWR,li1,133.6300,73.4400,1.797321
input22,VPWR,li1,135.4700,89.7600,1.797612
input21,VPWR,li1,135.4700,95.2000,1.797366
input20,VPWR,li1,122.5900,138.7200,1.798058
input19,VPWR,li1,135.4700,127.8400,1.797465
input18,VPWR,li1,122.5900,127.8400,1.797495
input17,VPWR,li1,109.9400,138.7200,1.798182
input16,VPWR,li1,91.3100,13.6000,1.799059
input15,VPWR,li1,125.3500,13.6000,1.798888
input14,VPWR,li1,88.0900,13.6000,1.799077
input13,VPWR,li1,135.4700,51.6800,1.798753
input12,VPWR,li1,135.4700,13.6000,1.798880
input11,VPWR,li1,39.7900,138.7200,1.799424
input10,VPWR,li1,135.4700,13.6000,1.798880
input9,VPWR,li1,59.1100,13.6000,1.799382
input8,VPWR,li1,59.1100,138.7200,1.798998
input7,VPWR,li1,135.4700,46.2400,1.798017
input6,VPWR,li1,135.4700,24.4800,1.797806
input5,VPWR,li1,33.3500,138.7200,1.799543
input4,VPWR,li1,135.4700,40.8000,1.798512
input3,VPWR,li1,71.9900,13.6000,1.799231
input2,VPWR,li1,65.5500,13.6000,1.799294
input1,VPWR,li1,49.4500,13.6000,1.799497
TAP_TAPCELL_ROW_47_345,VPWR,li1,134.5500,139.0260,1.798016
TAP_TAPCELL_ROW_47_344,VPWR,li1,121.6700,139.0260,1.798071
TAP_TAPCELL_ROW_47_343,VPWR,li1,108.7900,139.0260,1.798209
TAP_TAPCELL_ROW_47_342,VPWR,li1,95.9100,139.0260,1.798375
TAP_TAPCELL_ROW_47_341,VPWR,li1,83.0300,139.0260,1.798586
TAP_TAPCELL_ROW_47_340,VPWR,li1,70.1500,139.0260,1.798787
TAP_TAPCELL_ROW_47_339,VPWR,li1,57.2700,139.0260,1.799036
TAP_TAPCELL_ROW_47_338,VPWR,li1,44.3900,139.0260,1.799315
TAP_TAPCELL_ROW_47_337,VPWR,li1,31.5100,139.0260,1.799588
TAP_TAPCELL_ROW_47_336,VPWR,li1,18.6300,139.0260,1.799783
TAP_TAPCELL_ROW_46_335,VPWR,li1,121.6700,138.4130,1.798071
TAP_TAPCELL_ROW_46_334,VPWR,li1,95.9100,138.4130,1.798375
TAP_TAPCELL_ROW_46_333,VPWR,li1,70.1500,138.4130,1.798787
TAP_TAPCELL_ROW_46_332,VPWR,li1,44.3900,138.4130,1.799315
TAP_TAPCELL_ROW_46_331,VPWR,li1,18.6300,138.4130,1.799783
TAP_TAPCELL_ROW_45_330,VPWR,li1,134.5500,133.5860,1.796967
TAP_TAPCELL_ROW_45_329,VPWR,li1,108.7900,133.5860,1.797159
TAP_TAPCELL_ROW_45_328,VPWR,li1,83.0300,133.5860,1.797686
TAP_TAPCELL_ROW_45_327,VPWR,li1,57.2700,133.5860,1.798461
TAP_TAPCELL_ROW_45_326,VPWR,li1,31.5100,133.5860,1.799349
TAP_TAPCELL_ROW_44_325,VPWR,li1,121.6700,132.9730,1.797030
TAP_TAPCELL_ROW_44_324,VPWR,li1,95.9100,132.9730,1.797373
TAP_TAPCELL_ROW_44_323,VPWR,li1,70.1500,132.9730,1.798048
TAP_TAPCELL_ROW_44_322,VPWR,li1,44.3900,132.9730,1.798858
TAP_TAPCELL_ROW_44_321,VPWR,li1,18.6300,132.9730,1.799661
TAP_TAPCELL_ROW_43_320,VPWR,li1,134.5500,128.1460,1.797465
TAP_TAPCELL_ROW_43_319,VPWR,li1,108.7900,128.1460,1.797570
TAP_TAPCELL_ROW_43_318,VPWR,li1,83.0300,128.1460,1.797935
TAP_TAPCELL_ROW_43_317,VPWR,li1,57.2700,128.1460,1.798578
TAP_TAPCELL_ROW_43_316,VPWR,li1,31.5100,128.1460,1.799414
TAP_TAPCELL_ROW_42_315,VPWR,li1,121.6700,127.5330,1.797495
TAP_TAPCELL_ROW_42_314,VPWR,li1,95.9100,127.5330,1.797737
TAP_TAPCELL_ROW_42_313,VPWR,li1,70.1500,127.5330,1.798246
TAP_TAPCELL_ROW_42_312,VPWR,li1,44.3900,127.5330,1.798971
TAP_TAPCELL_ROW_42_311,VPWR,li1,18.6300,127.5330,1.799695
TAP_TAPCELL_ROW_41_310,VPWR,li1,134.5500,122.7060,1.796006
TAP_TAPCELL_ROW_41_309,VPWR,li1,108.7900,122.7060,1.796141
TAP_TAPCELL_ROW_41_308,VPWR,li1,83.0300,122.7060,1.796835
TAP_TAPCELL_ROW_41_307,VPWR,li1,57.2700,122.7060,1.797901
TAP_TAPCELL_ROW_41_306,VPWR,li1,31.5100,122.7060,1.799135
TAP_TAPCELL_ROW_40_305,VPWR,li1,121.6700,122.0930,1.796038
TAP_TAPCELL_ROW_40_304,VPWR,li1,95.9100,122.0930,1.796469
TAP_TAPCELL_ROW_40_303,VPWR,li1,70.1500,122.0930,1.797342
TAP_TAPCELL_ROW_40_302,VPWR,li1,44.3900,122.0930,1.798482
TAP_TAPCELL_ROW_40_301,VPWR,li1,18.6300,122.0930,1.799549
TAP_TAPCELL_ROW_39_300,VPWR,li1,134.5500,117.2660,1.795734
TAP_TAPCELL_ROW_39_299,VPWR,li1,108.7900,117.2660,1.796031
TAP_TAPCELL_ROW_39_298,VPWR,li1,83.0300,117.2660,1.796751
TAP_TAPCELL_ROW_39_297,VPWR,li1,57.2700,117.2660,1.797758
TAP_TAPCELL_ROW_39_296,VPWR,li1,31.5100,117.2660,1.799066
TAP_TAPCELL_ROW_38_295,VPWR,li1,121.6700,116.6530,1.795819
TAP_TAPCELL_ROW_38_294,VPWR,li1,95.9100,116.6530,1.796327
TAP_TAPCELL_ROW_38_293,VPWR,li1,70.1500,116.6530,1.797268
TAP_TAPCELL_ROW_38_292,VPWR,li1,44.3900,116.6530,1.798362
TAP_TAPCELL_ROW_38_291,VPWR,li1,18.6300,116.6530,1.799514
TAP_TAPCELL_ROW_37_290,VPWR,li1,134.5500,111.8260,1.796420
TAP_TAPCELL_ROW_37_289,VPWR,li1,108.7900,111.8260,1.796568
TAP_TAPCELL_ROW_37_288,VPWR,li1,83.0300,111.8260,1.797058
TAP_TAPCELL_ROW_37_287,VPWR,li1,57.2700,111.8260,1.797903
TAP_TAPCELL_ROW_37_286,VPWR,li1,31.5100,111.8260,1.799108
TAP_TAPCELL_ROW_36_285,VPWR,li1,121.6700,111.2130,1.796444
TAP_TAPCELL_ROW_36_284,VPWR,li1,95.9100,111.2130,1.796797
TAP_TAPCELL_ROW_36_283,VPWR,li1,70.1500,111.2130,1.797471
TAP_TAPCELL_ROW_36_282,VPWR,li1,44.3900,111.2130,1.798439
TAP_TAPCELL_ROW_36_281,VPWR,li1,18.6300,111.2130,1.799535
TAP_TAPCELL_ROW_35_280,VPWR,li1,134.5500,106.3860,1.796977
TAP_TAPCELL_ROW_35_279,VPWR,li1,108.7900,106.3860,1.797179
TAP_TAPCELL_ROW_35_278,VPWR,li1,83.0300,106.3860,1.797701
TAP_TAPCELL_ROW_35_277,VPWR,li1,57.2700,106.3860,1.798443
TAP_TAPCELL_ROW_35_276,VPWR,li1,31.5100,106.3860,1.799330
TAP_TAPCELL_ROW_34_275,VPWR,li1,121.6700,105.7730,1.797041
TAP_TAPCELL_ROW_34_274,VPWR,li1,95.9100,105.7730,1.797435
TAP_TAPCELL_ROW_34_273,VPWR,li1,70.1500,105.7730,1.798028
TAP_TAPCELL_ROW_34_272,VPWR,li1,44.3900,105.7730,1.798841
TAP_TAPCELL_ROW_34_271,VPWR,li1,18.6300,105.7730,1.799651
TAP_TAPCELL_ROW_33_270,VPWR,li1,134.5500,100.9460,1.798442
TAP_TAPCELL_ROW_33_269,VPWR,li1,108.7900,100.9460,1.798485
TAP_TAPCELL_ROW_33_268,VPWR,li1,83.0300,100.9460,1.798587
TAP_TAPCELL_ROW_33_267,VPWR,li1,57.2700,100.9460,1.798859
TAP_TAPCELL_ROW_33_266,VPWR,li1,31.5100,100.9460,1.799412
TAP_TAPCELL_ROW_32_265,VPWR,li1,121.6700,100.3330,1.798459
TAP_TAPCELL_ROW_32_264,VPWR,li1,95.9100,100.3330,1.798519
TAP_TAPCELL_ROW_32_263,VPWR,li1,70.1500,100.3330,1.798684
TAP_TAPCELL_ROW_32_262,VPWR,li1,44.3900,100.3330,1.799090
TAP_TAPCELL_ROW_32_261,VPWR,li1,18.6300,100.3330,1.799710
TAP_TAPCELL_ROW_31_260,VPWR,li1,134.5500,95.5060,1.797366
TAP_TAPCELL_ROW_31_259,VPWR,li1,108.7900,95.5060,1.797467
TAP_TAPCELL_ROW_31_258,VPWR,li1,83.0300,95.5060,1.797738
TAP_TAPCELL_ROW_31_257,VPWR,li1,57.2700,95.5060,1.798284
TAP_TAPCELL_ROW_31_256,VPWR,li1,31.5100,95.5060,1.799162
TAP_TAPCELL_ROW_30_255,VPWR,li1,121.6700,94.8930,1.797387
TAP_TAPCELL_ROW_30_254,VPWR,li1,95.9100,94.8930,1.797563
TAP_TAPCELL_ROW_30_253,VPWR,li1,70.1500,94.8930,1.797972
TAP_TAPCELL_ROW_30_252,VPWR,li1,44.3900,94.8930,1.798697
TAP_TAPCELL_ROW_30_251,VPWR,li1,18.6300,94.8930,1.799595
TAP_TAPCELL_ROW_29_250,VPWR,li1,134.5500,90.0660,1.797612
TAP_TAPCELL_ROW_29_249,VPWR,li1,108.7900,90.0660,1.797702
TAP_TAPCELL_ROW_29_248,VPWR,li1,83.0300,90.0660,1.797964
TAP_TAPCELL_ROW_29_247,VPWR,li1,57.2700,90.0660,1.798544
TAP_TAPCELL_ROW_29_246,VPWR,li1,31.5100,90.0660,1.799343
TAP_TAPCELL_ROW_28_245,VPWR,li1,121.6700,89.4530,1.797628
TAP_TAPCELL_ROW_28_244,VPWR,li1,95.9100,89.4530,1.797800
TAP_TAPCELL_ROW_28_243,VPWR,li1,70.1500,89.4530,1.798232
TAP_TAPCELL_ROW_28_242,VPWR,li1,44.3900,89.4530,1.798971
TAP_TAPCELL_ROW_28_241,VPWR,li1,18.6300,89.4530,1.799658
TAP_TAPCELL_ROW_27_240,VPWR,li1,134.5500,84.6260,1.797977
TAP_TAPCELL_ROW_27_239,VPWR,li1,108.7900,84.6260,1.798102
TAP_TAPCELL_ROW_27_238,VPWR,li1,83.0300,84.6260,1.798370
TAP_TAPCELL_ROW_27_237,VPWR,li1,57.2700,84.6260,1.798783
TAP_TAPCELL_ROW_27_236,VPWR,li1,31.5100,84.6260,1.799376
TAP_TAPCELL_ROW_26_235,VPWR,li1,121.6700,84.0130,1.798016
TAP_TAPCELL_ROW_26_234,VPWR,li1,95.9100,84.0130,1.798213
TAP_TAPCELL_ROW_26_233,VPWR,li1,70.1500,84.0130,1.798555
TAP_TAPCELL_ROW_26_232,VPWR,li1,44.3900,84.0130,1.799071
TAP_TAPCELL_ROW_26_231,VPWR,li1,18.6300,84.0130,1.799676
TAP_TAPCELL_ROW_25_230,VPWR,li1,134.5500,79.1860,1.798401
TAP_TAPCELL_ROW_25_229,VPWR,li1,108.7900,79.1860,1.798499
TAP_TAPCELL_ROW_25_228,VPWR,li1,83.0300,79.1860,1.798719
TAP_TAPCELL_ROW_25_227,VPWR,li1,57.2700,79.1860,1.799073
TAP_TAPCELL_ROW_25_226,VPWR,li1,31.5100,79.1860,1.799590
TAP_TAPCELL_ROW_24_225,VPWR,li1,121.6700,78.5730,1.798432
TAP_TAPCELL_ROW_24_224,VPWR,li1,95.9100,78.5730,1.798595
TAP_TAPCELL_ROW_24_223,VPWR,li1,70.1500,78.5730,1.798891
TAP_TAPCELL_ROW_24_222,VPWR,li1,44.3900,78.5730,1.799305
TAP_TAPCELL_ROW_24_221,VPWR,li1,18.6300,78.5730,1.799784
TAP_TAPCELL_ROW_23_220,VPWR,li1,134.5500,73.7460,1.797321
TAP_TAPCELL_ROW_23_219,VPWR,li1,108.7900,73.7460,1.797477
TAP_TAPCELL_ROW_23_218,VPWR,li1,83.0300,73.7460,1.797881
TAP_TAPCELL_ROW_23_217,VPWR,li1,57.2700,73.7460,1.798513
TAP_TAPCELL_ROW_23_216,VPWR,li1,31.5100,73.7460,1.799287
TAP_TAPCELL_ROW_22_215,VPWR,li1,121.6700,73.1330,1.797322
TAP_TAPCELL_ROW_22_214,VPWR,li1,95.9100,73.1330,1.797658
TAP_TAPCELL_ROW_22_213,VPWR,li1,70.1500,73.1330,1.798147
TAP_TAPCELL_ROW_22_212,VPWR,li1,44.3900,73.1330,1.798855
TAP_TAPCELL_ROW_22_211,VPWR,li1,18.6300,73.1330,1.799631
TAP_TAPCELL_ROW_21_210,VPWR,li1,134.5500,68.3060,1.798736
TAP_TAPCELL_ROW_21_209,VPWR,li1,108.7900,68.3060,1.798779
TAP_TAPCELL_ROW_21_208,VPWR,li1,83.0300,68.3060,1.798916
TAP_TAPCELL_ROW_21_207,VPWR,li1,57.2700,68.3060,1.799114
TAP_TAPCELL_ROW_21_206,VPWR,li1,31.5100,68.3060,1.799545
TAP_TAPCELL_ROW_20_205,VPWR,li1,121.6700,67.6930,1.798736
TAP_TAPCELL_ROW_20_204,VPWR,li1,95.9100,67.6930,1.798839
TAP_TAPCELL_ROW_20_203,VPWR,li1,70.1500,67.6930,1.798999
TAP_TAPCELL_ROW_20_202,VPWR,li1,44.3900,67.6930,1.799304
TAP_TAPCELL_ROW_20_201,VPWR,li1,18.6300,67.6930,1.799754
TAP_TAPCELL_ROW_19_200,VPWR,li1,134.5500,62.8660,1.798227
TAP_TAPCELL_ROW_19_199,VPWR,li1,108.7900,62.8660,1.798277
TAP_TAPCELL_ROW_19_198,VPWR,li1,83.0300,62.8660,1.798497
TAP_TAPCELL_ROW_19_197,VPWR,li1,57.2700,62.8660,1.798893
TAP_TAPCELL_ROW_19_196,VPWR,li1,31.5100,62.8660,1.799495
TAP_TAPCELL_ROW_18_195,VPWR,li1,121.6700,62.2530,1.798235
TAP_TAPCELL_ROW_18_194,VPWR,li1,95.9100,62.2530,1.798359
TAP_TAPCELL_ROW_18_193,VPWR,li1,70.1500,62.2530,1.798676
TAP_TAPCELL_ROW_18_192,VPWR,li1,44.3900,62.2530,1.799165
TAP_TAPCELL_ROW_18_191,VPWR,li1,18.6300,62.2530,1.799734
TAP_TAPCELL_ROW_17_190,VPWR,li1,134.5500,57.4260,1.797807
TAP_TAPCELL_ROW_17_189,VPWR,li1,108.7900,57.4260,1.797918
TAP_TAPCELL_ROW_17_188,VPWR,li1,83.0300,57.4260,1.798231
TAP_TAPCELL_ROW_17_187,VPWR,li1,57.2700,57.4260,1.798653
TAP_TAPCELL_ROW_17_186,VPWR,li1,31.5100,57.4260,1.799375
TAP_TAPCELL_ROW_16_185,VPWR,li1,121.6700,56.8130,1.797833
TAP_TAPCELL_ROW_16_184,VPWR,li1,95.9100,56.8130,1.798066
TAP_TAPCELL_ROW_16_183,VPWR,li1,70.1500,56.8130,1.798421
TAP_TAPCELL_ROW_16_182,VPWR,li1,44.3900,56.8130,1.798975
TAP_TAPCELL_ROW_16_181,VPWR,li1,18.6300,56.8130,1.799646
TAP_TAPCELL_ROW_15_180,VPWR,li1,134.5500,51.9860,1.798753
TAP_TAPCELL_ROW_15_179,VPWR,li1,108.7900,51.9860,1.798781
TAP_TAPCELL_ROW_15_178,VPWR,li1,83.0300,51.9860,1.798865
TAP_TAPCELL_ROW_15_177,VPWR,li1,57.2700,51.9860,1.799088
TAP_TAPCELL_ROW_15_176,VPWR,li1,31.5100,51.9860,1.799523
TAP_TAPCELL_ROW_14_175,VPWR,li1,121.6700,51.3730,1.798755
TAP_TAPCELL_ROW_14_174,VPWR,li1,95.9100,51.3730,1.798812
TAP_TAPCELL_ROW_14_173,VPWR,li1,70.1500,51.3730,1.798946
TAP_TAPCELL_ROW_14_172,VPWR,li1,44.3900,51.3730,1.799279
TAP_TAPCELL_ROW_14_171,VPWR,li1,18.6300,51.3730,1.799759
TAP_TAPCELL_ROW_13_170,VPWR,li1,134.5500,46.5460,1.798017
TAP_TAPCELL_ROW_13_169,VPWR,li1,108.7900,46.5460,1.798080
TAP_TAPCELL_ROW_13_168,VPWR,li1,83.0300,46.5460,1.798378
TAP_TAPCELL_ROW_13_167,VPWR,li1,57.2700,46.5460,1.798840
TAP_TAPCELL_ROW_13_166,VPWR,li1,31.5100,46.5460,1.799447
TAP_TAPCELL_ROW_12_165,VPWR,li1,121.6700,45.9330,1.798027
TAP_TAPCELL_ROW_12_164,VPWR,li1,95.9100,45.9330,1.798207
TAP_TAPCELL_ROW_12_163,VPWR,li1,70.1500,45.9330,1.798611
TAP_TAPCELL_ROW_12_162,VPWR,li1,44.3900,45.9330,1.799135
TAP_TAPCELL_ROW_12_161,VPWR,li1,18.6300,45.9330,1.799706
TAP_TAPCELL_ROW_11_160,VPWR,li1,134.5500,41.1060,1.798512
TAP_TAPCELL_ROW_11_159,VPWR,li1,108.7900,41.1060,1.798540
TAP_TAPCELL_ROW_11_158,VPWR,li1,83.0300,41.1060,1.798653
TAP_TAPCELL_ROW_11_157,VPWR,li1,57.2700,41.1060,1.798987
TAP_TAPCELL_ROW_11_156,VPWR,li1,31.5100,41.1060,1.799496
TAP_TAPCELL_ROW_10_155,VPWR,li1,121.6700,40.4930,1.798520
TAP_TAPCELL_ROW_10_154,VPWR,li1,95.9100,40.4930,1.798572
TAP_TAPCELL_ROW_10_153,VPWR,li1,70.1500,40.4930,1.798789
TAP_TAPCELL_ROW_10_152,VPWR,li1,44.3900,40.4930,1.799200
TAP_TAPCELL_ROW_10_151,VPWR,li1,18.6300,40.4930,1.799718
TAP_TAPCELL_ROW_9_150,VPWR,li1,134.5500,35.6660,1.798805
TAP_TAPCELL_ROW_9_149,VPWR,li1,108.7900,35.6660,1.798860
TAP_TAPCELL_ROW_9_148,VPWR,li1,83.0300,35.6660,1.799013
TAP_TAPCELL_ROW_9_147,VPWR,li1,57.2700,35.6660,1.799270
TAP_TAPCELL_ROW_9_146,VPWR,li1,31.5100,35.6660,1.799647
TAP_TAPCELL_ROW_8_145,VPWR,li1,121.6700,35.0530,1.798819
TAP_TAPCELL_ROW_8_144,VPWR,li1,95.9100,35.0530,1.798926
TAP_TAPCELL_ROW_8_143,VPWR,li1,70.1500,35.0530,1.799124
TAP_TAPCELL_ROW_8_142,VPWR,li1,44.3900,35.0530,1.799453
TAP_TAPCELL_ROW_8_141,VPWR,li1,18.6300,35.0530,1.799811
TAP_TAPCELL_ROW_7_140,VPWR,li1,134.5500,30.2260,1.799136
TAP_TAPCELL_ROW_7_139,VPWR,li1,108.7900,30.2260,1.799177
TAP_TAPCELL_ROW_7_138,VPWR,li1,83.0300,30.2260,1.799265
TAP_TAPCELL_ROW_7_137,VPWR,li1,57.2700,30.2260,1.799425
TAP_TAPCELL_ROW_7_136,VPWR,li1,31.5100,30.2260,1.799705
TAP_TAPCELL_ROW_6_135,VPWR,li1,121.6700,29.6130,1.799149
TAP_TAPCELL_ROW_6_134,VPWR,li1,95.9100,29.6130,1.799214
TAP_TAPCELL_ROW_6_133,VPWR,li1,70.1500,29.6130,1.799327
TAP_TAPCELL_ROW_6_132,VPWR,li1,44.3900,29.6130,1.799554
TAP_TAPCELL_ROW_6_131,VPWR,li1,18.6300,29.6130,1.799850
TAP_TAPCELL_ROW_5_130,VPWR,li1,134.5500,24.7860,1.797806
TAP_TAPCELL_ROW_5_129,VPWR,li1,108.7900,24.7860,1.797855
TAP_TAPCELL_ROW_5_128,VPWR,li1,83.0300,24.7860,1.798169
TAP_TAPCELL_ROW_5_127,VPWR,li1,57.2700,24.7860,1.798613
TAP_TAPCELL_ROW_5_126,VPWR,li1,31.5100,24.7860,1.799294
TAP_TAPCELL_ROW_4_125,VPWR,li1,121.6700,24.1730,1.797811
TAP_TAPCELL_ROW_4_124,VPWR,li1,95.9100,24.1730,1.797967
TAP_TAPCELL_ROW_4_123,VPWR,li1,70.1500,24.1730,1.798364
TAP_TAPCELL_ROW_4_122,VPWR,li1,44.3900,24.1730,1.798936
TAP_TAPCELL_ROW_4_121,VPWR,li1,18.6300,24.1730,1.799646
TAP_TAPCELL_ROW_3_120,VPWR,li1,134.5500,19.3460,1.797865
TAP_TAPCELL_ROW_3_119,VPWR,li1,108.7900,19.3460,1.797916
TAP_TAPCELL_ROW_3_118,VPWR,li1,83.0300,19.3460,1.798162
TAP_TAPCELL_ROW_3_117,VPWR,li1,57.2700,19.3460,1.798654
TAP_TAPCELL_ROW_3_116,VPWR,li1,31.5100,19.3460,1.799348
TAP_TAPCELL_ROW_2_115,VPWR,li1,121.6700,18.7330,1.797875
TAP_TAPCELL_ROW_2_114,VPWR,li1,95.9100,18.7330,1.797996
TAP_TAPCELL_ROW_2_113,VPWR,li1,70.1500,18.7330,1.798376
TAP_TAPCELL_ROW_2_112,VPWR,li1,44.3900,18.7330,1.798999
TAP_TAPCELL_ROW_2_111,VPWR,li1,18.6300,18.7330,1.799656
TAP_TAPCELL_ROW_1_110,VPWR,li1,134.5500,13.9060,1.798880
TAP_TAPCELL_ROW_1_109,VPWR,li1,108.7900,13.9060,1.798935
TAP_TAPCELL_ROW_1_108,VPWR,li1,83.0300,13.9060,1.799126
TAP_TAPCELL_ROW_1_107,VPWR,li1,57.2700,13.9060,1.799410
TAP_TAPCELL_ROW_1_106,VPWR,li1,31.5100,13.9060,1.799734
TAP_TAPCELL_ROW_0_105,VPWR,li1,134.5500,13.2930,1.798880
TAP_TAPCELL_ROW_0_104,VPWR,li1,121.6700,13.2930,1.798897
TAP_TAPCELL_ROW_0_103,VPWR,li1,108.7900,13.2930,1.798935
TAP_TAPCELL_ROW_0_102,VPWR,li1,95.9100,13.2930,1.799019
TAP_TAPCELL_ROW_0_101,VPWR,li1,83.0300,13.2930,1.799126
TAP_TAPCELL_ROW_0_100,VPWR,li1,70.1500,13.2930,1.799250
TAP_TAPCELL_ROW_0_99,VPWR,li1,57.2700,13.2930,1.799410
TAP_TAPCELL_ROW_0_98,VPWR,li1,44.3900,13.2930,1.799562
TAP_TAPCELL_ROW_0_97,VPWR,li1,31.5100,13.2930,1.799734
TAP_TAPCELL_ROW_0_96,VPWR,li1,18.6300,13.2930,1.799860
PHY_EDGE_ROW_47_Left_95,VPWR,li1,6.2100,138.7200,1.799783
PHY_EDGE_ROW_46_Left_94,VPWR,li1,6.2100,138.7200,1.799783
PHY_EDGE_ROW_45_Left_93,VPWR,li1,6.2100,133.2800,1.799661
PHY_EDGE_ROW_44_Left_92,VPWR,li1,6.2100,133.2800,1.799661
PHY_EDGE_ROW_43_Left_91,VPWR,li1,6.2100,127.8400,1.799695
PHY_EDGE_ROW_42_Left_90,VPWR,li1,6.2100,127.8400,1.799695
PHY_EDGE_ROW_41_Left_89,VPWR,li1,6.2100,122.4000,1.799549
PHY_EDGE_ROW_40_Left_88,VPWR,li1,6.2100,122.4000,1.799549
PHY_EDGE_ROW_39_Left_87,VPWR,li1,6.2100,116.9600,1.799514
PHY_EDGE_ROW_38_Left_86,VPWR,li1,6.2100,116.9600,1.799514
PHY_EDGE_ROW_37_Left_85,VPWR,li1,6.2100,111.5200,1.799535
PHY_EDGE_ROW_36_Left_84,VPWR,li1,6.2100,111.5200,1.799535
PHY_EDGE_ROW_35_Left_83,VPWR,li1,6.2100,106.0800,1.799651
PHY_EDGE_ROW_34_Left_82,VPWR,li1,6.2100,106.0800,1.799651
PHY_EDGE_ROW_33_Left_81,VPWR,li1,6.2100,100.6400,1.799710
PHY_EDGE_ROW_32_Left_80,VPWR,li1,6.2100,100.6400,1.799710
PHY_EDGE_ROW_31_Left_79,VPWR,li1,6.2100,95.2000,1.799595
PHY_EDGE_ROW_30_Left_78,VPWR,li1,6.2100,95.2000,1.799595
PHY_EDGE_ROW_29_Left_77,VPWR,li1,6.2100,89.7600,1.799658
PHY_EDGE_ROW_28_Left_76,VPWR,li1,6.2100,89.7600,1.799658
PHY_EDGE_ROW_27_Left_75,VPWR,li1,6.2100,84.3200,1.799673
PHY_EDGE_ROW_26_Left_74,VPWR,li1,6.2100,84.3200,1.799673
PHY_EDGE_ROW_25_Left_73,VPWR,li1,6.2100,78.8800,1.799784
PHY_EDGE_ROW_24_Left_72,VPWR,li1,6.2100,78.8800,1.799784
PHY_EDGE_ROW_23_Left_71,VPWR,li1,6.2100,73.4400,1.799631
PHY_EDGE_ROW_22_Left_70,VPWR,li1,6.2100,73.4400,1.799631
PHY_EDGE_ROW_21_Left_69,VPWR,li1,6.2100,68.0000,1.799754
PHY_EDGE_ROW_20_Left_68,VPWR,li1,6.2100,68.0000,1.799754
PHY_EDGE_ROW_19_Left_67,VPWR,li1,6.2100,62.5600,1.799734
PHY_EDGE_ROW_18_Left_66,VPWR,li1,6.2100,62.5600,1.799734
PHY_EDGE_ROW_17_Left_65,VPWR,li1,6.2100,57.1200,1.799644
PHY_EDGE_ROW_16_Left_64,VPWR,li1,6.2100,57.1200,1.799644
PHY_EDGE_ROW_15_Left_63,VPWR,li1,6.2100,51.6800,1.799757
PHY_EDGE_ROW_14_Left_62,VPWR,li1,6.2100,51.6800,1.799757
PHY_EDGE_ROW_13_Left_61,VPWR,li1,6.2100,46.2400,1.799706
PHY_EDGE_ROW_12_Left_60,VPWR,li1,6.2100,46.2400,1.799706
PHY_EDGE_ROW_11_Left_59,VPWR,li1,6.2100,40.8000,1.799712
PHY_EDGE_ROW_10_Left_58,VPWR,li1,6.2100,40.8000,1.799712
PHY_EDGE_ROW_9_Left_57,VPWR,li1,6.2100,35.3600,1.799809
PHY_EDGE_ROW_8_Left_56,VPWR,li1,6.2100,35.3600,1.799809
PHY_EDGE_ROW_7_Left_55,VPWR,li1,6.2100,29.9200,1.799847
PHY_EDGE_ROW_6_Left_54,VPWR,li1,6.2100,29.9200,1.799847
PHY_EDGE_ROW_5_Left_53,VPWR,li1,6.2100,24.4800,1.799642
PHY_EDGE_ROW_4_Left_52,VPWR,li1,6.2100,24.4800,1.799642
PHY_EDGE_ROW_3_Left_51,VPWR,li1,6.2100,19.0400,1.799656
PHY_EDGE_ROW_2_Left_50,VPWR,li1,6.2100,19.0400,1.799656
PHY_EDGE_ROW_1_Left_49,VPWR,li1,6.2100,13.6000,1.799860
PHY_EDGE_ROW_0_Left_48,VPWR,li1,6.2100,13.6000,1.799860
PHY_EDGE_ROW_47_Right_47,VPWR,li1,136.8500,138.7200,1.798014
PHY_EDGE_ROW_46_Right_46,VPWR,li1,136.8500,138.7200,1.798014
PHY_EDGE_ROW_45_Right_45,VPWR,li1,136.8500,133.2800,1.796967
PHY_EDGE_ROW_44_Right_44,VPWR,li1,136.8500,133.2800,1.796967
PHY_EDGE_ROW_43_Right_43,VPWR,li1,136.8500,127.8400,1.797465
PHY_EDGE_ROW_42_Right_42,VPWR,li1,136.8500,127.8400,1.797465
PHY_EDGE_ROW_41_Right_41,VPWR,li1,136.8500,122.4000,1.796006
PHY_EDGE_ROW_40_Right_40,VPWR,li1,136.8500,122.4000,1.796006
PHY_EDGE_ROW_39_Right_39,VPWR,li1,136.8500,116.9600,1.795734
PHY_EDGE_ROW_38_Right_38,VPWR,li1,136.8500,116.9600,1.795734
PHY_EDGE_ROW_37_Right_37,VPWR,li1,136.8500,111.5200,1.796420
PHY_EDGE_ROW_36_Right_36,VPWR,li1,136.8500,111.5200,1.796420
PHY_EDGE_ROW_35_Right_35,VPWR,li1,136.8500,106.0800,1.796977
PHY_EDGE_ROW_34_Right_34,VPWR,li1,136.8500,106.0800,1.796977
PHY_EDGE_ROW_33_Right_33,VPWR,li1,136.8500,100.6400,1.798442
PHY_EDGE_ROW_32_Right_32,VPWR,li1,136.8500,100.6400,1.798442
PHY_EDGE_ROW_31_Right_31,VPWR,li1,136.8500,95.2000,1.797366
PHY_EDGE_ROW_30_Right_30,VPWR,li1,136.8500,95.2000,1.797366
PHY_EDGE_ROW_29_Right_29,VPWR,li1,136.8500,89.7600,1.797612
PHY_EDGE_ROW_28_Right_28,VPWR,li1,136.8500,89.7600,1.797612
PHY_EDGE_ROW_27_Right_27,VPWR,li1,136.8500,84.3200,1.797977
PHY_EDGE_ROW_26_Right_26,VPWR,li1,136.8500,84.3200,1.797977
PHY_EDGE_ROW_25_Right_25,VPWR,li1,136.8500,78.8800,1.798401
PHY_EDGE_ROW_24_Right_24,VPWR,li1,136.8500,78.8800,1.798401
PHY_EDGE_ROW_23_Right_23,VPWR,li1,136.8500,73.4400,1.797321
PHY_EDGE_ROW_22_Right_22,VPWR,li1,136.8500,73.4400,1.797321
PHY_EDGE_ROW_21_Right_21,VPWR,li1,136.8500,68.0000,1.798736
PHY_EDGE_ROW_20_Right_20,VPWR,li1,136.8500,68.0000,1.798736
PHY_EDGE_ROW_19_Right_19,VPWR,li1,136.8500,62.5600,1.798227
PHY_EDGE_ROW_18_Right_18,VPWR,li1,136.8500,62.5600,1.798227
PHY_EDGE_ROW_17_Right_17,VPWR,li1,136.8500,57.1200,1.797807
PHY_EDGE_ROW_16_Right_16,VPWR,li1,136.8500,57.1200,1.797807
PHY_EDGE_ROW_15_Right_15,VPWR,li1,136.8500,51.6800,1.798753
PHY_EDGE_ROW_14_Right_14,VPWR,li1,136.8500,51.6800,1.798753
PHY_EDGE_ROW_13_Right_13,VPWR,li1,136.8500,46.2400,1.798017
PHY_EDGE_ROW_12_Right_12,VPWR,li1,136.8500,46.2400,1.798017
PHY_EDGE_ROW_11_Right_11,VPWR,li1,136.8500,40.8000,1.798512
PHY_EDGE_ROW_10_Right_10,VPWR,li1,136.8500,40.8000,1.798512
PHY_EDGE_ROW_9_Right_9,VPWR,li1,136.8500,35.3600,1.798805
PHY_EDGE_ROW_8_Right_8,VPWR,li1,136.8500,35.3600,1.798805
PHY_EDGE_ROW_7_Right_7,VPWR,li1,136.8500,29.9200,1.799136
PHY_EDGE_ROW_6_Right_6,VPWR,li1,136.8500,29.9200,1.799136
PHY_EDGE_ROW_5_Right_5,VPWR,li1,136.8500,24.4800,1.797806
PHY_EDGE_ROW_4_Right_4,VPWR,li1,136.8500,24.4800,1.797806
PHY_EDGE_ROW_3_Right_3,VPWR,li1,136.8500,19.0400,1.797865
PHY_EDGE_ROW_2_Right_2,VPWR,li1,136.8500,19.0400,1.797865
PHY_EDGE_ROW_1_Right_1,VPWR,li1,136.8500,13.6000,1.798880
PHY_EDGE_ROW_0_Right_0,VPWR,li1,136.8500,13.6000,1.798880
_1110_,VPWR,li1,48.9900,133.2800,1.798756
_1109_,VPWR,li1,121.2100,133.2800,1.797030
_1108_,VPWR,li1,64.4000,111.5200,1.797644
_1107_,VPWR,li1,64.4000,111.5200,1.797644
_1106_,VPWR,li1,63.4800,116.9600,1.797492
_1105_,VPWR,li1,63.4800,116.9600,1.797492
_1104_,VPWR,li1,126.5000,127.8400,1.797473
_1103_,VPWR,li1,125.1200,122.4000,1.796018
_1102_,VPWR,li1,126.5000,133.2800,1.796989
_1101_,VPWR,li1,63.4800,127.8400,1.798388
_1100_,VPWR,li1,64.4000,127.8400,1.798388
_1099_,VPWR,li1,68.5400,133.2800,1.798048
_1098_,VPWR,li1,63.4800,133.2800,1.798215
_1097_,VPWR,li1,99.8200,73.4400,1.797611
_1096_,VPWR,li1,104.4200,62.5600,1.798292
_1095_,VPWR,li1,47.3800,89.7600,1.798829
_1094_,VPWR,li1,98.9000,46.2400,1.798162
_1093_,VPWR,li1,58.4200,35.3600,1.799270
_1092_,VPWR,li1,61.6400,40.8000,1.798918
_1091_,VPWR,li1,104.4200,19.0400,1.797936
_1090_,VPWR,li1,74.0600,57.1200,1.798358
_1089_,VPWR,li1,56.1200,51.6800,1.799088
_1088_,VPWR,li1,111.7800,62.5600,1.798261
_1087_,VPWR,li1,113.6200,89.7600,1.797663
_1086_,VPWR,li1,88.3200,84.3200,1.798303
_1085_,VPWR,li1,83.7200,46.2400,1.798378
_1084_,VPWR,li1,111.7800,24.4800,1.797840
_1083_,VPWR,li1,49.2200,84.3200,1.798946
_1082_,VPWR,li1,62.5600,13.6000,1.799327
_1081_,VPWR,li1,112.2400,73.4400,1.797426
_1080_,VPWR,li1,91.5400,62.5600,1.798399
_1079_,VPWR,li1,63.4800,84.3200,1.798657
_1078_,VPWR,li1,66.2400,57.1200,1.798479
_1077_,VPWR,li1,63.0200,29.9200,1.799374
_1076_,VPWR,li1,112.2400,35.3600,1.798843
_1075_,VPWR,li1,102.5800,24.4800,1.797900
_1074_,VPWR,li1,110.8600,57.1200,1.797900
_1073_,VPWR,li1,111.7800,46.2400,1.798061
_1072_,VPWR,li1,110.4000,68.0000,1.798779
_1071_,VPWR,li1,111.7800,89.7600,1.797674
_1070_,VPWR,li1,93.8400,84.3200,1.798237
_1069_,VPWR,li1,72.2200,35.3600,1.799106
_1068_,VPWR,li1,72.6800,24.4800,1.798319
_1067_,VPWR,li1,63.4800,78.8800,1.798972
_1066_,VPWR,li1,86.9400,24.4800,1.798091
_1065_,VPWR,li1,94.3000,73.4400,1.797688
_1064_,VPWR,li1,89.2400,62.5600,1.798436
_1063_,VPWR,li1,78.6600,95.2000,1.797808
_1062_,VPWR,li1,95.2200,46.2400,1.798207
_1061_,VPWR,li1,92.9200,35.3600,1.798941
_1060_,VPWR,li1,79.5800,40.8000,1.798685
_1059_,VPWR,li1,78.2000,24.4800,1.798228
_1058_,VPWR,li1,111.7800,51.6800,1.798770
_1057_,VPWR,li1,113.6200,46.2400,1.798053
_1056_,VPWR,li1,115.9200,68.0000,1.798753
_1055_,VPWR,li1,111.7800,84.3200,1.798075
_1054_,VPWR,li1,98.9000,89.7600,1.797767
_1053_,VPWR,li1,91.5400,40.8000,1.798593
_1052_,VPWR,li1,117.3000,24.4800,1.797820
_1051_,VPWR,li1,84.1800,73.4400,1.797881
_1050_,VPWR,li1,87.8600,19.0400,1.798091
_1049_,VPWR,li1,98.9000,78.8800,1.798566
_1048_,VPWR,li1,97.5200,57.1200,1.798043
_1047_,VPWR,li1,67.1600,100.6400,1.798720
_1046_,VPWR,li1,60.7200,57.1200,1.798565
_1045_,VPWR,li1,98.9000,35.3600,1.798904
_1044_,VPWR,li1,64.4000,35.3600,1.799185
_1043_,VPWR,li1,102.1200,13.6000,1.798977
_1042_,VPWR,li1,80.0400,51.6800,1.798878
_1041_,VPWR,li1,61.6400,46.2400,1.798744
_1040_,VPWR,li1,73.1400,68.0000,1.798985
_1039_,VPWR,li1,108.1000,89.7600,1.797702
_1038_,VPWR,li1,86.4800,100.6400,1.798561
_1037_,VPWR,li1,80.0400,40.8000,1.798685
_1036_,VPWR,li1,74.0600,13.6000,1.799211
_1035_,VPWR,li1,64.4000,78.8800,1.798972
_1034_,VPWR,li1,63.9400,19.0400,1.798524
_1033_,VPWR,li1,41.4000,68.0000,1.799334
_1032_,VPWR,li1,50.6000,57.1200,1.798799
_1031_,VPWR,li1,40.9400,100.6400,1.799163
_1030_,VPWR,li1,41.4000,51.6800,1.799327
_1029_,VPWR,li1,37.2600,35.3600,1.799548
_1028_,VPWR,li1,15.6400,40.8000,1.799712
_1027_,VPWR,li1,47.3800,19.0400,1.798915
_1026_,VPWR,li1,37.2600,62.5600,1.799346
_1025_,VPWR,li1,22.5400,46.2400,1.799709
_1024_,VPWR,li1,20.2400,73.4400,1.799631
_1023_,VPWR,li1,14.2600,84.3200,1.799673
_1022_,VPWR,li1,34.5000,95.2000,1.799063
_1021_,VPWR,li1,49.2200,40.8000,1.799096
_1020_,VPWR,li1,33.5800,19.0400,1.799284
_1019_,VPWR,li1,54.7400,84.3200,1.798824
_1018_,VPWR,li1,21.6200,13.6000,1.799860
_1017_,VPWR,li1,32.2000,78.8800,1.799590
_1016_,VPWR,li1,49.6800,62.5600,1.799054
_1015_,VPWR,li1,43.2400,95.2000,1.798783
_1014_,VPWR,li1,36.8000,46.2400,1.799289
_1013_,VPWR,li1,40.4800,13.6000,1.799606
_1012_,VPWR,li1,28.0600,35.3600,1.799719
_1011_,VPWR,li1,46.4600,13.6000,1.799524
_1010_,VPWR,li1,35.4200,57.1200,1.799218
_1009_,VPWR,li1,35.4200,46.2400,1.799370
_1008_,VPWR,li1,26.2200,68.0000,1.799625
_1007_,VPWR,li1,19.7800,84.3200,1.799676
_1006_,VPWR,li1,28.5200,100.6400,1.799483
_1005_,VPWR,li1,49.2200,35.3600,1.799386
_1004_,VPWR,li1,28.5200,19.0400,1.799456
_1003_,VPWR,li1,47.3800,84.3200,1.798988
_1002_,VPWR,li1,22.5400,19.0400,1.799659
_1001_,VPWR,li1,35.4200,78.8800,1.799486
_1000_,VPWR,li1,47.8400,68.0000,1.799228
_0999_,VPWR,li1,41.4000,100.6400,1.799163
_0998_,VPWR,li1,20.7000,51.6800,1.799761
_0997_,VPWR,li1,40.4800,29.9200,1.799590
_0996_,VPWR,li1,14.7200,40.8000,1.799712
_0995_,VPWR,li1,48.7600,24.4800,1.798835
_0994_,VPWR,li1,31.7400,62.5600,1.799495
_0993_,VPWR,li1,17.0200,46.2400,1.799706
_0992_,VPWR,li1,21.6200,73.4400,1.799633
_0991_,VPWR,li1,21.1600,89.7600,1.799658
_0990_,VPWR,li1,28.5200,95.2000,1.799279
_0989_,VPWR,li1,43.7000,35.3600,1.799453
_0988_,VPWR,li1,15.6400,29.9200,1.799847
_0987_,VPWR,li1,48.7600,78.8800,1.799221
_0986_,VPWR,li1,21.6200,29.9200,1.799851
_0985_,VPWR,li1,36.8000,73.4400,1.799137
_0984_,VPWR,li1,49.6800,51.6800,1.799196
_0983_,VPWR,li1,47.3800,95.2000,1.798596
_0982_,VPWR,li1,15.6400,57.1200,1.799644
_0981_,VPWR,li1,41.4000,24.4800,1.799045
_0980_,VPWR,li1,15.6400,35.3600,1.799809
_0979_,VPWR,li1,51.0600,19.0400,1.798815
_0978_,VPWR,li1,36.3400,62.5600,1.799346
_0977_,VPWR,li1,32.6600,40.8000,1.799429
_0976_,VPWR,li1,15.1800,68.0000,1.799754
_0975_,VPWR,li1,21.6200,78.8800,1.799784
_0974_,VPWR,li1,29.4400,95.2000,1.799279
_0973_,VPWR,li1,47.3800,46.2400,1.799045
_0972_,VPWR,li1,15.6400,24.4800,1.799642
_0971_,VPWR,li1,49.6800,78.8800,1.799221
_0970_,VPWR,li1,28.5200,24.4800,1.799388
_0969_,VPWR,li1,117.3000,73.4400,1.797373
_0968_,VPWR,li1,91.0800,57.1200,1.798135
_0967_,VPWR,li1,64.8600,84.3200,1.798657
_0966_,VPWR,li1,100.7400,46.2400,1.798143
_0965_,VPWR,li1,94.7600,29.9200,1.799214
_0964_,VPWR,li1,117.3000,35.3600,1.798826
_0963_,VPWR,li1,103.5000,29.9200,1.799186
_0962_,VPWR,li1,116.3800,57.1200,1.797858
_0961_,VPWR,li1,113.6200,40.8000,1.798531
_0960_,VPWR,li1,61.6400,68.0000,1.799062
_0959_,VPWR,li1,114.0800,84.3200,1.798051
_0958_,VPWR,li1,80.9600,84.3200,1.798408
_0957_,VPWR,li1,67.1600,40.8000,1.798843
_0956_,VPWR,li1,112.7000,24.4800,1.797840
_0955_,VPWR,li1,65.3200,73.4400,1.798278
_0954_,VPWR,li1,87.8600,24.4800,1.798091
_0953_,VPWR,li1,105.8000,73.4400,1.797509
_0952_,VPWR,li1,103.0400,57.1200,1.797989
_0951_,VPWR,li1,76.3600,95.2000,1.797881
_0950_,VPWR,li1,65.7800,57.1200,1.798479
_0949_,VPWR,li1,64.4000,35.3600,1.799185
_0948_,VPWR,li1,105.8000,35.3600,1.798876
_0947_,VPWR,li1,67.1600,24.4800,1.798416
_0946_,VPWR,li1,85.1000,57.1200,1.798196
_0945_,VPWR,li1,108.1000,46.2400,1.798080
_0944_,VPWR,li1,65.7800,62.5600,1.798737
_0943_,VPWR,li1,95.6800,78.8800,1.798595
_0942_,VPWR,li1,98.9000,95.2000,1.797537
_0941_,VPWR,li1,74.0600,40.8000,1.798744
_0940_,VPWR,li1,78.2000,24.4800,1.798228
_0939_,VPWR,li1,78.6600,73.4400,1.797966
_0938_,VPWR,li1,63.4800,24.4800,1.798498
_0937_,VPWR,li1,111.7800,73.4400,1.797426
_0936_,VPWR,li1,98.4400,62.5600,1.798337
_0935_,VPWR,li1,78.6600,89.7600,1.798046
_0934_,VPWR,li1,98.9000,51.6800,1.798803
_0933_,VPWR,li1,61.1800,29.9200,1.799388
_0932_,VPWR,li1,111.7800,35.3600,1.798843
_0931_,VPWR,li1,77.7400,29.9200,1.799286
_0930_,VPWR,li1,114.5400,57.1200,1.797871
_0929_,VPWR,li1,61.6400,51.6800,1.799025
_0928_,VPWR,li1,114.5400,68.0000,1.798753
_0927_,VPWR,li1,114.5400,78.8800,1.798465
_0926_,VPWR,li1,100.7400,89.7600,1.797752
_0925_,VPWR,li1,70.3800,40.8000,1.798789
_0924_,VPWR,li1,115.0000,29.9200,1.799160
_0923_,VPWR,li1,59.8000,73.4400,1.798402
_0922_,VPWR,li1,63.0200,19.0400,1.798524
_0921_,VPWR,li1,98.9000,73.4400,1.797611
_0920_,VPWR,li1,98.9000,62.5600,1.798337
_0919_,VPWR,li1,70.8400,95.2000,1.797972
_0918_,VPWR,li1,69.0000,51.6800,1.798946
_0917_,VPWR,li1,95.2200,35.3600,1.798926
_0916_,VPWR,li1,85.1000,40.8000,1.798634
_0915_,VPWR,li1,73.1400,19.0400,1.798322
_0914_,VPWR,li1,79.5800,57.1200,1.798272
_0913_,VPWR,li1,67.1600,51.6800,1.798977
_0912_,VPWR,li1,67.1600,68.0000,1.799016
_0911_,VPWR,li1,101.2000,78.8800,1.798548
_0910_,VPWR,li1,96.6000,95.2000,1.797563
_0909_,VPWR,li1,86.0200,40.8000,1.798634
_0908_,VPWR,li1,75.4400,19.0400,1.798282
_0907_,VPWR,li1,79.1200,68.0000,1.798938
_0906_,VPWR,li1,88.7800,19.0400,1.798091
_0905_,VPWR,li1,48.7600,73.4400,1.798714
_0904_,VPWR,li1,49.6800,68.0000,1.799199
_0903_,VPWR,li1,63.9400,89.7600,1.798371
_0902_,VPWR,li1,22.0800,57.1200,1.799650
_0901_,VPWR,li1,36.3400,29.9200,1.799642
_0900_,VPWR,li1,21.1600,35.3600,1.799813
_0899_,VPWR,li1,51.0600,24.4800,1.798761
_0898_,VPWR,li1,79.5800,57.1200,1.798272
_0897_,VPWR,li1,34.5000,40.8000,1.799385
_0896_,VPWR,li1,21.6200,62.5600,1.799734
_0895_,VPWR,li1,24.8400,84.3200,1.799571
_0894_,VPWR,li1,80.0400,84.3200,1.798408
_0893_,VPWR,li1,51.9800,40.8000,1.799047
_0892_,VPWR,li1,16.1000,24.4800,1.799642
_0891_,VPWR,li1,64.8600,68.0000,1.799034
_0890_,VPWR,li1,25.7600,24.4800,1.799498
_0889_,VPWR,li1,37.7200,78.8800,1.799438
_0888_,VPWR,li1,51.5200,57.1200,1.798799
_0887_,VPWR,li1,75.4400,100.6400,1.798642
_0886_,VPWR,li1,19.7800,57.1200,1.799646
_0885_,VPWR,li1,41.4000,19.0400,1.799098
_0884_,VPWR,li1,20.2400,40.8000,1.799718
_0883_,VPWR,li1,51.9800,13.6000,1.799465
_0882_,VPWR,li1,80.0400,51.6800,1.798878
_0881_,VPWR,li1,15.6400,51.6800,1.799757
_0880_,VPWR,li1,20.7000,68.0000,1.799754
_0879_,VPWR,li1,23.4600,89.7600,1.799581
_0878_,VPWR,li1,80.9600,100.6400,1.798599
_0877_,VPWR,li1,46.4600,40.8000,1.799164
_0876_,VPWR,li1,18.8600,19.0400,1.799656
_0875_,VPWR,li1,60.2600,73.4400,1.798402
_0874_,VPWR,li1,21.6200,24.4800,1.799649
_0873_,VPWR,li1,41.4000,73.4400,1.798953
_0872_,VPWR,li1,52.4400,62.5600,1.798971
_0871_,VPWR,li1,70.3800,84.3200,1.798555
_0870_,VPWR,li1,35.8800,51.6800,1.799462
_0869_,VPWR,li1,41.8600,29.9200,1.799590
_0868_,VPWR,li1,23.9200,40.8000,1.799646
_0867_,VPWR,li1,53.8200,19.0400,1.798735
_0866_,VPWR,li1,36.3400,57.1200,1.799218
_0865_,VPWR,li1,24.8400,51.6800,1.799664
_0864_,VPWR,li1,22.5400,68.0000,1.799710
_0863_,VPWR,li1,25.3000,84.3200,1.799571
_0862_,VPWR,li1,34.5000,89.7600,1.799255
_0861_,VPWR,li1,48.3000,35.3600,1.799386
_0860_,VPWR,li1,28.0600,19.0400,1.799456
_0859_,VPWR,li1,73.1400,73.4400,1.798082
_0858_,VPWR,li1,27.1400,13.6000,1.799783
_0857_,VPWR,li1,122.8200,73.4400,1.797322
_0856_,VPWR,li1,101.6600,57.1200,1.797989
_0855_,VPWR,li1,80.0400,89.7600,1.798046
_0854_,VPWR,li1,98.9000,40.8000,1.798561
_0853_,VPWR,li1,98.9000,24.4800,1.797936
_0852_,VPWR,li1,118.2200,35.3600,1.798826
_0851_,VPWR,li1,105.3400,19.0400,1.797936
_0850_,VPWR,li1,120.0600,57.1200,1.797833
_0849_,VPWR,li1,117.3000,46.2400,1.798038
_0848_,VPWR,li1,120.0600,62.5600,1.798237
_0847_,VPWR,li1,117.3000,84.3200,1.798033
_0846_,VPWR,li1,95.2200,89.7600,1.797800
_0845_,VPWR,li1,89.2400,46.2400,1.798293
_0844_,VPWR,li1,118.2200,24.4800,1.797820
_0843_,VPWR,li1,80.0400,73.4400,1.797966
_0842_,VPWR,li1,90.1600,13.6000,1.799059
_0841_,VPWR,li1,77.2800,116.9600,1.796989
_0840_,VPWR,li1,128.8000,100.6400,1.798445
_0839_,VPWR,li1,131.5600,95.2000,1.797366
_0838_,VPWR,li1,126.0400,95.2000,1.797374
_0837_,VPWR,li1,126.9600,95.2000,1.797374
_0836_,VPWR,li1,126.9600,111.5200,1.796426
_0835_,VPWR,li1,127.8800,111.5200,1.796426
_0834_,VPWR,li1,131.5600,46.2400,1.798017
_0833_,VPWR,li1,131.5600,62.5600,1.798227
_0832_,VPWR,li1,131.1000,78.8800,1.798401
_0831_,VPWR,li1,131.5600,40.8000,1.798512
_0830_,VPWR,li1,131.5600,24.4800,1.797807
_0829_,VPWR,li1,131.5600,35.3600,1.798805
_0828_,VPWR,li1,131.5600,29.9200,1.799136
_0827_,VPWR,li1,131.5600,62.5600,1.798227
_0826_,VPWR,li1,131.5600,46.2400,1.798017
_0825_,VPWR,li1,131.5600,57.1200,1.797807
_0824_,VPWR,li1,130.6400,78.8800,1.798401
_0823_,VPWR,li1,131.5600,84.3200,1.797977
_0822_,VPWR,li1,131.5600,57.1200,1.797807
_0821_,VPWR,li1,131.5600,19.0400,1.797865
_0820_,VPWR,li1,131.5600,73.4400,1.797321
_0819_,VPWR,li1,131.5600,19.0400,1.797865
_0818_,VPWR,li1,115.9200,19.0400,1.797893
_0817_,VPWR,li1,131.1000,51.6800,1.798753
_0816_,VPWR,li1,119.6000,95.2000,1.797393
_0815_,VPWR,li1,98.9000,19.0400,1.797973
_0814_,VPWR,li1,131.5600,13.6000,1.798881
_0813_,VPWR,li1,129.7200,29.9200,1.799138
_0812_,VPWR,li1,109.9400,19.0400,1.797916
_0811_,VPWR,li1,120.0600,19.0400,1.797879
_0810_,VPWR,li1,124.6600,13.6000,1.798888
_0809_,VPWR,li1,124.6600,19.0400,1.797870
_0808_,VPWR,li1,114.0800,95.2000,1.797425
_0807_,VPWR,li1,130.1800,89.7600,1.797613
_0806_,VPWR,li1,128.3400,35.3600,1.798807
_0805_,VPWR,li1,117.7600,13.6000,1.798904
_0804_,VPWR,li1,86.0200,73.4400,1.797825
_0803_,VPWR,li1,131.5600,13.6000,1.798881
_0802_,VPWR,li1,107.1800,127.8400,1.797586
_0801_,VPWR,li1,115.0000,133.2800,1.797094
_0800_,VPWR,li1,113.6200,133.2800,1.797094
_0799_,VPWR,li1,100.7400,133.2800,1.797283
_0798_,VPWR,li1,97.9800,100.6400,1.798510
_0797_,VPWR,li1,100.7400,106.0800,1.797314
_0796_,VPWR,li1,111.3200,106.0800,1.797143
_0795_,VPWR,li1,83.7200,111.5200,1.797058
_0794_,VPWR,li1,55.4300,111.5200,1.797985
_0793_,VPWR,li1,52.2100,111.5200,1.798161
_0792_,VPWR,li1,47.6100,111.5200,1.798298
_0791_,VPWR,li1,48.7600,111.5200,1.798298
_0790_,VPWR,li1,58.1900,111.5200,1.797903
_0789_,VPWR,li1,50.8300,111.5200,1.798161
_0788_,VPWR,li1,48.9900,106.0800,1.798674
_0787_,VPWR,li1,45.7700,111.5200,1.798439
_0786_,VPWR,li1,53.1300,111.5200,1.798068
_0785_,VPWR,li1,48.7600,116.9600,1.798151
_0784_,VPWR,li1,57.2700,116.9600,1.797758
_0783_,VPWR,li1,51.7500,116.9600,1.798010
_0782_,VPWR,li1,46.2300,116.9600,1.798272
_0781_,VPWR,li1,54.5100,116.9600,1.797883
_0780_,VPWR,li1,51.9800,116.9600,1.798010
_0779_,VPWR,li1,78.4300,106.0800,1.797830
_0778_,VPWR,li1,73.1400,111.5200,1.797401
_0777_,VPWR,li1,64.4000,106.0800,1.798156
_0776_,VPWR,li1,78.8900,122.4000,1.796944
_0775_,VPWR,li1,80.9600,106.0800,1.797763
_0774_,VPWR,li1,83.4900,116.9600,1.796751
_0773_,VPWR,li1,80.0400,116.9600,1.796843
_0772_,VPWR,li1,132.7100,133.2800,1.796967
_0771_,VPWR,li1,131.5600,127.8400,1.797465
_0770_,VPWR,li1,127.8800,127.8400,1.797473
_0769_,VPWR,li1,131.3300,116.9600,1.795738
_0768_,VPWR,li1,120.2900,122.4000,1.796054
_0767_,VPWR,li1,125.8100,122.4000,1.796018
_0766_,VPWR,li1,120.7500,127.8400,1.797506
_0765_,VPWR,li1,124.6600,127.8400,1.797481
_0764_,VPWR,li1,127.6500,133.2800,1.796989
_0763_,VPWR,li1,123.7400,133.2800,1.797010
_0762_,VPWR,li1,120.7500,133.2800,1.797047
_0761_,VPWR,li1,114.7700,122.4000,1.796088
_0760_,VPWR,li1,124.2000,100.6400,1.798452
_0759_,VPWR,li1,71.9900,127.8400,1.798180
_0758_,VPWR,li1,89.7000,133.2800,1.797506
_0757_,VPWR,li1,92.9200,127.8400,1.797767
_0756_,VPWR,li1,87.1700,133.2800,1.797558
_0755_,VPWR,li1,79.1200,127.8400,1.798043
_0754_,VPWR,li1,79.8100,133.2800,1.797759
_0753_,VPWR,li1,81.8800,127.8400,1.797979
_0752_,VPWR,li1,88.7800,127.8400,1.797836
_0751_,VPWR,li1,93.8400,138.7200,1.798402
_0750_,VPWR,li1,97.2900,133.2800,1.797373
_0749_,VPWR,li1,74.7500,133.2800,1.797864
_0748_,VPWR,li1,78.6600,133.2800,1.797759
_0747_,VPWR,li1,86.4800,133.2800,1.797599
_0746_,VPWR,li1,84.6400,133.2800,1.797642
_0745_,VPWR,li1,74.5200,127.8400,1.798110
_0744_,VPWR,li1,72.4500,133.2800,1.797957
_0743_,VPWR,li1,82.3400,133.2800,1.797686
_0742_,VPWR,li1,84.8700,127.8400,1.797903
_0741_,VPWR,li1,76.3600,133.2800,1.797864
_0740_,VPWR,li1,85.3300,122.4000,1.796721
_0739_,VPWR,li1,85.3300,133.2800,1.797599
_0738_,VPWR,li1,83.4900,127.8400,1.797935
_0737_,VPWR,li1,75.6700,138.7200,1.798682
_0736_,VPWR,li1,77.5100,127.8400,1.798043
_0735_,VPWR,li1,103.2700,127.8400,1.797624
_0734_,VPWR,li1,93.8400,133.2800,1.797414
_0733_,VPWR,li1,92.6900,133.2800,1.797457
_0732_,VPWR,li1,110.8600,122.4000,1.796116
_0731_,VPWR,li1,113.8500,127.8400,1.797536
_0730_,VPWR,li1,107.1800,133.2800,1.797201
_0729_,VPWR,li1,119.1400,133.2800,1.797047
_0728_,VPWR,li1,116.6100,127.8400,1.797519
_0727_,VPWR,li1,100.5100,138.7200,1.798303
_0726_,VPWR,li1,91.7700,138.7200,1.798429
_0725_,VPWR,li1,89.4700,138.7200,1.798463
_0724_,VPWR,li1,87.4000,138.7200,1.798505
_0723_,VPWR,li1,112.9300,138.7200,1.798137
_0722_,VPWR,li1,118.2200,138.7200,1.798090
_0721_,VPWR,li1,104.4200,138.7200,1.798249
_0720_,VPWR,li1,109.7100,133.2800,1.797159
_0719_,VPWR,li1,79.3500,138.7200,1.798636
_0718_,VPWR,li1,100.5100,133.2800,1.797283
_0717_,VPWR,li1,103.5000,133.2800,1.797236
_0716_,VPWR,li1,96.1400,127.8400,1.797737
_0715_,VPWR,li1,105.3400,122.4000,1.796184
_0714_,VPWR,li1,105.3400,116.9600,1.796086
_0713_,VPWR,li1,73.3700,111.5200,1.797343
_0712_,VPWR,li1,96.1400,122.4000,1.796418
_0711_,VPWR,li1,94.3000,106.0800,1.797435
_0710_,VPWR,li1,97.7500,111.5200,1.796750
_0709_,VPWR,li1,95.9100,111.5200,1.796797
_0708_,VPWR,li1,116.3800,116.9600,1.795888
_0707_,VPWR,li1,111.5500,111.5200,1.796529
_0706_,VPWR,li1,107.4100,106.0800,1.797218
_0705_,VPWR,li1,113.6200,127.8400,1.797536
_0704_,VPWR,li1,113.8500,116.9600,1.795926
_0703_,VPWR,li1,123.0500,111.5200,1.796437
_0702_,VPWR,li1,89.7000,116.9600,1.796512
_0701_,VPWR,li1,100.2800,111.5200,1.796712
_0700_,VPWR,li1,100.9700,122.4000,1.796304
_0699_,VPWR,li1,92.9200,116.9600,1.796450
_0698_,VPWR,li1,84.8700,111.5200,1.797015
_0697_,VPWR,li1,88.0900,111.5200,1.796944
_0696_,VPWR,li1,91.5400,111.5200,1.796905
_0695_,VPWR,li1,89.4700,116.9600,1.796512
_0694_,VPWR,li1,89.9300,111.5200,1.796905
_0693_,VPWR,li1,101.8900,116.9600,1.796193
_0692_,VPWR,li1,100.5100,122.4000,1.796304
_0691_,VPWR,li1,119.3700,116.9600,1.795845
_0690_,VPWR,li1,76.1300,116.9600,1.796989
_0689_,VPWR,li1,73.8300,122.4000,1.797161
_0688_,VPWR,li1,123.0500,106.0800,1.797041
_0687_,VPWR,li1,101.4300,127.8400,1.797646
_0686_,VPWR,li1,122.1300,100.6400,1.798459
_0685_,VPWR,li1,122.5900,111.5200,1.796444
_0684_,VPWR,li1,124.4300,111.5200,1.796437
_0683_,VPWR,li1,120.2900,106.0800,1.797055
_0682_,VPWR,li1,110.4000,127.8400,1.797570
_0681_,VPWR,li1,113.3900,122.4000,1.796088
_0680_,VPWR,li1,107.4100,133.2800,1.797201
_0679_,VPWR,li1,107.4100,138.7200,1.798209
_0678_,VPWR,li1,77.0500,106.0800,1.797830
_0677_,VPWR,li1,118.4500,111.5200,1.796455
_0676_,VPWR,li1,106.2600,111.5200,1.796620
_0675_,VPWR,li1,131.7900,95.2000,1.797366
_0674_,VPWR,li1,131.7900,106.0800,1.796984
_0673_,VPWR,li1,127.6500,100.6400,1.798445
_0672_,VPWR,li1,131.7900,89.7600,1.797613
_0671_,VPWR,li1,131.7900,122.4000,1.796007
_0670_,VPWR,li1,123.9700,46.2400,1.798023
_0669_,VPWR,li1,67.3900,13.6000,1.799273
_0668_,VPWR,li1,65.0900,138.7200,1.798872
_0667_,VPWR,li1,98.6700,40.8000,1.798561
_0666_,VPWR,li1,77.9700,19.0400,1.798240
_0665_,VPWR,li1,67.8500,19.0400,1.798425
_0664_,VPWR,li1,93.6100,19.0400,1.798024
_0663_,VPWR,li1,105.1100,13.6000,1.798948
_0662_,VPWR,li1,85.3300,13.6000,1.799101
_0661_,VPWR,li1,123.9700,57.1200,1.797813
_0660_,VPWR,li1,118.9100,84.3200,1.798033
_0659_,VPWR,li1,60.9500,138.7200,1.798956
_0658_,VPWR,li1,81.1900,19.0400,1.798195
_0657_,VPWR,li1,58.6500,19.0400,1.798654
_0656_,VPWR,li1,60.9500,133.2800,1.798298
_0655_,VPWR,li1,85.3300,13.6000,1.799101
_0654_,VPWR,li1,116.6100,19.0400,1.797886
_0653_,VPWR,li1,127.6500,51.6800,1.798753
_0652_,VPWR,li1,121.2100,89.7600,1.797628
_0651_,VPWR,li1,97.2900,19.0400,1.797996
_0650_,VPWR,li1,128.1100,19.0400,1.797867
_0649_,VPWR,li1,126.2700,35.3600,1.798810
_0648_,VPWR,li1,109.7100,19.0400,1.797916
_0647_,VPWR,li1,123.5100,51.6800,1.798754
_0646_,VPWR,li1,123.9700,40.8000,1.798517
_0645_,VPWR,li1,126.7300,57.1200,1.797811
_0644_,VPWR,li1,122.5900,95.2000,1.797387
_0643_,VPWR,li1,126.2700,89.7600,1.797618
_0642_,VPWR,li1,125.8100,40.8000,1.798516
_0641_,VPWR,li1,119.3700,19.0400,1.797879
_0640_,VPWR,li1,85.3300,78.8800,1.798689
_0639_,VPWR,li1,128.1100,13.6000,1.798886
_0638_,VPWR,li1,126.2700,46.2400,1.798021
_0637_,VPWR,li1,119.1400,73.4400,1.797339
_0636_,VPWR,li1,53.5900,73.4400,1.798606
_0635_,VPWR,li1,53.1300,73.4400,1.798606
_0634_,VPWR,li1,46.6900,73.4400,1.798780
_0633_,VPWR,li1,42.3200,78.8800,1.799345
_0632_,VPWR,li1,39.7900,78.8800,1.799396
_0631_,VPWR,li1,97.9800,68.0000,1.798828
_0630_,VPWR,li1,94.0700,73.4400,1.797688
_0629_,VPWR,li1,115.4600,78.8800,1.798453
_0628_,VPWR,li1,111.0900,78.8800,1.798481
_0627_,VPWR,li1,128.1100,57.1200,1.797810
_0626_,VPWR,li1,104.4200,62.5600,1.798292
_0625_,VPWR,li1,60.0300,62.5600,1.798823
_0624_,VPWR,li1,54.9700,57.1200,1.798694
_0623_,VPWR,li1,55.8900,57.1200,1.798694
_0622_,VPWR,li1,54.2800,62.5600,1.798932
_0621_,VPWR,li1,54.0500,68.0000,1.799143
_0620_,VPWR,li1,93.8400,62.5600,1.798377
_0619_,VPWR,li1,93.1500,57.1200,1.798092
_0618_,VPWR,li1,109.0200,62.5600,1.798277
_0617_,VPWR,li1,100.5100,68.0000,1.798816
_0616_,VPWR,li1,125.3500,84.3200,1.798003
_0615_,VPWR,li1,83.7200,89.7600,1.797963
_0614_,VPWR,li1,75.2100,89.7600,1.798130
_0613_,VPWR,li1,74.9800,84.3200,1.798480
_0612_,VPWR,li1,67.8500,84.3200,1.798585
_0611_,VPWR,li1,47.1500,100.6400,1.799038
_0610_,VPWR,li1,51.9800,89.7600,1.798692
_0609_,VPWR,li1,46.2300,106.0800,1.798761
_0608_,VPWR,li1,74.7500,100.6400,1.798642
_0607_,VPWR,li1,83.2600,95.2000,1.797738
_0606_,VPWR,li1,80.7300,95.2000,1.797771
_0605_,VPWR,li1,127.1900,40.8000,1.798516
_0604_,VPWR,li1,105.8000,46.2400,1.798094
_0603_,VPWR,li1,48.5300,51.6800,1.799196
_0602_,VPWR,li1,43.9300,51.6800,1.799279
_0601_,VPWR,li1,41.1700,46.2400,1.799210
_0600_,VPWR,li1,26.6800,57.1200,1.799492
_0599_,VPWR,li1,24.1500,57.1200,1.799574
_0598_,VPWR,li1,70.3800,57.1200,1.798421
_0597_,VPWR,li1,67.8500,62.5600,1.798703
_0596_,VPWR,li1,103.5000,46.2400,1.798116
_0595_,VPWR,li1,98.6700,51.6800,1.798803
_0594_,VPWR,li1,128.1100,24.4800,1.797807
_0593_,VPWR,li1,97.5200,24.4800,1.797967
_0592_,VPWR,li1,50.8300,29.9200,1.799475
_0591_,VPWR,li1,46.2300,24.4800,1.798881
_0590_,VPWR,li1,43.4700,19.0400,1.798999
_0589_,VPWR,li1,46.4600,29.9200,1.799524
_0588_,VPWR,li1,41.6300,35.3600,1.799497
_0587_,VPWR,li1,65.7800,29.9200,1.799354
_0586_,VPWR,li1,71.9900,35.3600,1.799106
_0585_,VPWR,li1,99.3600,29.9200,1.799203
_0584_,VPWR,li1,99.5900,35.3600,1.798904
_0583_,VPWR,li1,127.6500,35.3600,1.798810
_0582_,VPWR,li1,121.2100,35.3600,1.798819
_0581_,VPWR,li1,36.5700,40.8000,1.799338
_0580_,VPWR,li1,33.3500,35.3600,1.799609
_0579_,VPWR,li1,28.2900,40.8000,1.799563
_0578_,VPWR,li1,27.1400,40.8000,1.799563
_0577_,VPWR,li1,22.3100,35.3600,1.799813
_0576_,VPWR,li1,65.7800,40.8000,1.798843
_0575_,VPWR,li1,81.1900,35.3600,1.799027
_0574_,VPWR,li1,115.9200,40.8000,1.798526
_0573_,VPWR,li1,112.0100,40.8000,1.798531
_0572_,VPWR,li1,126.7300,24.4800,1.797807
_0571_,VPWR,li1,107.6400,24.4800,1.797867
_0570_,VPWR,li1,60.0300,24.4800,1.798570
_0569_,VPWR,li1,59.1100,24.4800,1.798570
_0568_,VPWR,li1,55.4300,19.0400,1.798735
_0567_,VPWR,li1,55.6600,24.4800,1.798684
_0566_,VPWR,li1,46.6900,19.0400,1.798915
_0565_,VPWR,li1,82.3400,29.9200,1.799265
_0564_,VPWR,li1,73.8300,24.4800,1.798319
_0563_,VPWR,li1,103.5000,24.4800,1.797900
_0562_,VPWR,li1,100.9700,19.0400,1.797958
_0561_,VPWR,li1,126.2700,62.5600,1.798231
_0560_,VPWR,li1,118.4500,62.5600,1.798237
_0559_,VPWR,li1,116.8400,51.6800,1.798762
_0558_,VPWR,li1,106.4900,57.1200,1.797940
_0557_,VPWR,li1,85.3300,62.5600,1.798472
_0556_,VPWR,li1,40.7100,57.1200,1.799062
_0555_,VPWR,li1,41.8600,62.5600,1.799239
_0554_,VPWR,li1,40.7100,62.5600,1.799239
_0553_,VPWR,li1,82.5700,62.5600,1.798497
_0552_,VPWR,li1,85.1000,57.1200,1.798196
_0551_,VPWR,li1,84.8700,51.6800,1.798857
_0550_,VPWR,li1,127.6500,46.2400,1.798021
_0549_,VPWR,li1,121.2100,46.2400,1.798027
_0548_,VPWR,li1,43.9300,46.2400,1.799135
_0547_,VPWR,li1,39.7900,46.2400,1.799210
_0546_,VPWR,li1,38.8700,40.8000,1.799293
_0545_,VPWR,li1,29.4400,51.6800,1.799565
_0544_,VPWR,li1,20.4700,51.6800,1.799761
_0543_,VPWR,li1,66.7000,46.2400,1.798646
_0542_,VPWR,li1,63.7100,51.6800,1.798999
_0541_,VPWR,li1,115.9200,51.6800,1.798762
_0540_,VPWR,li1,111.5500,51.6800,1.798770
_0539_,VPWR,li1,126.7300,57.1200,1.797811
_0538_,VPWR,li1,119.8300,68.0000,1.798738
_0537_,VPWR,li1,32.8900,68.0000,1.799480
_0536_,VPWR,li1,33.3500,68.0000,1.799480
_0535_,VPWR,li1,25.9900,73.4400,1.799486
_0534_,VPWR,li1,27.1400,68.0000,1.799625
_0533_,VPWR,li1,29.2100,73.4400,1.799366
_0532_,VPWR,li1,69.4600,68.0000,1.798999
_0531_,VPWR,li1,70.1500,62.5600,1.798676
_0530_,VPWR,li1,119.1400,68.0000,1.798738
_0529_,VPWR,li1,113.8500,62.5600,1.798253
_0528_,VPWR,li1,124.4300,84.3200,1.798003
_0527_,VPWR,li1,119.3700,89.7600,1.797637
_0526_,VPWR,li1,34.2700,84.3200,1.799324
_0525_,VPWR,li1,29.6700,84.3200,1.799434
_0524_,VPWR,li1,25.5300,89.7600,1.799513
_0523_,VPWR,li1,29.4400,84.3200,1.799434
_0522_,VPWR,li1,33.3500,84.3200,1.799324
_0521_,VPWR,li1,98.4400,84.3200,1.798191
_0520_,VPWR,li1,118.9100,78.8800,1.798442
_0519_,VPWR,li1,116.3800,89.7600,1.797649
_0518_,VPWR,li1,112.0100,95.2000,1.797439
_0517_,VPWR,li1,127.6500,84.3200,1.797994
_0516_,VPWR,li1,93.3800,89.7600,1.797818
_0515_,VPWR,li1,91.0800,89.7600,1.797847
_0514_,VPWR,li1,37.4900,95.2000,1.798935
_0513_,VPWR,li1,34.0400,95.2000,1.799063
_0512_,VPWR,li1,38.8700,95.2000,1.798935
_0511_,VPWR,li1,85.3300,84.3200,1.798340
_0510_,VPWR,li1,103.5000,95.2000,1.797501
_0509_,VPWR,li1,105.1100,89.7600,1.797732
_0508_,VPWR,li1,89.4700,89.7600,1.797879
_0507_,VPWR,li1,84.8700,95.2000,1.797699
_0506_,VPWR,li1,129.0300,51.6800,1.798753
_0505_,VPWR,li1,90.1600,40.8000,1.798593
_0504_,VPWR,li1,57.7300,40.8000,1.798953
_0503_,VPWR,li1,53.5900,40.8000,1.799047
_0502_,VPWR,li1,53.5900,35.3600,1.799325
_0501_,VPWR,li1,54.2800,46.2400,1.798891
_0500_,VPWR,li1,51.2900,46.2400,1.798957
_0499_,VPWR,li1,74.9800,40.8000,1.798744
_0498_,VPWR,li1,76.5900,35.3600,1.799067
_0497_,VPWR,li1,86.9400,35.3600,1.798984
_0496_,VPWR,li1,84.8700,46.2400,1.798342
_0495_,VPWR,li1,125.3500,24.4800,1.797807
_0494_,VPWR,li1,123.0500,24.4800,1.797808
_0493_,VPWR,li1,37.4900,24.4800,1.799113
_0492_,VPWR,li1,37.0300,19.0400,1.799179
_0491_,VPWR,li1,33.8100,13.6000,1.799689
_0490_,VPWR,li1,26.2200,29.9200,1.799776
_0489_,VPWR,li1,20.4700,24.4800,1.799649
_0488_,VPWR,li1,82.8000,24.4800,1.798169
_0487_,VPWR,li1,78.4300,13.6000,1.799180
_0486_,VPWR,li1,121.9000,24.4800,1.797811
_0485_,VPWR,li1,114.3100,19.0400,1.797893
_0484_,VPWR,li1,126.7300,73.4400,1.797321
_0483_,VPWR,li1,82.3400,78.8800,1.798719
_0482_,VPWR,li1,71.5300,78.8800,1.798855
_0481_,VPWR,li1,53.1300,78.8800,1.799142
_0480_,VPWR,li1,51.9800,84.3200,1.798883
_0479_,VPWR,li1,68.7700,78.8800,1.798918
_0478_,VPWR,li1,68.0800,73.4400,1.798194
_0477_,VPWR,li1,64.6300,73.4400,1.798278
_0476_,VPWR,li1,88.7800,73.4400,1.797776
_0475_,VPWR,li1,84.8700,68.0000,1.798905
_0474_,VPWR,li1,59.1100,84.3200,1.798738
_0473_,VPWR,li1,135.4700,19.0400,1.797865
_0472_,VPWR,li1,92.9200,19.0400,1.798024
_0471_,VPWR,li1,39.7900,19.0400,1.799098
_0470_,VPWR,li1,31.9700,24.4800,1.799294
_0469_,VPWR,li1,29.6700,29.9200,1.799729
_0468_,VPWR,li1,33.5800,19.0400,1.799284
_0467_,VPWR,li1,24.1500,19.0400,1.799583
_0466_,VPWR,li1,68.0800,24.4800,1.798416
_0465_,VPWR,li1,62.7900,24.4800,1.798498
_0464_,VPWR,li1,92.4600,24.4800,1.798030
_0463_,VPWR,li1,91.3100,24.4800,1.798030
_0462_,VPWR,li1,106.9500,100.6400,1.798490
_0461_,VPWR,li1,105.3400,111.5200,1.796620
_0460_,VPWR,li1,123.9700,116.9600,1.795785
_0459_,VPWR,li1,117.5300,106.0800,1.797082
_0458_,VPWR,li1,135.0100,122.4000,1.796006
_0457_,VPWR,li1,121.6700,116.9600,1.795819
_0456_,VPWR,li1,130.8700,133.2800,1.796973
_0455_,VPWR,li1,81.6500,133.2800,1.797686
_0454_,VPWR,li1,77.0500,111.5200,1.797229
_0453_,VPWR,li1,112.7000,106.0800,1.797143
_0452_,VPWR,li1,96.8300,106.0800,1.797380
_0451_,VPWR,li1,125.3500,106.0800,1.797024
_0450_,VPWR,li1,123.9700,106.0800,1.797024
_0449_,VPWR,li1,132.7100,100.6400,1.798442
_0448_,VPWR,li1,132.2500,111.5200,1.796420
_0447_,VPWR,li1,128.1100,106.0800,1.797001
_0446_,VPWR,li1,132.9400,111.5200,1.796420
_0445_,VPWR,li1,134.0900,116.9600,1.795734
_0444_,VPWR,li1,95.4500,133.2800,1.797414
_0443_,VPWR,li1,125.8100,116.9600,1.795763
_0442_,VPWR,li1,117.7600,116.9600,1.795888
_0441_,VPWR,li1,114.5400,116.9600,1.795926
_0440_,VPWR,li1,92.2300,106.0800,1.797480
_0439_,VPWR,li1,98.2100,127.8400,1.797685
_0438_,VPWR,li1,100.5100,116.9600,1.796193
_0437_,VPWR,li1,102.3500,84.3200,1.798159
_0436_,VPWR,li1,55.4300,89.7600,1.798595
_0435_,VPWR,li1,100.9700,84.3200,1.798159
_0434_,VPWR,li1,61.6400,95.2000,1.798182
_0433_,VPWR,li1,99.1300,84.3200,1.798191
_0432_,VPWR,li1,72.2200,95.2000,1.797930
_0431_,VPWR,li1,101.4300,95.2000,1.797517
_0430_,VPWR,li1,62.1000,100.6400,1.798801
_0429_,VPWR,li1,39.3300,89.7600,1.799077
_0428_,VPWR,li1,51.9800,100.6400,1.798946
_0427_,VPWR,li1,37.9500,89.7600,1.799148
_0426_,VPWR,li1,52.9000,95.2000,1.798415
_0425_,VPWR,li1,40.7100,89.7600,1.799077
_0424_,VPWR,li1,52.9000,100.6400,1.798946
_0423_,VPWR,li1,38.4100,89.7600,1.799148
_0422_,VPWR,li1,56.8100,100.6400,1.798888
_0421_,VPWR,li1,102.3500,84.3200,1.798159
_0420_,VPWR,li1,65.3200,95.2000,1.798111
_0419_,VPWR,li1,100.0500,95.2000,1.797537
_0418_,VPWR,li1,65.3200,100.6400,1.798743
_0417_,VPWR,li1,97.7500,84.3200,1.798191
_0416_,VPWR,li1,63.9400,95.2000,1.798111
_0415_,VPWR,li1,88.5500,95.2000,1.797662
_0414_,VPWR,li1,65.5500,106.0800,1.798156
_0413_,VPWR,li1,37.4900,84.3200,1.799263
_0412_,VPWR,li1,55.2000,95.2000,1.798342
_0411_,VPWR,li1,37.4900,106.0800,1.799065
_0410_,VPWR,li1,55.4300,100.6400,1.798888
_0409_,VPWR,li1,37.4900,84.3200,1.799263
_0408_,VPWR,li1,59.1100,95.2000,1.798235
_0407_,VPWR,li1,59.5700,84.3200,1.798738
_0406_,VPWR,li1,84.1800,106.0800,1.797659
_0405_,VPWR,li1,81.6500,122.4000,1.796835
_0404_,VPWR,li1,71.0700,122.4000,1.797342
_0403_,VPWR,li1,80.7300,127.8400,1.797979
_0402_,VPWR,li1,83.9500,133.2800,1.797642
_0401_,VPWR,li1,85.7900,116.9600,1.796639
_0400_,VPWR,li1,119.8300,106.0800,1.797055
_0399_,VPWR,li1,119.8300,111.5200,1.796455
_0398_,VPWR,li1,68.5400,95.2000,1.798033
_0397_,VPWR,li1,51.7500,95.2000,1.798496
_0396_,VPWR,li1,83.9500,116.9600,1.796751
_0395_,VPWR,li1,92.6900,111.5200,1.796848
_0394_,VPWR,li1,111.3200,116.9600,1.795980
_0393_,VPWR,li1,117.9900,116.9600,1.795888
_0392_,VPWR,li1,93.1500,127.8400,1.797767
_0391_,VPWR,li1,73.8300,138.7200,1.798714
_0390_,VPWR,li1,94.9900,116.9600,1.796327
