
===========================================================================
report_checks -path_delay max (Setup)
============================================================================
======================= nom_ss_100C_1v60 Corner ===================================

Startpoint: _300_ (rising edge-triggered flip-flop clocked by clk)
Endpoint: _271_ (rising edge-triggered flip-flop clocked by clk)
Path Group: clk
Path Type: max

Fanout         Cap        Slew       Delay        Time   Description
---------------------------------------------------------------------------------------------
                                  0.000000    0.000000   clock clk (rise edge)
                                  0.000000    0.000000   clock source latency
     1    0.013636    0.106050    0.070490    0.070490 ^ clk (in)
                                                         clk (net)
                      0.106051    0.000000    0.070490 ^ clkbuf_0_clk/A (sky130_fd_sc_hd__clkbuf_16)
     4    0.042477    0.097079    0.269430    0.339920 ^ clkbuf_0_clk/X (sky130_fd_sc_hd__clkbuf_16)
                                                         clknet_0_clk (net)
                      0.097122    0.000829    0.340749 ^ clkbuf_2_3__f_clk/A (sky130_fd_sc_hd__clkbuf_16)
     8    0.033610    0.085491    0.253137    0.593885 ^ clkbuf_2_3__f_clk/X (sky130_fd_sc_hd__clkbuf_16)
                                                         clknet_2_3__leaf_clk (net)
                      0.085494    0.000669    0.594554 ^ _300_/CLK (sky130_fd_sc_hd__dfrtp_1)
     3    0.011340    0.150509    0.822539    1.417093 v _300_/Q (sky130_fd_sc_hd__dfrtp_1)
                                                         current_state[1] (net)
                      0.150509    0.000189    1.417282 v fanout50/A (sky130_fd_sc_hd__buf_2)
    10    0.033249    0.162002    0.379732    1.797014 v fanout50/X (sky130_fd_sc_hd__buf_2)
                                                         net50 (net)
                      0.162002    0.000438    1.797451 v _147_/B (sky130_fd_sc_hd__or4b_4)
     4    0.016938    0.193693    1.126491    2.923943 v _147_/X (sky130_fd_sc_hd__or4b_4)
                                                         _124_ (net)
                      0.193693    0.000557    2.924500 v _148_/A (sky130_fd_sc_hd__inv_2)
     8    0.044281    0.325390    0.332725    3.257224 ^ _148_/Y (sky130_fd_sc_hd__inv_2)
                                                         net32 (net)
                      0.325398    0.001392    3.258616 ^ fanout41/A (sky130_fd_sc_hd__buf_6)
    10    0.037806    0.134473    0.335084    3.593699 ^ fanout41/X (sky130_fd_sc_hd__buf_6)
                                                         net41 (net)
                      0.134478    0.001086    3.594786 ^ _198_/C (sky130_fd_sc_hd__nor3_1)
     2    0.005523    0.104332    0.121044    3.715830 v _198_/Y (sky130_fd_sc_hd__nor3_1)
                                                         _053_ (net)
                      0.104332    0.000121    3.715951 v max_cap40/A (sky130_fd_sc_hd__buf_1)
     3    0.010303    0.128055    0.240129    3.956080 v max_cap40/X (sky130_fd_sc_hd__buf_1)
                                                         net40 (net)
                      0.128055    0.000237    3.956317 v _204_/B1 (sky130_fd_sc_hd__a221o_1)
     1    0.004159    0.106657    0.580879    4.537196 v _204_/X (sky130_fd_sc_hd__a221o_1)
                                                         _059_ (net)
                      0.106657    0.000144    4.537340 v _205_/A0 (sky130_fd_sc_hd__mux2_1)
     1    0.002328    0.105862    0.633750    5.171090 v _205_/X (sky130_fd_sc_hd__mux2_1)
                                                         _008_ (net)
                      0.105862    0.000066    5.171156 v _271_/D (sky130_fd_sc_hd__dfrtp_2)
                                              5.171156   data arrival time

                                  5.000000    5.000000   clock clk (rise edge)
                                  0.000000    5.000000   clock source latency
     1    0.013636    0.106050    0.070490    5.070490 ^ clk (in)
                                                         clk (net)
                      0.106051    0.000000    5.070490 ^ clkbuf_0_clk/A (sky130_fd_sc_hd__clkbuf_16)
     4    0.042477    0.097079    0.269430    5.339920 ^ clkbuf_0_clk/X (sky130_fd_sc_hd__clkbuf_16)
                                                         clknet_0_clk (net)
                      0.097159    0.001623    5.341543 ^ clkbuf_2_1__f_clk/A (sky130_fd_sc_hd__clkbuf_16)
    12    0.035064    0.087502    0.254989    5.596532 ^ clkbuf_2_1__f_clk/X (sky130_fd_sc_hd__clkbuf_16)
                                                         clknet_2_1__leaf_clk (net)
                      0.087535    0.001590    5.598123 ^ _271_/CLK (sky130_fd_sc_hd__dfrtp_2)
                                 -0.250000    5.348123   clock uncertainty
                                  0.000000    5.348123   clock reconvergence pessimism
                                 -0.286914    5.061209   library setup time
                                              5.061209   data required time
---------------------------------------------------------------------------------------------
                                              5.061209   data required time
                                             -5.171156   data arrival time
---------------------------------------------------------------------------------------------
                                             -0.109947   slack (VIOLATED)


Startpoint: _300_ (rising edge-triggered flip-flop clocked by clk)
Endpoint: _272_ (rising edge-triggered flip-flop clocked by clk)
Path Group: clk
Path Type: max

Fanout         Cap        Slew       Delay        Time   Description
---------------------------------------------------------------------------------------------
                                  0.000000    0.000000   clock clk (rise edge)
                                  0.000000    0.000000   clock source latency
     1    0.013636    0.106050    0.070490    0.070490 ^ clk (in)
                                                         clk (net)
                      0.106051    0.000000    0.070490 ^ clkbuf_0_clk/A (sky130_fd_sc_hd__clkbuf_16)
     4    0.042477    0.097079    0.269430    0.339920 ^ clkbuf_0_clk/X (sky130_fd_sc_hd__clkbuf_16)
                                                         clknet_0_clk (net)
                      0.097122    0.000829    0.340749 ^ clkbuf_2_3__f_clk/A (sky130_fd_sc_hd__clkbuf_16)
     8    0.033610    0.085491    0.253137    0.593885 ^ clkbuf_2_3__f_clk/X (sky130_fd_sc_hd__clkbuf_16)
                                                         clknet_2_3__leaf_clk (net)
                      0.085494    0.000669    0.594554 ^ _300_/CLK (sky130_fd_sc_hd__dfrtp_1)
     3    0.011340    0.150509    0.822539    1.417093 v _300_/Q (sky130_fd_sc_hd__dfrtp_1)
                                                         current_state[1] (net)
                      0.150509    0.000189    1.417282 v fanout50/A (sky130_fd_sc_hd__buf_2)
    10    0.033249    0.162002    0.379732    1.797014 v fanout50/X (sky130_fd_sc_hd__buf_2)
                                                         net50 (net)
                      0.162002    0.000438    1.797451 v _147_/B (sky130_fd_sc_hd__or4b_4)
     4    0.016938    0.193693    1.126491    2.923943 v _147_/X (sky130_fd_sc_hd__or4b_4)
                                                         _124_ (net)
                      0.193693    0.000557    2.924500 v _148_/A (sky130_fd_sc_hd__inv_2)
     8    0.044281    0.325390    0.332725    3.257224 ^ _148_/Y (sky130_fd_sc_hd__inv_2)
                                                         net32 (net)
                      0.325398    0.001392    3.258616 ^ fanout41/A (sky130_fd_sc_hd__buf_6)
    10    0.037806    0.134473    0.335084    3.593699 ^ fanout41/X (sky130_fd_sc_hd__buf_6)
                                                         net41 (net)
                      0.134478    0.001086    3.594786 ^ _198_/C (sky130_fd_sc_hd__nor3_1)
     2    0.005523    0.104332    0.121044    3.715830 v _198_/Y (sky130_fd_sc_hd__nor3_1)
                                                         _053_ (net)
                      0.104332    0.000121    3.715951 v max_cap40/A (sky130_fd_sc_hd__buf_1)
     3    0.010303    0.128055    0.240129    3.956080 v max_cap40/X (sky130_fd_sc_hd__buf_1)
                                                         net40 (net)
                      0.128055    0.000234    3.956315 v _212_/A2 (sky130_fd_sc_hd__a211o_1)
     1    0.003337    0.090101    0.564537    4.520852 v _212_/X (sky130_fd_sc_hd__a211o_1)
                                                         _066_ (net)
                      0.090101    0.000114    4.520965 v _213_/A0 (sky130_fd_sc_hd__mux2_1)
     1    0.002373    0.106254    0.628062    5.149027 v _213_/X (sky130_fd_sc_hd__mux2_1)
                                                         _009_ (net)
                      0.106254    0.000066    5.149093 v _272_/D (sky130_fd_sc_hd__dfrtp_2)
                                              5.149093   data arrival time

                                  5.000000    5.000000   clock clk (rise edge)
                                  0.000000    5.000000   clock source latency
     1    0.013636    0.106050    0.070490    5.070490 ^ clk (in)
                                                         clk (net)
                      0.106051    0.000000    5.070490 ^ clkbuf_0_clk/A (sky130_fd_sc_hd__clkbuf_16)
     4    0.042477    0.097079    0.269430    5.339920 ^ clkbuf_0_clk/X (sky130_fd_sc_hd__clkbuf_16)
                                                         clknet_0_clk (net)
                      0.097159    0.001623    5.341543 ^ clkbuf_2_1__f_clk/A (sky130_fd_sc_hd__clkbuf_16)
    12    0.035064    0.087502    0.254989    5.596532 ^ clkbuf_2_1__f_clk/X (sky130_fd_sc_hd__clkbuf_16)
                                                         clknet_2_1__leaf_clk (net)
                      0.087532    0.001514    5.598047 ^ _272_/CLK (sky130_fd_sc_hd__dfrtp_2)
                                 -0.250000    5.348047   clock uncertainty
                                  0.000000    5.348047   clock reconvergence pessimism
                                 -0.287078    5.060968   library setup time
                                              5.060968   data required time
---------------------------------------------------------------------------------------------
                                              5.060968   data required time
                                             -5.149093   data arrival time
---------------------------------------------------------------------------------------------
                                             -0.088125   slack (VIOLATED)


Startpoint: _300_ (rising edge-triggered flip-flop clocked by clk)
Endpoint: _273_ (rising edge-triggered flip-flop clocked by clk)
Path Group: clk
Path Type: max

Fanout         Cap        Slew       Delay        Time   Description
---------------------------------------------------------------------------------------------
                                  0.000000    0.000000   clock clk (rise edge)
                                  0.000000    0.000000   clock source latency
     1    0.013636    0.106050    0.070490    0.070490 ^ clk (in)
                                                         clk (net)
                      0.106051    0.000000    0.070490 ^ clkbuf_0_clk/A (sky130_fd_sc_hd__clkbuf_16)
     4    0.042477    0.097079    0.269430    0.339920 ^ clkbuf_0_clk/X (sky130_fd_sc_hd__clkbuf_16)
                                                         clknet_0_clk (net)
                      0.097122    0.000829    0.340749 ^ clkbuf_2_3__f_clk/A (sky130_fd_sc_hd__clkbuf_16)
     8    0.033610    0.085491    0.253137    0.593885 ^ clkbuf_2_3__f_clk/X (sky130_fd_sc_hd__clkbuf_16)
                                                         clknet_2_3__leaf_clk (net)
                      0.085494    0.000669    0.594554 ^ _300_/CLK (sky130_fd_sc_hd__dfrtp_1)
     3    0.011340    0.150509    0.822539    1.417093 v _300_/Q (sky130_fd_sc_hd__dfrtp_1)
                                                         current_state[1] (net)
                      0.150509    0.000189    1.417282 v fanout50/A (sky130_fd_sc_hd__buf_2)
    10    0.033249    0.162002    0.379732    1.797014 v fanout50/X (sky130_fd_sc_hd__buf_2)
                                                         net50 (net)
                      0.162002    0.000438    1.797451 v _147_/B (sky130_fd_sc_hd__or4b_4)
     4    0.016938    0.193693    1.126491    2.923943 v _147_/X (sky130_fd_sc_hd__or4b_4)
                                                         _124_ (net)
                      0.193693    0.000557    2.924500 v _148_/A (sky130_fd_sc_hd__inv_2)
     8    0.044281    0.325390    0.332725    3.257224 ^ _148_/Y (sky130_fd_sc_hd__inv_2)
                                                         net32 (net)
                      0.325398    0.001392    3.258616 ^ fanout41/A (sky130_fd_sc_hd__buf_6)
    10    0.037806    0.134473    0.335084    3.593699 ^ fanout41/X (sky130_fd_sc_hd__buf_6)
                                                         net41 (net)
                      0.134478    0.001086    3.594786 ^ _198_/C (sky130_fd_sc_hd__nor3_1)
     2    0.005523    0.104332    0.121044    3.715830 v _198_/Y (sky130_fd_sc_hd__nor3_1)
                                                         _053_ (net)
                      0.104332    0.000121    3.715951 v max_cap40/A (sky130_fd_sc_hd__buf_1)
     3    0.010303    0.128055    0.240129    3.956080 v max_cap40/X (sky130_fd_sc_hd__buf_1)
                                                         net40 (net)
                      0.128055    0.000246    3.956326 v _220_/A2 (sky130_fd_sc_hd__a211o_1)
     1    0.002347    0.080654    0.550277    4.506602 v _220_/X (sky130_fd_sc_hd__a211o_1)
                                                         _073_ (net)
                      0.080654    0.000067    4.506669 v _221_/A0 (sky130_fd_sc_hd__mux2_1)
     1    0.002574    0.107685    0.627813    5.134482 v _221_/X (sky130_fd_sc_hd__mux2_1)
                                                         _010_ (net)
                      0.107685    0.000073    5.134556 v _273_/D (sky130_fd_sc_hd__dfrtp_1)
                                              5.134556   data arrival time

                                  5.000000    5.000000   clock clk (rise edge)
                                  0.000000    5.000000   clock source latency
     1    0.013636    0.106050    0.070490    5.070490 ^ clk (in)
                                                         clk (net)
                      0.106051    0.000000    5.070490 ^ clkbuf_0_clk/A (sky130_fd_sc_hd__clkbuf_16)
     4    0.042477    0.097079    0.269430    5.339920 ^ clkbuf_0_clk/X (sky130_fd_sc_hd__clkbuf_16)
                                                         clknet_0_clk (net)
                      0.097159    0.001623    5.341543 ^ clkbuf_2_1__f_clk/A (sky130_fd_sc_hd__clkbuf_16)
    12    0.035064    0.087502    0.254989    5.596532 ^ clkbuf_2_1__f_clk/X (sky130_fd_sc_hd__clkbuf_16)
                                                         clknet_2_1__leaf_clk (net)
                      0.087531    0.001493    5.598025 ^ _273_/CLK (sky130_fd_sc_hd__dfrtp_1)
                                 -0.250000    5.348025   clock uncertainty
                                  0.000000    5.348025   clock reconvergence pessimism
                                 -0.287604    5.060421   library setup time
                                              5.060421   data required time
---------------------------------------------------------------------------------------------
                                              5.060421   data required time
                                             -5.134556   data arrival time
---------------------------------------------------------------------------------------------
                                             -0.074134   slack (VIOLATED)


Startpoint: _299_ (rising edge-triggered flip-flop clocked by clk)
Endpoint: _277_ (rising edge-triggered flip-flop clocked by clk)
Path Group: clk
Path Type: max

Fanout         Cap        Slew       Delay        Time   Description
---------------------------------------------------------------------------------------------
                                  0.000000    0.000000   clock clk (rise edge)
                                  0.000000    0.000000   clock source latency
     1    0.013636    0.106050    0.070490    0.070490 ^ clk (in)
                                                         clk (net)
                      0.106051    0.000000    0.070490 ^ clkbuf_0_clk/A (sky130_fd_sc_hd__clkbuf_16)
     4    0.042477    0.097079    0.269430    0.339920 ^ clkbuf_0_clk/X (sky130_fd_sc_hd__clkbuf_16)
                                                         clknet_0_clk (net)
                      0.097130    0.001008    0.340928 ^ clkbuf_2_2__f_clk/A (sky130_fd_sc_hd__clkbuf_16)
    10    0.033197    0.084831    0.252503    0.593431 ^ clkbuf_2_2__f_clk/X (sky130_fd_sc_hd__clkbuf_16)
                                                         clknet_2_2__leaf_clk (net)
                      0.084831    0.000383    0.593814 ^ _299_/CLK (sky130_fd_sc_hd__dfrtp_1)
     3    0.013657    0.165136    0.843479    1.437293 v _299_/Q (sky130_fd_sc_hd__dfrtp_1)
                                                         current_state[0] (net)
                      0.165136    0.000303    1.437595 v fanout51/A (sky130_fd_sc_hd__clkbuf_4)
    10    0.033644    0.137136    0.368524    1.806120 v fanout51/X (sky130_fd_sc_hd__clkbuf_4)
                                                         net51 (net)
                      0.137136    0.000627    1.806747 v _147_/D_N (sky130_fd_sc_hd__or4b_4)
     4    0.017857    0.109628    0.473333    2.280079 ^ _147_/X (sky130_fd_sc_hd__or4b_4)
                                                         _124_ (net)
                      0.109629    0.000589    2.280668 ^ _148_/A (sky130_fd_sc_hd__inv_2)
     8    0.042088    0.180989    0.192282    2.472951 v _148_/Y (sky130_fd_sc_hd__inv_2)
                                                         net32 (net)
                      0.181047    0.001317    2.474267 v fanout41/A (sky130_fd_sc_hd__buf_6)
    10    0.036082    0.078232    0.302317    2.776584 v fanout41/X (sky130_fd_sc_hd__buf_6)
                                                         net41 (net)
                      0.078232    0.000470    2.777055 v _157_/B1 (sky130_fd_sc_hd__a2bb2o_4)
     6    0.026907    0.109331    0.457901    3.234956 v _157_/X (sky130_fd_sc_hd__a2bb2o_4)
                                                         _020_ (net)
                      0.109339    0.000994    3.235950 v _229_/A (sky130_fd_sc_hd__or4_4)
     3    0.016128    0.192082    1.133525    4.369475 v _229_/X (sky130_fd_sc_hd__or4_4)
                                                         _080_ (net)
                      0.192082    0.000389    4.369864 v _242_/S (sky130_fd_sc_hd__mux2_1)
     1    0.002511    0.107166    0.731262    5.101126 v _242_/X (sky130_fd_sc_hd__mux2_1)
                                                         _014_ (net)
                      0.107166    0.000076    5.101202 v _277_/D (sky130_fd_sc_hd__dfrtp_1)
                                              5.101202   data arrival time

                                  5.000000    5.000000   clock clk (rise edge)
                                  0.000000    5.000000   clock source latency
     1    0.013636    0.106050    0.070490    5.070490 ^ clk (in)
                                                         clk (net)
                      0.106051    0.000000    5.070490 ^ clkbuf_0_clk/A (sky130_fd_sc_hd__clkbuf_16)
     4    0.042477    0.097079    0.269430    5.339920 ^ clkbuf_0_clk/X (sky130_fd_sc_hd__clkbuf_16)
                                                         clknet_0_clk (net)
                      0.097130    0.001008    5.340928 ^ clkbuf_2_2__f_clk/A (sky130_fd_sc_hd__clkbuf_16)
    10    0.033197    0.084831    0.252503    5.593431 ^ clkbuf_2_2__f_clk/X (sky130_fd_sc_hd__clkbuf_16)
                                                         clknet_2_2__leaf_clk (net)
                      0.084843    0.001021    5.594452 ^ _277_/CLK (sky130_fd_sc_hd__dfrtp_1)
                                 -0.250000    5.344452   clock uncertainty
                                  0.000000    5.344452   clock reconvergence pessimism
                                 -0.288105    5.056347   library setup time
                                              5.056347   data required time
---------------------------------------------------------------------------------------------
                                              5.056347   data required time
                                             -5.101202   data arrival time
---------------------------------------------------------------------------------------------
                                             -0.044855   slack (VIOLATED)


Startpoint: _299_ (rising edge-triggered flip-flop clocked by clk)
Endpoint: _276_ (rising edge-triggered flip-flop clocked by clk)
Path Group: clk
Path Type: max

Fanout         Cap        Slew       Delay        Time   Description
---------------------------------------------------------------------------------------------
                                  0.000000    0.000000   clock clk (rise edge)
                                  0.000000    0.000000   clock source latency
     1    0.013636    0.106050    0.070490    0.070490 ^ clk (in)
                                                         clk (net)
                      0.106051    0.000000    0.070490 ^ clkbuf_0_clk/A (sky130_fd_sc_hd__clkbuf_16)
     4    0.042477    0.097079    0.269430    0.339920 ^ clkbuf_0_clk/X (sky130_fd_sc_hd__clkbuf_16)
                                                         clknet_0_clk (net)
                      0.097130    0.001008    0.340928 ^ clkbuf_2_2__f_clk/A (sky130_fd_sc_hd__clkbuf_16)
    10    0.033197    0.084831    0.252503    0.593431 ^ clkbuf_2_2__f_clk/X (sky130_fd_sc_hd__clkbuf_16)
                                                         clknet_2_2__leaf_clk (net)
                      0.084831    0.000383    0.593814 ^ _299_/CLK (sky130_fd_sc_hd__dfrtp_1)
     3    0.013657    0.165136    0.843479    1.437293 v _299_/Q (sky130_fd_sc_hd__dfrtp_1)
                                                         current_state[0] (net)
                      0.165136    0.000303    1.437595 v fanout51/A (sky130_fd_sc_hd__clkbuf_4)
    10    0.033644    0.137136    0.368524    1.806120 v fanout51/X (sky130_fd_sc_hd__clkbuf_4)
                                                         net51 (net)
                      0.137136    0.000627    1.806747 v _147_/D_N (sky130_fd_sc_hd__or4b_4)
     4    0.017857    0.109628    0.473333    2.280079 ^ _147_/X (sky130_fd_sc_hd__or4b_4)
                                                         _124_ (net)
                      0.109629    0.000589    2.280668 ^ _148_/A (sky130_fd_sc_hd__inv_2)
     8    0.042088    0.180989    0.192282    2.472951 v _148_/Y (sky130_fd_sc_hd__inv_2)
                                                         net32 (net)
                      0.181047    0.001317    2.474267 v fanout41/A (sky130_fd_sc_hd__buf_6)
    10    0.036082    0.078232    0.302317    2.776584 v fanout41/X (sky130_fd_sc_hd__buf_6)
                                                         net41 (net)
                      0.078232    0.000470    2.777055 v _157_/B1 (sky130_fd_sc_hd__a2bb2o_4)
     6    0.026907    0.109331    0.457901    3.234956 v _157_/X (sky130_fd_sc_hd__a2bb2o_4)
                                                         _020_ (net)
                      0.109339    0.000994    3.235950 v _229_/A (sky130_fd_sc_hd__or4_4)
     3    0.016128    0.192082    1.133525    4.369475 v _229_/X (sky130_fd_sc_hd__or4_4)
                                                         _080_ (net)
                      0.192082    0.000629    4.370104 v _237_/S (sky130_fd_sc_hd__mux2_1)
     1    0.002648    0.108833    0.733640    5.103744 v _237_/X (sky130_fd_sc_hd__mux2_1)
                                                         _013_ (net)
                      0.108833    0.000072    5.103817 v _276_/D (sky130_fd_sc_hd__dfrtp_1)
                                              5.103817   data arrival time

                                  5.000000    5.000000   clock clk (rise edge)
                                  0.000000    5.000000   clock source latency
     1    0.013636    0.106050    0.070490    5.070490 ^ clk (in)
                                                         clk (net)
                      0.106051    0.000000    5.070490 ^ clkbuf_0_clk/A (sky130_fd_sc_hd__clkbuf_16)
     4    0.042477    0.097079    0.269430    5.339920 ^ clkbuf_0_clk/X (sky130_fd_sc_hd__clkbuf_16)
                                                         clknet_0_clk (net)
                      0.097153    0.001500    5.341419 ^ clkbuf_2_0__f_clk/A (sky130_fd_sc_hd__clkbuf_16)
    13    0.040383    0.095303    0.261971    5.603391 ^ clkbuf_2_0__f_clk/X (sky130_fd_sc_hd__clkbuf_16)
                                                         clknet_2_0__leaf_clk (net)
                      0.095347    0.001950    5.605341 ^ _276_/CLK (sky130_fd_sc_hd__dfrtp_1)
                                 -0.250000    5.355341   clock uncertainty
                                  0.000000    5.355341   clock reconvergence pessimism
                                 -0.285998    5.069343   library setup time
                                              5.069343   data required time
---------------------------------------------------------------------------------------------
                                              5.069343   data required time
                                             -5.103817   data arrival time
---------------------------------------------------------------------------------------------
                                             -0.034473   slack (VIOLATED)


Startpoint: _300_ (rising edge-triggered flip-flop clocked by clk)
Endpoint: _274_ (rising edge-triggered flip-flop clocked by clk)
Path Group: clk
Path Type: max

Fanout         Cap        Slew       Delay        Time   Description
---------------------------------------------------------------------------------------------
                                  0.000000    0.000000   clock clk (rise edge)
                                  0.000000    0.000000   clock source latency
     1    0.013636    0.106050    0.070490    0.070490 ^ clk (in)
                                                         clk (net)
                      0.106051    0.000000    0.070490 ^ clkbuf_0_clk/A (sky130_fd_sc_hd__clkbuf_16)
     4    0.042477    0.097079    0.269430    0.339920 ^ clkbuf_0_clk/X (sky130_fd_sc_hd__clkbuf_16)
                                                         clknet_0_clk (net)
                      0.097122    0.000829    0.340749 ^ clkbuf_2_3__f_clk/A (sky130_fd_sc_hd__clkbuf_16)
     8    0.033610    0.085491    0.253137    0.593885 ^ clkbuf_2_3__f_clk/X (sky130_fd_sc_hd__clkbuf_16)
                                                         clknet_2_3__leaf_clk (net)
                      0.085494    0.000669    0.594554 ^ _300_/CLK (sky130_fd_sc_hd__dfrtp_1)
     3    0.011340    0.150509    0.822539    1.417093 v _300_/Q (sky130_fd_sc_hd__dfrtp_1)
                                                         current_state[1] (net)
                      0.150509    0.000189    1.417282 v fanout50/A (sky130_fd_sc_hd__buf_2)
    10    0.033249    0.162002    0.379732    1.797014 v fanout50/X (sky130_fd_sc_hd__buf_2)
                                                         net50 (net)
                      0.162002    0.000438    1.797451 v _147_/B (sky130_fd_sc_hd__or4b_4)
     4    0.016938    0.193693    1.126491    2.923943 v _147_/X (sky130_fd_sc_hd__or4b_4)
                                                         _124_ (net)
                      0.193693    0.000557    2.924500 v _148_/A (sky130_fd_sc_hd__inv_2)
     8    0.044281    0.325390    0.332725    3.257224 ^ _148_/Y (sky130_fd_sc_hd__inv_2)
                                                         net32 (net)
                      0.325398    0.001392    3.258616 ^ fanout41/A (sky130_fd_sc_hd__buf_6)
    10    0.037806    0.134473    0.335084    3.593699 ^ fanout41/X (sky130_fd_sc_hd__buf_6)
                                                         net41 (net)
                      0.134478    0.001086    3.594786 ^ _198_/C (sky130_fd_sc_hd__nor3_1)
     2    0.005523    0.104332    0.121044    3.715830 v _198_/Y (sky130_fd_sc_hd__nor3_1)
                                                         _053_ (net)
                      0.104332    0.000124    3.715954 v _226_/A2 (sky130_fd_sc_hd__a2111o_1)
     1    0.002132    0.100138    0.769370    4.485323 v _226_/X (sky130_fd_sc_hd__a2111o_1)
                                                         _078_ (net)
                      0.100138    0.000044    4.485368 v _227_/B2 (sky130_fd_sc_hd__o2bb2a_1)
     1    0.002442    0.100933    0.609060    5.094427 v _227_/X (sky130_fd_sc_hd__o2bb2a_1)
                                                         _011_ (net)
                      0.100933    0.000071    5.094498 v _274_/D (sky130_fd_sc_hd__dfrtp_1)
                                              5.094498   data arrival time

                                  5.000000    5.000000   clock clk (rise edge)
                                  0.000000    5.000000   clock source latency
     1    0.013636    0.106050    0.070490    5.070490 ^ clk (in)
                                                         clk (net)
                      0.106051    0.000000    5.070490 ^ clkbuf_0_clk/A (sky130_fd_sc_hd__clkbuf_16)
     4    0.042477    0.097079    0.269430    5.339920 ^ clkbuf_0_clk/X (sky130_fd_sc_hd__clkbuf_16)
                                                         clknet_0_clk (net)
                      0.097159    0.001623    5.341543 ^ clkbuf_2_1__f_clk/A (sky130_fd_sc_hd__clkbuf_16)
    12    0.035064    0.087502    0.254989    5.596532 ^ clkbuf_2_1__f_clk/X (sky130_fd_sc_hd__clkbuf_16)
                                                         clknet_2_1__leaf_clk (net)
                      0.087502    0.000406    5.596939 ^ _274_/CLK (sky130_fd_sc_hd__dfrtp_1)
                                 -0.250000    5.346939   clock uncertainty
                                  0.000000    5.346939   clock reconvergence pessimism
                                 -0.284797    5.062141   library setup time
                                              5.062141   data required time
---------------------------------------------------------------------------------------------
                                              5.062141   data required time
                                             -5.094498   data arrival time
---------------------------------------------------------------------------------------------
                                             -0.032357   slack (VIOLATED)


Startpoint: _299_ (rising edge-triggered flip-flop clocked by clk)
Endpoint: _275_ (rising edge-triggered flip-flop clocked by clk)
Path Group: clk
Path Type: max

Fanout         Cap        Slew       Delay        Time   Description
---------------------------------------------------------------------------------------------
                                  0.000000    0.000000   clock clk (rise edge)
                                  0.000000    0.000000   clock source latency
     1    0.013636    0.106050    0.070490    0.070490 ^ clk (in)
                                                         clk (net)
                      0.106051    0.000000    0.070490 ^ clkbuf_0_clk/A (sky130_fd_sc_hd__clkbuf_16)
     4    0.042477    0.097079    0.269430    0.339920 ^ clkbuf_0_clk/X (sky130_fd_sc_hd__clkbuf_16)
                                                         clknet_0_clk (net)
                      0.097130    0.001008    0.340928 ^ clkbuf_2_2__f_clk/A (sky130_fd_sc_hd__clkbuf_16)
    10    0.033197    0.084831    0.252503    0.593431 ^ clkbuf_2_2__f_clk/X (sky130_fd_sc_hd__clkbuf_16)
                                                         clknet_2_2__leaf_clk (net)
                      0.084831    0.000383    0.593814 ^ _299_/CLK (sky130_fd_sc_hd__dfrtp_1)
     3    0.013657    0.165136    0.843479    1.437293 v _299_/Q (sky130_fd_sc_hd__dfrtp_1)
                                                         current_state[0] (net)
                      0.165136    0.000303    1.437595 v fanout51/A (sky130_fd_sc_hd__clkbuf_4)
    10    0.033644    0.137136    0.368524    1.806120 v fanout51/X (sky130_fd_sc_hd__clkbuf_4)
                                                         net51 (net)
                      0.137136    0.000627    1.806747 v _147_/D_N (sky130_fd_sc_hd__or4b_4)
     4    0.017857    0.109628    0.473333    2.280079 ^ _147_/X (sky130_fd_sc_hd__or4b_4)
                                                         _124_ (net)
                      0.109629    0.000589    2.280668 ^ _148_/A (sky130_fd_sc_hd__inv_2)
     8    0.042088    0.180989    0.192282    2.472951 v _148_/Y (sky130_fd_sc_hd__inv_2)
                                                         net32 (net)
                      0.181047    0.001317    2.474267 v fanout41/A (sky130_fd_sc_hd__buf_6)
    10    0.036082    0.078232    0.302317    2.776584 v fanout41/X (sky130_fd_sc_hd__buf_6)
                                                         net41 (net)
                      0.078232    0.000470    2.777055 v _157_/B1 (sky130_fd_sc_hd__a2bb2o_4)
     6    0.026907    0.109331    0.457901    3.234956 v _157_/X (sky130_fd_sc_hd__a2bb2o_4)
                                                         _020_ (net)
                      0.109339    0.000994    3.235950 v _229_/A (sky130_fd_sc_hd__or4_4)
     3    0.016128    0.192082    1.133525    4.369475 v _229_/X (sky130_fd_sc_hd__or4_4)
                                                         _080_ (net)
                      0.192082    0.000508    4.369983 v _232_/S (sky130_fd_sc_hd__mux2_1)
     1    0.002411    0.106518    0.729535    5.099517 v _232_/X (sky130_fd_sc_hd__mux2_1)
                                                         _012_ (net)
                      0.106518    0.000068    5.099585 v _275_/D (sky130_fd_sc_hd__dfrtp_2)
                                              5.099585   data arrival time

                                  5.000000    5.000000   clock clk (rise edge)
                                  0.000000    5.000000   clock source latency
     1    0.013636    0.106050    0.070490    5.070490 ^ clk (in)
                                                         clk (net)
                      0.106051    0.000000    5.070490 ^ clkbuf_0_clk/A (sky130_fd_sc_hd__clkbuf_16)
     4    0.042477    0.097079    0.269430    5.339920 ^ clkbuf_0_clk/X (sky130_fd_sc_hd__clkbuf_16)
                                                         clknet_0_clk (net)
                      0.097153    0.001500    5.341419 ^ clkbuf_2_0__f_clk/A (sky130_fd_sc_hd__clkbuf_16)
    13    0.040383    0.095303    0.261971    5.603391 ^ clkbuf_2_0__f_clk/X (sky130_fd_sc_hd__clkbuf_16)
                                                         clknet_2_0__leaf_clk (net)
                      0.095321    0.001374    5.604765 ^ _275_/CLK (sky130_fd_sc_hd__dfrtp_2)
                                 -0.250000    5.354765   clock uncertainty
                                  0.000000    5.354765   clock reconvergence pessimism
                                 -0.285110    5.069655   library setup time
                                              5.069655   data required time
---------------------------------------------------------------------------------------------
                                              5.069655   data required time
                                             -5.099585   data arrival time
---------------------------------------------------------------------------------------------
                                             -0.029930   slack (VIOLATED)


Startpoint: _271_ (rising edge-triggered flip-flop clocked by clk)
Endpoint: _300_ (rising edge-triggered flip-flop clocked by clk)
Path Group: clk
Path Type: max

Fanout         Cap        Slew       Delay        Time   Description
---------------------------------------------------------------------------------------------
                                  0.000000    0.000000   clock clk (rise edge)
                                  0.000000    0.000000   clock source latency
     1    0.013636    0.106050    0.070490    0.070490 ^ clk (in)
                                                         clk (net)
                      0.106051    0.000000    0.070490 ^ clkbuf_0_clk/A (sky130_fd_sc_hd__clkbuf_16)
     4    0.042477    0.097079    0.269430    0.339920 ^ clkbuf_0_clk/X (sky130_fd_sc_hd__clkbuf_16)
                                                         clknet_0_clk (net)
                      0.097159    0.001623    0.341543 ^ clkbuf_2_1__f_clk/A (sky130_fd_sc_hd__clkbuf_16)
    12    0.035064    0.087502    0.254989    0.596532 ^ clkbuf_2_1__f_clk/X (sky130_fd_sc_hd__clkbuf_16)
                                                         clknet_2_1__leaf_clk (net)
                      0.087535    0.001590    0.598122 ^ _271_/CLK (sky130_fd_sc_hd__dfrtp_2)
     8    0.021307    0.156180    0.916386    1.514508 v _271_/Q (sky130_fd_sc_hd__dfrtp_2)
                                                         lenM[0] (net)
                      0.156180    0.000486    1.514995 v _200_/A (sky130_fd_sc_hd__or4_1)
     3    0.007326    0.230815    1.321360    2.836355 v _200_/X (sky130_fd_sc_hd__or4_1)
                                                         _055_ (net)
                      0.230815    0.000155    2.836510 v _250_/C (sky130_fd_sc_hd__and3b_1)
     1    0.003839    0.079030    0.446714    3.283224 v _250_/X (sky130_fd_sc_hd__and3b_1)
                                                         _097_ (net)
                      0.079030    0.000122    3.283346 v _251_/C1 (sky130_fd_sc_hd__a311o_1)
     2    0.006285    0.125441    0.550533    3.833879 v _251_/X (sky130_fd_sc_hd__a311o_1)
                                                         _098_ (net)
                      0.125441    0.000189    3.834068 v _256_/A (sky130_fd_sc_hd__or4b_1)
     1    0.002213    0.168983    1.200896    5.034964 v _256_/X (sky130_fd_sc_hd__or4b_1)
                                                         _016_ (net)
                      0.168983    0.000063    5.035027 v _300_/D (sky130_fd_sc_hd__dfrtp_1)
                                              5.035027   data arrival time

                                  5.000000    5.000000   clock clk (rise edge)
                                  0.000000    5.000000   clock source latency
     1    0.013636    0.106050    0.070490    5.070490 ^ clk (in)
                                                         clk (net)
                      0.106051    0.000000    5.070490 ^ clkbuf_0_clk/A (sky130_fd_sc_hd__clkbuf_16)
     4    0.042477    0.097079    0.269430    5.339920 ^ clkbuf_0_clk/X (sky130_fd_sc_hd__clkbuf_16)
                                                         clknet_0_clk (net)
                      0.097122    0.000829    5.340749 ^ clkbuf_2_3__f_clk/A (sky130_fd_sc_hd__clkbuf_16)
     8    0.033610    0.085491    0.253137    5.593885 ^ clkbuf_2_3__f_clk/X (sky130_fd_sc_hd__clkbuf_16)
                                                         clknet_2_3__leaf_clk (net)
                      0.085494    0.000669    5.594554 ^ _300_/CLK (sky130_fd_sc_hd__dfrtp_1)
                                 -0.250000    5.344554   clock uncertainty
                                  0.000000    5.344554   clock reconvergence pessimism
                                 -0.313705    5.030849   library setup time
                                              5.030849   data required time
---------------------------------------------------------------------------------------------
                                              5.030849   data required time
                                             -5.035027   data arrival time
---------------------------------------------------------------------------------------------
                                             -0.004178   slack (VIOLATED)


Startpoint: _300_ (rising edge-triggered flip-flop clocked by clk)
Endpoint: arready (output port clocked by clk)
Path Group: clk
Path Type: max

Fanout         Cap        Slew       Delay        Time   Description
---------------------------------------------------------------------------------------------
                                  0.000000    0.000000   clock clk (rise edge)
                                  0.000000    0.000000   clock source latency
     1    0.013636    0.106050    0.070490    0.070490 ^ clk (in)
                                                         clk (net)
                      0.106051    0.000000    0.070490 ^ clkbuf_0_clk/A (sky130_fd_sc_hd__clkbuf_16)
     4    0.042477    0.097079    0.269430    0.339920 ^ clkbuf_0_clk/X (sky130_fd_sc_hd__clkbuf_16)
                                                         clknet_0_clk (net)
                      0.097122    0.000829    0.340749 ^ clkbuf_2_3__f_clk/A (sky130_fd_sc_hd__clkbuf_16)
     8    0.033610    0.085491    0.253137    0.593885 ^ clkbuf_2_3__f_clk/X (sky130_fd_sc_hd__clkbuf_16)
                                                         clknet_2_3__leaf_clk (net)
                      0.085494    0.000669    0.594554 ^ _300_/CLK (sky130_fd_sc_hd__dfrtp_1)
     3    0.011340    0.150509    0.822539    1.417093 v _300_/Q (sky130_fd_sc_hd__dfrtp_1)
                                                         current_state[1] (net)
                      0.150509    0.000189    1.417282 v fanout50/A (sky130_fd_sc_hd__buf_2)
    10    0.033249    0.162002    0.379732    1.797014 v fanout50/X (sky130_fd_sc_hd__buf_2)
                                                         net50 (net)
                      0.162002    0.000438    1.797451 v _147_/B (sky130_fd_sc_hd__or4b_4)
     4    0.016938    0.193693    1.126491    2.923943 v _147_/X (sky130_fd_sc_hd__or4b_4)
                                                         _124_ (net)
                      0.193693    0.000557    2.924500 v _148_/A (sky130_fd_sc_hd__inv_2)
     8    0.044281    0.325390    0.332725    3.257224 ^ _148_/Y (sky130_fd_sc_hd__inv_2)
                                                         net32 (net)
                      0.325402    0.001673    3.258897 ^ output32/A (sky130_fd_sc_hd__buf_2)
     1    0.034344    0.273480    0.455323    3.714220 ^ output32/X (sky130_fd_sc_hd__buf_2)
                                                         arready (net)
                      0.273480    0.000734    3.714954 ^ arready (out)
                                              3.714954   data arrival time

                                  5.000000    5.000000   clock clk (rise edge)
                                  0.000000    5.000000   clock network delay (propagated)
                                 -0.250000    4.750000   clock uncertainty
                                  0.000000    4.750000   clock reconvergence pessimism
                                 -1.000000    3.750000   output external delay
                                              3.750000   data required time
---------------------------------------------------------------------------------------------
                                              3.750000   data required time
                                             -3.714954   data arrival time
---------------------------------------------------------------------------------------------
                                              0.035046   slack (MET)


Startpoint: _300_ (rising edge-triggered flip-flop clocked by clk)
Endpoint: _264_ (rising edge-triggered flip-flop clocked by clk)
Path Group: clk
Path Type: max

Fanout         Cap        Slew       Delay        Time   Description
---------------------------------------------------------------------------------------------
                                  0.000000    0.000000   clock clk (rise edge)
                                  0.000000    0.000000   clock source latency
     1    0.013636    0.106050    0.070490    0.070490 ^ clk (in)
                                                         clk (net)
                      0.106051    0.000000    0.070490 ^ clkbuf_0_clk/A (sky130_fd_sc_hd__clkbuf_16)
     4    0.042477    0.097079    0.269430    0.339920 ^ clkbuf_0_clk/X (sky130_fd_sc_hd__clkbuf_16)
                                                         clknet_0_clk (net)
                      0.097122    0.000829    0.340749 ^ clkbuf_2_3__f_clk/A (sky130_fd_sc_hd__clkbuf_16)
     8    0.033610    0.085491    0.253137    0.593885 ^ clkbuf_2_3__f_clk/X (sky130_fd_sc_hd__clkbuf_16)
                                                         clknet_2_3__leaf_clk (net)
                      0.085494    0.000669    0.594554 ^ _300_/CLK (sky130_fd_sc_hd__dfrtp_1)
     3    0.011340    0.150509    0.822539    1.417093 v _300_/Q (sky130_fd_sc_hd__dfrtp_1)
                                                         current_state[1] (net)
                      0.150509    0.000189    1.417282 v fanout50/A (sky130_fd_sc_hd__buf_2)
    10    0.033249    0.162002    0.379732    1.797014 v fanout50/X (sky130_fd_sc_hd__buf_2)
                                                         net50 (net)
                      0.162002    0.000438    1.797451 v _147_/B (sky130_fd_sc_hd__or4b_4)
     4    0.016938    0.193693    1.126491    2.923943 v _147_/X (sky130_fd_sc_hd__or4b_4)
                                                         _124_ (net)
                      0.193693    0.000557    2.924500 v _148_/A (sky130_fd_sc_hd__inv_2)
     8    0.044281    0.325390    0.332725    3.257224 ^ _148_/Y (sky130_fd_sc_hd__inv_2)
                                                         net32 (net)
                      0.325398    0.001392    3.258616 ^ fanout41/A (sky130_fd_sc_hd__buf_6)
    10    0.037806    0.134473    0.335084    3.593699 ^ fanout41/X (sky130_fd_sc_hd__buf_6)
                                                         net41 (net)
                      0.134473    0.000494    3.594194 ^ _157_/B1 (sky130_fd_sc_hd__a2bb2o_4)
     6    0.028539    0.158804    0.346323    3.940517 ^ _157_/X (sky130_fd_sc_hd__a2bb2o_4)
                                                         _020_ (net)
                      0.158807    0.000968    3.941485 ^ _158_/B1 (sky130_fd_sc_hd__a21o_1)
     2    0.008406    0.132892    0.228724    4.170209 ^ _158_/X (sky130_fd_sc_hd__a21o_1)
                                                         _021_ (net)
                      0.132892    0.000235    4.170444 ^ _162_/S (sky130_fd_sc_hd__mux2_1)
     1    0.003277    0.114836    0.726094    4.896537 v _162_/X (sky130_fd_sc_hd__mux2_1)
                                                         _001_ (net)
                      0.114836    0.000071    4.896609 v _264_/D (sky130_fd_sc_hd__dfrtp_1)
                                              4.896609   data arrival time

                                  5.000000    5.000000   clock clk (rise edge)
                                  0.000000    5.000000   clock source latency
     1    0.013636    0.106050    0.070490    5.070490 ^ clk (in)
                                                         clk (net)
                      0.106051    0.000000    5.070490 ^ clkbuf_0_clk/A (sky130_fd_sc_hd__clkbuf_16)
     4    0.042477    0.097079    0.269430    5.339920 ^ clkbuf_0_clk/X (sky130_fd_sc_hd__clkbuf_16)
                                                         clknet_0_clk (net)
                      0.097130    0.001008    5.340928 ^ clkbuf_2_2__f_clk/A (sky130_fd_sc_hd__clkbuf_16)
    10    0.033197    0.084831    0.252503    5.593431 ^ clkbuf_2_2__f_clk/X (sky130_fd_sc_hd__clkbuf_16)
                                                         clknet_2_2__leaf_clk (net)
                      0.084839    0.000863    5.594294 ^ _264_/CLK (sky130_fd_sc_hd__dfrtp_1)
                                 -0.250000    5.344294   clock uncertainty
                                  0.000000    5.344294   clock reconvergence pessimism
                                 -0.291304    5.052990   library setup time
                                              5.052990   data required time
---------------------------------------------------------------------------------------------
                                              5.052990   data required time
                                             -4.896609   data arrival time
---------------------------------------------------------------------------------------------
                                              0.156381   slack (MET)


Startpoint: _302_ (rising edge-triggered flip-flop clocked by clk)
Endpoint: wready (output port clocked by clk)
Path Group: clk
Path Type: max

Fanout         Cap        Slew       Delay        Time   Description
---------------------------------------------------------------------------------------------
                                  0.000000    0.000000   clock clk (rise edge)
                                  0.000000    0.000000   clock source latency
     1    0.013636    0.106050    0.070490    0.070490 ^ clk (in)
                                                         clk (net)
                      0.106051    0.000000    0.070490 ^ clkbuf_0_clk/A (sky130_fd_sc_hd__clkbuf_16)
     4    0.042477    0.097079    0.269430    0.339920 ^ clkbuf_0_clk/X (sky130_fd_sc_hd__clkbuf_16)
                                                         clknet_0_clk (net)
                      0.097122    0.000829    0.340749 ^ clkbuf_2_3__f_clk/A (sky130_fd_sc_hd__clkbuf_16)
     8    0.033610    0.085491    0.253137    0.593885 ^ clkbuf_2_3__f_clk/X (sky130_fd_sc_hd__clkbuf_16)
                                                         clknet_2_3__leaf_clk (net)
                      0.085496    0.000743    0.594628 ^ _302_/CLK (sky130_fd_sc_hd__dfrtp_1)
     4    0.016424    0.243827    0.788182    1.382810 ^ _302_/Q (sky130_fd_sc_hd__dfrtp_1)
                                                         current_state[3] (net)
                      0.243827    0.000228    1.383039 ^ fanout48/A (sky130_fd_sc_hd__clkbuf_2)
    10    0.032041    0.276857    0.418833    1.801872 ^ fanout48/X (sky130_fd_sc_hd__clkbuf_2)
                                                         net48 (net)
                      0.276857    0.000329    1.802200 ^ _146_/D_N (sky130_fd_sc_hd__nor4b_2)
     5    0.018003    0.804199    0.812451    2.614652 ^ _146_/Y (sky130_fd_sc_hd__nor4b_2)
                                                         net39 (net)
                      0.804199    0.000614    2.615265 ^ wire45/A (sky130_fd_sc_hd__clkbuf_2)
     6    0.023249    0.211344    0.559046    3.174311 ^ wire45/X (sky130_fd_sc_hd__clkbuf_2)
                                                         net45 (net)
                      0.211344    0.000824    3.175136 ^ output39/A (sky130_fd_sc_hd__buf_2)
     1    0.034173    0.271712    0.409168    3.584304 ^ output39/X (sky130_fd_sc_hd__buf_2)
                                                         wready (net)
                      0.271712    0.000707    3.585011 ^ wready (out)
                                              3.585011   data arrival time

                                  5.000000    5.000000   clock clk (rise edge)
                                  0.000000    5.000000   clock network delay (propagated)
                                 -0.250000    4.750000   clock uncertainty
                                  0.000000    4.750000   clock reconvergence pessimism
                                 -1.000000    3.750000   output external delay
                                              3.750000   data required time
---------------------------------------------------------------------------------------------
                                              3.750000   data required time
                                             -3.585011   data arrival time
---------------------------------------------------------------------------------------------
                                              0.164989   slack (MET)


Startpoint: _300_ (rising edge-triggered flip-flop clocked by clk)
Endpoint: _263_ (rising edge-triggered flip-flop clocked by clk)
Path Group: clk
Path Type: max

Fanout         Cap        Slew       Delay        Time   Description
---------------------------------------------------------------------------------------------
                                  0.000000    0.000000   clock clk (rise edge)
                                  0.000000    0.000000   clock source latency
     1    0.013636    0.106050    0.070490    0.070490 ^ clk (in)
                                                         clk (net)
                      0.106051    0.000000    0.070490 ^ clkbuf_0_clk/A (sky130_fd_sc_hd__clkbuf_16)
     4    0.042477    0.097079    0.269430    0.339920 ^ clkbuf_0_clk/X (sky130_fd_sc_hd__clkbuf_16)
                                                         clknet_0_clk (net)
                      0.097122    0.000829    0.340749 ^ clkbuf_2_3__f_clk/A (sky130_fd_sc_hd__clkbuf_16)
     8    0.033610    0.085491    0.253137    0.593885 ^ clkbuf_2_3__f_clk/X (sky130_fd_sc_hd__clkbuf_16)
                                                         clknet_2_3__leaf_clk (net)
                      0.085494    0.000669    0.594554 ^ _300_/CLK (sky130_fd_sc_hd__dfrtp_1)
     3    0.011340    0.150509    0.822539    1.417093 v _300_/Q (sky130_fd_sc_hd__dfrtp_1)
                                                         current_state[1] (net)
                      0.150509    0.000189    1.417282 v fanout50/A (sky130_fd_sc_hd__buf_2)
    10    0.033249    0.162002    0.379732    1.797014 v fanout50/X (sky130_fd_sc_hd__buf_2)
                                                         net50 (net)
                      0.162002    0.000438    1.797451 v _147_/B (sky130_fd_sc_hd__or4b_4)
     4    0.016938    0.193693    1.126491    2.923943 v _147_/X (sky130_fd_sc_hd__or4b_4)
                                                         _124_ (net)
                      0.193693    0.000557    2.924500 v _148_/A (sky130_fd_sc_hd__inv_2)
     8    0.044281    0.325390    0.332725    3.257224 ^ _148_/Y (sky130_fd_sc_hd__inv_2)
                                                         net32 (net)
                      0.325398    0.001392    3.258616 ^ fanout41/A (sky130_fd_sc_hd__buf_6)
    10    0.037806    0.134473    0.335084    3.593699 ^ fanout41/X (sky130_fd_sc_hd__buf_6)
                                                         net41 (net)
                      0.134473    0.000494    3.594194 ^ _157_/B1 (sky130_fd_sc_hd__a2bb2o_4)
     6    0.028539    0.158804    0.346323    3.940517 ^ _157_/X (sky130_fd_sc_hd__a2bb2o_4)
                                                         _020_ (net)
                      0.158807    0.000968    3.941485 ^ _158_/B1 (sky130_fd_sc_hd__a21o_1)
     2    0.008406    0.132892    0.228724    4.170209 ^ _158_/X (sky130_fd_sc_hd__a21o_1)
                                                         _021_ (net)
                      0.132892    0.000253    4.170462 ^ _160_/S (sky130_fd_sc_hd__mux2_1)
     1    0.002605    0.108114    0.714409    4.884871 v _160_/X (sky130_fd_sc_hd__mux2_1)
                                                         _000_ (net)
                      0.108114    0.000074    4.884945 v _263_/D (sky130_fd_sc_hd__dfrtp_1)
                                              4.884945   data arrival time

                                  5.000000    5.000000   clock clk (rise edge)
                                  0.000000    5.000000   clock source latency
     1    0.013636    0.106050    0.070490    5.070490 ^ clk (in)
                                                         clk (net)
                      0.106051    0.000000    5.070490 ^ clkbuf_0_clk/A (sky130_fd_sc_hd__clkbuf_16)
     4    0.042477    0.097079    0.269430    5.339920 ^ clkbuf_0_clk/X (sky130_fd_sc_hd__clkbuf_16)
                                                         clknet_0_clk (net)
                      0.097130    0.001008    5.340928 ^ clkbuf_2_2__f_clk/A (sky130_fd_sc_hd__clkbuf_16)
    10    0.033197    0.084831    0.252503    5.593431 ^ clkbuf_2_2__f_clk/X (sky130_fd_sc_hd__clkbuf_16)
                                                         clknet_2_2__leaf_clk (net)
                      0.084835    0.000706    5.594136 ^ _263_/CLK (sky130_fd_sc_hd__dfrtp_1)
                                 -0.250000    5.344136   clock uncertainty
                                  0.000000    5.344136   clock reconvergence pessimism
                                 -0.288502    5.055634   library setup time
                                              5.055634   data required time
---------------------------------------------------------------------------------------------
                                              5.055634   data required time
                                             -4.884945   data arrival time
---------------------------------------------------------------------------------------------
                                              0.170689   slack (MET)


Startpoint: _302_ (rising edge-triggered flip-flop clocked by clk)
Endpoint: rlast (output port clocked by clk)
Path Group: clk
Path Type: max

Fanout         Cap        Slew       Delay        Time   Description
---------------------------------------------------------------------------------------------
                                  0.000000    0.000000   clock clk (rise edge)
                                  0.000000    0.000000   clock source latency
     1    0.013636    0.106050    0.070490    0.070490 ^ clk (in)
                                                         clk (net)
                      0.106051    0.000000    0.070490 ^ clkbuf_0_clk/A (sky130_fd_sc_hd__clkbuf_16)
     4    0.042477    0.097079    0.269430    0.339920 ^ clkbuf_0_clk/X (sky130_fd_sc_hd__clkbuf_16)
                                                         clknet_0_clk (net)
                      0.097122    0.000829    0.340749 ^ clkbuf_2_3__f_clk/A (sky130_fd_sc_hd__clkbuf_16)
     8    0.033610    0.085491    0.253137    0.593885 ^ clkbuf_2_3__f_clk/X (sky130_fd_sc_hd__clkbuf_16)
                                                         clknet_2_3__leaf_clk (net)
                      0.085496    0.000743    0.594628 ^ _302_/CLK (sky130_fd_sc_hd__dfrtp_1)
     4    0.015705    0.182015    0.858445    1.453073 v _302_/Q (sky130_fd_sc_hd__dfrtp_1)
                                                         current_state[3] (net)
                      0.182015    0.000217    1.453290 v fanout48/A (sky130_fd_sc_hd__clkbuf_2)
    10    0.030758    0.218109    0.372566    1.825856 v fanout48/X (sky130_fd_sc_hd__clkbuf_2)
                                                         net48 (net)
                      0.218109    0.000610    1.826466 v _144_/B_N (sky130_fd_sc_hd__and4bb_1)
     2    0.009107    0.188048    0.691292    2.517758 ^ _144_/X (sky130_fd_sc_hd__and4bb_1)
                                                         net37 (net)
                      0.188048    0.000221    2.517979 ^ fanout46/A (sky130_fd_sc_hd__buf_2)
    10    0.036905    0.292188    0.411940    2.929919 ^ fanout46/X (sky130_fd_sc_hd__buf_2)
                                                         net46 (net)
                      0.292190    0.001272    2.931190 ^ _153_/B (sky130_fd_sc_hd__and2_1)
     1    0.001974    0.070369    0.294558    3.225748 ^ _153_/X (sky130_fd_sc_hd__and2_1)
                                                         net36 (net)
                      0.070369    0.000055    3.225803 ^ output36/A (sky130_fd_sc_hd__buf_2)
     1    0.034574    0.274449    0.345197    3.571000 ^ output36/X (sky130_fd_sc_hd__buf_2)
                                                         rlast (net)
                      0.274449    0.000812    3.571811 ^ rlast (out)
                                              3.571811   data arrival time

                                  5.000000    5.000000   clock clk (rise edge)
                                  0.000000    5.000000   clock network delay (propagated)
                                 -0.250000    4.750000   clock uncertainty
                                  0.000000    4.750000   clock reconvergence pessimism
                                 -1.000000    3.750000   output external delay
                                              3.750000   data required time
---------------------------------------------------------------------------------------------
                                              3.750000   data required time
                                             -3.571811   data arrival time
---------------------------------------------------------------------------------------------
                                              0.178189   slack (MET)


Startpoint: _299_ (rising edge-triggered flip-flop clocked by clk)
Endpoint: PENABLE (output port clocked by clk)
Path Group: clk
Path Type: max

Fanout         Cap        Slew       Delay        Time   Description
---------------------------------------------------------------------------------------------
                                  0.000000    0.000000   clock clk (rise edge)
                                  0.000000    0.000000   clock source latency
     1    0.013636    0.106050    0.070490    0.070490 ^ clk (in)
                                                         clk (net)
                      0.106051    0.000000    0.070490 ^ clkbuf_0_clk/A (sky130_fd_sc_hd__clkbuf_16)
     4    0.042477    0.097079    0.269430    0.339920 ^ clkbuf_0_clk/X (sky130_fd_sc_hd__clkbuf_16)
                                                         clknet_0_clk (net)
                      0.097130    0.001008    0.340928 ^ clkbuf_2_2__f_clk/A (sky130_fd_sc_hd__clkbuf_16)
    10    0.033197    0.084831    0.252503    0.593431 ^ clkbuf_2_2__f_clk/X (sky130_fd_sc_hd__clkbuf_16)
                                                         clknet_2_2__leaf_clk (net)
                      0.084831    0.000383    0.593814 ^ _299_/CLK (sky130_fd_sc_hd__dfrtp_1)
     3    0.013657    0.165136    0.843479    1.437293 v _299_/Q (sky130_fd_sc_hd__dfrtp_1)
                                                         current_state[0] (net)
                      0.165136    0.000303    1.437595 v fanout51/A (sky130_fd_sc_hd__clkbuf_4)
    10    0.033644    0.137136    0.368524    1.806120 v fanout51/X (sky130_fd_sc_hd__clkbuf_4)
                                                         net51 (net)
                      0.137136    0.000638    1.806757 v _150_/A (sky130_fd_sc_hd__or3b_1)
     2    0.007313    0.183841    0.945519    2.752277 v _150_/X (sky130_fd_sc_hd__or3b_1)
                                                         _125_ (net)
                      0.183841    0.000138    2.752415 v _151_/B (sky130_fd_sc_hd__nor2_1)
     2    0.005319    0.198449    0.238793    2.991208 ^ _151_/Y (sky130_fd_sc_hd__nor2_1)
                                                         _019_ (net)
                      0.198449    0.000069    2.991277 ^ _152_/B (sky130_fd_sc_hd__or2_1)
     1    0.002246    0.058969    0.210406    3.201684 ^ _152_/X (sky130_fd_sc_hd__or2_1)
                                                         net30 (net)
                      0.058969    0.000046    3.201729 ^ output30/A (sky130_fd_sc_hd__buf_2)
     1    0.034014    0.270237    0.337124    3.538854 ^ output30/X (sky130_fd_sc_hd__buf_2)
                                                         PENABLE (net)
                      0.270237    0.000628    3.539482 ^ PENABLE (out)
                                              3.539482   data arrival time

                                  5.000000    5.000000   clock clk (rise edge)
                                  0.000000    5.000000   clock network delay (propagated)
                                 -0.250000    4.750000   clock uncertainty
                                  0.000000    4.750000   clock reconvergence pessimism
                                 -1.000000    3.750000   output external delay
                                              3.750000   data required time
---------------------------------------------------------------------------------------------
                                              3.750000   data required time
                                             -3.539482   data arrival time
---------------------------------------------------------------------------------------------
                                              0.210518   slack (MET)


Startpoint: _300_ (rising edge-triggered flip-flop clocked by clk)
Endpoint: _267_ (rising edge-triggered flip-flop clocked by clk)
Path Group: clk
Path Type: max

Fanout         Cap        Slew       Delay        Time   Description
---------------------------------------------------------------------------------------------
                                  0.000000    0.000000   clock clk (rise edge)
                                  0.000000    0.000000   clock source latency
     1    0.013636    0.106050    0.070490    0.070490 ^ clk (in)
                                                         clk (net)
                      0.106051    0.000000    0.070490 ^ clkbuf_0_clk/A (sky130_fd_sc_hd__clkbuf_16)
     4    0.042477    0.097079    0.269430    0.339920 ^ clkbuf_0_clk/X (sky130_fd_sc_hd__clkbuf_16)
                                                         clknet_0_clk (net)
                      0.097122    0.000829    0.340749 ^ clkbuf_2_3__f_clk/A (sky130_fd_sc_hd__clkbuf_16)
     8    0.033610    0.085491    0.253137    0.593885 ^ clkbuf_2_3__f_clk/X (sky130_fd_sc_hd__clkbuf_16)
                                                         clknet_2_3__leaf_clk (net)
                      0.085494    0.000669    0.594554 ^ _300_/CLK (sky130_fd_sc_hd__dfrtp_1)
     3    0.011340    0.150509    0.822539    1.417093 v _300_/Q (sky130_fd_sc_hd__dfrtp_1)
                                                         current_state[1] (net)
                      0.150509    0.000189    1.417282 v fanout50/A (sky130_fd_sc_hd__buf_2)
    10    0.033249    0.162002    0.379732    1.797014 v fanout50/X (sky130_fd_sc_hd__buf_2)
                                                         net50 (net)
                      0.162002    0.000438    1.797451 v _147_/B (sky130_fd_sc_hd__or4b_4)
     4    0.016938    0.193693    1.126491    2.923943 v _147_/X (sky130_fd_sc_hd__or4b_4)
                                                         _124_ (net)
                      0.193693    0.000557    2.924500 v _148_/A (sky130_fd_sc_hd__inv_2)
     8    0.044281    0.325390    0.332725    3.257224 ^ _148_/Y (sky130_fd_sc_hd__inv_2)
                                                         net32 (net)
                      0.325398    0.001392    3.258616 ^ fanout41/A (sky130_fd_sc_hd__buf_6)
    10    0.037806    0.134473    0.335084    3.593699 ^ fanout41/X (sky130_fd_sc_hd__buf_6)
                                                         net41 (net)
                      0.134473    0.000494    3.594194 ^ _157_/B1 (sky130_fd_sc_hd__a2bb2o_4)
     6    0.028539    0.158804    0.346323    3.940517 ^ _157_/X (sky130_fd_sc_hd__a2bb2o_4)
                                                         _020_ (net)
                      0.158809    0.001161    3.941678 ^ _169_/A (sky130_fd_sc_hd__nor3_2)
     4    0.019188    0.112734    0.166084    4.107761 v _169_/Y (sky130_fd_sc_hd__nor3_2)
                                                         _030_ (net)
                      0.112734    0.000463    4.108224 v _185_/S (sky130_fd_sc_hd__mux2_1)
     1    0.003397    0.116385    0.713781    4.822006 v _185_/X (sky130_fd_sc_hd__mux2_1)
                                                         _004_ (net)
                      0.116385    0.000083    4.822090 v _267_/D (sky130_fd_sc_hd__dfrtp_1)
                                              4.822090   data arrival time

                                  5.000000    5.000000   clock clk (rise edge)
                                  0.000000    5.000000   clock source latency
     1    0.013636    0.106050    0.070490    5.070490 ^ clk (in)
                                                         clk (net)
                      0.106051    0.000000    5.070490 ^ clkbuf_0_clk/A (sky130_fd_sc_hd__clkbuf_16)
     4    0.042477    0.097079    0.269430    5.339920 ^ clkbuf_0_clk/X (sky130_fd_sc_hd__clkbuf_16)
                                                         clknet_0_clk (net)
                      0.097153    0.001500    5.341419 ^ clkbuf_2_0__f_clk/A (sky130_fd_sc_hd__clkbuf_16)
    13    0.040383    0.095303    0.261971    5.603391 ^ clkbuf_2_0__f_clk/X (sky130_fd_sc_hd__clkbuf_16)
                                                         clknet_2_0__leaf_clk (net)
                      0.095387    0.002549    5.605940 ^ _267_/CLK (sky130_fd_sc_hd__dfrtp_1)
                                 -0.250000    5.355940   clock uncertainty
                                  0.000000    5.355940   clock reconvergence pessimism
                                 -0.289135    5.066805   library setup time
                                              5.066805   data required time
---------------------------------------------------------------------------------------------
                                              5.066805   data required time
                                             -4.822090   data arrival time
---------------------------------------------------------------------------------------------
                                              0.244715   slack (MET)


Startpoint: _300_ (rising edge-triggered flip-flop clocked by clk)
Endpoint: _268_ (rising edge-triggered flip-flop clocked by clk)
Path Group: clk
Path Type: max

Fanout         Cap        Slew       Delay        Time   Description
---------------------------------------------------------------------------------------------
                                  0.000000    0.000000   clock clk (rise edge)
                                  0.000000    0.000000   clock source latency
     1    0.013636    0.106050    0.070490    0.070490 ^ clk (in)
                                                         clk (net)
                      0.106051    0.000000    0.070490 ^ clkbuf_0_clk/A (sky130_fd_sc_hd__clkbuf_16)
     4    0.042477    0.097079    0.269430    0.339920 ^ clkbuf_0_clk/X (sky130_fd_sc_hd__clkbuf_16)
                                                         clknet_0_clk (net)
                      0.097122    0.000829    0.340749 ^ clkbuf_2_3__f_clk/A (sky130_fd_sc_hd__clkbuf_16)
     8    0.033610    0.085491    0.253137    0.593885 ^ clkbuf_2_3__f_clk/X (sky130_fd_sc_hd__clkbuf_16)
                                                         clknet_2_3__leaf_clk (net)
                      0.085494    0.000669    0.594554 ^ _300_/CLK (sky130_fd_sc_hd__dfrtp_1)
     3    0.011340    0.150509    0.822539    1.417093 v _300_/Q (sky130_fd_sc_hd__dfrtp_1)
                                                         current_state[1] (net)
                      0.150509    0.000189    1.417282 v fanout50/A (sky130_fd_sc_hd__buf_2)
    10    0.033249    0.162002    0.379732    1.797014 v fanout50/X (sky130_fd_sc_hd__buf_2)
                                                         net50 (net)
                      0.162002    0.000438    1.797451 v _147_/B (sky130_fd_sc_hd__or4b_4)
     4    0.016938    0.193693    1.126491    2.923943 v _147_/X (sky130_fd_sc_hd__or4b_4)
                                                         _124_ (net)
                      0.193693    0.000557    2.924500 v _148_/A (sky130_fd_sc_hd__inv_2)
     8    0.044281    0.325390    0.332725    3.257224 ^ _148_/Y (sky130_fd_sc_hd__inv_2)
                                                         net32 (net)
                      0.325398    0.001392    3.258616 ^ fanout41/A (sky130_fd_sc_hd__buf_6)
    10    0.037806    0.134473    0.335084    3.593699 ^ fanout41/X (sky130_fd_sc_hd__buf_6)
                                                         net41 (net)
                      0.134473    0.000494    3.594194 ^ _157_/B1 (sky130_fd_sc_hd__a2bb2o_4)
     6    0.028539    0.158804    0.346323    3.940517 ^ _157_/X (sky130_fd_sc_hd__a2bb2o_4)
                                                         _020_ (net)
                      0.158809    0.001161    3.941678 ^ _169_/A (sky130_fd_sc_hd__nor3_2)
     4    0.019188    0.112734    0.166084    4.107761 v _169_/Y (sky130_fd_sc_hd__nor3_2)
                                                         _030_ (net)
                      0.112735    0.000631    4.108392 v _190_/S (sky130_fd_sc_hd__mux2_1)
     1    0.002518    0.107303    0.698584    4.806976 v _190_/X (sky130_fd_sc_hd__mux2_1)
                                                         _005_ (net)
                      0.107303    0.000070    4.807046 v _268_/D (sky130_fd_sc_hd__dfrtp_1)
                                              4.807046   data arrival time

                                  5.000000    5.000000   clock clk (rise edge)
                                  0.000000    5.000000   clock source latency
     1    0.013636    0.106050    0.070490    5.070490 ^ clk (in)
                                                         clk (net)
                      0.106051    0.000000    5.070490 ^ clkbuf_0_clk/A (sky130_fd_sc_hd__clkbuf_16)
     4    0.042477    0.097079    0.269430    5.339920 ^ clkbuf_0_clk/X (sky130_fd_sc_hd__clkbuf_16)
                                                         clknet_0_clk (net)
                      0.097122    0.000829    5.340749 ^ clkbuf_2_3__f_clk/A (sky130_fd_sc_hd__clkbuf_16)
     8    0.033610    0.085491    0.253137    5.593885 ^ clkbuf_2_3__f_clk/X (sky130_fd_sc_hd__clkbuf_16)
                                                         clknet_2_3__leaf_clk (net)
                      0.085497    0.000778    5.594664 ^ _268_/CLK (sky130_fd_sc_hd__dfrtp_1)
                                 -0.250000    5.344664   clock uncertainty
                                  0.000000    5.344664   clock reconvergence pessimism
                                 -0.287988    5.056676   library setup time
                                              5.056676   data required time
---------------------------------------------------------------------------------------------
                                              5.056676   data required time
                                             -4.807046   data arrival time
---------------------------------------------------------------------------------------------
                                              0.249630   slack (MET)


Startpoint: _300_ (rising edge-triggered flip-flop clocked by clk)
Endpoint: _265_ (rising edge-triggered flip-flop clocked by clk)
Path Group: clk
Path Type: max

Fanout         Cap        Slew       Delay        Time   Description
---------------------------------------------------------------------------------------------
                                  0.000000    0.000000   clock clk (rise edge)
                                  0.000000    0.000000   clock source latency
     1    0.013636    0.106050    0.070490    0.070490 ^ clk (in)
                                                         clk (net)
                      0.106051    0.000000    0.070490 ^ clkbuf_0_clk/A (sky130_fd_sc_hd__clkbuf_16)
     4    0.042477    0.097079    0.269430    0.339920 ^ clkbuf_0_clk/X (sky130_fd_sc_hd__clkbuf_16)
                                                         clknet_0_clk (net)
                      0.097122    0.000829    0.340749 ^ clkbuf_2_3__f_clk/A (sky130_fd_sc_hd__clkbuf_16)
     8    0.033610    0.085491    0.253137    0.593885 ^ clkbuf_2_3__f_clk/X (sky130_fd_sc_hd__clkbuf_16)
                                                         clknet_2_3__leaf_clk (net)
                      0.085494    0.000669    0.594554 ^ _300_/CLK (sky130_fd_sc_hd__dfrtp_1)
     3    0.011340    0.150509    0.822539    1.417093 v _300_/Q (sky130_fd_sc_hd__dfrtp_1)
                                                         current_state[1] (net)
                      0.150509    0.000189    1.417282 v fanout50/A (sky130_fd_sc_hd__buf_2)
    10    0.033249    0.162002    0.379732    1.797014 v fanout50/X (sky130_fd_sc_hd__buf_2)
                                                         net50 (net)
                      0.162002    0.000438    1.797451 v _147_/B (sky130_fd_sc_hd__or4b_4)
     4    0.016938    0.193693    1.126491    2.923943 v _147_/X (sky130_fd_sc_hd__or4b_4)
                                                         _124_ (net)
                      0.193693    0.000557    2.924500 v _148_/A (sky130_fd_sc_hd__inv_2)
     8    0.044281    0.325390    0.332725    3.257224 ^ _148_/Y (sky130_fd_sc_hd__inv_2)
                                                         net32 (net)
                      0.325398    0.001392    3.258616 ^ fanout41/A (sky130_fd_sc_hd__buf_6)
    10    0.037806    0.134473    0.335084    3.593699 ^ fanout41/X (sky130_fd_sc_hd__buf_6)
                                                         net41 (net)
                      0.134473    0.000494    3.594194 ^ _157_/B1 (sky130_fd_sc_hd__a2bb2o_4)
     6    0.028539    0.158804    0.346323    3.940517 ^ _157_/X (sky130_fd_sc_hd__a2bb2o_4)
                                                         _020_ (net)
                      0.158809    0.001161    3.941678 ^ _169_/A (sky130_fd_sc_hd__nor3_2)
     4    0.019188    0.112734    0.166084    4.107761 v _169_/Y (sky130_fd_sc_hd__nor3_2)
                                                         _030_ (net)
                      0.112737    0.000785    4.108547 v _173_/S (sky130_fd_sc_hd__mux2_1)
     1    0.002407    0.106583    0.696668    4.805214 v _173_/X (sky130_fd_sc_hd__mux2_1)
                                                         _002_ (net)
                      0.106583    0.000068    4.805282 v _265_/D (sky130_fd_sc_hd__dfrtp_4)
                                              4.805282   data arrival time

                                  5.000000    5.000000   clock clk (rise edge)
                                  0.000000    5.000000   clock source latency
     1    0.013636    0.106050    0.070490    5.070490 ^ clk (in)
                                                         clk (net)
                      0.106051    0.000000    5.070490 ^ clkbuf_0_clk/A (sky130_fd_sc_hd__clkbuf_16)
     4    0.042477    0.097079    0.269430    5.339920 ^ clkbuf_0_clk/X (sky130_fd_sc_hd__clkbuf_16)
                                                         clknet_0_clk (net)
                      0.097153    0.001500    5.341419 ^ clkbuf_2_0__f_clk/A (sky130_fd_sc_hd__clkbuf_16)
    13    0.040383    0.095303    0.261971    5.603391 ^ clkbuf_2_0__f_clk/X (sky130_fd_sc_hd__clkbuf_16)
                                                         clknet_2_0__leaf_clk (net)
                      0.095394    0.002645    5.606036 ^ _265_/CLK (sky130_fd_sc_hd__dfrtp_4)
                                 -0.250000    5.356036   clock uncertainty
                                  0.000000    5.356036   clock reconvergence pessimism
                                 -0.283279    5.072757   library setup time
                                              5.072757   data required time
---------------------------------------------------------------------------------------------
                                              5.072757   data required time
                                             -4.805282   data arrival time
---------------------------------------------------------------------------------------------
                                              0.267475   slack (MET)


Startpoint: _299_ (rising edge-triggered flip-flop clocked by clk)
Endpoint: awready (output port clocked by clk)
Path Group: clk
Path Type: max

Fanout         Cap        Slew       Delay        Time   Description
---------------------------------------------------------------------------------------------
                                  0.000000    0.000000   clock clk (rise edge)
                                  0.000000    0.000000   clock source latency
     1    0.013636    0.106050    0.070490    0.070490 ^ clk (in)
                                                         clk (net)
                      0.106051    0.000000    0.070490 ^ clkbuf_0_clk/A (sky130_fd_sc_hd__clkbuf_16)
     4    0.042477    0.097079    0.269430    0.339920 ^ clkbuf_0_clk/X (sky130_fd_sc_hd__clkbuf_16)
                                                         clknet_0_clk (net)
                      0.097130    0.001008    0.340928 ^ clkbuf_2_2__f_clk/A (sky130_fd_sc_hd__clkbuf_16)
    10    0.033197    0.084831    0.252503    0.593431 ^ clkbuf_2_2__f_clk/X (sky130_fd_sc_hd__clkbuf_16)
                                                         clknet_2_2__leaf_clk (net)
                      0.084831    0.000383    0.593814 ^ _299_/CLK (sky130_fd_sc_hd__dfrtp_1)
     3    0.013657    0.165136    0.843479    1.437293 v _299_/Q (sky130_fd_sc_hd__dfrtp_1)
                                                         current_state[0] (net)
                      0.165136    0.000303    1.437595 v fanout51/A (sky130_fd_sc_hd__clkbuf_4)
    10    0.033644    0.137136    0.368524    1.806120 v fanout51/X (sky130_fd_sc_hd__clkbuf_4)
                                                         net51 (net)
                      0.137137    0.000679    1.806799 v _142_/B (sky130_fd_sc_hd__or4bb_4)
     4    0.020700    0.208676    1.141274    2.948073 v _142_/X (sky130_fd_sc_hd__or4bb_4)
                                                         _122_ (net)
                      0.208676    0.000632    2.948705 v _143_/A (sky130_fd_sc_hd__inv_2)
     3    0.010102    0.102042    0.165006    3.113711 ^ _143_/Y (sky130_fd_sc_hd__inv_2)
                                                         net33 (net)
                      0.102042    0.000227    3.113938 ^ output33/A (sky130_fd_sc_hd__buf_2)
     1    0.034135    0.271220    0.357726    3.471664 ^ output33/X (sky130_fd_sc_hd__buf_2)
                                                         awready (net)
                      0.271220    0.000669    3.472333 ^ awready (out)
                                              3.472333   data arrival time

                                  5.000000    5.000000   clock clk (rise edge)
                                  0.000000    5.000000   clock network delay (propagated)
                                 -0.250000    4.750000   clock uncertainty
                                  0.000000    4.750000   clock reconvergence pessimism
                                 -1.000000    3.750000   output external delay
                                              3.750000   data required time
---------------------------------------------------------------------------------------------
                                              3.750000   data required time
                                             -3.472333   data arrival time
---------------------------------------------------------------------------------------------
                                              0.277667   slack (MET)


Startpoint: _302_ (rising edge-triggered flip-flop clocked by clk)
Endpoint: rresp (output port clocked by clk)
Path Group: clk
Path Type: max

Fanout         Cap        Slew       Delay        Time   Description
---------------------------------------------------------------------------------------------
                                  0.000000    0.000000   clock clk (rise edge)
                                  0.000000    0.000000   clock source latency
     1    0.013636    0.106050    0.070490    0.070490 ^ clk (in)
                                                         clk (net)
                      0.106051    0.000000    0.070490 ^ clkbuf_0_clk/A (sky130_fd_sc_hd__clkbuf_16)
     4    0.042477    0.097079    0.269430    0.339920 ^ clkbuf_0_clk/X (sky130_fd_sc_hd__clkbuf_16)
                                                         clknet_0_clk (net)
                      0.097122    0.000829    0.340749 ^ clkbuf_2_3__f_clk/A (sky130_fd_sc_hd__clkbuf_16)
     8    0.033610    0.085491    0.253137    0.593885 ^ clkbuf_2_3__f_clk/X (sky130_fd_sc_hd__clkbuf_16)
                                                         clknet_2_3__leaf_clk (net)
                      0.085496    0.000743    0.594628 ^ _302_/CLK (sky130_fd_sc_hd__dfrtp_1)
     4    0.015705    0.182015    0.858445    1.453073 v _302_/Q (sky130_fd_sc_hd__dfrtp_1)
                                                         current_state[3] (net)
                      0.182015    0.000217    1.453290 v fanout48/A (sky130_fd_sc_hd__clkbuf_2)
    10    0.030758    0.218109    0.372566    1.825856 v fanout48/X (sky130_fd_sc_hd__clkbuf_2)
                                                         net48 (net)
                      0.218109    0.000610    1.826466 v _144_/B_N (sky130_fd_sc_hd__and4bb_1)
     2    0.009107    0.188048    0.691292    2.517758 ^ _144_/X (sky130_fd_sc_hd__and4bb_1)
                                                         net37 (net)
                      0.188048    0.000221    2.517979 ^ fanout46/A (sky130_fd_sc_hd__buf_2)
    10    0.036905    0.292188    0.411940    2.929919 ^ fanout46/X (sky130_fd_sc_hd__buf_2)
                                                         net46 (net)
                      0.292201    0.002257    2.932176 ^ output37/A (sky130_fd_sc_hd__buf_2)
     1    0.034495    0.274457    0.443195    3.375371 ^ output37/X (sky130_fd_sc_hd__buf_2)
                                                         rresp (net)
                      0.274457    0.000797    3.376167 ^ rresp (out)
                                              3.376167   data arrival time

                                  5.000000    5.000000   clock clk (rise edge)
                                  0.000000    5.000000   clock network delay (propagated)
                                 -0.250000    4.750000   clock uncertainty
                                  0.000000    4.750000   clock reconvergence pessimism
                                 -1.000000    3.750000   output external delay
                                              3.750000   data required time
---------------------------------------------------------------------------------------------
                                              3.750000   data required time
                                             -3.376167   data arrival time
---------------------------------------------------------------------------------------------
                                              0.373833   slack (MET)


Startpoint: _300_ (rising edge-triggered flip-flop clocked by clk)
Endpoint: _266_ (rising edge-triggered flip-flop clocked by clk)
Path Group: clk
Path Type: max

Fanout         Cap        Slew       Delay        Time   Description
---------------------------------------------------------------------------------------------
                                  0.000000    0.000000   clock clk (rise edge)
                                  0.000000    0.000000   clock source latency
     1    0.013636    0.106050    0.070490    0.070490 ^ clk (in)
                                                         clk (net)
                      0.106051    0.000000    0.070490 ^ clkbuf_0_clk/A (sky130_fd_sc_hd__clkbuf_16)
     4    0.042477    0.097079    0.269430    0.339920 ^ clkbuf_0_clk/X (sky130_fd_sc_hd__clkbuf_16)
                                                         clknet_0_clk (net)
                      0.097122    0.000829    0.340749 ^ clkbuf_2_3__f_clk/A (sky130_fd_sc_hd__clkbuf_16)
     8    0.033610    0.085491    0.253137    0.593885 ^ clkbuf_2_3__f_clk/X (sky130_fd_sc_hd__clkbuf_16)
                                                         clknet_2_3__leaf_clk (net)
                      0.085494    0.000669    0.594554 ^ _300_/CLK (sky130_fd_sc_hd__dfrtp_1)
     3    0.011340    0.150509    0.822539    1.417093 v _300_/Q (sky130_fd_sc_hd__dfrtp_1)
                                                         current_state[1] (net)
                      0.150509    0.000189    1.417282 v fanout50/A (sky130_fd_sc_hd__buf_2)
    10    0.033249    0.162002    0.379732    1.797014 v fanout50/X (sky130_fd_sc_hd__buf_2)
                                                         net50 (net)
                      0.162002    0.000438    1.797451 v _147_/B (sky130_fd_sc_hd__or4b_4)
     4    0.016938    0.193693    1.126491    2.923943 v _147_/X (sky130_fd_sc_hd__or4b_4)
                                                         _124_ (net)
                      0.193693    0.000557    2.924500 v _148_/A (sky130_fd_sc_hd__inv_2)
     8    0.044281    0.325390    0.332725    3.257224 ^ _148_/Y (sky130_fd_sc_hd__inv_2)
                                                         net32 (net)
                      0.325398    0.001392    3.258616 ^ fanout41/A (sky130_fd_sc_hd__buf_6)
    10    0.037806    0.134473    0.335084    3.593699 ^ fanout41/X (sky130_fd_sc_hd__buf_6)
                                                         net41 (net)
                      0.134473    0.000494    3.594194 ^ _157_/B1 (sky130_fd_sc_hd__a2bb2o_4)
     6    0.028539    0.158804    0.346323    3.940517 ^ _157_/X (sky130_fd_sc_hd__a2bb2o_4)
                                                         _020_ (net)
                      0.158809    0.001161    3.941678 ^ _169_/A (sky130_fd_sc_hd__nor3_2)
     4    0.019188    0.112734    0.166084    4.107761 v _169_/Y (sky130_fd_sc_hd__nor3_2)
                                                         _030_ (net)
                      0.112734    0.000452    4.108213 v _178_/B2 (sky130_fd_sc_hd__a22o_1)
     1    0.002301    0.066668    0.363380    4.471593 v _178_/X (sky130_fd_sc_hd__a22o_1)
                                                         _003_ (net)
                      0.066668    0.000067    4.471660 v _266_/D (sky130_fd_sc_hd__dfrtp_2)
                                              4.471660   data arrival time

                                  5.000000    5.000000   clock clk (rise edge)
                                  0.000000    5.000000   clock source latency
     1    0.013636    0.106050    0.070490    5.070490 ^ clk (in)
                                                         clk (net)
                      0.106051    0.000000    5.070490 ^ clkbuf_0_clk/A (sky130_fd_sc_hd__clkbuf_16)
     4    0.042477    0.097079    0.269430    5.339920 ^ clkbuf_0_clk/X (sky130_fd_sc_hd__clkbuf_16)
                                                         clknet_0_clk (net)
                      0.097153    0.001500    5.341419 ^ clkbuf_2_0__f_clk/A (sky130_fd_sc_hd__clkbuf_16)
    13    0.040383    0.095303    0.261971    5.603391 ^ clkbuf_2_0__f_clk/X (sky130_fd_sc_hd__clkbuf_16)
                                                         clknet_2_0__leaf_clk (net)
                      0.095311    0.001047    5.604438 ^ _266_/CLK (sky130_fd_sc_hd__dfrtp_2)
                                 -0.250000    5.354438   clock uncertainty
                                  0.000000    5.354438   clock reconvergence pessimism
                                 -0.268472    5.085966   library setup time
                                              5.085966   data required time
---------------------------------------------------------------------------------------------
                                              5.085966   data required time
                                             -4.471660   data arrival time
---------------------------------------------------------------------------------------------
                                              0.614306   slack (MET)


Startpoint: _302_ (rising edge-triggered flip-flop clocked by clk)
Endpoint: rvalid (output port clocked by clk)
Path Group: clk
Path Type: max

Fanout         Cap        Slew       Delay        Time   Description
---------------------------------------------------------------------------------------------
                                  0.000000    0.000000   clock clk (rise edge)
                                  0.000000    0.000000   clock source latency
     1    0.013636    0.106050    0.070490    0.070490 ^ clk (in)
                                                         clk (net)
                      0.106051    0.000000    0.070490 ^ clkbuf_0_clk/A (sky130_fd_sc_hd__clkbuf_16)
     4    0.042477    0.097079    0.269430    0.339920 ^ clkbuf_0_clk/X (sky130_fd_sc_hd__clkbuf_16)
                                                         clknet_0_clk (net)
                      0.097122    0.000829    0.340749 ^ clkbuf_2_3__f_clk/A (sky130_fd_sc_hd__clkbuf_16)
     8    0.033610    0.085491    0.253137    0.593885 ^ clkbuf_2_3__f_clk/X (sky130_fd_sc_hd__clkbuf_16)
                                                         clknet_2_3__leaf_clk (net)
                      0.085496    0.000743    0.594628 ^ _302_/CLK (sky130_fd_sc_hd__dfrtp_1)
     4    0.015705    0.182015    0.858445    1.453073 v _302_/Q (sky130_fd_sc_hd__dfrtp_1)
                                                         current_state[3] (net)
                      0.182015    0.000217    1.453290 v fanout48/A (sky130_fd_sc_hd__clkbuf_2)
    10    0.030758    0.218109    0.372566    1.825856 v fanout48/X (sky130_fd_sc_hd__clkbuf_2)
                                                         net48 (net)
                      0.218109    0.000610    1.826466 v _144_/B_N (sky130_fd_sc_hd__and4bb_1)
     2    0.009107    0.188048    0.691292    2.517758 ^ _144_/X (sky130_fd_sc_hd__and4bb_1)
                                                         net37 (net)
                      0.188048    0.000373    2.518131 ^ _340_/A (sky130_fd_sc_hd__clkbuf_1)
     1    0.002078    0.061410    0.189535    2.707667 ^ _340_/X (sky130_fd_sc_hd__clkbuf_1)
                                                         net38 (net)
                      0.061410    0.000058    2.707725 ^ output38/A (sky130_fd_sc_hd__buf_2)
     1    0.034570    0.274402    0.341066    3.048791 ^ output38/X (sky130_fd_sc_hd__buf_2)
                                                         rvalid (net)
                      0.274402    0.000812    3.049603 ^ rvalid (out)
                                              3.049603   data arrival time

                                  5.000000    5.000000   clock clk (rise edge)
                                  0.000000    5.000000   clock network delay (propagated)
                                 -0.250000    4.750000   clock uncertainty
                                  0.000000    4.750000   clock reconvergence pessimism
                                 -1.000000    3.750000   output external delay
                                              3.750000   data required time
---------------------------------------------------------------------------------------------
                                              3.750000   data required time
                                             -3.049603   data arrival time
---------------------------------------------------------------------------------------------
                                              0.700398   slack (MET)


Startpoint: _271_ (rising edge-triggered flip-flop clocked by clk)
Endpoint: _301_ (rising edge-triggered flip-flop clocked by clk)
Path Group: clk
Path Type: max

Fanout         Cap        Slew       Delay        Time   Description
---------------------------------------------------------------------------------------------
                                  0.000000    0.000000   clock clk (rise edge)
                                  0.000000    0.000000   clock source latency
     1    0.013636    0.106050    0.070490    0.070490 ^ clk (in)
                                                         clk (net)
                      0.106051    0.000000    0.070490 ^ clkbuf_0_clk/A (sky130_fd_sc_hd__clkbuf_16)
     4    0.042477    0.097079    0.269430    0.339920 ^ clkbuf_0_clk/X (sky130_fd_sc_hd__clkbuf_16)
                                                         clknet_0_clk (net)
                      0.097159    0.001623    0.341543 ^ clkbuf_2_1__f_clk/A (sky130_fd_sc_hd__clkbuf_16)
    12    0.035064    0.087502    0.254989    0.596532 ^ clkbuf_2_1__f_clk/X (sky130_fd_sc_hd__clkbuf_16)
                                                         clknet_2_1__leaf_clk (net)
                      0.087535    0.001590    0.598122 ^ _271_/CLK (sky130_fd_sc_hd__dfrtp_2)
     8    0.021307    0.156180    0.916386    1.514508 v _271_/Q (sky130_fd_sc_hd__dfrtp_2)
                                                         lenM[0] (net)
                      0.156180    0.000486    1.514995 v _200_/A (sky130_fd_sc_hd__or4_1)
     3    0.007326    0.230815    1.321360    2.836355 v _200_/X (sky130_fd_sc_hd__or4_1)
                                                         _055_ (net)
                      0.230815    0.000155    2.836510 v _250_/C (sky130_fd_sc_hd__and3b_1)
     1    0.003839    0.079030    0.446714    3.283224 v _250_/X (sky130_fd_sc_hd__and3b_1)
                                                         _097_ (net)
                      0.079030    0.000122    3.283346 v _251_/C1 (sky130_fd_sc_hd__a311o_1)
     2    0.006285    0.125441    0.550533    3.833879 v _251_/X (sky130_fd_sc_hd__a311o_1)
                                                         _098_ (net)
                      0.125441    0.000129    3.834008 v _259_/A (sky130_fd_sc_hd__or2_1)
     1    0.002264    0.091577    0.507328    4.341336 v _259_/X (sky130_fd_sc_hd__or2_1)
                                                         _017_ (net)
                      0.091577    0.000064    4.341399 v _301_/D (sky130_fd_sc_hd__dfrtp_1)
                                              4.341399   data arrival time

                                  5.000000    5.000000   clock clk (rise edge)
                                  0.000000    5.000000   clock source latency
     1    0.013636    0.106050    0.070490    5.070490 ^ clk (in)
                                                         clk (net)
                      0.106051    0.000000    5.070490 ^ clkbuf_0_clk/A (sky130_fd_sc_hd__clkbuf_16)
     4    0.042477    0.097079    0.269430    5.339920 ^ clkbuf_0_clk/X (sky130_fd_sc_hd__clkbuf_16)
                                                         clknet_0_clk (net)
                      0.097122    0.000829    5.340749 ^ clkbuf_2_3__f_clk/A (sky130_fd_sc_hd__clkbuf_16)
     8    0.033610    0.085491    0.253137    5.593885 ^ clkbuf_2_3__f_clk/X (sky130_fd_sc_hd__clkbuf_16)
                                                         clknet_2_3__leaf_clk (net)
                      0.085492    0.000522    5.594408 ^ _301_/CLK (sky130_fd_sc_hd__dfrtp_1)
                                 -0.250000    5.344408   clock uncertainty
                                  0.000000    5.344408   clock reconvergence pessimism
                                 -0.281432    5.062975   library setup time
                                              5.062975   data required time
---------------------------------------------------------------------------------------------
                                              5.062975   data required time
                                             -4.341399   data arrival time
---------------------------------------------------------------------------------------------
                                              0.721576   slack (MET)


Startpoint: _300_ (rising edge-triggered flip-flop clocked by clk)
Endpoint: bvalid (output port clocked by clk)
Path Group: clk
Path Type: max

Fanout         Cap        Slew       Delay        Time   Description
---------------------------------------------------------------------------------------------
                                  0.000000    0.000000   clock clk (rise edge)
                                  0.000000    0.000000   clock source latency
     1    0.013636    0.106050    0.070490    0.070490 ^ clk (in)
                                                         clk (net)
                      0.106051    0.000000    0.070490 ^ clkbuf_0_clk/A (sky130_fd_sc_hd__clkbuf_16)
     4    0.042477    0.097079    0.269430    0.339920 ^ clkbuf_0_clk/X (sky130_fd_sc_hd__clkbuf_16)
                                                         clknet_0_clk (net)
                      0.097122    0.000829    0.340749 ^ clkbuf_2_3__f_clk/A (sky130_fd_sc_hd__clkbuf_16)
     8    0.033610    0.085491    0.253137    0.593885 ^ clkbuf_2_3__f_clk/X (sky130_fd_sc_hd__clkbuf_16)
                                                         clknet_2_3__leaf_clk (net)
                      0.085494    0.000669    0.594554 ^ _300_/CLK (sky130_fd_sc_hd__dfrtp_1)
     3    0.011340    0.150509    0.822539    1.417093 v _300_/Q (sky130_fd_sc_hd__dfrtp_1)
                                                         current_state[1] (net)
                      0.150509    0.000189    1.417282 v fanout50/A (sky130_fd_sc_hd__buf_2)
    10    0.033249    0.162002    0.379732    1.797014 v fanout50/X (sky130_fd_sc_hd__buf_2)
                                                         net50 (net)
                      0.162005    0.000923    1.797937 v _149_/A_N (sky130_fd_sc_hd__and4bb_1)
     3    0.007050    0.159677    0.599662    2.397599 ^ _149_/X (sky130_fd_sc_hd__and4bb_1)
                                                         net34 (net)
                      0.159677    0.000157    2.397755 ^ _339_/A (sky130_fd_sc_hd__clkbuf_1)
     1    0.001893    0.058120    0.175342    2.573097 ^ _339_/X (sky130_fd_sc_hd__clkbuf_1)
                                                         net35 (net)
                      0.058120    0.000036    2.573133 ^ output35/A (sky130_fd_sc_hd__buf_2)
     1    0.034115    0.270988    0.337246    2.910380 ^ output35/X (sky130_fd_sc_hd__buf_2)
                                                         bvalid (net)
                      0.270988    0.000660    2.911040 ^ bvalid (out)
                                              2.911040   data arrival time

                                  5.000000    5.000000   clock clk (rise edge)
                                  0.000000    5.000000   clock network delay (propagated)
                                 -0.250000    4.750000   clock uncertainty
                                  0.000000    4.750000   clock reconvergence pessimism
                                 -1.000000    3.750000   output external delay
                                              3.750000   data required time
---------------------------------------------------------------------------------------------
                                              3.750000   data required time
                                             -2.911040   data arrival time
---------------------------------------------------------------------------------------------
                                              0.838960   slack (MET)


Startpoint: _301_ (rising edge-triggered flip-flop clocked by clk)
Endpoint: PWRITE (output port clocked by clk)
Path Group: clk
Path Type: max

Fanout         Cap        Slew       Delay        Time   Description
---------------------------------------------------------------------------------------------
                                  0.000000    0.000000   clock clk (rise edge)
                                  0.000000    0.000000   clock source latency
     1    0.013636    0.106050    0.070490    0.070490 ^ clk (in)
                                                         clk (net)
                      0.106051    0.000000    0.070490 ^ clkbuf_0_clk/A (sky130_fd_sc_hd__clkbuf_16)
     4    0.042477    0.097079    0.269430    0.339920 ^ clkbuf_0_clk/X (sky130_fd_sc_hd__clkbuf_16)
                                                         clknet_0_clk (net)
                      0.097122    0.000829    0.340749 ^ clkbuf_2_3__f_clk/A (sky130_fd_sc_hd__clkbuf_16)
     8    0.033610    0.085491    0.253137    0.593885 ^ clkbuf_2_3__f_clk/X (sky130_fd_sc_hd__clkbuf_16)
                                                         clknet_2_3__leaf_clk (net)
                      0.085492    0.000522    0.594407 ^ _301_/CLK (sky130_fd_sc_hd__dfrtp_1)
     2    0.008083    0.120841    0.792636    1.387044 v _301_/Q (sky130_fd_sc_hd__dfrtp_1)
                                                         current_state[2] (net)
                      0.120841    0.000234    1.387278 v fanout49/A (sky130_fd_sc_hd__clkbuf_2)
    10    0.029134    0.207327    0.335985    1.723263 v fanout49/X (sky130_fd_sc_hd__clkbuf_2)
                                                         net49 (net)
                      0.207327    0.000622    1.723885 v _139_/A_N (sky130_fd_sc_hd__nand3b_4)
     6    0.029193    0.240400    0.456364    2.180249 v _139_/Y (sky130_fd_sc_hd__nand3b_4)
                                                         _120_ (net)
                      0.240400    0.000597    2.180846 v _140_/B (sky130_fd_sc_hd__nor2_1)
     2    0.006835    0.241879    0.292604    2.473449 ^ _140_/Y (sky130_fd_sc_hd__nor2_1)
                                                         net31 (net)
                      0.241879    0.000190    2.473639 ^ output31/A (sky130_fd_sc_hd__buf_2)
     1    0.034014    0.270621    0.421219    2.894858 ^ output31/X (sky130_fd_sc_hd__buf_2)
                                                         PWRITE (net)
                      0.270621    0.000628    2.895487 ^ PWRITE (out)
                                              2.895487   data arrival time

                                  5.000000    5.000000   clock clk (rise edge)
                                  0.000000    5.000000   clock network delay (propagated)
                                 -0.250000    4.750000   clock uncertainty
                                  0.000000    4.750000   clock reconvergence pessimism
                                 -1.000000    3.750000   output external delay
                                              3.750000   data required time
---------------------------------------------------------------------------------------------
                                              3.750000   data required time
                                             -2.895487   data arrival time
---------------------------------------------------------------------------------------------
                                              0.854513   slack (MET)


Startpoint: _300_ (rising edge-triggered flip-flop clocked by clk)
Endpoint: bresp (output port clocked by clk)
Path Group: clk
Path Type: max

Fanout         Cap        Slew       Delay        Time   Description
---------------------------------------------------------------------------------------------
                                  0.000000    0.000000   clock clk (rise edge)
                                  0.000000    0.000000   clock source latency
     1    0.013636    0.106050    0.070490    0.070490 ^ clk (in)
                                                         clk (net)
                      0.106051    0.000000    0.070490 ^ clkbuf_0_clk/A (sky130_fd_sc_hd__clkbuf_16)
     4    0.042477    0.097079    0.269430    0.339920 ^ clkbuf_0_clk/X (sky130_fd_sc_hd__clkbuf_16)
                                                         clknet_0_clk (net)
                      0.097122    0.000829    0.340749 ^ clkbuf_2_3__f_clk/A (sky130_fd_sc_hd__clkbuf_16)
     8    0.033610    0.085491    0.253137    0.593885 ^ clkbuf_2_3__f_clk/X (sky130_fd_sc_hd__clkbuf_16)
                                                         clknet_2_3__leaf_clk (net)
                      0.085494    0.000669    0.594554 ^ _300_/CLK (sky130_fd_sc_hd__dfrtp_1)
     3    0.011340    0.150509    0.822539    1.417093 v _300_/Q (sky130_fd_sc_hd__dfrtp_1)
                                                         current_state[1] (net)
                      0.150509    0.000189    1.417282 v fanout50/A (sky130_fd_sc_hd__buf_2)
    10    0.033249    0.162002    0.379732    1.797014 v fanout50/X (sky130_fd_sc_hd__buf_2)
                                                         net50 (net)
                      0.162005    0.000923    1.797937 v _149_/A_N (sky130_fd_sc_hd__and4bb_1)
     3    0.007050    0.159677    0.599662    2.397599 ^ _149_/X (sky130_fd_sc_hd__and4bb_1)
                                                         net34 (net)
                      0.159677    0.000151    2.397750 ^ output34/A (sky130_fd_sc_hd__buf_2)
     1    0.034167    0.271558    0.384929    2.782680 ^ output34/X (sky130_fd_sc_hd__buf_2)
                                                         bresp (net)
                      0.271558    0.000661    2.783341 ^ bresp (out)
                                              2.783341   data arrival time

                                  5.000000    5.000000   clock clk (rise edge)
                                  0.000000    5.000000   clock network delay (propagated)
                                 -0.250000    4.750000   clock uncertainty
                                  0.000000    4.750000   clock reconvergence pessimism
                                 -1.000000    3.750000   output external delay
                                              3.750000   data required time
---------------------------------------------------------------------------------------------
                                              3.750000   data required time
                                             -2.783341   data arrival time
---------------------------------------------------------------------------------------------
                                              0.966659   slack (MET)


Startpoint: _266_ (rising edge-triggered flip-flop clocked by clk)
Endpoint: _302_ (rising edge-triggered flip-flop clocked by clk)
Path Group: clk
Path Type: max

Fanout         Cap        Slew       Delay        Time   Description
---------------------------------------------------------------------------------------------
                                  0.000000    0.000000   clock clk (rise edge)
                                  0.000000    0.000000   clock source latency
     1    0.013636    0.106050    0.070490    0.070490 ^ clk (in)
                                                         clk (net)
                      0.106051    0.000000    0.070490 ^ clkbuf_0_clk/A (sky130_fd_sc_hd__clkbuf_16)
     4    0.042477    0.097079    0.269430    0.339920 ^ clkbuf_0_clk/X (sky130_fd_sc_hd__clkbuf_16)
                                                         clknet_0_clk (net)
                      0.097153    0.001500    0.341419 ^ clkbuf_2_0__f_clk/A (sky130_fd_sc_hd__clkbuf_16)
    13    0.040383    0.095303    0.261971    0.603391 ^ clkbuf_2_0__f_clk/X (sky130_fd_sc_hd__clkbuf_16)
                                                         clknet_2_0__leaf_clk (net)
                      0.095311    0.001047    0.604438 ^ _266_/CLK (sky130_fd_sc_hd__dfrtp_2)
     8    0.023467    0.164456    0.928409    1.532846 v _266_/Q (sky130_fd_sc_hd__dfrtp_2)
                                                         lenS[1] (net)
                      0.164456    0.000649    1.533495 v _253_/A (sky130_fd_sc_hd__or4b_1)
     1    0.003045    0.179263    1.236601    2.770096 v _253_/X (sky130_fd_sc_hd__or4b_1)
                                                         _100_ (net)
                      0.179263    0.000088    2.770184 v _254_/D (sky130_fd_sc_hd__and4_1)
     2    0.007793    0.112930    0.499860    3.270044 v _254_/X (sky130_fd_sc_hd__and4_1)
                                                         _101_ (net)
                      0.112930    0.000248    3.270292 v _262_/B1 (sky130_fd_sc_hd__a211o_1)
     1    0.002362    0.080969    0.504452    3.774744 v _262_/X (sky130_fd_sc_hd__a211o_1)
                                                         _018_ (net)
                      0.080969    0.000067    3.774811 v _302_/D (sky130_fd_sc_hd__dfrtp_1)
                                              3.774811   data arrival time

                                  5.000000    5.000000   clock clk (rise edge)
                                  0.000000    5.000000   clock source latency
     1    0.013636    0.106050    0.070490    5.070490 ^ clk (in)
                                                         clk (net)
                      0.106051    0.000000    5.070490 ^ clkbuf_0_clk/A (sky130_fd_sc_hd__clkbuf_16)
     4    0.042477    0.097079    0.269430    5.339920 ^ clkbuf_0_clk/X (sky130_fd_sc_hd__clkbuf_16)
                                                         clknet_0_clk (net)
                      0.097122    0.000829    5.340749 ^ clkbuf_2_3__f_clk/A (sky130_fd_sc_hd__clkbuf_16)
     8    0.033610    0.085491    0.253137    5.593885 ^ clkbuf_2_3__f_clk/X (sky130_fd_sc_hd__clkbuf_16)
                                                         clknet_2_3__leaf_clk (net)
                      0.085496    0.000743    5.594628 ^ _302_/CLK (sky130_fd_sc_hd__dfrtp_1)
                                 -0.250000    5.344628   clock uncertainty
                                  0.000000    5.344628   clock reconvergence pessimism
                                 -0.277008    5.067620   library setup time
                                              5.067620   data required time
---------------------------------------------------------------------------------------------
                                              5.067620   data required time
                                             -3.774811   data arrival time
---------------------------------------------------------------------------------------------
                                              1.292809   slack (MET)


Startpoint: _299_ (rising edge-triggered flip-flop clocked by clk)
Endpoint: _299_ (rising edge-triggered flip-flop clocked by clk)
Path Group: clk
Path Type: max

Fanout         Cap        Slew       Delay        Time   Description
---------------------------------------------------------------------------------------------
                                  0.000000    0.000000   clock clk (rise edge)
                                  0.000000    0.000000   clock source latency
     1    0.013636    0.106050    0.070490    0.070490 ^ clk (in)
                                                         clk (net)
                      0.106051    0.000000    0.070490 ^ clkbuf_0_clk/A (sky130_fd_sc_hd__clkbuf_16)
     4    0.042477    0.097079    0.269430    0.339920 ^ clkbuf_0_clk/X (sky130_fd_sc_hd__clkbuf_16)
                                                         clknet_0_clk (net)
                      0.097130    0.001008    0.340928 ^ clkbuf_2_2__f_clk/A (sky130_fd_sc_hd__clkbuf_16)
    10    0.033197    0.084831    0.252503    0.593431 ^ clkbuf_2_2__f_clk/X (sky130_fd_sc_hd__clkbuf_16)
                                                         clknet_2_2__leaf_clk (net)
                      0.084831    0.000383    0.593814 ^ _299_/CLK (sky130_fd_sc_hd__dfrtp_1)
     3    0.013657    0.165136    0.843479    1.437293 v _299_/Q (sky130_fd_sc_hd__dfrtp_1)
                                                         current_state[0] (net)
                      0.165136    0.000303    1.437595 v fanout51/A (sky130_fd_sc_hd__clkbuf_4)
    10    0.033644    0.137136    0.368524    1.806120 v fanout51/X (sky130_fd_sc_hd__clkbuf_4)
                                                         net51 (net)
                      0.137137    0.000679    1.806799 v _142_/B (sky130_fd_sc_hd__or4bb_4)
     4    0.020700    0.208676    1.141274    2.948073 v _142_/X (sky130_fd_sc_hd__or4bb_4)
                                                         _122_ (net)
                      0.208676    0.000632    2.948705 v _143_/A (sky130_fd_sc_hd__inv_2)
     3    0.010102    0.102042    0.165006    3.113711 ^ _143_/Y (sky130_fd_sc_hd__inv_2)
                                                         net33 (net)
                      0.102042    0.000146    3.113858 ^ _246_/B1 (sky130_fd_sc_hd__a32o_1)
     2    0.009182    0.187503    0.320750    3.434608 ^ _246_/X (sky130_fd_sc_hd__a32o_1)
                                                         _094_ (net)
                      0.187503    0.000219    3.434827 ^ _247_/C1 (sky130_fd_sc_hd__a211o_1)
     1    0.004211    0.086105    0.222606    3.657433 ^ _247_/X (sky130_fd_sc_hd__a211o_1)
                                                         _095_ (net)
                      0.086105    0.000142    3.657574 ^ _248_/B1 (sky130_fd_sc_hd__a21o_1)
     1    0.002789    0.065204    0.145076    3.802651 ^ _248_/X (sky130_fd_sc_hd__a21o_1)
                                                         _015_ (net)
                      0.065233    0.000081    3.802732 ^ _299_/D (sky130_fd_sc_hd__dfrtp_1)
                                              3.802732   data arrival time

                                  5.000000    5.000000   clock clk (rise edge)
                                  0.000000    5.000000   clock source latency
     1    0.013636    0.106050    0.070490    5.070490 ^ clk (in)
                                                         clk (net)
                      0.106051    0.000000    5.070490 ^ clkbuf_0_clk/A (sky130_fd_sc_hd__clkbuf_16)
     4    0.042477    0.097079    0.269430    5.339920 ^ clkbuf_0_clk/X (sky130_fd_sc_hd__clkbuf_16)
                                                         clknet_0_clk (net)
                      0.097130    0.001008    5.340928 ^ clkbuf_2_2__f_clk/A (sky130_fd_sc_hd__clkbuf_16)
    10    0.033197    0.084831    0.252503    5.593431 ^ clkbuf_2_2__f_clk/X (sky130_fd_sc_hd__clkbuf_16)
                                                         clknet_2_2__leaf_clk (net)
                      0.084831    0.000384    5.593814 ^ _299_/CLK (sky130_fd_sc_hd__dfrtp_1)
                                 -0.250000    5.343814   clock uncertainty
                                  0.000000    5.343814   clock reconvergence pessimism
                                 -0.129231    5.214583   library setup time
                                              5.214583   data required time
---------------------------------------------------------------------------------------------
                                              5.214583   data required time
                                             -3.802732   data arrival time
---------------------------------------------------------------------------------------------
                                              1.411852   slack (MET)


Startpoint: _275_ (rising edge-triggered flip-flop clocked by clk)
Endpoint: PADDR[0] (output port clocked by clk)
Path Group: clk
Path Type: max

Fanout         Cap        Slew       Delay        Time   Description
---------------------------------------------------------------------------------------------
                                  0.000000    0.000000   clock clk (rise edge)
                                  0.000000    0.000000   clock source latency
     1    0.013636    0.106050    0.070490    0.070490 ^ clk (in)
                                                         clk (net)
                      0.106051    0.000000    0.070490 ^ clkbuf_0_clk/A (sky130_fd_sc_hd__clkbuf_16)
     4    0.042477    0.097079    0.269430    0.339920 ^ clkbuf_0_clk/X (sky130_fd_sc_hd__clkbuf_16)
                                                         clknet_0_clk (net)
                      0.097153    0.001500    0.341419 ^ clkbuf_2_0__f_clk/A (sky130_fd_sc_hd__clkbuf_16)
    13    0.040383    0.095303    0.261971    0.603391 ^ clkbuf_2_0__f_clk/X (sky130_fd_sc_hd__clkbuf_16)
                                                         clknet_2_0__leaf_clk (net)
                      0.095321    0.001374    0.604765 ^ _275_/CLK (sky130_fd_sc_hd__dfrtp_2)
     7    0.019917    0.150920    0.914526    1.519291 v _275_/Q (sky130_fd_sc_hd__dfrtp_2)
                                                         DADDR[0] (net)
                      0.150920    0.000577    1.519868 v _154_/B (sky130_fd_sc_hd__and2_1)
     1    0.002224    0.063747    0.346358    1.866226 v _154_/X (sky130_fd_sc_hd__and2_1)
                                                         net27 (net)
                      0.063747    0.000063    1.866289 v output27/A (sky130_fd_sc_hd__buf_2)
     1    0.034388    0.166441    0.342034    2.208323 v output27/X (sky130_fd_sc_hd__buf_2)
                                                         PADDR[0] (net)
                      0.166442    0.000748    2.209070 v PADDR[0] (out)
                                              2.209070   data arrival time

                                  5.000000    5.000000   clock clk (rise edge)
                                  0.000000    5.000000   clock network delay (propagated)
                                 -0.250000    4.750000   clock uncertainty
                                  0.000000    4.750000   clock reconvergence pessimism
                                 -1.000000    3.750000   output external delay
                                              3.750000   data required time
---------------------------------------------------------------------------------------------
                                              3.750000   data required time
                                             -2.209070   data arrival time
---------------------------------------------------------------------------------------------
                                              1.540930   slack (MET)


Startpoint: _276_ (rising edge-triggered flip-flop clocked by clk)
Endpoint: PADDR[1] (output port clocked by clk)
Path Group: clk
Path Type: max

Fanout         Cap        Slew       Delay        Time   Description
---------------------------------------------------------------------------------------------
                                  0.000000    0.000000   clock clk (rise edge)
                                  0.000000    0.000000   clock source latency
     1    0.013636    0.106050    0.070490    0.070490 ^ clk (in)
                                                         clk (net)
                      0.106051    0.000000    0.070490 ^ clkbuf_0_clk/A (sky130_fd_sc_hd__clkbuf_16)
     4    0.042477    0.097079    0.269430    0.339920 ^ clkbuf_0_clk/X (sky130_fd_sc_hd__clkbuf_16)
                                                         clknet_0_clk (net)
                      0.097153    0.001500    0.341419 ^ clkbuf_2_0__f_clk/A (sky130_fd_sc_hd__clkbuf_16)
    13    0.040383    0.095303    0.261971    0.603391 ^ clkbuf_2_0__f_clk/X (sky130_fd_sc_hd__clkbuf_16)
                                                         clknet_2_0__leaf_clk (net)
                      0.095347    0.001950    0.605341 ^ _276_/CLK (sky130_fd_sc_hd__dfrtp_1)
     6    0.014326    0.170540    0.853327    1.458668 v _276_/Q (sky130_fd_sc_hd__dfrtp_1)
                                                         DADDR[1] (net)
                      0.170540    0.000236    1.458904 v _155_/B (sky130_fd_sc_hd__and2_1)
     1    0.003408    0.073013    0.368684    1.827588 v _155_/X (sky130_fd_sc_hd__and2_1)
                                                         net28 (net)
                      0.073013    0.000105    1.827692 v output28/A (sky130_fd_sc_hd__buf_2)
     1    0.034393    0.166414    0.346295    2.173987 v output28/X (sky130_fd_sc_hd__buf_2)
                                                         PADDR[1] (net)
                      0.166415    0.000748    2.174735 v PADDR[1] (out)
                                              2.174735   data arrival time

                                  5.000000    5.000000   clock clk (rise edge)
                                  0.000000    5.000000   clock network delay (propagated)
                                 -0.250000    4.750000   clock uncertainty
                                  0.000000    4.750000   clock reconvergence pessimism
                                 -1.000000    3.750000   output external delay
                                              3.750000   data required time
---------------------------------------------------------------------------------------------
                                              3.750000   data required time
                                             -2.174735   data arrival time
---------------------------------------------------------------------------------------------
                                              1.575265   slack (MET)


Startpoint: _269_ (rising edge-triggered flip-flop clocked by clk)
Endpoint: PADDR[2] (output port clocked by clk)
Path Group: clk
Path Type: max

Fanout         Cap        Slew       Delay        Time   Description
---------------------------------------------------------------------------------------------
                                  0.000000    0.000000   clock clk (rise edge)
                                  0.000000    0.000000   clock source latency
     1    0.013636    0.106050    0.070490    0.070490 ^ clk (in)
                                                         clk (net)
                      0.106051    0.000000    0.070490 ^ clkbuf_0_clk/A (sky130_fd_sc_hd__clkbuf_16)
     4    0.042477    0.097079    0.269430    0.339920 ^ clkbuf_0_clk/X (sky130_fd_sc_hd__clkbuf_16)
                                                         clknet_0_clk (net)
                      0.097122    0.000829    0.340749 ^ clkbuf_2_3__f_clk/A (sky130_fd_sc_hd__clkbuf_16)
     8    0.033610    0.085491    0.253137    0.593885 ^ clkbuf_2_3__f_clk/X (sky130_fd_sc_hd__clkbuf_16)
                                                         clknet_2_3__leaf_clk (net)
                      0.085495    0.000718    0.594603 ^ _269_/CLK (sky130_fd_sc_hd__dfrtp_1)
     4    0.014220    0.169625    0.848012    1.442616 v _269_/Q (sky130_fd_sc_hd__dfrtp_1)
                                                         DWREQ (net)
                      0.169625    0.000312    1.442928 v _156_/A (sky130_fd_sc_hd__and2_1)
     1    0.002217    0.063673    0.315752    1.758680 v _156_/X (sky130_fd_sc_hd__and2_1)
                                                         net29 (net)
                      0.063673    0.000063    1.758742 v output29/A (sky130_fd_sc_hd__buf_2)
     1    0.034323    0.166178    0.341800    2.100543 v output29/X (sky130_fd_sc_hd__buf_2)
                                                         PADDR[2] (net)
                      0.166179    0.000733    2.101275 v PADDR[2] (out)
                                              2.101275   data arrival time

                                  5.000000    5.000000   clock clk (rise edge)
                                  0.000000    5.000000   clock network delay (propagated)
                                 -0.250000    4.750000   clock uncertainty
                                  0.000000    4.750000   clock reconvergence pessimism
                                 -1.000000    3.750000   output external delay
                                              3.750000   data required time
---------------------------------------------------------------------------------------------
                                              3.750000   data required time
                                             -2.101275   data arrival time
---------------------------------------------------------------------------------------------
                                              1.648725   slack (MET)


Startpoint: _302_ (rising edge-triggered flip-flop clocked by clk)
Endpoint: _270_ (rising edge-triggered flip-flop clocked by clk)
Path Group: clk
Path Type: max

Fanout         Cap        Slew       Delay        Time   Description
---------------------------------------------------------------------------------------------
                                  0.000000    0.000000   clock clk (rise edge)
                                  0.000000    0.000000   clock source latency
     1    0.013636    0.106050    0.070490    0.070490 ^ clk (in)
                                                         clk (net)
                      0.106051    0.000000    0.070490 ^ clkbuf_0_clk/A (sky130_fd_sc_hd__clkbuf_16)
     4    0.042477    0.097079    0.269430    0.339920 ^ clkbuf_0_clk/X (sky130_fd_sc_hd__clkbuf_16)
                                                         clknet_0_clk (net)
                      0.097122    0.000829    0.340749 ^ clkbuf_2_3__f_clk/A (sky130_fd_sc_hd__clkbuf_16)
     8    0.033610    0.085491    0.253137    0.593885 ^ clkbuf_2_3__f_clk/X (sky130_fd_sc_hd__clkbuf_16)
                                                         clknet_2_3__leaf_clk (net)
                      0.085496    0.000743    0.594628 ^ _302_/CLK (sky130_fd_sc_hd__dfrtp_1)
     4    0.015705    0.182015    0.858445    1.453073 v _302_/Q (sky130_fd_sc_hd__dfrtp_1)
                                                         current_state[3] (net)
                      0.182015    0.000217    1.453290 v fanout48/A (sky130_fd_sc_hd__clkbuf_2)
    10    0.030758    0.218109    0.372566    1.825856 v fanout48/X (sky130_fd_sc_hd__clkbuf_2)
                                                         net48 (net)
                      0.218109    0.000610    1.826466 v _144_/B_N (sky130_fd_sc_hd__and4bb_1)
     2    0.009107    0.188048    0.691292    2.517758 ^ _144_/X (sky130_fd_sc_hd__and4bb_1)
                                                         net37 (net)
                      0.188048    0.000221    2.517979 ^ fanout46/A (sky130_fd_sc_hd__buf_2)
    10    0.036905    0.292188    0.411940    2.929919 ^ fanout46/X (sky130_fd_sc_hd__buf_2)
                                                         net46 (net)
                      0.292193    0.001620    2.931539 ^ _196_/C1 (sky130_fd_sc_hd__o211a_1)
     1    0.002224    0.073045    0.351573    3.283112 ^ _196_/X (sky130_fd_sc_hd__o211a_1)
                                                         _052_ (net)
                      0.073045    0.000065    3.283177 ^ _197_/B1_N (sky130_fd_sc_hd__o21bai_1)
     1    0.002596    0.170604    0.172739    3.455916 ^ _197_/Y (sky130_fd_sc_hd__o21bai_1)
                                                         _007_ (net)
                      0.170604    0.000077    3.455993 ^ _270_/D (sky130_fd_sc_hd__dfrtp_1)
                                              3.455993   data arrival time

                                  5.000000    5.000000   clock clk (rise edge)
                                  0.000000    5.000000   clock source latency
     1    0.013636    0.106050    0.070490    5.070490 ^ clk (in)
                                                         clk (net)
                      0.106051    0.000000    5.070490 ^ clkbuf_0_clk/A (sky130_fd_sc_hd__clkbuf_16)
     4    0.042477    0.097079    0.269430    5.339920 ^ clkbuf_0_clk/X (sky130_fd_sc_hd__clkbuf_16)
                                                         clknet_0_clk (net)
                      0.097122    0.000829    5.340749 ^ clkbuf_2_3__f_clk/A (sky130_fd_sc_hd__clkbuf_16)
     8    0.033610    0.085491    0.253137    5.593885 ^ clkbuf_2_3__f_clk/X (sky130_fd_sc_hd__clkbuf_16)
                                                         clknet_2_3__leaf_clk (net)
                      0.085493    0.000579    5.594464 ^ _270_/CLK (sky130_fd_sc_hd__dfrtp_1)
                                 -0.250000    5.344464   clock uncertainty
                                  0.000000    5.344464   clock reconvergence pessimism
                                 -0.155666    5.188798   library setup time
                                              5.188798   data required time
---------------------------------------------------------------------------------------------
                                              5.188798   data required time
                                             -3.455993   data arrival time
---------------------------------------------------------------------------------------------
                                              1.732805   slack (MET)


Startpoint: _302_ (rising edge-triggered flip-flop clocked by clk)
Endpoint: _269_ (rising edge-triggered flip-flop clocked by clk)
Path Group: clk
Path Type: max

Fanout         Cap        Slew       Delay        Time   Description
---------------------------------------------------------------------------------------------
                                  0.000000    0.000000   clock clk (rise edge)
                                  0.000000    0.000000   clock source latency
     1    0.013636    0.106050    0.070490    0.070490 ^ clk (in)
                                                         clk (net)
                      0.106051    0.000000    0.070490 ^ clkbuf_0_clk/A (sky130_fd_sc_hd__clkbuf_16)
     4    0.042477    0.097079    0.269430    0.339920 ^ clkbuf_0_clk/X (sky130_fd_sc_hd__clkbuf_16)
                                                         clknet_0_clk (net)
                      0.097122    0.000829    0.340749 ^ clkbuf_2_3__f_clk/A (sky130_fd_sc_hd__clkbuf_16)
     8    0.033610    0.085491    0.253137    0.593885 ^ clkbuf_2_3__f_clk/X (sky130_fd_sc_hd__clkbuf_16)
                                                         clknet_2_3__leaf_clk (net)
                      0.085496    0.000743    0.594628 ^ _302_/CLK (sky130_fd_sc_hd__dfrtp_1)
     4    0.015705    0.182015    0.858445    1.453073 v _302_/Q (sky130_fd_sc_hd__dfrtp_1)
                                                         current_state[3] (net)
                      0.182015    0.000217    1.453290 v fanout48/A (sky130_fd_sc_hd__clkbuf_2)
    10    0.030758    0.218109    0.372566    1.825856 v fanout48/X (sky130_fd_sc_hd__clkbuf_2)
                                                         net48 (net)
                      0.218109    0.000786    1.826642 v _149_/C (sky130_fd_sc_hd__and4bb_1)
     3    0.006696    0.108061    0.490593    2.317235 v _149_/X (sky130_fd_sc_hd__and4bb_1)
                                                         net34 (net)
                      0.108061    0.000100    2.317335 v _193_/B (sky130_fd_sc_hd__and2_1)
     2    0.009838    0.124264    0.391448    2.708783 v _193_/X (sky130_fd_sc_hd__and2_1)
                                                         _050_ (net)
                      0.124264    0.000459    2.709242 v _194_/A3 (sky130_fd_sc_hd__o31a_1)
     1    0.005109    0.105856    0.497631    3.206873 v _194_/X (sky130_fd_sc_hd__o31a_1)
                                                         _006_ (net)
                      0.105856    0.000205    3.207078 v _269_/D (sky130_fd_sc_hd__dfrtp_1)
                                              3.207078   data arrival time

                                  5.000000    5.000000   clock clk (rise edge)
                                  0.000000    5.000000   clock source latency
     1    0.013636    0.106050    0.070490    5.070490 ^ clk (in)
                                                         clk (net)
                      0.106051    0.000000    5.070490 ^ clkbuf_0_clk/A (sky130_fd_sc_hd__clkbuf_16)
     4    0.042477    0.097079    0.269430    5.339920 ^ clkbuf_0_clk/X (sky130_fd_sc_hd__clkbuf_16)
                                                         clknet_0_clk (net)
                      0.097122    0.000829    5.340749 ^ clkbuf_2_3__f_clk/A (sky130_fd_sc_hd__clkbuf_16)
     8    0.033610    0.085491    0.253137    5.593885 ^ clkbuf_2_3__f_clk/X (sky130_fd_sc_hd__clkbuf_16)
                                                         clknet_2_3__leaf_clk (net)
                      0.085495    0.000718    5.594604 ^ _269_/CLK (sky130_fd_sc_hd__dfrtp_1)
                                 -0.250000    5.344604   clock uncertainty
                                  0.000000    5.344604   clock reconvergence pessimism
                                 -0.287385    5.057219   library setup time
                                              5.057219   data required time
---------------------------------------------------------------------------------------------
                                              5.057219   data required time
                                             -3.207078   data arrival time
---------------------------------------------------------------------------------------------
                                              1.850141   slack (MET)


Startpoint: res_n (input port clocked by clk)
Endpoint: _265_ (recovery check against rising-edge clock clk)
Path Group: asynchronous
Path Type: max

Fanout         Cap        Slew       Delay        Time   Description
---------------------------------------------------------------------------------------------
                                  0.000000    0.000000   clock clk (rise edge)
                                  0.000000    0.000000   clock network delay (propagated)
                                  1.000000    1.000000 ^ input external delay
     1    0.002207    0.028342    0.012664    1.012664 ^ res_n (in)
                                                         res_n (net)
                      0.028342    0.000000    1.012664 ^ hold4/A (sky130_fd_sc_hd__dlygate4sd3_1)
     1    0.002189    0.084806    1.013264    2.025928 ^ hold4/X (sky130_fd_sc_hd__dlygate4sd3_1)
                                                         net95 (net)
                      0.084806    0.000041    2.025969 ^ input23/A (sky130_fd_sc_hd__buf_1)
     3    0.013780    0.270349    0.300328    2.326298 ^ input23/X (sky130_fd_sc_hd__buf_1)
                                                         net23 (net)
                      0.270349    0.000200    2.326498 ^ fanout54/A (sky130_fd_sc_hd__clkbuf_2)
     5    0.028039    0.244721    0.406003    2.732500 ^ fanout54/X (sky130_fd_sc_hd__clkbuf_2)
                                                         net54 (net)
                      0.244721    0.000503    2.733003 ^ fanout52/A (sky130_fd_sc_hd__clkbuf_4)
    10    0.048799    0.243369    0.454573    3.187576 ^ fanout52/X (sky130_fd_sc_hd__clkbuf_4)
                                                         net52 (net)
                      0.243371    0.001319    3.188894 ^ _265_/RESET_B (sky130_fd_sc_hd__dfrtp_4)
                                              3.188894   data arrival time

                                  5.000000    5.000000   clock clk (rise edge)
                                  0.000000    5.000000   clock source latency
     1    0.013636    0.106050    0.070490    5.070490 ^ clk (in)
                                                         clk (net)
                      0.106051    0.000000    5.070490 ^ clkbuf_0_clk/A (sky130_fd_sc_hd__clkbuf_16)
     4    0.042477    0.097079    0.269430    5.339920 ^ clkbuf_0_clk/X (sky130_fd_sc_hd__clkbuf_16)
                                                         clknet_0_clk (net)
                      0.097153    0.001500    5.341419 ^ clkbuf_2_0__f_clk/A (sky130_fd_sc_hd__clkbuf_16)
    13    0.040383    0.095303    0.261971    5.603391 ^ clkbuf_2_0__f_clk/X (sky130_fd_sc_hd__clkbuf_16)
                                                         clknet_2_0__leaf_clk (net)
                      0.095394    0.002645    5.606036 ^ _265_/CLK (sky130_fd_sc_hd__dfrtp_4)
                                 -0.250000    5.356036   clock uncertainty
                                  0.000000    5.356036   clock reconvergence pessimism
                                  0.371239    5.727275   library recovery time
                                              5.727275   data required time
---------------------------------------------------------------------------------------------
                                              5.727275   data required time
                                             -3.188894   data arrival time
---------------------------------------------------------------------------------------------
                                              2.538381   slack (MET)


Startpoint: res_n (input port clocked by clk)
Endpoint: _266_ (recovery check against rising-edge clock clk)
Path Group: asynchronous
Path Type: max

Fanout         Cap        Slew       Delay        Time   Description
---------------------------------------------------------------------------------------------
                                  0.000000    0.000000   clock clk (rise edge)
                                  0.000000    0.000000   clock network delay (propagated)
                                  1.000000    1.000000 ^ input external delay
     1    0.002207    0.028342    0.012664    1.012664 ^ res_n (in)
                                                         res_n (net)
                      0.028342    0.000000    1.012664 ^ hold4/A (sky130_fd_sc_hd__dlygate4sd3_1)
     1    0.002189    0.084806    1.013264    2.025928 ^ hold4/X (sky130_fd_sc_hd__dlygate4sd3_1)
                                                         net95 (net)
                      0.084806    0.000041    2.025969 ^ input23/A (sky130_fd_sc_hd__buf_1)
     3    0.013780    0.270349    0.300328    2.326298 ^ input23/X (sky130_fd_sc_hd__buf_1)
                                                         net23 (net)
                      0.270349    0.000200    2.326498 ^ fanout54/A (sky130_fd_sc_hd__clkbuf_2)
     5    0.028039    0.244721    0.406003    2.732500 ^ fanout54/X (sky130_fd_sc_hd__clkbuf_2)
                                                         net54 (net)
                      0.244721    0.000503    2.733003 ^ fanout52/A (sky130_fd_sc_hd__clkbuf_4)
    10    0.048799    0.243369    0.454573    3.187576 ^ fanout52/X (sky130_fd_sc_hd__clkbuf_4)
                                                         net52 (net)
                      0.243412    0.003233    3.190809 ^ _266_/RESET_B (sky130_fd_sc_hd__dfrtp_2)
                                              3.190809   data arrival time

                                  5.000000    5.000000   clock clk (rise edge)
                                  0.000000    5.000000   clock source latency
     1    0.013636    0.106050    0.070490    5.070490 ^ clk (in)
                                                         clk (net)
                      0.106051    0.000000    5.070490 ^ clkbuf_0_clk/A (sky130_fd_sc_hd__clkbuf_16)
     4    0.042477    0.097079    0.269430    5.339920 ^ clkbuf_0_clk/X (sky130_fd_sc_hd__clkbuf_16)
                                                         clknet_0_clk (net)
                      0.097153    0.001500    5.341419 ^ clkbuf_2_0__f_clk/A (sky130_fd_sc_hd__clkbuf_16)
    13    0.040383    0.095303    0.261971    5.603391 ^ clkbuf_2_0__f_clk/X (sky130_fd_sc_hd__clkbuf_16)
                                                         clknet_2_0__leaf_clk (net)
                      0.095311    0.001047    5.604438 ^ _266_/CLK (sky130_fd_sc_hd__dfrtp_2)
                                 -0.250000    5.354438   clock uncertainty
                                  0.000000    5.354438   clock reconvergence pessimism
                                  0.379024    5.733461   library recovery time
                                              5.733461   data required time
---------------------------------------------------------------------------------------------
                                              5.733461   data required time
                                             -3.190809   data arrival time
---------------------------------------------------------------------------------------------
                                              2.542653   slack (MET)


Startpoint: res_n (input port clocked by clk)
Endpoint: _275_ (recovery check against rising-edge clock clk)
Path Group: asynchronous
Path Type: max

Fanout         Cap        Slew       Delay        Time   Description
---------------------------------------------------------------------------------------------
                                  0.000000    0.000000   clock clk (rise edge)
                                  0.000000    0.000000   clock network delay (propagated)
                                  1.000000    1.000000 ^ input external delay
     1    0.002207    0.028342    0.012664    1.012664 ^ res_n (in)
                                                         res_n (net)
                      0.028342    0.000000    1.012664 ^ hold4/A (sky130_fd_sc_hd__dlygate4sd3_1)
     1    0.002189    0.084806    1.013264    2.025928 ^ hold4/X (sky130_fd_sc_hd__dlygate4sd3_1)
                                                         net95 (net)
                      0.084806    0.000041    2.025969 ^ input23/A (sky130_fd_sc_hd__buf_1)
     3    0.013780    0.270349    0.300328    2.326298 ^ input23/X (sky130_fd_sc_hd__buf_1)
                                                         net23 (net)
                      0.270349    0.000200    2.326498 ^ fanout54/A (sky130_fd_sc_hd__clkbuf_2)
     5    0.028039    0.244721    0.406003    2.732500 ^ fanout54/X (sky130_fd_sc_hd__clkbuf_2)
                                                         net54 (net)
                      0.244721    0.000503    2.733003 ^ fanout52/A (sky130_fd_sc_hd__clkbuf_4)
    10    0.048799    0.243369    0.454573    3.187576 ^ fanout52/X (sky130_fd_sc_hd__clkbuf_4)
                                                         net52 (net)
                      0.243394    0.002634    3.190210 ^ _275_/RESET_B (sky130_fd_sc_hd__dfrtp_2)
                                              3.190210   data arrival time

                                  5.000000    5.000000   clock clk (rise edge)
                                  0.000000    5.000000   clock source latency
     1    0.013636    0.106050    0.070490    5.070490 ^ clk (in)
                                                         clk (net)
                      0.106051    0.000000    5.070490 ^ clkbuf_0_clk/A (sky130_fd_sc_hd__clkbuf_16)
     4    0.042477    0.097079    0.269430    5.339920 ^ clkbuf_0_clk/X (sky130_fd_sc_hd__clkbuf_16)
                                                         clknet_0_clk (net)
                      0.097153    0.001500    5.341419 ^ clkbuf_2_0__f_clk/A (sky130_fd_sc_hd__clkbuf_16)
    13    0.040383    0.095303    0.261971    5.603391 ^ clkbuf_2_0__f_clk/X (sky130_fd_sc_hd__clkbuf_16)
                                                         clknet_2_0__leaf_clk (net)
                      0.095321    0.001374    5.604765 ^ _275_/CLK (sky130_fd_sc_hd__dfrtp_2)
                                 -0.250000    5.354765   clock uncertainty
                                  0.000000    5.354765   clock reconvergence pessimism
                                  0.379034    5.733800   library recovery time
                                              5.733800   data required time
---------------------------------------------------------------------------------------------
                                              5.733800   data required time
                                             -3.190210   data arrival time
---------------------------------------------------------------------------------------------
                                              2.543590   slack (MET)


Startpoint: res_n (input port clocked by clk)
Endpoint: _280_ (recovery check against rising-edge clock clk)
Path Group: asynchronous
Path Type: max

Fanout         Cap        Slew       Delay        Time   Description
---------------------------------------------------------------------------------------------
                                  0.000000    0.000000   clock clk (rise edge)
                                  0.000000    0.000000   clock network delay (propagated)
                                  1.000000    1.000000 ^ input external delay
     1    0.002207    0.028342    0.012664    1.012664 ^ res_n (in)
                                                         res_n (net)
                      0.028342    0.000000    1.012664 ^ hold4/A (sky130_fd_sc_hd__dlygate4sd3_1)
     1    0.002189    0.084806    1.013264    2.025928 ^ hold4/X (sky130_fd_sc_hd__dlygate4sd3_1)
                                                         net95 (net)
                      0.084806    0.000041    2.025969 ^ input23/A (sky130_fd_sc_hd__buf_1)
     3    0.013780    0.270349    0.300328    2.326298 ^ input23/X (sky130_fd_sc_hd__buf_1)
                                                         net23 (net)
                      0.270349    0.000200    2.326498 ^ fanout54/A (sky130_fd_sc_hd__clkbuf_2)
     5    0.028039    0.244721    0.406003    2.732500 ^ fanout54/X (sky130_fd_sc_hd__clkbuf_2)
                                                         net54 (net)
                      0.244721    0.000503    2.733003 ^ fanout52/A (sky130_fd_sc_hd__clkbuf_4)
    10    0.048799    0.243369    0.454573    3.187576 ^ fanout52/X (sky130_fd_sc_hd__clkbuf_4)
                                                         net52 (net)
                      0.243410    0.003162    3.190737 ^ _280_/RESET_B (sky130_fd_sc_hd__dfrtp_1)
                                              3.190737   data arrival time

                                  5.000000    5.000000   clock clk (rise edge)
                                  0.000000    5.000000   clock source latency
     1    0.013636    0.106050    0.070490    5.070490 ^ clk (in)
                                                         clk (net)
                      0.106051    0.000000    5.070490 ^ clkbuf_0_clk/A (sky130_fd_sc_hd__clkbuf_16)
     4    0.042477    0.097079    0.269430    5.339920 ^ clkbuf_0_clk/X (sky130_fd_sc_hd__clkbuf_16)
                                                         clknet_0_clk (net)
                      0.097153    0.001500    5.341419 ^ clkbuf_2_0__f_clk/A (sky130_fd_sc_hd__clkbuf_16)
    13    0.040383    0.095303    0.261971    5.603391 ^ clkbuf_2_0__f_clk/X (sky130_fd_sc_hd__clkbuf_16)
                                                         clknet_2_0__leaf_clk (net)
                      0.095333    0.001658    5.605049 ^ _280_/CLK (sky130_fd_sc_hd__dfrtp_1)
                                 -0.250000    5.355049   clock uncertainty
                                  0.000000    5.355049   clock reconvergence pessimism
                                  0.406888    5.761936   library recovery time
                                              5.761936   data required time
---------------------------------------------------------------------------------------------
                                              5.761936   data required time
                                             -3.190737   data arrival time
---------------------------------------------------------------------------------------------
                                              2.571199   slack (MET)


Startpoint: res_n (input port clocked by clk)
Endpoint: _283_ (recovery check against rising-edge clock clk)
Path Group: asynchronous
Path Type: max

Fanout         Cap        Slew       Delay        Time   Description
---------------------------------------------------------------------------------------------
                                  0.000000    0.000000   clock clk (rise edge)
                                  0.000000    0.000000   clock network delay (propagated)
                                  1.000000    1.000000 ^ input external delay
     1    0.002207    0.028342    0.012664    1.012664 ^ res_n (in)
                                                         res_n (net)
                      0.028342    0.000000    1.012664 ^ hold4/A (sky130_fd_sc_hd__dlygate4sd3_1)
     1    0.002189    0.084806    1.013264    2.025928 ^ hold4/X (sky130_fd_sc_hd__dlygate4sd3_1)
                                                         net95 (net)
                      0.084806    0.000041    2.025969 ^ input23/A (sky130_fd_sc_hd__buf_1)
     3    0.013780    0.270349    0.300328    2.326298 ^ input23/X (sky130_fd_sc_hd__buf_1)
                                                         net23 (net)
                      0.270349    0.000200    2.326498 ^ fanout54/A (sky130_fd_sc_hd__clkbuf_2)
     5    0.028039    0.244721    0.406003    2.732500 ^ fanout54/X (sky130_fd_sc_hd__clkbuf_2)
                                                         net54 (net)
                      0.244721    0.000503    2.733003 ^ fanout52/A (sky130_fd_sc_hd__clkbuf_4)
    10    0.048799    0.243369    0.454573    3.187576 ^ fanout52/X (sky130_fd_sc_hd__clkbuf_4)
                                                         net52 (net)
                      0.243408    0.003096    3.190672 ^ _283_/RESET_B (sky130_fd_sc_hd__dfrtp_1)
                                              3.190672   data arrival time

                                  5.000000    5.000000   clock clk (rise edge)
                                  0.000000    5.000000   clock source latency
     1    0.013636    0.106050    0.070490    5.070490 ^ clk (in)
                                                         clk (net)
                      0.106051    0.000000    5.070490 ^ clkbuf_0_clk/A (sky130_fd_sc_hd__clkbuf_16)
     4    0.042477    0.097079    0.269430    5.339920 ^ clkbuf_0_clk/X (sky130_fd_sc_hd__clkbuf_16)
                                                         clknet_0_clk (net)
                      0.097153    0.001500    5.341419 ^ clkbuf_2_0__f_clk/A (sky130_fd_sc_hd__clkbuf_16)
    13    0.040383    0.095303    0.261971    5.603391 ^ clkbuf_2_0__f_clk/X (sky130_fd_sc_hd__clkbuf_16)
                                                         clknet_2_0__leaf_clk (net)
                      0.095335    0.001703    5.605093 ^ _283_/CLK (sky130_fd_sc_hd__dfrtp_1)
                                 -0.250000    5.355093   clock uncertainty
                                  0.000000    5.355093   clock reconvergence pessimism
                                  0.406889    5.761982   library recovery time
                                              5.761982   data required time
---------------------------------------------------------------------------------------------
                                              5.761982   data required time
                                             -3.190672   data arrival time
---------------------------------------------------------------------------------------------
                                              2.571311   slack (MET)


Startpoint: res_n (input port clocked by clk)
Endpoint: _282_ (recovery check against rising-edge clock clk)
Path Group: asynchronous
Path Type: max

Fanout         Cap        Slew       Delay        Time   Description
---------------------------------------------------------------------------------------------
                                  0.000000    0.000000   clock clk (rise edge)
                                  0.000000    0.000000   clock network delay (propagated)
                                  1.000000    1.000000 ^ input external delay
     1    0.002207    0.028342    0.012664    1.012664 ^ res_n (in)
                                                         res_n (net)
                      0.028342    0.000000    1.012664 ^ hold4/A (sky130_fd_sc_hd__dlygate4sd3_1)
     1    0.002189    0.084806    1.013264    2.025928 ^ hold4/X (sky130_fd_sc_hd__dlygate4sd3_1)
                                                         net95 (net)
                      0.084806    0.000041    2.025969 ^ input23/A (sky130_fd_sc_hd__buf_1)
     3    0.013780    0.270349    0.300328    2.326298 ^ input23/X (sky130_fd_sc_hd__buf_1)
                                                         net23 (net)
                      0.270349    0.000200    2.326498 ^ fanout54/A (sky130_fd_sc_hd__clkbuf_2)
     5    0.028039    0.244721    0.406003    2.732500 ^ fanout54/X (sky130_fd_sc_hd__clkbuf_2)
                                                         net54 (net)
                      0.244721    0.000503    2.733003 ^ fanout52/A (sky130_fd_sc_hd__clkbuf_4)
    10    0.048799    0.243369    0.454573    3.187576 ^ fanout52/X (sky130_fd_sc_hd__clkbuf_4)
                                                         net52 (net)
                      0.243404    0.002977    3.190553 ^ _282_/RESET_B (sky130_fd_sc_hd__dfrtp_1)
                                              3.190553   data arrival time

                                  5.000000    5.000000   clock clk (rise edge)
                                  0.000000    5.000000   clock source latency
     1    0.013636    0.106050    0.070490    5.070490 ^ clk (in)
                                                         clk (net)
                      0.106051    0.000000    5.070490 ^ clkbuf_0_clk/A (sky130_fd_sc_hd__clkbuf_16)
     4    0.042477    0.097079    0.269430    5.339920 ^ clkbuf_0_clk/X (sky130_fd_sc_hd__clkbuf_16)
                                                         clknet_0_clk (net)
                      0.097153    0.001500    5.341419 ^ clkbuf_2_0__f_clk/A (sky130_fd_sc_hd__clkbuf_16)
    13    0.040383    0.095303    0.261971    5.603391 ^ clkbuf_2_0__f_clk/X (sky130_fd_sc_hd__clkbuf_16)
                                                         clknet_2_0__leaf_clk (net)
                      0.095354    0.002058    5.605449 ^ _282_/CLK (sky130_fd_sc_hd__dfrtp_1)
                                 -0.250000    5.355449   clock uncertainty
                                  0.000000    5.355449   clock reconvergence pessimism
                                  0.406897    5.762346   library recovery time
                                              5.762346   data required time
---------------------------------------------------------------------------------------------
                                              5.762346   data required time
                                             -3.190553   data arrival time
---------------------------------------------------------------------------------------------
                                              2.571793   slack (MET)


Startpoint: res_n (input port clocked by clk)
Endpoint: _276_ (recovery check against rising-edge clock clk)
Path Group: asynchronous
Path Type: max

Fanout         Cap        Slew       Delay        Time   Description
---------------------------------------------------------------------------------------------
                                  0.000000    0.000000   clock clk (rise edge)
                                  0.000000    0.000000   clock network delay (propagated)
                                  1.000000    1.000000 ^ input external delay
     1    0.002207    0.028342    0.012664    1.012664 ^ res_n (in)
                                                         res_n (net)
                      0.028342    0.000000    1.012664 ^ hold4/A (sky130_fd_sc_hd__dlygate4sd3_1)
     1    0.002189    0.084806    1.013264    2.025928 ^ hold4/X (sky130_fd_sc_hd__dlygate4sd3_1)
                                                         net95 (net)
                      0.084806    0.000041    2.025969 ^ input23/A (sky130_fd_sc_hd__buf_1)
     3    0.013780    0.270349    0.300328    2.326298 ^ input23/X (sky130_fd_sc_hd__buf_1)
                                                         net23 (net)
                      0.270349    0.000200    2.326498 ^ fanout54/A (sky130_fd_sc_hd__clkbuf_2)
     5    0.028039    0.244721    0.406003    2.732500 ^ fanout54/X (sky130_fd_sc_hd__clkbuf_2)
                                                         net54 (net)
                      0.244721    0.000503    2.733003 ^ fanout52/A (sky130_fd_sc_hd__clkbuf_4)
    10    0.048799    0.243369    0.454573    3.187576 ^ fanout52/X (sky130_fd_sc_hd__clkbuf_4)
                                                         net52 (net)
                      0.243400    0.002837    3.190413 ^ _276_/RESET_B (sky130_fd_sc_hd__dfrtp_1)
                                              3.190413   data arrival time

                                  5.000000    5.000000   clock clk (rise edge)
                                  0.000000    5.000000   clock source latency
     1    0.013636    0.106050    0.070490    5.070490 ^ clk (in)
                                                         clk (net)
                      0.106051    0.000000    5.070490 ^ clkbuf_0_clk/A (sky130_fd_sc_hd__clkbuf_16)
     4    0.042477    0.097079    0.269430    5.339920 ^ clkbuf_0_clk/X (sky130_fd_sc_hd__clkbuf_16)
                                                         clknet_0_clk (net)
                      0.097153    0.001500    5.341419 ^ clkbuf_2_0__f_clk/A (sky130_fd_sc_hd__clkbuf_16)
    13    0.040383    0.095303    0.261971    5.603391 ^ clkbuf_2_0__f_clk/X (sky130_fd_sc_hd__clkbuf_16)
                                                         clknet_2_0__leaf_clk (net)
                      0.095347    0.001950    5.605341 ^ _276_/CLK (sky130_fd_sc_hd__dfrtp_1)
                                 -0.250000    5.355341   clock uncertainty
                                  0.000000    5.355341   clock reconvergence pessimism
                                  0.406896    5.762237   library recovery time
                                              5.762237   data required time
---------------------------------------------------------------------------------------------
                                              5.762237   data required time
                                             -3.190413   data arrival time
---------------------------------------------------------------------------------------------
                                              2.571824   slack (MET)


Startpoint: res_n (input port clocked by clk)
Endpoint: _279_ (recovery check against rising-edge clock clk)
Path Group: asynchronous
Path Type: max

Fanout         Cap        Slew       Delay        Time   Description
---------------------------------------------------------------------------------------------
                                  0.000000    0.000000   clock clk (rise edge)
                                  0.000000    0.000000   clock network delay (propagated)
                                  1.000000    1.000000 ^ input external delay
     1    0.002207    0.028342    0.012664    1.012664 ^ res_n (in)
                                                         res_n (net)
                      0.028342    0.000000    1.012664 ^ hold4/A (sky130_fd_sc_hd__dlygate4sd3_1)
     1    0.002189    0.084806    1.013264    2.025928 ^ hold4/X (sky130_fd_sc_hd__dlygate4sd3_1)
                                                         net95 (net)
                      0.084806    0.000041    2.025969 ^ input23/A (sky130_fd_sc_hd__buf_1)
     3    0.013780    0.270349    0.300328    2.326298 ^ input23/X (sky130_fd_sc_hd__buf_1)
                                                         net23 (net)
                      0.270349    0.000200    2.326498 ^ fanout54/A (sky130_fd_sc_hd__clkbuf_2)
     5    0.028039    0.244721    0.406003    2.732500 ^ fanout54/X (sky130_fd_sc_hd__clkbuf_2)
                                                         net54 (net)
                      0.244721    0.000503    2.733003 ^ fanout52/A (sky130_fd_sc_hd__clkbuf_4)
    10    0.048799    0.243369    0.454573    3.187576 ^ fanout52/X (sky130_fd_sc_hd__clkbuf_4)
                                                         net52 (net)
                      0.243402    0.002902    3.190478 ^ _279_/RESET_B (sky130_fd_sc_hd__dfrtp_1)
                                              3.190478   data arrival time

                                  5.000000    5.000000   clock clk (rise edge)
                                  0.000000    5.000000   clock source latency
     1    0.013636    0.106050    0.070490    5.070490 ^ clk (in)
                                                         clk (net)
                      0.106051    0.000000    5.070490 ^ clkbuf_0_clk/A (sky130_fd_sc_hd__clkbuf_16)
     4    0.042477    0.097079    0.269430    5.339920 ^ clkbuf_0_clk/X (sky130_fd_sc_hd__clkbuf_16)
                                                         clknet_0_clk (net)
                      0.097153    0.001500    5.341419 ^ clkbuf_2_0__f_clk/A (sky130_fd_sc_hd__clkbuf_16)
    13    0.040383    0.095303    0.261971    5.603391 ^ clkbuf_2_0__f_clk/X (sky130_fd_sc_hd__clkbuf_16)
                                                         clknet_2_0__leaf_clk (net)
                      0.095359    0.002151    5.605542 ^ _279_/CLK (sky130_fd_sc_hd__dfrtp_1)
                                 -0.250000    5.355542   clock uncertainty
                                  0.000000    5.355542   clock reconvergence pessimism
                                  0.406900    5.762441   library recovery time
                                              5.762441   data required time
---------------------------------------------------------------------------------------------
                                              5.762441   data required time
                                             -3.190478   data arrival time
---------------------------------------------------------------------------------------------
                                              2.571963   slack (MET)


Startpoint: res_n (input port clocked by clk)
Endpoint: _278_ (recovery check against rising-edge clock clk)
Path Group: asynchronous
Path Type: max

Fanout         Cap        Slew       Delay        Time   Description
---------------------------------------------------------------------------------------------
                                  0.000000    0.000000   clock clk (rise edge)
                                  0.000000    0.000000   clock network delay (propagated)
                                  1.000000    1.000000 ^ input external delay
     1    0.002207    0.028342    0.012664    1.012664 ^ res_n (in)
                                                         res_n (net)
                      0.028342    0.000000    1.012664 ^ hold4/A (sky130_fd_sc_hd__dlygate4sd3_1)
     1    0.002189    0.084806    1.013264    2.025928 ^ hold4/X (sky130_fd_sc_hd__dlygate4sd3_1)
                                                         net95 (net)
                      0.084806    0.000041    2.025969 ^ input23/A (sky130_fd_sc_hd__buf_1)
     3    0.013780    0.270349    0.300328    2.326298 ^ input23/X (sky130_fd_sc_hd__buf_1)
                                                         net23 (net)
                      0.270349    0.000200    2.326498 ^ fanout54/A (sky130_fd_sc_hd__clkbuf_2)
     5    0.028039    0.244721    0.406003    2.732500 ^ fanout54/X (sky130_fd_sc_hd__clkbuf_2)
                                                         net54 (net)
                      0.244721    0.000503    2.733003 ^ fanout52/A (sky130_fd_sc_hd__clkbuf_4)
    10    0.048799    0.243369    0.454573    3.187576 ^ fanout52/X (sky130_fd_sc_hd__clkbuf_4)
                                                         net52 (net)
                      0.243392    0.002532    3.190108 ^ _278_/RESET_B (sky130_fd_sc_hd__dfrtp_1)
                                              3.190108   data arrival time

                                  5.000000    5.000000   clock clk (rise edge)
                                  0.000000    5.000000   clock source latency
     1    0.013636    0.106050    0.070490    5.070490 ^ clk (in)
                                                         clk (net)
                      0.106051    0.000000    5.070490 ^ clkbuf_0_clk/A (sky130_fd_sc_hd__clkbuf_16)
     4    0.042477    0.097079    0.269430    5.339920 ^ clkbuf_0_clk/X (sky130_fd_sc_hd__clkbuf_16)
                                                         clknet_0_clk (net)
                      0.097153    0.001500    5.341419 ^ clkbuf_2_0__f_clk/A (sky130_fd_sc_hd__clkbuf_16)
    13    0.040383    0.095303    0.261971    5.603391 ^ clkbuf_2_0__f_clk/X (sky130_fd_sc_hd__clkbuf_16)
                                                         clknet_2_0__leaf_clk (net)
                      0.095380    0.002451    5.605842 ^ _278_/CLK (sky130_fd_sc_hd__dfrtp_1)
                                 -0.250000    5.355842   clock uncertainty
                                  0.000000    5.355842   clock reconvergence pessimism
                                  0.406910    5.762752   library recovery time
                                              5.762752   data required time
---------------------------------------------------------------------------------------------
                                              5.762752   data required time
                                             -3.190108   data arrival time
---------------------------------------------------------------------------------------------
                                              2.572644   slack (MET)


Startpoint: res_n (input port clocked by clk)
Endpoint: _267_ (recovery check against rising-edge clock clk)
Path Group: asynchronous
Path Type: max

Fanout         Cap        Slew       Delay        Time   Description
---------------------------------------------------------------------------------------------
                                  0.000000    0.000000   clock clk (rise edge)
                                  0.000000    0.000000   clock network delay (propagated)
                                  1.000000    1.000000 ^ input external delay
     1    0.002207    0.028342    0.012664    1.012664 ^ res_n (in)
                                                         res_n (net)
                      0.028342    0.000000    1.012664 ^ hold4/A (sky130_fd_sc_hd__dlygate4sd3_1)
     1    0.002189    0.084806    1.013264    2.025928 ^ hold4/X (sky130_fd_sc_hd__dlygate4sd3_1)
                                                         net95 (net)
                      0.084806    0.000041    2.025969 ^ input23/A (sky130_fd_sc_hd__buf_1)
     3    0.013780    0.270349    0.300328    2.326298 ^ input23/X (sky130_fd_sc_hd__buf_1)
                                                         net23 (net)
                      0.270349    0.000200    2.326498 ^ fanout54/A (sky130_fd_sc_hd__clkbuf_2)
     5    0.028039    0.244721    0.406003    2.732500 ^ fanout54/X (sky130_fd_sc_hd__clkbuf_2)
                                                         net54 (net)
                      0.244721    0.000503    2.733003 ^ fanout52/A (sky130_fd_sc_hd__clkbuf_4)
    10    0.048799    0.243369    0.454573    3.187576 ^ fanout52/X (sky130_fd_sc_hd__clkbuf_4)
                                                         net52 (net)
                      0.243382    0.002103    3.189679 ^ _267_/RESET_B (sky130_fd_sc_hd__dfrtp_1)
                                              3.189679   data arrival time

                                  5.000000    5.000000   clock clk (rise edge)
                                  0.000000    5.000000   clock source latency
     1    0.013636    0.106050    0.070490    5.070490 ^ clk (in)
                                                         clk (net)
                      0.106051    0.000000    5.070490 ^ clkbuf_0_clk/A (sky130_fd_sc_hd__clkbuf_16)
     4    0.042477    0.097079    0.269430    5.339920 ^ clkbuf_0_clk/X (sky130_fd_sc_hd__clkbuf_16)
                                                         clknet_0_clk (net)
                      0.097153    0.001500    5.341419 ^ clkbuf_2_0__f_clk/A (sky130_fd_sc_hd__clkbuf_16)
    13    0.040383    0.095303    0.261971    5.603391 ^ clkbuf_2_0__f_clk/X (sky130_fd_sc_hd__clkbuf_16)
                                                         clknet_2_0__leaf_clk (net)
                      0.095387    0.002549    5.605940 ^ _267_/CLK (sky130_fd_sc_hd__dfrtp_1)
                                 -0.250000    5.355940   clock uncertainty
                                  0.000000    5.355940   clock reconvergence pessimism
                                  0.406916    5.762856   library recovery time
                                              5.762856   data required time
---------------------------------------------------------------------------------------------
                                              5.762856   data required time
                                             -3.189679   data arrival time
---------------------------------------------------------------------------------------------
                                              2.573177   slack (MET)


Startpoint: res_n (input port clocked by clk)
Endpoint: _299_ (recovery check against rising-edge clock clk)
Path Group: asynchronous
Path Type: max

Fanout         Cap        Slew       Delay        Time   Description
---------------------------------------------------------------------------------------------
                                  0.000000    0.000000   clock clk (rise edge)
                                  0.000000    0.000000   clock network delay (propagated)
                                  1.000000    1.000000 ^ input external delay
     1    0.002207    0.028342    0.012664    1.012664 ^ res_n (in)
                                                         res_n (net)
                      0.028342    0.000000    1.012664 ^ hold4/A (sky130_fd_sc_hd__dlygate4sd3_1)
     1    0.002189    0.084806    1.013264    2.025928 ^ hold4/X (sky130_fd_sc_hd__dlygate4sd3_1)
                                                         net95 (net)
                      0.084806    0.000041    2.025969 ^ input23/A (sky130_fd_sc_hd__buf_1)
     3    0.013780    0.270349    0.300328    2.326298 ^ input23/X (sky130_fd_sc_hd__buf_1)
                                                         net23 (net)
                      0.270349    0.000200    2.326498 ^ fanout54/A (sky130_fd_sc_hd__clkbuf_2)
     5    0.028039    0.244721    0.406003    2.732500 ^ fanout54/X (sky130_fd_sc_hd__clkbuf_2)
                                                         net54 (net)
                      0.244724    0.001420    2.733920 ^ fanout53/A (sky130_fd_sc_hd__clkbuf_4)
    10    0.043918    0.221925    0.439327    3.173247 ^ fanout53/X (sky130_fd_sc_hd__clkbuf_4)
                                                         net53 (net)
                      0.221939    0.001954    3.175201 ^ _299_/RESET_B (sky130_fd_sc_hd__dfrtp_1)
                                              3.175201   data arrival time

                                  5.000000    5.000000   clock clk (rise edge)
                                  0.000000    5.000000   clock source latency
     1    0.013636    0.106050    0.070490    5.070490 ^ clk (in)
                                                         clk (net)
                      0.106051    0.000000    5.070490 ^ clkbuf_0_clk/A (sky130_fd_sc_hd__clkbuf_16)
     4    0.042477    0.097079    0.269430    5.339920 ^ clkbuf_0_clk/X (sky130_fd_sc_hd__clkbuf_16)
                                                         clknet_0_clk (net)
                      0.097130    0.001008    5.340928 ^ clkbuf_2_2__f_clk/A (sky130_fd_sc_hd__clkbuf_16)
    10    0.033197    0.084831    0.252503    5.593431 ^ clkbuf_2_2__f_clk/X (sky130_fd_sc_hd__clkbuf_16)
                                                         clknet_2_2__leaf_clk (net)
                      0.084831    0.000384    5.593814 ^ _299_/CLK (sky130_fd_sc_hd__dfrtp_1)
                                 -0.250000    5.343814   clock uncertainty
                                  0.000000    5.343814   clock reconvergence pessimism
                                  0.411292    5.755106   library recovery time
                                              5.755106   data required time
---------------------------------------------------------------------------------------------
                                              5.755106   data required time
                                             -3.175201   data arrival time
---------------------------------------------------------------------------------------------
                                              2.579906   slack (MET)


Startpoint: res_n (input port clocked by clk)
Endpoint: _285_ (recovery check against rising-edge clock clk)
Path Group: asynchronous
Path Type: max

Fanout         Cap        Slew       Delay        Time   Description
---------------------------------------------------------------------------------------------
                                  0.000000    0.000000   clock clk (rise edge)
                                  0.000000    0.000000   clock network delay (propagated)
                                  1.000000    1.000000 ^ input external delay
     1    0.002207    0.028342    0.012664    1.012664 ^ res_n (in)
                                                         res_n (net)
                      0.028342    0.000000    1.012664 ^ hold4/A (sky130_fd_sc_hd__dlygate4sd3_1)
     1    0.002189    0.084806    1.013264    2.025928 ^ hold4/X (sky130_fd_sc_hd__dlygate4sd3_1)
                                                         net95 (net)
                      0.084806    0.000041    2.025969 ^ input23/A (sky130_fd_sc_hd__buf_1)
     3    0.013780    0.270349    0.300328    2.326298 ^ input23/X (sky130_fd_sc_hd__buf_1)
                                                         net23 (net)
                      0.270349    0.000200    2.326498 ^ fanout54/A (sky130_fd_sc_hd__clkbuf_2)
     5    0.028039    0.244721    0.406003    2.732500 ^ fanout54/X (sky130_fd_sc_hd__clkbuf_2)
                                                         net54 (net)
                      0.244724    0.001420    2.733920 ^ fanout53/A (sky130_fd_sc_hd__clkbuf_4)
    10    0.043918    0.221925    0.439327    3.173247 ^ fanout53/X (sky130_fd_sc_hd__clkbuf_4)
                                                         net53 (net)
                      0.221938    0.001934    3.175180 ^ _285_/RESET_B (sky130_fd_sc_hd__dfrtp_1)
                                              3.175180   data arrival time

                                  5.000000    5.000000   clock clk (rise edge)
                                  0.000000    5.000000   clock source latency
     1    0.013636    0.106050    0.070490    5.070490 ^ clk (in)
                                                         clk (net)
                      0.106051    0.000000    5.070490 ^ clkbuf_0_clk/A (sky130_fd_sc_hd__clkbuf_16)
     4    0.042477    0.097079    0.269430    5.339920 ^ clkbuf_0_clk/X (sky130_fd_sc_hd__clkbuf_16)
                                                         clknet_0_clk (net)
                      0.097130    0.001008    5.340928 ^ clkbuf_2_2__f_clk/A (sky130_fd_sc_hd__clkbuf_16)
    10    0.033197    0.084831    0.252503    5.593431 ^ clkbuf_2_2__f_clk/X (sky130_fd_sc_hd__clkbuf_16)
                                                         clknet_2_2__leaf_clk (net)
                      0.084831    0.000375    5.593806 ^ _285_/CLK (sky130_fd_sc_hd__dfrtp_1)
                                 -0.250000    5.343805   clock uncertainty
                                  0.000000    5.343805   clock reconvergence pessimism
                                  0.411292    5.755097   library recovery time
                                              5.755097   data required time
---------------------------------------------------------------------------------------------
                                              5.755097   data required time
                                             -3.175180   data arrival time
---------------------------------------------------------------------------------------------
                                              2.579917   slack (MET)


Startpoint: res_n (input port clocked by clk)
Endpoint: _277_ (recovery check against rising-edge clock clk)
Path Group: asynchronous
Path Type: max

Fanout         Cap        Slew       Delay        Time   Description
---------------------------------------------------------------------------------------------
                                  0.000000    0.000000   clock clk (rise edge)
                                  0.000000    0.000000   clock network delay (propagated)
                                  1.000000    1.000000 ^ input external delay
     1    0.002207    0.028342    0.012664    1.012664 ^ res_n (in)
                                                         res_n (net)
                      0.028342    0.000000    1.012664 ^ hold4/A (sky130_fd_sc_hd__dlygate4sd3_1)
     1    0.002189    0.084806    1.013264    2.025928 ^ hold4/X (sky130_fd_sc_hd__dlygate4sd3_1)
                                                         net95 (net)
                      0.084806    0.000041    2.025969 ^ input23/A (sky130_fd_sc_hd__buf_1)
     3    0.013780    0.270349    0.300328    2.326298 ^ input23/X (sky130_fd_sc_hd__buf_1)
                                                         net23 (net)
                      0.270349    0.000200    2.326498 ^ fanout54/A (sky130_fd_sc_hd__clkbuf_2)
     5    0.028039    0.244721    0.406003    2.732500 ^ fanout54/X (sky130_fd_sc_hd__clkbuf_2)
                                                         net54 (net)
                      0.244724    0.001420    2.733920 ^ fanout53/A (sky130_fd_sc_hd__clkbuf_4)
    10    0.043918    0.221925    0.439327    3.173247 ^ fanout53/X (sky130_fd_sc_hd__clkbuf_4)
                                                         net53 (net)
                      0.221952    0.002518    3.175765 ^ _277_/RESET_B (sky130_fd_sc_hd__dfrtp_1)
                                              3.175765   data arrival time

                                  5.000000    5.000000   clock clk (rise edge)
                                  0.000000    5.000000   clock source latency
     1    0.013636    0.106050    0.070490    5.070490 ^ clk (in)
                                                         clk (net)
                      0.106051    0.000000    5.070490 ^ clkbuf_0_clk/A (sky130_fd_sc_hd__clkbuf_16)
     4    0.042477    0.097079    0.269430    5.339920 ^ clkbuf_0_clk/X (sky130_fd_sc_hd__clkbuf_16)
                                                         clknet_0_clk (net)
                      0.097130    0.001008    5.340928 ^ clkbuf_2_2__f_clk/A (sky130_fd_sc_hd__clkbuf_16)
    10    0.033197    0.084831    0.252503    5.593431 ^ clkbuf_2_2__f_clk/X (sky130_fd_sc_hd__clkbuf_16)
                                                         clknet_2_2__leaf_clk (net)
                      0.084843    0.001021    5.594452 ^ _277_/CLK (sky130_fd_sc_hd__dfrtp_1)
                                 -0.250000    5.344452   clock uncertainty
                                  0.000000    5.344452   clock reconvergence pessimism
                                  0.411291    5.755743   library recovery time
                                              5.755743   data required time
---------------------------------------------------------------------------------------------
                                              5.755743   data required time
                                             -3.175765   data arrival time
---------------------------------------------------------------------------------------------
                                              2.579978   slack (MET)


Startpoint: res_n (input port clocked by clk)
Endpoint: _290_ (recovery check against rising-edge clock clk)
Path Group: asynchronous
Path Type: max

Fanout         Cap        Slew       Delay        Time   Description
---------------------------------------------------------------------------------------------
                                  0.000000    0.000000   clock clk (rise edge)
                                  0.000000    0.000000   clock network delay (propagated)
                                  1.000000    1.000000 ^ input external delay
     1    0.002207    0.028342    0.012664    1.012664 ^ res_n (in)
                                                         res_n (net)
                      0.028342    0.000000    1.012664 ^ hold4/A (sky130_fd_sc_hd__dlygate4sd3_1)
     1    0.002189    0.084806    1.013264    2.025928 ^ hold4/X (sky130_fd_sc_hd__dlygate4sd3_1)
                                                         net95 (net)
                      0.084806    0.000041    2.025969 ^ input23/A (sky130_fd_sc_hd__buf_1)
     3    0.013780    0.270349    0.300328    2.326298 ^ input23/X (sky130_fd_sc_hd__buf_1)
                                                         net23 (net)
                      0.270349    0.000200    2.326498 ^ fanout54/A (sky130_fd_sc_hd__clkbuf_2)
     5    0.028039    0.244721    0.406003    2.732500 ^ fanout54/X (sky130_fd_sc_hd__clkbuf_2)
                                                         net54 (net)
                      0.244724    0.001420    2.733920 ^ fanout53/A (sky130_fd_sc_hd__clkbuf_4)
    10    0.043918    0.221925    0.439327    3.173247 ^ fanout53/X (sky130_fd_sc_hd__clkbuf_4)
                                                         net53 (net)
                      0.221950    0.002446    3.175693 ^ _290_/RESET_B (sky130_fd_sc_hd__dfrtp_1)
                                              3.175693   data arrival time

                                  5.000000    5.000000   clock clk (rise edge)
                                  0.000000    5.000000   clock source latency
     1    0.013636    0.106050    0.070490    5.070490 ^ clk (in)
                                                         clk (net)
                      0.106051    0.000000    5.070490 ^ clkbuf_0_clk/A (sky130_fd_sc_hd__clkbuf_16)
     4    0.042477    0.097079    0.269430    5.339920 ^ clkbuf_0_clk/X (sky130_fd_sc_hd__clkbuf_16)
                                                         clknet_0_clk (net)
                      0.097130    0.001008    5.340928 ^ clkbuf_2_2__f_clk/A (sky130_fd_sc_hd__clkbuf_16)
    10    0.033197    0.084831    0.252503    5.593431 ^ clkbuf_2_2__f_clk/X (sky130_fd_sc_hd__clkbuf_16)
                                                         clknet_2_2__leaf_clk (net)
                      0.084846    0.001103    5.594534 ^ _290_/CLK (sky130_fd_sc_hd__dfrtp_1)
                                 -0.250000    5.344534   clock uncertainty
                                  0.000000    5.344534   clock reconvergence pessimism
                                  0.411293    5.755826   library recovery time
                                              5.755826   data required time
---------------------------------------------------------------------------------------------
                                              5.755826   data required time
                                             -3.175693   data arrival time
---------------------------------------------------------------------------------------------
                                              2.580133   slack (MET)


Startpoint: res_n (input port clocked by clk)
Endpoint: _289_ (recovery check against rising-edge clock clk)
Path Group: asynchronous
Path Type: max

Fanout         Cap        Slew       Delay        Time   Description
---------------------------------------------------------------------------------------------
                                  0.000000    0.000000   clock clk (rise edge)
                                  0.000000    0.000000   clock network delay (propagated)
                                  1.000000    1.000000 ^ input external delay
     1    0.002207    0.028342    0.012664    1.012664 ^ res_n (in)
                                                         res_n (net)
                      0.028342    0.000000    1.012664 ^ hold4/A (sky130_fd_sc_hd__dlygate4sd3_1)
     1    0.002189    0.084806    1.013264    2.025928 ^ hold4/X (sky130_fd_sc_hd__dlygate4sd3_1)
                                                         net95 (net)
                      0.084806    0.000041    2.025969 ^ input23/A (sky130_fd_sc_hd__buf_1)
     3    0.013780    0.270349    0.300328    2.326298 ^ input23/X (sky130_fd_sc_hd__buf_1)
                                                         net23 (net)
                      0.270349    0.000200    2.326498 ^ fanout54/A (sky130_fd_sc_hd__clkbuf_2)
     5    0.028039    0.244721    0.406003    2.732500 ^ fanout54/X (sky130_fd_sc_hd__clkbuf_2)
                                                         net54 (net)
                      0.244724    0.001420    2.733920 ^ fanout53/A (sky130_fd_sc_hd__clkbuf_4)
    10    0.043918    0.221925    0.439327    3.173247 ^ fanout53/X (sky130_fd_sc_hd__clkbuf_4)
                                                         net53 (net)
                      0.221948    0.002365    3.175611 ^ _289_/RESET_B (sky130_fd_sc_hd__dfrtp_1)
                                              3.175611   data arrival time

                                  5.000000    5.000000   clock clk (rise edge)
                                  0.000000    5.000000   clock source latency
     1    0.013636    0.106050    0.070490    5.070490 ^ clk (in)
                                                         clk (net)
                      0.106051    0.000000    5.070490 ^ clkbuf_0_clk/A (sky130_fd_sc_hd__clkbuf_16)
     4    0.042477    0.097079    0.269430    5.339920 ^ clkbuf_0_clk/X (sky130_fd_sc_hd__clkbuf_16)
                                                         clknet_0_clk (net)
                      0.097130    0.001008    5.340928 ^ clkbuf_2_2__f_clk/A (sky130_fd_sc_hd__clkbuf_16)
    10    0.033197    0.084831    0.252503    5.593431 ^ clkbuf_2_2__f_clk/X (sky130_fd_sc_hd__clkbuf_16)
                                                         clknet_2_2__leaf_clk (net)
                      0.084847    0.001123    5.594553 ^ _289_/CLK (sky130_fd_sc_hd__dfrtp_1)
                                 -0.250000    5.344553   clock uncertainty
                                  0.000000    5.344553   clock reconvergence pessimism
                                  0.411294    5.755847   library recovery time
                                              5.755847   data required time
---------------------------------------------------------------------------------------------
                                              5.755847   data required time
                                             -3.175611   data arrival time
---------------------------------------------------------------------------------------------
                                              2.580236   slack (MET)


Startpoint: res_n (input port clocked by clk)
Endpoint: _287_ (recovery check against rising-edge clock clk)
Path Group: asynchronous
Path Type: max

Fanout         Cap        Slew       Delay        Time   Description
---------------------------------------------------------------------------------------------
                                  0.000000    0.000000   clock clk (rise edge)
                                  0.000000    0.000000   clock network delay (propagated)
                                  1.000000    1.000000 ^ input external delay
     1    0.002207    0.028342    0.012664    1.012664 ^ res_n (in)
                                                         res_n (net)
                      0.028342    0.000000    1.012664 ^ hold4/A (sky130_fd_sc_hd__dlygate4sd3_1)
     1    0.002189    0.084806    1.013264    2.025928 ^ hold4/X (sky130_fd_sc_hd__dlygate4sd3_1)
                                                         net95 (net)
                      0.084806    0.000041    2.025969 ^ input23/A (sky130_fd_sc_hd__buf_1)
     3    0.013780    0.270349    0.300328    2.326298 ^ input23/X (sky130_fd_sc_hd__buf_1)
                                                         net23 (net)
                      0.270349    0.000200    2.326498 ^ fanout54/A (sky130_fd_sc_hd__clkbuf_2)
     5    0.028039    0.244721    0.406003    2.732500 ^ fanout54/X (sky130_fd_sc_hd__clkbuf_2)
                                                         net54 (net)
                      0.244724    0.001420    2.733920 ^ fanout53/A (sky130_fd_sc_hd__clkbuf_4)
    10    0.043918    0.221925    0.439327    3.173247 ^ fanout53/X (sky130_fd_sc_hd__clkbuf_4)
                                                         net53 (net)
                      0.221944    0.002203    3.175450 ^ _287_/RESET_B (sky130_fd_sc_hd__dfrtp_1)
                                              3.175450   data arrival time

                                  5.000000    5.000000   clock clk (rise edge)
                                  0.000000    5.000000   clock source latency
     1    0.013636    0.106050    0.070490    5.070490 ^ clk (in)
                                                         clk (net)
                      0.106051    0.000000    5.070490 ^ clkbuf_0_clk/A (sky130_fd_sc_hd__clkbuf_16)
     4    0.042477    0.097079    0.269430    5.339920 ^ clkbuf_0_clk/X (sky130_fd_sc_hd__clkbuf_16)
                                                         clknet_0_clk (net)
                      0.097130    0.001008    5.340928 ^ clkbuf_2_2__f_clk/A (sky130_fd_sc_hd__clkbuf_16)
    10    0.033197    0.084831    0.252503    5.593431 ^ clkbuf_2_2__f_clk/X (sky130_fd_sc_hd__clkbuf_16)
                                                         clknet_2_2__leaf_clk (net)
                      0.084848    0.001160    5.594590 ^ _287_/CLK (sky130_fd_sc_hd__dfrtp_1)
                                 -0.250000    5.344590   clock uncertainty
                                  0.000000    5.344590   clock reconvergence pessimism
                                  0.411295    5.755886   library recovery time
                                              5.755886   data required time
---------------------------------------------------------------------------------------------
                                              5.755886   data required time
                                             -3.175450   data arrival time
---------------------------------------------------------------------------------------------
                                              2.580436   slack (MET)


Startpoint: res_n (input port clocked by clk)
Endpoint: _263_ (recovery check against rising-edge clock clk)
Path Group: asynchronous
Path Type: max

Fanout         Cap        Slew       Delay        Time   Description
---------------------------------------------------------------------------------------------
                                  0.000000    0.000000   clock clk (rise edge)
                                  0.000000    0.000000   clock network delay (propagated)
                                  1.000000    1.000000 ^ input external delay
     1    0.002207    0.028342    0.012664    1.012664 ^ res_n (in)
                                                         res_n (net)
                      0.028342    0.000000    1.012664 ^ hold4/A (sky130_fd_sc_hd__dlygate4sd3_1)
     1    0.002189    0.084806    1.013264    2.025928 ^ hold4/X (sky130_fd_sc_hd__dlygate4sd3_1)
                                                         net95 (net)
                      0.084806    0.000041    2.025969 ^ input23/A (sky130_fd_sc_hd__buf_1)
     3    0.013780    0.270349    0.300328    2.326298 ^ input23/X (sky130_fd_sc_hd__buf_1)
                                                         net23 (net)
                      0.270349    0.000200    2.326498 ^ fanout54/A (sky130_fd_sc_hd__clkbuf_2)
     5    0.028039    0.244721    0.406003    2.732500 ^ fanout54/X (sky130_fd_sc_hd__clkbuf_2)
                                                         net54 (net)
                      0.244724    0.001420    2.733920 ^ fanout53/A (sky130_fd_sc_hd__clkbuf_4)
    10    0.043918    0.221925    0.439327    3.173247 ^ fanout53/X (sky130_fd_sc_hd__clkbuf_4)
                                                         net53 (net)
                      0.221932    0.001569    3.174816 ^ _263_/RESET_B (sky130_fd_sc_hd__dfrtp_1)
                                              3.174816   data arrival time

                                  5.000000    5.000000   clock clk (rise edge)
                                  0.000000    5.000000   clock source latency
     1    0.013636    0.106050    0.070490    5.070490 ^ clk (in)
                                                         clk (net)
                      0.106051    0.000000    5.070490 ^ clkbuf_0_clk/A (sky130_fd_sc_hd__clkbuf_16)
     4    0.042477    0.097079    0.269430    5.339920 ^ clkbuf_0_clk/X (sky130_fd_sc_hd__clkbuf_16)
                                                         clknet_0_clk (net)
                      0.097130    0.001008    5.340928 ^ clkbuf_2_2__f_clk/A (sky130_fd_sc_hd__clkbuf_16)
    10    0.033197    0.084831    0.252503    5.593431 ^ clkbuf_2_2__f_clk/X (sky130_fd_sc_hd__clkbuf_16)
                                                         clknet_2_2__leaf_clk (net)
                      0.084835    0.000706    5.594136 ^ _263_/CLK (sky130_fd_sc_hd__dfrtp_1)
                                 -0.250000    5.344136   clock uncertainty
                                  0.000000    5.344136   clock reconvergence pessimism
                                  0.411296    5.755432   library recovery time
                                              5.755432   data required time
---------------------------------------------------------------------------------------------
                                              5.755432   data required time
                                             -3.174816   data arrival time
---------------------------------------------------------------------------------------------
                                              2.580616   slack (MET)


Startpoint: res_n (input port clocked by clk)
Endpoint: _288_ (recovery check against rising-edge clock clk)
Path Group: asynchronous
Path Type: max

Fanout         Cap        Slew       Delay        Time   Description
---------------------------------------------------------------------------------------------
                                  0.000000    0.000000   clock clk (rise edge)
                                  0.000000    0.000000   clock network delay (propagated)
                                  1.000000    1.000000 ^ input external delay
     1    0.002207    0.028342    0.012664    1.012664 ^ res_n (in)
                                                         res_n (net)
                      0.028342    0.000000    1.012664 ^ hold4/A (sky130_fd_sc_hd__dlygate4sd3_1)
     1    0.002189    0.084806    1.013264    2.025928 ^ hold4/X (sky130_fd_sc_hd__dlygate4sd3_1)
                                                         net95 (net)
                      0.084806    0.000041    2.025969 ^ input23/A (sky130_fd_sc_hd__buf_1)
     3    0.013780    0.270349    0.300328    2.326298 ^ input23/X (sky130_fd_sc_hd__buf_1)
                                                         net23 (net)
                      0.270349    0.000200    2.326498 ^ fanout54/A (sky130_fd_sc_hd__clkbuf_2)
     5    0.028039    0.244721    0.406003    2.732500 ^ fanout54/X (sky130_fd_sc_hd__clkbuf_2)
                                                         net54 (net)
                      0.244724    0.001420    2.733920 ^ fanout53/A (sky130_fd_sc_hd__clkbuf_4)
    10    0.043918    0.221925    0.439327    3.173247 ^ fanout53/X (sky130_fd_sc_hd__clkbuf_4)
                                                         net53 (net)
                      0.221940    0.002033    3.175280 ^ _288_/RESET_B (sky130_fd_sc_hd__dfrtp_1)
                                              3.175280   data arrival time

                                  5.000000    5.000000   clock clk (rise edge)
                                  0.000000    5.000000   clock source latency
     1    0.013636    0.106050    0.070490    5.070490 ^ clk (in)
                                                         clk (net)
                      0.106051    0.000000    5.070490 ^ clkbuf_0_clk/A (sky130_fd_sc_hd__clkbuf_16)
     4    0.042477    0.097079    0.269430    5.339920 ^ clkbuf_0_clk/X (sky130_fd_sc_hd__clkbuf_16)
                                                         clknet_0_clk (net)
                      0.097130    0.001008    5.340928 ^ clkbuf_2_2__f_clk/A (sky130_fd_sc_hd__clkbuf_16)
    10    0.033197    0.084831    0.252503    5.593431 ^ clkbuf_2_2__f_clk/X (sky130_fd_sc_hd__clkbuf_16)
                                                         clknet_2_2__leaf_clk (net)
                      0.084849    0.001194    5.594625 ^ _288_/CLK (sky130_fd_sc_hd__dfrtp_1)
                                 -0.250000    5.344625   clock uncertainty
                                  0.000000    5.344625   clock reconvergence pessimism
                                  0.411297    5.755922   library recovery time
                                              5.755922   data required time
---------------------------------------------------------------------------------------------
                                              5.755922   data required time
                                             -3.175280   data arrival time
---------------------------------------------------------------------------------------------
                                              2.580642   slack (MET)


Startpoint: res_n (input port clocked by clk)
Endpoint: _264_ (recovery check against rising-edge clock clk)
Path Group: asynchronous
Path Type: max

Fanout         Cap        Slew       Delay        Time   Description
---------------------------------------------------------------------------------------------
                                  0.000000    0.000000   clock clk (rise edge)
                                  0.000000    0.000000   clock network delay (propagated)
                                  1.000000    1.000000 ^ input external delay
     1    0.002207    0.028342    0.012664    1.012664 ^ res_n (in)
                                                         res_n (net)
                      0.028342    0.000000    1.012664 ^ hold4/A (sky130_fd_sc_hd__dlygate4sd3_1)
     1    0.002189    0.084806    1.013264    2.025928 ^ hold4/X (sky130_fd_sc_hd__dlygate4sd3_1)
                                                         net95 (net)
                      0.084806    0.000041    2.025969 ^ input23/A (sky130_fd_sc_hd__buf_1)
     3    0.013780    0.270349    0.300328    2.326298 ^ input23/X (sky130_fd_sc_hd__buf_1)
                                                         net23 (net)
                      0.270349    0.000200    2.326498 ^ fanout54/A (sky130_fd_sc_hd__clkbuf_2)
     5    0.028039    0.244721    0.406003    2.732500 ^ fanout54/X (sky130_fd_sc_hd__clkbuf_2)
                                                         net54 (net)
                      0.244724    0.001420    2.733920 ^ fanout53/A (sky130_fd_sc_hd__clkbuf_4)
    10    0.043918    0.221925    0.439327    3.173247 ^ fanout53/X (sky130_fd_sc_hd__clkbuf_4)
                                                         net53 (net)
                      0.221925    0.000903    3.174150 ^ _264_/RESET_B (sky130_fd_sc_hd__dfrtp_1)
                                              3.174150   data arrival time

                                  5.000000    5.000000   clock clk (rise edge)
                                  0.000000    5.000000   clock source latency
     1    0.013636    0.106050    0.070490    5.070490 ^ clk (in)
                                                         clk (net)
                      0.106051    0.000000    5.070490 ^ clkbuf_0_clk/A (sky130_fd_sc_hd__clkbuf_16)
     4    0.042477    0.097079    0.269430    5.339920 ^ clkbuf_0_clk/X (sky130_fd_sc_hd__clkbuf_16)
                                                         clknet_0_clk (net)
                      0.097130    0.001008    5.340928 ^ clkbuf_2_2__f_clk/A (sky130_fd_sc_hd__clkbuf_16)
    10    0.033197    0.084831    0.252503    5.593431 ^ clkbuf_2_2__f_clk/X (sky130_fd_sc_hd__clkbuf_16)
                                                         clknet_2_2__leaf_clk (net)
                      0.084839    0.000863    5.594294 ^ _264_/CLK (sky130_fd_sc_hd__dfrtp_1)
                                 -0.250000    5.344294   clock uncertainty
                                  0.000000    5.344294   clock reconvergence pessimism
                                  0.411299    5.755593   library recovery time
                                              5.755593   data required time
---------------------------------------------------------------------------------------------
                                              5.755593   data required time
                                             -3.174150   data arrival time
---------------------------------------------------------------------------------------------
                                              2.581443   slack (MET)


Startpoint: res_n (input port clocked by clk)
Endpoint: _269_ (recovery check against rising-edge clock clk)
Path Group: asynchronous
Path Type: max

Fanout         Cap        Slew       Delay        Time   Description
---------------------------------------------------------------------------------------------
                                  0.000000    0.000000   clock clk (rise edge)
                                  0.000000    0.000000   clock network delay (propagated)
                                  1.000000    1.000000 ^ input external delay
     1    0.002207    0.028342    0.012664    1.012664 ^ res_n (in)
                                                         res_n (net)
                      0.028342    0.000000    1.012664 ^ hold4/A (sky130_fd_sc_hd__dlygate4sd3_1)
     1    0.002189    0.084806    1.013264    2.025928 ^ hold4/X (sky130_fd_sc_hd__dlygate4sd3_1)
                                                         net95 (net)
                      0.084806    0.000041    2.025969 ^ input23/A (sky130_fd_sc_hd__buf_1)
     3    0.013780    0.270349    0.300328    2.326298 ^ input23/X (sky130_fd_sc_hd__buf_1)
                                                         net23 (net)
                      0.270349    0.000200    2.326498 ^ fanout54/A (sky130_fd_sc_hd__clkbuf_2)
     5    0.028039    0.244721    0.406003    2.732500 ^ fanout54/X (sky130_fd_sc_hd__clkbuf_2)
                                                         net54 (net)
                      0.244724    0.001420    2.733920 ^ fanout53/A (sky130_fd_sc_hd__clkbuf_4)
    10    0.043918    0.221925    0.439327    3.173247 ^ fanout53/X (sky130_fd_sc_hd__clkbuf_4)
                                                         net53 (net)
                      0.221925    0.000441    3.173688 ^ _269_/RESET_B (sky130_fd_sc_hd__dfrtp_1)
                                              3.173688   data arrival time

                                  5.000000    5.000000   clock clk (rise edge)
                                  0.000000    5.000000   clock source latency
     1    0.013636    0.106050    0.070490    5.070490 ^ clk (in)
                                                         clk (net)
                      0.106051    0.000000    5.070490 ^ clkbuf_0_clk/A (sky130_fd_sc_hd__clkbuf_16)
     4    0.042477    0.097079    0.269430    5.339920 ^ clkbuf_0_clk/X (sky130_fd_sc_hd__clkbuf_16)
                                                         clknet_0_clk (net)
                      0.097122    0.000829    5.340749 ^ clkbuf_2_3__f_clk/A (sky130_fd_sc_hd__clkbuf_16)
     8    0.033610    0.085491    0.253137    5.593885 ^ clkbuf_2_3__f_clk/X (sky130_fd_sc_hd__clkbuf_16)
                                                         clknet_2_3__leaf_clk (net)
                      0.085495    0.000718    5.594604 ^ _269_/CLK (sky130_fd_sc_hd__dfrtp_1)
                                 -0.250000    5.344604   clock uncertainty
                                  0.000000    5.344604   clock reconvergence pessimism
                                  0.411520    5.756124   library recovery time
                                              5.756124   data required time
---------------------------------------------------------------------------------------------
                                              5.756124   data required time
                                             -3.173688   data arrival time
---------------------------------------------------------------------------------------------
                                              2.582436   slack (MET)


Startpoint: res_n (input port clocked by clk)
Endpoint: _272_ (recovery check against rising-edge clock clk)
Path Group: asynchronous
Path Type: max

Fanout         Cap        Slew       Delay        Time   Description
---------------------------------------------------------------------------------------------
                                  0.000000    0.000000   clock clk (rise edge)
                                  0.000000    0.000000   clock network delay (propagated)
                                  1.000000    1.000000 ^ input external delay
     1    0.002207    0.028342    0.012664    1.012664 ^ res_n (in)
                                                         res_n (net)
                      0.028342    0.000000    1.012664 ^ hold4/A (sky130_fd_sc_hd__dlygate4sd3_1)
     1    0.002189    0.084806    1.013264    2.025928 ^ hold4/X (sky130_fd_sc_hd__dlygate4sd3_1)
                                                         net95 (net)
                      0.084806    0.000041    2.025969 ^ input23/A (sky130_fd_sc_hd__buf_1)
     3    0.013780    0.270349    0.300328    2.326298 ^ input23/X (sky130_fd_sc_hd__buf_1)
                                                         net23 (net)
                      0.270349    0.000344    2.326641 ^ fanout55/A (sky130_fd_sc_hd__clkbuf_4)
    10    0.041180    0.210108    0.442115    2.768756 ^ fanout55/X (sky130_fd_sc_hd__clkbuf_4)
                                                         net55 (net)
                      0.210116    0.001604    2.770360 ^ _272_/RESET_B (sky130_fd_sc_hd__dfrtp_2)
                                              2.770360   data arrival time

                                  5.000000    5.000000   clock clk (rise edge)
                                  0.000000    5.000000   clock source latency
     1    0.013636    0.106050    0.070490    5.070490 ^ clk (in)
                                                         clk (net)
                      0.106051    0.000000    5.070490 ^ clkbuf_0_clk/A (sky130_fd_sc_hd__clkbuf_16)
     4    0.042477    0.097079    0.269430    5.339920 ^ clkbuf_0_clk/X (sky130_fd_sc_hd__clkbuf_16)
                                                         clknet_0_clk (net)
                      0.097159    0.001623    5.341543 ^ clkbuf_2_1__f_clk/A (sky130_fd_sc_hd__clkbuf_16)
    12    0.035064    0.087502    0.254989    5.596532 ^ clkbuf_2_1__f_clk/X (sky130_fd_sc_hd__clkbuf_16)
                                                         clknet_2_1__leaf_clk (net)
                      0.087532    0.001514    5.598047 ^ _272_/CLK (sky130_fd_sc_hd__dfrtp_2)
                                 -0.250000    5.348047   clock uncertainty
                                  0.000000    5.348047   clock reconvergence pessimism
                                  0.390597    5.738644   library recovery time
                                              5.738644   data required time
---------------------------------------------------------------------------------------------
                                              5.738644   data required time
                                             -2.770360   data arrival time
---------------------------------------------------------------------------------------------
                                              2.968284   slack (MET)


Startpoint: res_n (input port clocked by clk)
Endpoint: _271_ (recovery check against rising-edge clock clk)
Path Group: asynchronous
Path Type: max

Fanout         Cap        Slew       Delay        Time   Description
---------------------------------------------------------------------------------------------
                                  0.000000    0.000000   clock clk (rise edge)
                                  0.000000    0.000000   clock network delay (propagated)
                                  1.000000    1.000000 ^ input external delay
     1    0.002207    0.028342    0.012664    1.012664 ^ res_n (in)
                                                         res_n (net)
                      0.028342    0.000000    1.012664 ^ hold4/A (sky130_fd_sc_hd__dlygate4sd3_1)
     1    0.002189    0.084806    1.013264    2.025928 ^ hold4/X (sky130_fd_sc_hd__dlygate4sd3_1)
                                                         net95 (net)
                      0.084806    0.000041    2.025969 ^ input23/A (sky130_fd_sc_hd__buf_1)
     3    0.013780    0.270349    0.300328    2.326298 ^ input23/X (sky130_fd_sc_hd__buf_1)
                                                         net23 (net)
                      0.270349    0.000388    2.326685 ^ fanout56/A (sky130_fd_sc_hd__buf_2)
     7    0.032152    0.257034    0.422057    2.748742 ^ fanout56/X (sky130_fd_sc_hd__buf_2)
                                                         net56 (net)
                      0.257035    0.001148    2.749890 ^ _271_/RESET_B (sky130_fd_sc_hd__dfrtp_2)
                                              2.749890   data arrival time

                                  5.000000    5.000000   clock clk (rise edge)
                                  0.000000    5.000000   clock source latency
     1    0.013636    0.106050    0.070490    5.070490 ^ clk (in)
                                                         clk (net)
                      0.106051    0.000000    5.070490 ^ clkbuf_0_clk/A (sky130_fd_sc_hd__clkbuf_16)
     4    0.042477    0.097079    0.269430    5.339920 ^ clkbuf_0_clk/X (sky130_fd_sc_hd__clkbuf_16)
                                                         clknet_0_clk (net)
                      0.097159    0.001623    5.341543 ^ clkbuf_2_1__f_clk/A (sky130_fd_sc_hd__clkbuf_16)
    12    0.035064    0.087502    0.254989    5.596532 ^ clkbuf_2_1__f_clk/X (sky130_fd_sc_hd__clkbuf_16)
                                                         clknet_2_1__leaf_clk (net)
                      0.087535    0.001590    5.598123 ^ _271_/CLK (sky130_fd_sc_hd__dfrtp_2)
                                 -0.250000    5.348123   clock uncertainty
                                  0.000000    5.348123   clock reconvergence pessimism
                                  0.370569    5.718691   library recovery time
                                              5.718691   data required time
---------------------------------------------------------------------------------------------
                                              5.718691   data required time
                                             -2.749890   data arrival time
---------------------------------------------------------------------------------------------
                                              2.968801   slack (MET)


Startpoint: res_n (input port clocked by clk)
Endpoint: _301_ (recovery check against rising-edge clock clk)
Path Group: asynchronous
Path Type: max

Fanout         Cap        Slew       Delay        Time   Description
---------------------------------------------------------------------------------------------
                                  0.000000    0.000000   clock clk (rise edge)
                                  0.000000    0.000000   clock network delay (propagated)
                                  1.000000    1.000000 ^ input external delay
     1    0.002207    0.028342    0.012664    1.012664 ^ res_n (in)
                                                         res_n (net)
                      0.028342    0.000000    1.012664 ^ hold4/A (sky130_fd_sc_hd__dlygate4sd3_1)
     1    0.002189    0.084806    1.013264    2.025928 ^ hold4/X (sky130_fd_sc_hd__dlygate4sd3_1)
                                                         net95 (net)
                      0.084806    0.000041    2.025969 ^ input23/A (sky130_fd_sc_hd__buf_1)
     3    0.013780    0.270349    0.300328    2.326298 ^ input23/X (sky130_fd_sc_hd__buf_1)
                                                         net23 (net)
                      0.270349    0.000388    2.326685 ^ fanout56/A (sky130_fd_sc_hd__buf_2)
     7    0.032152    0.257034    0.422057    2.748742 ^ fanout56/X (sky130_fd_sc_hd__buf_2)
                                                         net56 (net)
                      0.257038    0.001444    2.750186 ^ _301_/RESET_B (sky130_fd_sc_hd__dfrtp_1)
                                              2.750186   data arrival time

                                  5.000000    5.000000   clock clk (rise edge)
                                  0.000000    5.000000   clock source latency
     1    0.013636    0.106050    0.070490    5.070490 ^ clk (in)
                                                         clk (net)
                      0.106051    0.000000    5.070490 ^ clkbuf_0_clk/A (sky130_fd_sc_hd__clkbuf_16)
     4    0.042477    0.097079    0.269430    5.339920 ^ clkbuf_0_clk/X (sky130_fd_sc_hd__clkbuf_16)
                                                         clknet_0_clk (net)
                      0.097122    0.000829    5.340749 ^ clkbuf_2_3__f_clk/A (sky130_fd_sc_hd__clkbuf_16)
     8    0.033610    0.085491    0.253137    5.593885 ^ clkbuf_2_3__f_clk/X (sky130_fd_sc_hd__clkbuf_16)
                                                         clknet_2_3__leaf_clk (net)
                      0.085492    0.000522    5.594408 ^ _301_/CLK (sky130_fd_sc_hd__dfrtp_1)
                                 -0.250000    5.344408   clock uncertainty
                                  0.000000    5.344408   clock reconvergence pessimism
                                  0.398526    5.742933   library recovery time
                                              5.742933   data required time
---------------------------------------------------------------------------------------------
                                              5.742933   data required time
                                             -2.750186   data arrival time
---------------------------------------------------------------------------------------------
                                              2.992747   slack (MET)


Startpoint: res_n (input port clocked by clk)
Endpoint: _284_ (recovery check against rising-edge clock clk)
Path Group: asynchronous
Path Type: max

Fanout         Cap        Slew       Delay        Time   Description
---------------------------------------------------------------------------------------------
                                  0.000000    0.000000   clock clk (rise edge)
                                  0.000000    0.000000   clock network delay (propagated)
                                  1.000000    1.000000 ^ input external delay
     1    0.002207    0.028342    0.012664    1.012664 ^ res_n (in)
                                                         res_n (net)
                      0.028342    0.000000    1.012664 ^ hold4/A (sky130_fd_sc_hd__dlygate4sd3_1)
     1    0.002189    0.084806    1.013264    2.025928 ^ hold4/X (sky130_fd_sc_hd__dlygate4sd3_1)
                                                         net95 (net)
                      0.084806    0.000041    2.025969 ^ input23/A (sky130_fd_sc_hd__buf_1)
     3    0.013780    0.270349    0.300328    2.326298 ^ input23/X (sky130_fd_sc_hd__buf_1)
                                                         net23 (net)
                      0.270349    0.000388    2.326685 ^ fanout56/A (sky130_fd_sc_hd__buf_2)
     7    0.032152    0.257034    0.422057    2.748742 ^ fanout56/X (sky130_fd_sc_hd__buf_2)
                                                         net56 (net)
                      0.257038    0.001432    2.750174 ^ _284_/RESET_B (sky130_fd_sc_hd__dfrtp_1)
                                              2.750174   data arrival time

                                  5.000000    5.000000   clock clk (rise edge)
                                  0.000000    5.000000   clock source latency
     1    0.013636    0.106050    0.070490    5.070490 ^ clk (in)
                                                         clk (net)
                      0.106051    0.000000    5.070490 ^ clkbuf_0_clk/A (sky130_fd_sc_hd__clkbuf_16)
     4    0.042477    0.097079    0.269430    5.339920 ^ clkbuf_0_clk/X (sky130_fd_sc_hd__clkbuf_16)
                                                         clknet_0_clk (net)
                      0.097122    0.000829    5.340749 ^ clkbuf_2_3__f_clk/A (sky130_fd_sc_hd__clkbuf_16)
     8    0.033610    0.085491    0.253137    5.593885 ^ clkbuf_2_3__f_clk/X (sky130_fd_sc_hd__clkbuf_16)
                                                         clknet_2_3__leaf_clk (net)
                      0.085492    0.000542    5.594428 ^ _284_/CLK (sky130_fd_sc_hd__dfrtp_1)
                                 -0.250000    5.344428   clock uncertainty
                                  0.000000    5.344428   clock reconvergence pessimism
                                  0.398526    5.742954   library recovery time
                                              5.742954   data required time
---------------------------------------------------------------------------------------------
                                              5.742954   data required time
                                             -2.750174   data arrival time
---------------------------------------------------------------------------------------------
                                              2.992780   slack (MET)


Startpoint: res_n (input port clocked by clk)
Endpoint: _270_ (recovery check against rising-edge clock clk)
Path Group: asynchronous
Path Type: max

Fanout         Cap        Slew       Delay        Time   Description
---------------------------------------------------------------------------------------------
                                  0.000000    0.000000   clock clk (rise edge)
                                  0.000000    0.000000   clock network delay (propagated)
                                  1.000000    1.000000 ^ input external delay
     1    0.002207    0.028342    0.012664    1.012664 ^ res_n (in)
                                                         res_n (net)
                      0.028342    0.000000    1.012664 ^ hold4/A (sky130_fd_sc_hd__dlygate4sd3_1)
     1    0.002189    0.084806    1.013264    2.025928 ^ hold4/X (sky130_fd_sc_hd__dlygate4sd3_1)
                                                         net95 (net)
                      0.084806    0.000041    2.025969 ^ input23/A (sky130_fd_sc_hd__buf_1)
     3    0.013780    0.270349    0.300328    2.326298 ^ input23/X (sky130_fd_sc_hd__buf_1)
                                                         net23 (net)
                      0.270349    0.000388    2.326685 ^ fanout56/A (sky130_fd_sc_hd__buf_2)
     7    0.032152    0.257034    0.422057    2.748742 ^ fanout56/X (sky130_fd_sc_hd__buf_2)
                                                         net56 (net)
                      0.257036    0.001282    2.750024 ^ _270_/RESET_B (sky130_fd_sc_hd__dfrtp_1)
                                              2.750024   data arrival time

                                  5.000000    5.000000   clock clk (rise edge)
                                  0.000000    5.000000   clock source latency
     1    0.013636    0.106050    0.070490    5.070490 ^ clk (in)
                                                         clk (net)
                      0.106051    0.000000    5.070490 ^ clkbuf_0_clk/A (sky130_fd_sc_hd__clkbuf_16)
     4    0.042477    0.097079    0.269430    5.339920 ^ clkbuf_0_clk/X (sky130_fd_sc_hd__clkbuf_16)
                                                         clknet_0_clk (net)
                      0.097122    0.000829    5.340749 ^ clkbuf_2_3__f_clk/A (sky130_fd_sc_hd__clkbuf_16)
     8    0.033610    0.085491    0.253137    5.593885 ^ clkbuf_2_3__f_clk/X (sky130_fd_sc_hd__clkbuf_16)
                                                         clknet_2_3__leaf_clk (net)
                      0.085493    0.000579    5.594464 ^ _270_/CLK (sky130_fd_sc_hd__dfrtp_1)
                                 -0.250000    5.344464   clock uncertainty
                                  0.000000    5.344464   clock reconvergence pessimism
                                  0.398527    5.742990   library recovery time
                                              5.742990   data required time
---------------------------------------------------------------------------------------------
                                              5.742990   data required time
                                             -2.750024   data arrival time
---------------------------------------------------------------------------------------------
                                              2.992967   slack (MET)


Startpoint: res_n (input port clocked by clk)
Endpoint: _302_ (recovery check against rising-edge clock clk)
Path Group: asynchronous
Path Type: max

Fanout         Cap        Slew       Delay        Time   Description
---------------------------------------------------------------------------------------------
                                  0.000000    0.000000   clock clk (rise edge)
                                  0.000000    0.000000   clock network delay (propagated)
                                  1.000000    1.000000 ^ input external delay
     1    0.002207    0.028342    0.012664    1.012664 ^ res_n (in)
                                                         res_n (net)
                      0.028342    0.000000    1.012664 ^ hold4/A (sky130_fd_sc_hd__dlygate4sd3_1)
     1    0.002189    0.084806    1.013264    2.025928 ^ hold4/X (sky130_fd_sc_hd__dlygate4sd3_1)
                                                         net95 (net)
                      0.084806    0.000041    2.025969 ^ input23/A (sky130_fd_sc_hd__buf_1)
     3    0.013780    0.270349    0.300328    2.326298 ^ input23/X (sky130_fd_sc_hd__buf_1)
                                                         net23 (net)
                      0.270349    0.000388    2.326685 ^ fanout56/A (sky130_fd_sc_hd__buf_2)
     7    0.032152    0.257034    0.422057    2.748742 ^ fanout56/X (sky130_fd_sc_hd__buf_2)
                                                         net56 (net)
                      0.257034    0.000872    2.749614 ^ _302_/RESET_B (sky130_fd_sc_hd__dfrtp_1)
                                              2.749614   data arrival time

                                  5.000000    5.000000   clock clk (rise edge)
                                  0.000000    5.000000   clock source latency
     1    0.013636    0.106050    0.070490    5.070490 ^ clk (in)
                                                         clk (net)
                      0.106051    0.000000    5.070490 ^ clkbuf_0_clk/A (sky130_fd_sc_hd__clkbuf_16)
     4    0.042477    0.097079    0.269430    5.339920 ^ clkbuf_0_clk/X (sky130_fd_sc_hd__clkbuf_16)
                                                         clknet_0_clk (net)
                      0.097122    0.000829    5.340749 ^ clkbuf_2_3__f_clk/A (sky130_fd_sc_hd__clkbuf_16)
     8    0.033610    0.085491    0.253137    5.593885 ^ clkbuf_2_3__f_clk/X (sky130_fd_sc_hd__clkbuf_16)
                                                         clknet_2_3__leaf_clk (net)
                      0.085496    0.000743    5.594628 ^ _302_/CLK (sky130_fd_sc_hd__dfrtp_1)
                                 -0.250000    5.344628   clock uncertainty
                                  0.000000    5.344628   clock reconvergence pessimism
                                  0.398529    5.743157   library recovery time
                                              5.743157   data required time
---------------------------------------------------------------------------------------------
                                              5.743157   data required time
                                             -2.749614   data arrival time
---------------------------------------------------------------------------------------------
                                              2.993543   slack (MET)


Startpoint: res_n (input port clocked by clk)
Endpoint: _268_ (recovery check against rising-edge clock clk)
Path Group: asynchronous
Path Type: max

Fanout         Cap        Slew       Delay        Time   Description
---------------------------------------------------------------------------------------------
                                  0.000000    0.000000   clock clk (rise edge)
                                  0.000000    0.000000   clock network delay (propagated)
                                  1.000000    1.000000 ^ input external delay
     1    0.002207    0.028342    0.012664    1.012664 ^ res_n (in)
                                                         res_n (net)
                      0.028342    0.000000    1.012664 ^ hold4/A (sky130_fd_sc_hd__dlygate4sd3_1)
     1    0.002189    0.084806    1.013264    2.025928 ^ hold4/X (sky130_fd_sc_hd__dlygate4sd3_1)
                                                         net95 (net)
                      0.084806    0.000041    2.025969 ^ input23/A (sky130_fd_sc_hd__buf_1)
     3    0.013780    0.270349    0.300328    2.326298 ^ input23/X (sky130_fd_sc_hd__buf_1)
                                                         net23 (net)
                      0.270349    0.000388    2.326685 ^ fanout56/A (sky130_fd_sc_hd__buf_2)
     7    0.032152    0.257034    0.422057    2.748742 ^ fanout56/X (sky130_fd_sc_hd__buf_2)
                                                         net56 (net)
                      0.257034    0.000584    2.749326 ^ _268_/RESET_B (sky130_fd_sc_hd__dfrtp_1)
                                              2.749326   data arrival time

                                  5.000000    5.000000   clock clk (rise edge)
                                  0.000000    5.000000   clock source latency
     1    0.013636    0.106050    0.070490    5.070490 ^ clk (in)
                                                         clk (net)
                      0.106051    0.000000    5.070490 ^ clkbuf_0_clk/A (sky130_fd_sc_hd__clkbuf_16)
     4    0.042477    0.097079    0.269430    5.339920 ^ clkbuf_0_clk/X (sky130_fd_sc_hd__clkbuf_16)
                                                         clknet_0_clk (net)
                      0.097122    0.000829    5.340749 ^ clkbuf_2_3__f_clk/A (sky130_fd_sc_hd__clkbuf_16)
     8    0.033610    0.085491    0.253137    5.593885 ^ clkbuf_2_3__f_clk/X (sky130_fd_sc_hd__clkbuf_16)
                                                         clknet_2_3__leaf_clk (net)
                      0.085497    0.000778    5.594664 ^ _268_/CLK (sky130_fd_sc_hd__dfrtp_1)
                                 -0.250000    5.344664   clock uncertainty
                                  0.000000    5.344664   clock reconvergence pessimism
                                  0.398529    5.743193   library recovery time
                                              5.743193   data required time
---------------------------------------------------------------------------------------------
                                              5.743193   data required time
                                             -2.749326   data arrival time
---------------------------------------------------------------------------------------------
                                              2.993866   slack (MET)


Startpoint: res_n (input port clocked by clk)
Endpoint: _286_ (recovery check against rising-edge clock clk)
Path Group: asynchronous
Path Type: max

Fanout         Cap        Slew       Delay        Time   Description
---------------------------------------------------------------------------------------------
                                  0.000000    0.000000   clock clk (rise edge)
                                  0.000000    0.000000   clock network delay (propagated)
                                  1.000000    1.000000 ^ input external delay
     1    0.002207    0.028342    0.012664    1.012664 ^ res_n (in)
                                                         res_n (net)
                      0.028342    0.000000    1.012664 ^ hold4/A (sky130_fd_sc_hd__dlygate4sd3_1)
     1    0.002189    0.084806    1.013264    2.025928 ^ hold4/X (sky130_fd_sc_hd__dlygate4sd3_1)
                                                         net95 (net)
                      0.084806    0.000041    2.025969 ^ input23/A (sky130_fd_sc_hd__buf_1)
     3    0.013780    0.270349    0.300328    2.326298 ^ input23/X (sky130_fd_sc_hd__buf_1)
                                                         net23 (net)
                      0.270349    0.000344    2.326641 ^ fanout55/A (sky130_fd_sc_hd__clkbuf_4)
    10    0.041180    0.210108    0.442115    2.768756 ^ fanout55/X (sky130_fd_sc_hd__clkbuf_4)
                                                         net55 (net)
                      0.210118    0.001669    2.770425 ^ _286_/RESET_B (sky130_fd_sc_hd__dfrtp_1)
                                              2.770425   data arrival time

                                  5.000000    5.000000   clock clk (rise edge)
                                  0.000000    5.000000   clock source latency
     1    0.013636    0.106050    0.070490    5.070490 ^ clk (in)
                                                         clk (net)
                      0.106051    0.000000    5.070490 ^ clkbuf_0_clk/A (sky130_fd_sc_hd__clkbuf_16)
     4    0.042477    0.097079    0.269430    5.339920 ^ clkbuf_0_clk/X (sky130_fd_sc_hd__clkbuf_16)
                                                         clknet_0_clk (net)
                      0.097159    0.001623    5.341543 ^ clkbuf_2_1__f_clk/A (sky130_fd_sc_hd__clkbuf_16)
    12    0.035064    0.087502    0.254989    5.596532 ^ clkbuf_2_1__f_clk/X (sky130_fd_sc_hd__clkbuf_16)
                                                         clknet_2_1__leaf_clk (net)
                      0.087528    0.001439    5.597971 ^ _286_/CLK (sky130_fd_sc_hd__dfrtp_1)
                                 -0.250000    5.347971   clock uncertainty
                                  0.000000    5.347971   clock reconvergence pessimism
                                  0.416574    5.764545   library recovery time
                                              5.764545   data required time
---------------------------------------------------------------------------------------------
                                              5.764545   data required time
                                             -2.770425   data arrival time
---------------------------------------------------------------------------------------------
                                              2.994121   slack (MET)


Startpoint: res_n (input port clocked by clk)
Endpoint: _273_ (recovery check against rising-edge clock clk)
Path Group: asynchronous
Path Type: max

Fanout         Cap        Slew       Delay        Time   Description
---------------------------------------------------------------------------------------------
                                  0.000000    0.000000   clock clk (rise edge)
                                  0.000000    0.000000   clock network delay (propagated)
                                  1.000000    1.000000 ^ input external delay
     1    0.002207    0.028342    0.012664    1.012664 ^ res_n (in)
                                                         res_n (net)
                      0.028342    0.000000    1.012664 ^ hold4/A (sky130_fd_sc_hd__dlygate4sd3_1)
     1    0.002189    0.084806    1.013264    2.025928 ^ hold4/X (sky130_fd_sc_hd__dlygate4sd3_1)
                                                         net95 (net)
                      0.084806    0.000041    2.025969 ^ input23/A (sky130_fd_sc_hd__buf_1)
     3    0.013780    0.270349    0.300328    2.326298 ^ input23/X (sky130_fd_sc_hd__buf_1)
                                                         net23 (net)
                      0.270349    0.000344    2.326641 ^ fanout55/A (sky130_fd_sc_hd__clkbuf_4)
    10    0.041180    0.210108    0.442115    2.768756 ^ fanout55/X (sky130_fd_sc_hd__clkbuf_4)
                                                         net55 (net)
                      0.210117    0.001638    2.770394 ^ _273_/RESET_B (sky130_fd_sc_hd__dfrtp_1)
                                              2.770394   data arrival time

                                  5.000000    5.000000   clock clk (rise edge)
                                  0.000000    5.000000   clock source latency
     1    0.013636    0.106050    0.070490    5.070490 ^ clk (in)
                                                         clk (net)
                      0.106051    0.000000    5.070490 ^ clkbuf_0_clk/A (sky130_fd_sc_hd__clkbuf_16)
     4    0.042477    0.097079    0.269430    5.339920 ^ clkbuf_0_clk/X (sky130_fd_sc_hd__clkbuf_16)
                                                         clknet_0_clk (net)
                      0.097159    0.001623    5.341543 ^ clkbuf_2_1__f_clk/A (sky130_fd_sc_hd__clkbuf_16)
    12    0.035064    0.087502    0.254989    5.596532 ^ clkbuf_2_1__f_clk/X (sky130_fd_sc_hd__clkbuf_16)
                                                         clknet_2_1__leaf_clk (net)
                      0.087531    0.001493    5.598025 ^ _273_/CLK (sky130_fd_sc_hd__dfrtp_1)
                                 -0.250000    5.348025   clock uncertainty
                                  0.000000    5.348025   clock reconvergence pessimism
                                  0.416575    5.764600   library recovery time
                                              5.764600   data required time
---------------------------------------------------------------------------------------------
                                              5.764600   data required time
                                             -2.770394   data arrival time
---------------------------------------------------------------------------------------------
                                              2.994206   slack (MET)


Startpoint: res_n (input port clocked by clk)
Endpoint: _292_ (recovery check against rising-edge clock clk)
Path Group: asynchronous
Path Type: max

Fanout         Cap        Slew       Delay        Time   Description
---------------------------------------------------------------------------------------------
                                  0.000000    0.000000   clock clk (rise edge)
                                  0.000000    0.000000   clock network delay (propagated)
                                  1.000000    1.000000 ^ input external delay
     1    0.002207    0.028342    0.012664    1.012664 ^ res_n (in)
                                                         res_n (net)
                      0.028342    0.000000    1.012664 ^ hold4/A (sky130_fd_sc_hd__dlygate4sd3_1)
     1    0.002189    0.084806    1.013264    2.025928 ^ hold4/X (sky130_fd_sc_hd__dlygate4sd3_1)
                                                         net95 (net)
                      0.084806    0.000041    2.025969 ^ input23/A (sky130_fd_sc_hd__buf_1)
     3    0.013780    0.270349    0.300328    2.326298 ^ input23/X (sky130_fd_sc_hd__buf_1)
                                                         net23 (net)
                      0.270349    0.000344    2.326641 ^ fanout55/A (sky130_fd_sc_hd__clkbuf_4)
    10    0.041180    0.210108    0.442115    2.768756 ^ fanout55/X (sky130_fd_sc_hd__clkbuf_4)
                                                         net55 (net)
                      0.210113    0.001348    2.770103 ^ _292_/RESET_B (sky130_fd_sc_hd__dfrtp_1)
                                              2.770103   data arrival time

                                  5.000000    5.000000   clock clk (rise edge)
                                  0.000000    5.000000   clock source latency
     1    0.013636    0.106050    0.070490    5.070490 ^ clk (in)
                                                         clk (net)
                      0.106051    0.000000    5.070490 ^ clkbuf_0_clk/A (sky130_fd_sc_hd__clkbuf_16)
     4    0.042477    0.097079    0.269430    5.339920 ^ clkbuf_0_clk/X (sky130_fd_sc_hd__clkbuf_16)
                                                         clknet_0_clk (net)
                      0.097159    0.001623    5.341543 ^ clkbuf_2_1__f_clk/A (sky130_fd_sc_hd__clkbuf_16)
    12    0.035064    0.087502    0.254989    5.596532 ^ clkbuf_2_1__f_clk/X (sky130_fd_sc_hd__clkbuf_16)
                                                         clknet_2_1__leaf_clk (net)
                      0.087520    0.001246    5.597778 ^ _292_/CLK (sky130_fd_sc_hd__dfrtp_1)
                                 -0.250000    5.347778   clock uncertainty
                                  0.000000    5.347778   clock reconvergence pessimism
                                  0.416573    5.764351   library recovery time
                                              5.764351   data required time
---------------------------------------------------------------------------------------------
                                              5.764351   data required time
                                             -2.770103   data arrival time
---------------------------------------------------------------------------------------------
                                              2.994248   slack (MET)


Startpoint: res_n (input port clocked by clk)
Endpoint: _293_ (recovery check against rising-edge clock clk)
Path Group: asynchronous
Path Type: max

Fanout         Cap        Slew       Delay        Time   Description
---------------------------------------------------------------------------------------------
                                  0.000000    0.000000   clock clk (rise edge)
                                  0.000000    0.000000   clock network delay (propagated)
                                  1.000000    1.000000 ^ input external delay
     1    0.002207    0.028342    0.012664    1.012664 ^ res_n (in)
                                                         res_n (net)
                      0.028342    0.000000    1.012664 ^ hold4/A (sky130_fd_sc_hd__dlygate4sd3_1)
     1    0.002189    0.084806    1.013264    2.025928 ^ hold4/X (sky130_fd_sc_hd__dlygate4sd3_1)
                                                         net95 (net)
                      0.084806    0.000041    2.025969 ^ input23/A (sky130_fd_sc_hd__buf_1)
     3    0.013780    0.270349    0.300328    2.326298 ^ input23/X (sky130_fd_sc_hd__buf_1)
                                                         net23 (net)
                      0.270349    0.000344    2.326641 ^ fanout55/A (sky130_fd_sc_hd__clkbuf_4)
    10    0.041180    0.210108    0.442115    2.768756 ^ fanout55/X (sky130_fd_sc_hd__clkbuf_4)
                                                         net55 (net)
                      0.210114    0.001438    2.770194 ^ _293_/RESET_B (sky130_fd_sc_hd__dfrtp_1)
                                              2.770194   data arrival time

                                  5.000000    5.000000   clock clk (rise edge)
                                  0.000000    5.000000   clock source latency
     1    0.013636    0.106050    0.070490    5.070490 ^ clk (in)
                                                         clk (net)
                      0.106051    0.000000    5.070490 ^ clkbuf_0_clk/A (sky130_fd_sc_hd__clkbuf_16)
     4    0.042477    0.097079    0.269430    5.339920 ^ clkbuf_0_clk/X (sky130_fd_sc_hd__clkbuf_16)
                                                         clknet_0_clk (net)
                      0.097159    0.001623    5.341543 ^ clkbuf_2_1__f_clk/A (sky130_fd_sc_hd__clkbuf_16)
    12    0.035064    0.087502    0.254989    5.596532 ^ clkbuf_2_1__f_clk/X (sky130_fd_sc_hd__clkbuf_16)
                                                         clknet_2_1__leaf_clk (net)
                      0.087524    0.001339    5.597871 ^ _293_/CLK (sky130_fd_sc_hd__dfrtp_1)
                                 -0.250000    5.347871   clock uncertainty
                                  0.000000    5.347871   clock reconvergence pessimism
                                  0.416574    5.764445   library recovery time
                                              5.764445   data required time
---------------------------------------------------------------------------------------------
                                              5.764445   data required time
                                             -2.770194   data arrival time
---------------------------------------------------------------------------------------------
                                              2.994251   slack (MET)


Startpoint: res_n (input port clocked by clk)
Endpoint: _295_ (recovery check against rising-edge clock clk)
Path Group: asynchronous
Path Type: max

Fanout         Cap        Slew       Delay        Time   Description
---------------------------------------------------------------------------------------------
                                  0.000000    0.000000   clock clk (rise edge)
                                  0.000000    0.000000   clock network delay (propagated)
                                  1.000000    1.000000 ^ input external delay
     1    0.002207    0.028342    0.012664    1.012664 ^ res_n (in)
                                                         res_n (net)
                      0.028342    0.000000    1.012664 ^ hold4/A (sky130_fd_sc_hd__dlygate4sd3_1)
     1    0.002189    0.084806    1.013264    2.025928 ^ hold4/X (sky130_fd_sc_hd__dlygate4sd3_1)
                                                         net95 (net)
                      0.084806    0.000041    2.025969 ^ input23/A (sky130_fd_sc_hd__buf_1)
     3    0.013780    0.270349    0.300328    2.326298 ^ input23/X (sky130_fd_sc_hd__buf_1)
                                                         net23 (net)
                      0.270349    0.000344    2.326641 ^ fanout55/A (sky130_fd_sc_hd__clkbuf_4)
    10    0.041180    0.210108    0.442115    2.768756 ^ fanout55/X (sky130_fd_sc_hd__clkbuf_4)
                                                         net55 (net)
                      0.210108    0.000826    2.769583 ^ _295_/RESET_B (sky130_fd_sc_hd__dfrtp_1)
                                              2.769583   data arrival time

                                  5.000000    5.000000   clock clk (rise edge)
                                  0.000000    5.000000   clock source latency
     1    0.013636    0.106050    0.070490    5.070490 ^ clk (in)
                                                         clk (net)
                      0.106051    0.000000    5.070490 ^ clkbuf_0_clk/A (sky130_fd_sc_hd__clkbuf_16)
     4    0.042477    0.097079    0.269430    5.339920 ^ clkbuf_0_clk/X (sky130_fd_sc_hd__clkbuf_16)
                                                         clknet_0_clk (net)
                      0.097159    0.001623    5.341543 ^ clkbuf_2_1__f_clk/A (sky130_fd_sc_hd__clkbuf_16)
    12    0.035064    0.087502    0.254989    5.596532 ^ clkbuf_2_1__f_clk/X (sky130_fd_sc_hd__clkbuf_16)
                                                         clknet_2_1__leaf_clk (net)
                      0.087506    0.000735    5.597267 ^ _295_/CLK (sky130_fd_sc_hd__dfrtp_1)
                                 -0.250000    5.347267   clock uncertainty
                                  0.000000    5.347267   clock reconvergence pessimism
                                  0.416570    5.763837   library recovery time
                                              5.763837   data required time
---------------------------------------------------------------------------------------------
                                              5.763837   data required time
                                             -2.769583   data arrival time
---------------------------------------------------------------------------------------------
                                              2.994254   slack (MET)


Startpoint: res_n (input port clocked by clk)
Endpoint: _291_ (recovery check against rising-edge clock clk)
Path Group: asynchronous
Path Type: max

Fanout         Cap        Slew       Delay        Time   Description
---------------------------------------------------------------------------------------------
                                  0.000000    0.000000   clock clk (rise edge)
                                  0.000000    0.000000   clock network delay (propagated)
                                  1.000000    1.000000 ^ input external delay
     1    0.002207    0.028342    0.012664    1.012664 ^ res_n (in)
                                                         res_n (net)
                      0.028342    0.000000    1.012664 ^ hold4/A (sky130_fd_sc_hd__dlygate4sd3_1)
     1    0.002189    0.084806    1.013264    2.025928 ^ hold4/X (sky130_fd_sc_hd__dlygate4sd3_1)
                                                         net95 (net)
                      0.084806    0.000041    2.025969 ^ input23/A (sky130_fd_sc_hd__buf_1)
     3    0.013780    0.270349    0.300328    2.326298 ^ input23/X (sky130_fd_sc_hd__buf_1)
                                                         net23 (net)
                      0.270349    0.000344    2.326641 ^ fanout55/A (sky130_fd_sc_hd__clkbuf_4)
    10    0.041180    0.210108    0.442115    2.768756 ^ fanout55/X (sky130_fd_sc_hd__clkbuf_4)
                                                         net55 (net)
                      0.210111    0.001243    2.770000 ^ _291_/RESET_B (sky130_fd_sc_hd__dfrtp_1)
                                              2.770000   data arrival time

                                  5.000000    5.000000   clock clk (rise edge)
                                  0.000000    5.000000   clock source latency
     1    0.013636    0.106050    0.070490    5.070490 ^ clk (in)
                                                         clk (net)
                      0.106051    0.000000    5.070490 ^ clkbuf_0_clk/A (sky130_fd_sc_hd__clkbuf_16)
     4    0.042477    0.097079    0.269430    5.339920 ^ clkbuf_0_clk/X (sky130_fd_sc_hd__clkbuf_16)
                                                         clknet_0_clk (net)
                      0.097159    0.001623    5.341543 ^ clkbuf_2_1__f_clk/A (sky130_fd_sc_hd__clkbuf_16)
    12    0.035064    0.087502    0.254989    5.596532 ^ clkbuf_2_1__f_clk/X (sky130_fd_sc_hd__clkbuf_16)
                                                         clknet_2_1__leaf_clk (net)
                      0.087517    0.001164    5.597696 ^ _291_/CLK (sky130_fd_sc_hd__dfrtp_1)
                                 -0.250000    5.347696   clock uncertainty
                                  0.000000    5.347696   clock reconvergence pessimism
                                  0.416572    5.764269   library recovery time
                                              5.764269   data required time
---------------------------------------------------------------------------------------------
                                              5.764269   data required time
                                             -2.770000   data arrival time
---------------------------------------------------------------------------------------------
                                              2.994269   slack (MET)


Startpoint: res_n (input port clocked by clk)
Endpoint: _294_ (recovery check against rising-edge clock clk)
Path Group: asynchronous
Path Type: max

Fanout         Cap        Slew       Delay        Time   Description
---------------------------------------------------------------------------------------------
                                  0.000000    0.000000   clock clk (rise edge)
                                  0.000000    0.000000   clock network delay (propagated)
                                  1.000000    1.000000 ^ input external delay
     1    0.002207    0.028342    0.012664    1.012664 ^ res_n (in)
                                                         res_n (net)
                      0.028342    0.000000    1.012664 ^ hold4/A (sky130_fd_sc_hd__dlygate4sd3_1)
     1    0.002189    0.084806    1.013264    2.025928 ^ hold4/X (sky130_fd_sc_hd__dlygate4sd3_1)
                                                         net95 (net)
                      0.084806    0.000041    2.025969 ^ input23/A (sky130_fd_sc_hd__buf_1)
     3    0.013780    0.270349    0.300328    2.326298 ^ input23/X (sky130_fd_sc_hd__buf_1)
                                                         net23 (net)
                      0.270349    0.000344    2.326641 ^ fanout55/A (sky130_fd_sc_hd__clkbuf_4)
    10    0.041180    0.210108    0.442115    2.768756 ^ fanout55/X (sky130_fd_sc_hd__clkbuf_4)
                                                         net55 (net)
                      0.210109    0.001033    2.769789 ^ _294_/RESET_B (sky130_fd_sc_hd__dfrtp_1)
                                              2.769789   data arrival time

                                  5.000000    5.000000   clock clk (rise edge)
                                  0.000000    5.000000   clock source latency
     1    0.013636    0.106050    0.070490    5.070490 ^ clk (in)
                                                         clk (net)
                      0.106051    0.000000    5.070490 ^ clkbuf_0_clk/A (sky130_fd_sc_hd__clkbuf_16)
     4    0.042477    0.097079    0.269430    5.339920 ^ clkbuf_0_clk/X (sky130_fd_sc_hd__clkbuf_16)
                                                         clknet_0_clk (net)
                      0.097159    0.001623    5.341543 ^ clkbuf_2_1__f_clk/A (sky130_fd_sc_hd__clkbuf_16)
    12    0.035064    0.087502    0.254989    5.596532 ^ clkbuf_2_1__f_clk/X (sky130_fd_sc_hd__clkbuf_16)
                                                         clknet_2_1__leaf_clk (net)
                      0.087513    0.001028    5.597560 ^ _294_/CLK (sky130_fd_sc_hd__dfrtp_1)
                                 -0.250000    5.347560   clock uncertainty
                                  0.000000    5.347560   clock reconvergence pessimism
                                  0.416572    5.764132   library recovery time
                                              5.764132   data required time
---------------------------------------------------------------------------------------------
                                              5.764132   data required time
                                             -2.769789   data arrival time
---------------------------------------------------------------------------------------------
                                              2.994342   slack (MET)


Startpoint: res_n (input port clocked by clk)
Endpoint: _298_ (recovery check against rising-edge clock clk)
Path Group: asynchronous
Path Type: max

Fanout         Cap        Slew       Delay        Time   Description
---------------------------------------------------------------------------------------------
                                  0.000000    0.000000   clock clk (rise edge)
                                  0.000000    0.000000   clock network delay (propagated)
                                  1.000000    1.000000 ^ input external delay
     1    0.002207    0.028342    0.012664    1.012664 ^ res_n (in)
                                                         res_n (net)
                      0.028342    0.000000    1.012664 ^ hold4/A (sky130_fd_sc_hd__dlygate4sd3_1)
     1    0.002189    0.084806    1.013264    2.025928 ^ hold4/X (sky130_fd_sc_hd__dlygate4sd3_1)
                                                         net95 (net)
                      0.084806    0.000041    2.025969 ^ input23/A (sky130_fd_sc_hd__buf_1)
     3    0.013780    0.270349    0.300328    2.326298 ^ input23/X (sky130_fd_sc_hd__buf_1)
                                                         net23 (net)
                      0.270349    0.000344    2.326641 ^ fanout55/A (sky130_fd_sc_hd__clkbuf_4)
    10    0.041180    0.210108    0.442115    2.768756 ^ fanout55/X (sky130_fd_sc_hd__clkbuf_4)
                                                         net55 (net)
                      0.210108    0.000712    2.769468 ^ _298_/RESET_B (sky130_fd_sc_hd__dfrtp_1)
                                              2.769468   data arrival time

                                  5.000000    5.000000   clock clk (rise edge)
                                  0.000000    5.000000   clock source latency
     1    0.013636    0.106050    0.070490    5.070490 ^ clk (in)
                                                         clk (net)
                      0.106051    0.000000    5.070490 ^ clkbuf_0_clk/A (sky130_fd_sc_hd__clkbuf_16)
     4    0.042477    0.097079    0.269430    5.339920 ^ clkbuf_0_clk/X (sky130_fd_sc_hd__clkbuf_16)
                                                         clknet_0_clk (net)
                      0.097159    0.001623    5.341543 ^ clkbuf_2_1__f_clk/A (sky130_fd_sc_hd__clkbuf_16)
    12    0.035064    0.087502    0.254989    5.596532 ^ clkbuf_2_1__f_clk/X (sky130_fd_sc_hd__clkbuf_16)
                                                         clknet_2_1__leaf_clk (net)
                      0.087513    0.001030    5.597563 ^ _298_/CLK (sky130_fd_sc_hd__dfrtp_1)
                                 -0.250000    5.347562   clock uncertainty
                                  0.000000    5.347562   clock reconvergence pessimism
                                  0.416572    5.764135   library recovery time
                                              5.764135   data required time
---------------------------------------------------------------------------------------------
                                              5.764135   data required time
                                             -2.769468   data arrival time
---------------------------------------------------------------------------------------------
                                              2.994667   slack (MET)


Startpoint: res_n (input port clocked by clk)
Endpoint: _296_ (recovery check against rising-edge clock clk)
Path Group: asynchronous
Path Type: max

Fanout         Cap        Slew       Delay        Time   Description
---------------------------------------------------------------------------------------------
                                  0.000000    0.000000   clock clk (rise edge)
                                  0.000000    0.000000   clock network delay (propagated)
                                  1.000000    1.000000 ^ input external delay
     1    0.002207    0.028342    0.012664    1.012664 ^ res_n (in)
                                                         res_n (net)
                      0.028342    0.000000    1.012664 ^ hold4/A (sky130_fd_sc_hd__dlygate4sd3_1)
     1    0.002189    0.084806    1.013264    2.025928 ^ hold4/X (sky130_fd_sc_hd__dlygate4sd3_1)
                                                         net95 (net)
                      0.084806    0.000041    2.025969 ^ input23/A (sky130_fd_sc_hd__buf_1)
     3    0.013780    0.270349    0.300328    2.326298 ^ input23/X (sky130_fd_sc_hd__buf_1)
                                                         net23 (net)
                      0.270349    0.000344    2.326641 ^ fanout55/A (sky130_fd_sc_hd__clkbuf_4)
    10    0.041180    0.210108    0.442115    2.768756 ^ fanout55/X (sky130_fd_sc_hd__clkbuf_4)
                                                         net55 (net)
                      0.210108    0.000524    2.769280 ^ _296_/RESET_B (sky130_fd_sc_hd__dfrtp_1)
                                              2.769280   data arrival time

                                  5.000000    5.000000   clock clk (rise edge)
                                  0.000000    5.000000   clock source latency
     1    0.013636    0.106050    0.070490    5.070490 ^ clk (in)
                                                         clk (net)
                      0.106051    0.000000    5.070490 ^ clkbuf_0_clk/A (sky130_fd_sc_hd__clkbuf_16)
     4    0.042477    0.097079    0.269430    5.339920 ^ clkbuf_0_clk/X (sky130_fd_sc_hd__clkbuf_16)
                                                         clknet_0_clk (net)
                      0.097159    0.001623    5.341543 ^ clkbuf_2_1__f_clk/A (sky130_fd_sc_hd__clkbuf_16)
    12    0.035064    0.087502    0.254989    5.596532 ^ clkbuf_2_1__f_clk/X (sky130_fd_sc_hd__clkbuf_16)
                                                         clknet_2_1__leaf_clk (net)
                      0.087513    0.001022    5.597554 ^ _296_/CLK (sky130_fd_sc_hd__dfrtp_1)
                                 -0.250000    5.347554   clock uncertainty
                                  0.000000    5.347554   clock reconvergence pessimism
                                  0.416572    5.764126   library recovery time
                                              5.764126   data required time
---------------------------------------------------------------------------------------------
                                              5.764126   data required time
                                             -2.769280   data arrival time
---------------------------------------------------------------------------------------------
                                              2.994846   slack (MET)


Startpoint: res_n (input port clocked by clk)
Endpoint: _274_ (recovery check against rising-edge clock clk)
Path Group: asynchronous
Path Type: max

Fanout         Cap        Slew       Delay        Time   Description
---------------------------------------------------------------------------------------------
                                  0.000000    0.000000   clock clk (rise edge)
                                  0.000000    0.000000   clock network delay (propagated)
                                  1.000000    1.000000 ^ input external delay
     1    0.002207    0.028342    0.012664    1.012664 ^ res_n (in)
                                                         res_n (net)
                      0.028342    0.000000    1.012664 ^ hold4/A (sky130_fd_sc_hd__dlygate4sd3_1)
     1    0.002189    0.084806    1.013264    2.025928 ^ hold4/X (sky130_fd_sc_hd__dlygate4sd3_1)
                                                         net95 (net)
                      0.084806    0.000041    2.025969 ^ input23/A (sky130_fd_sc_hd__buf_1)
     3    0.013780    0.270349    0.300328    2.326298 ^ input23/X (sky130_fd_sc_hd__buf_1)
                                                         net23 (net)
                      0.270349    0.000388    2.326685 ^ fanout56/A (sky130_fd_sc_hd__buf_2)
     7    0.032152    0.257034    0.422057    2.748742 ^ fanout56/X (sky130_fd_sc_hd__buf_2)
                                                         net56 (net)
                      0.257034    0.000817    2.749559 ^ _274_/RESET_B (sky130_fd_sc_hd__dfrtp_1)
                                              2.749559   data arrival time

                                  5.000000    5.000000   clock clk (rise edge)
                                  0.000000    5.000000   clock source latency
     1    0.013636    0.106050    0.070490    5.070490 ^ clk (in)
                                                         clk (net)
                      0.106051    0.000000    5.070490 ^ clkbuf_0_clk/A (sky130_fd_sc_hd__clkbuf_16)
     4    0.042477    0.097079    0.269430    5.339920 ^ clkbuf_0_clk/X (sky130_fd_sc_hd__clkbuf_16)
                                                         clknet_0_clk (net)
                      0.097159    0.001623    5.341543 ^ clkbuf_2_1__f_clk/A (sky130_fd_sc_hd__clkbuf_16)
    12    0.035064    0.087502    0.254989    5.596532 ^ clkbuf_2_1__f_clk/X (sky130_fd_sc_hd__clkbuf_16)
                                                         clknet_2_1__leaf_clk (net)
                      0.087502    0.000406    5.596939 ^ _274_/CLK (sky130_fd_sc_hd__dfrtp_1)
                                 -0.250000    5.346939   clock uncertainty
                                  0.000000    5.346939   clock reconvergence pessimism
                                  0.399206    5.746145   library recovery time
                                              5.746145   data required time
---------------------------------------------------------------------------------------------
                                              5.746145   data required time
                                             -2.749559   data arrival time
---------------------------------------------------------------------------------------------
                                              2.996586   slack (MET)


Startpoint: res_n (input port clocked by clk)
Endpoint: _300_ (recovery check against rising-edge clock clk)
Path Group: asynchronous
Path Type: max

Fanout         Cap        Slew       Delay        Time   Description
---------------------------------------------------------------------------------------------
                                  0.000000    0.000000   clock clk (rise edge)
                                  0.000000    0.000000   clock network delay (propagated)
                                  1.000000    1.000000 ^ input external delay
     1    0.002207    0.028342    0.012664    1.012664 ^ res_n (in)
                                                         res_n (net)
                      0.028342    0.000000    1.012664 ^ hold4/A (sky130_fd_sc_hd__dlygate4sd3_1)
     1    0.002189    0.084806    1.013264    2.025928 ^ hold4/X (sky130_fd_sc_hd__dlygate4sd3_1)
                                                         net95 (net)
                      0.084806    0.000041    2.025969 ^ input23/A (sky130_fd_sc_hd__buf_1)
     3    0.013780    0.270349    0.300328    2.326298 ^ input23/X (sky130_fd_sc_hd__buf_1)
                                                         net23 (net)
                      0.270349    0.000200    2.326498 ^ fanout54/A (sky130_fd_sc_hd__clkbuf_2)
     5    0.028039    0.244721    0.406003    2.732500 ^ fanout54/X (sky130_fd_sc_hd__clkbuf_2)
                                                         net54 (net)
                      0.244725    0.001507    2.734007 ^ _300_/RESET_B (sky130_fd_sc_hd__dfrtp_1)
                                              2.734007   data arrival time

                                  5.000000    5.000000   clock clk (rise edge)
                                  0.000000    5.000000   clock source latency
     1    0.013636    0.106050    0.070490    5.070490 ^ clk (in)
                                                         clk (net)
                      0.106051    0.000000    5.070490 ^ clkbuf_0_clk/A (sky130_fd_sc_hd__clkbuf_16)
     4    0.042477    0.097079    0.269430    5.339920 ^ clkbuf_0_clk/X (sky130_fd_sc_hd__clkbuf_16)
                                                         clknet_0_clk (net)
                      0.097122    0.000829    5.340749 ^ clkbuf_2_3__f_clk/A (sky130_fd_sc_hd__clkbuf_16)
     8    0.033610    0.085491    0.253137    5.593885 ^ clkbuf_2_3__f_clk/X (sky130_fd_sc_hd__clkbuf_16)
                                                         clknet_2_3__leaf_clk (net)
                      0.085494    0.000669    5.594554 ^ _300_/CLK (sky130_fd_sc_hd__dfrtp_1)
                                 -0.250000    5.344554   clock uncertainty
                                  0.000000    5.344554   clock reconvergence pessimism
                                  0.403083    5.747637   library recovery time
                                              5.747637   data required time
---------------------------------------------------------------------------------------------
                                              5.747637   data required time
                                             -2.734007   data arrival time
---------------------------------------------------------------------------------------------
                                              3.013631   slack (MET)


Startpoint: res_n (input port clocked by clk)
Endpoint: _281_ (recovery check against rising-edge clock clk)
Path Group: asynchronous
Path Type: max

Fanout         Cap        Slew       Delay        Time   Description
---------------------------------------------------------------------------------------------
                                  0.000000    0.000000   clock clk (rise edge)
                                  0.000000    0.000000   clock network delay (propagated)
                                  1.000000    1.000000 ^ input external delay
     1    0.002207    0.028342    0.012664    1.012664 ^ res_n (in)
                                                         res_n (net)
                      0.028342    0.000000    1.012664 ^ hold4/A (sky130_fd_sc_hd__dlygate4sd3_1)
     1    0.002189    0.084806    1.013264    2.025928 ^ hold4/X (sky130_fd_sc_hd__dlygate4sd3_1)
                                                         net95 (net)
                      0.084806    0.000041    2.025969 ^ input23/A (sky130_fd_sc_hd__buf_1)
     3    0.013780    0.270349    0.300328    2.326298 ^ input23/X (sky130_fd_sc_hd__buf_1)
                                                         net23 (net)
                      0.270349    0.000200    2.326498 ^ fanout54/A (sky130_fd_sc_hd__clkbuf_2)
     5    0.028039    0.244721    0.406003    2.732500 ^ fanout54/X (sky130_fd_sc_hd__clkbuf_2)
                                                         net54 (net)
                      0.244721    0.000735    2.733236 ^ _281_/RESET_B (sky130_fd_sc_hd__dfrtp_1)
                                              2.733236   data arrival time

                                  5.000000    5.000000   clock clk (rise edge)
                                  0.000000    5.000000   clock source latency
     1    0.013636    0.106050    0.070490    5.070490 ^ clk (in)
                                                         clk (net)
                      0.106051    0.000000    5.070490 ^ clkbuf_0_clk/A (sky130_fd_sc_hd__clkbuf_16)
     4    0.042477    0.097079    0.269430    5.339920 ^ clkbuf_0_clk/X (sky130_fd_sc_hd__clkbuf_16)
                                                         clknet_0_clk (net)
                      0.097153    0.001500    5.341419 ^ clkbuf_2_0__f_clk/A (sky130_fd_sc_hd__clkbuf_16)
    13    0.040383    0.095303    0.261971    5.603391 ^ clkbuf_2_0__f_clk/X (sky130_fd_sc_hd__clkbuf_16)
                                                         clknet_2_0__leaf_clk (net)
                      0.095375    0.002385    5.605775 ^ _281_/CLK (sky130_fd_sc_hd__dfrtp_1)
                                 -0.250000    5.355775   clock uncertainty
                                  0.000000    5.355775   clock reconvergence pessimism
                                  0.406417    5.762193   library recovery time
                                              5.762193   data required time
---------------------------------------------------------------------------------------------
                                              5.762193   data required time
                                             -2.733236   data arrival time
---------------------------------------------------------------------------------------------
                                              3.028957   slack (MET)


Startpoint: res_n (input port clocked by clk)
Endpoint: _297_ (recovery check against rising-edge clock clk)
Path Group: asynchronous
Path Type: max

Fanout         Cap        Slew       Delay        Time   Description
---------------------------------------------------------------------------------------------
                                  0.000000    0.000000   clock clk (rise edge)
                                  0.000000    0.000000   clock network delay (propagated)
                                  1.000000    1.000000 ^ input external delay
     1    0.002207    0.028342    0.012664    1.012664 ^ res_n (in)
                                                         res_n (net)
                      0.028342    0.000000    1.012664 ^ hold4/A (sky130_fd_sc_hd__dlygate4sd3_1)
     1    0.002189    0.084806    1.013264    2.025928 ^ hold4/X (sky130_fd_sc_hd__dlygate4sd3_1)
                                                         net95 (net)
                      0.084806    0.000041    2.025969 ^ input23/A (sky130_fd_sc_hd__buf_1)
     3    0.013780    0.270349    0.300328    2.326298 ^ input23/X (sky130_fd_sc_hd__buf_1)
                                                         net23 (net)
                      0.270349    0.000200    2.326498 ^ fanout54/A (sky130_fd_sc_hd__clkbuf_2)
     5    0.028039    0.244721    0.406003    2.732500 ^ fanout54/X (sky130_fd_sc_hd__clkbuf_2)
                                                         net54 (net)
                      0.244721    0.000432    2.732932 ^ _297_/RESET_B (sky130_fd_sc_hd__dfrtp_1)
                                              2.732932   data arrival time

                                  5.000000    5.000000   clock clk (rise edge)
                                  0.000000    5.000000   clock source latency
     1    0.013636    0.106050    0.070490    5.070490 ^ clk (in)
                                                         clk (net)
                      0.106051    0.000000    5.070490 ^ clkbuf_0_clk/A (sky130_fd_sc_hd__clkbuf_16)
     4    0.042477    0.097079    0.269430    5.339920 ^ clkbuf_0_clk/X (sky130_fd_sc_hd__clkbuf_16)
                                                         clknet_0_clk (net)
                      0.097153    0.001500    5.341419 ^ clkbuf_2_0__f_clk/A (sky130_fd_sc_hd__clkbuf_16)
    13    0.040383    0.095303    0.261971    5.603391 ^ clkbuf_2_0__f_clk/X (sky130_fd_sc_hd__clkbuf_16)
                                                         clknet_2_0__leaf_clk (net)
                      0.095398    0.002686    5.606077 ^ _297_/CLK (sky130_fd_sc_hd__dfrtp_1)
                                 -0.250000    5.356077   clock uncertainty
                                  0.000000    5.356077   clock reconvergence pessimism
                                  0.406425    5.762502   library recovery time
                                              5.762502   data required time
---------------------------------------------------------------------------------------------
                                              5.762502   data required time
                                             -2.732932   data arrival time
---------------------------------------------------------------------------------------------
                                              3.029570   slack (MET)


Startpoint: arvalid (input port clocked by clk)
Endpoint: _285_ (rising edge-triggered flip-flop clocked by clk)
Path Group: clk
Path Type: max

Fanout         Cap        Slew       Delay        Time   Description
---------------------------------------------------------------------------------------------
                                  0.000000    0.000000   clock clk (rise edge)
                                  0.000000    0.000000   clock network delay (propagated)
                                  1.000000    1.000000 v input external delay
     1    0.002621    0.017779    0.008669    1.008669 v arvalid (in)
                                                         arvalid (net)
                      0.017780    0.000000    1.008669 v input11/A (sky130_fd_sc_hd__clkbuf_1)
     1    0.003892    0.061307    0.147241    1.155910 v input11/X (sky130_fd_sc_hd__clkbuf_1)
                                                         net11 (net)
                      0.061307    0.000120    1.156030 v _285_/D (sky130_fd_sc_hd__dfrtp_1)
                                              1.156030   data arrival time

                                  5.000000    5.000000   clock clk (rise edge)
                                  0.000000    5.000000   clock source latency
     1    0.013636    0.106050    0.070490    5.070490 ^ clk (in)
                                                         clk (net)
                      0.106051    0.000000    5.070490 ^ clkbuf_0_clk/A (sky130_fd_sc_hd__clkbuf_16)
     4    0.042477    0.097079    0.269430    5.339920 ^ clkbuf_0_clk/X (sky130_fd_sc_hd__clkbuf_16)
                                                         clknet_0_clk (net)
                      0.097130    0.001008    5.340928 ^ clkbuf_2_2__f_clk/A (sky130_fd_sc_hd__clkbuf_16)
    10    0.033197    0.084831    0.252503    5.593431 ^ clkbuf_2_2__f_clk/X (sky130_fd_sc_hd__clkbuf_16)
                                                         clknet_2_2__leaf_clk (net)
                      0.084831    0.000375    5.593806 ^ _285_/CLK (sky130_fd_sc_hd__dfrtp_1)
                                 -0.250000    5.343805   clock uncertainty
                                  0.000000    5.343805   clock reconvergence pessimism
                                 -0.268988    5.074818   library setup time
                                              5.074818   data required time
---------------------------------------------------------------------------------------------
                                              5.074818   data required time
                                             -1.156030   data arrival time
---------------------------------------------------------------------------------------------
                                              3.918788   slack (MET)


Startpoint: awvalid (input port clocked by clk)
Endpoint: _284_ (rising edge-triggered flip-flop clocked by clk)
Path Group: clk
Path Type: max

Fanout         Cap        Slew       Delay        Time   Description
---------------------------------------------------------------------------------------------
                                  0.000000    0.000000   clock clk (rise edge)
                                  0.000000    0.000000   clock network delay (propagated)
                                  1.000000    1.000000 v input external delay
     1    0.003115    0.019670    0.010233    1.010233 v awvalid (in)
                                                         awvalid (net)
                      0.019670    0.000000    1.010233 v input21/A (sky130_fd_sc_hd__clkbuf_1)
     1    0.003452    0.056937    0.143792    1.154025 v input21/X (sky130_fd_sc_hd__clkbuf_1)
                                                         net21 (net)
                      0.056937    0.000116    1.154141 v _284_/D (sky130_fd_sc_hd__dfrtp_1)
                                              1.154141   data arrival time

                                  5.000000    5.000000   clock clk (rise edge)
                                  0.000000    5.000000   clock source latency
     1    0.013636    0.106050    0.070490    5.070490 ^ clk (in)
                                                         clk (net)
                      0.106051    0.000000    5.070490 ^ clkbuf_0_clk/A (sky130_fd_sc_hd__clkbuf_16)
     4    0.042477    0.097079    0.269430    5.339920 ^ clkbuf_0_clk/X (sky130_fd_sc_hd__clkbuf_16)
                                                         clknet_0_clk (net)
                      0.097122    0.000829    5.340749 ^ clkbuf_2_3__f_clk/A (sky130_fd_sc_hd__clkbuf_16)
     8    0.033610    0.085491    0.253137    5.593885 ^ clkbuf_2_3__f_clk/X (sky130_fd_sc_hd__clkbuf_16)
                                                         clknet_2_3__leaf_clk (net)
                      0.085492    0.000542    5.594428 ^ _284_/CLK (sky130_fd_sc_hd__dfrtp_1)
                                 -0.250000    5.344428   clock uncertainty
                                  0.000000    5.344428   clock reconvergence pessimism
                                 -0.266989    5.077439   library setup time
                                              5.077439   data required time
---------------------------------------------------------------------------------------------
                                              5.077439   data required time
                                             -1.154141   data arrival time
---------------------------------------------------------------------------------------------
                                              3.923297   slack (MET)


Startpoint: arlen[0] (input port clocked by clk)
Endpoint: _295_ (rising edge-triggered flip-flop clocked by clk)
Path Group: clk
Path Type: max

Fanout         Cap        Slew       Delay        Time   Description
---------------------------------------------------------------------------------------------
                                  0.000000    0.000000   clock clk (rise edge)
                                  0.000000    0.000000   clock network delay (propagated)
                                  1.000000    1.000000 v input external delay
     1    0.002580    0.017626    0.008542    1.008542 v arlen[0] (in)
                                                         arlen[0] (net)
                      0.017626    0.000000    1.008542 v input7/A (sky130_fd_sc_hd__clkbuf_1)
     1    0.003564    0.058058    0.144016    1.152558 v input7/X (sky130_fd_sc_hd__clkbuf_1)
                                                         net7 (net)
                      0.058058    0.000112    1.152670 v _295_/D (sky130_fd_sc_hd__dfrtp_1)
                                              1.152670   data arrival time

                                  5.000000    5.000000   clock clk (rise edge)
                                  0.000000    5.000000   clock source latency
     1    0.013636    0.106050    0.070490    5.070490 ^ clk (in)
                                                         clk (net)
                      0.106051    0.000000    5.070490 ^ clkbuf_0_clk/A (sky130_fd_sc_hd__clkbuf_16)
     4    0.042477    0.097079    0.269430    5.339920 ^ clkbuf_0_clk/X (sky130_fd_sc_hd__clkbuf_16)
                                                         clknet_0_clk (net)
                      0.097159    0.001623    5.341543 ^ clkbuf_2_1__f_clk/A (sky130_fd_sc_hd__clkbuf_16)
    12    0.035064    0.087502    0.254989    5.596532 ^ clkbuf_2_1__f_clk/X (sky130_fd_sc_hd__clkbuf_16)
                                                         clknet_2_1__leaf_clk (net)
                      0.087506    0.000735    5.597267 ^ _295_/CLK (sky130_fd_sc_hd__dfrtp_1)
                                 -0.250000    5.347267   clock uncertainty
                                  0.000000    5.347267   clock reconvergence pessimism
                                 -0.266920    5.080347   library setup time
                                              5.080347   data required time
---------------------------------------------------------------------------------------------
                                              5.080347   data required time
                                             -1.152670   data arrival time
---------------------------------------------------------------------------------------------
                                              3.927677   slack (MET)


Startpoint: awburst[1] (input port clocked by clk)
Endpoint: _288_ (rising edge-triggered flip-flop clocked by clk)
Path Group: clk
Path Type: max

Fanout         Cap        Slew       Delay        Time   Description
---------------------------------------------------------------------------------------------
                                  0.000000    0.000000   clock clk (rise edge)
                                  0.000000    0.000000   clock network delay (propagated)
                                  1.000000    1.000000 v input external delay
     1    0.003803    0.022361    0.012409    1.012408 v awburst[1] (in)
                                                         awburst[1] (net)
                      0.022361    0.000000    1.012408 v input16/A (sky130_fd_sc_hd__clkbuf_1)
     1    0.002861    0.050988    0.139224    1.151632 v input16/X (sky130_fd_sc_hd__clkbuf_1)
                                                         net16 (net)
                      0.050988    0.000084    1.151717 v _288_/D (sky130_fd_sc_hd__dfrtp_1)
                                              1.151717   data arrival time

                                  5.000000    5.000000   clock clk (rise edge)
                                  0.000000    5.000000   clock source latency
     1    0.013636    0.106050    0.070490    5.070490 ^ clk (in)
                                                         clk (net)
                      0.106051    0.000000    5.070490 ^ clkbuf_0_clk/A (sky130_fd_sc_hd__clkbuf_16)
     4    0.042477    0.097079    0.269430    5.339920 ^ clkbuf_0_clk/X (sky130_fd_sc_hd__clkbuf_16)
                                                         clknet_0_clk (net)
                      0.097130    0.001008    5.340928 ^ clkbuf_2_2__f_clk/A (sky130_fd_sc_hd__clkbuf_16)
    10    0.033197    0.084831    0.252503    5.593431 ^ clkbuf_2_2__f_clk/X (sky130_fd_sc_hd__clkbuf_16)
                                                         clknet_2_2__leaf_clk (net)
                      0.084849    0.001194    5.594625 ^ _288_/CLK (sky130_fd_sc_hd__dfrtp_1)
                                 -0.250000    5.344625   clock uncertainty
                                  0.000000    5.344625   clock reconvergence pessimism
                                 -0.264680    5.079945   library setup time
                                              5.079945   data required time
---------------------------------------------------------------------------------------------
                                              5.079945   data required time
                                             -1.151717   data arrival time
---------------------------------------------------------------------------------------------
                                              3.928228   slack (MET)


Startpoint: wvalid (input port clocked by clk)
Endpoint: _286_ (rising edge-triggered flip-flop clocked by clk)
Path Group: clk
Path Type: max

Fanout         Cap        Slew       Delay        Time   Description
---------------------------------------------------------------------------------------------
                                  0.000000    0.000000   clock clk (rise edge)
                                  0.000000    0.000000   clock network delay (propagated)
                                  1.000000    1.000000 v input external delay
     1    0.002879    0.018760    0.009487    1.009487 v wvalid (in)
                                                         wvalid (net)
                      0.018760    0.000000    1.009487 v input26/A (sky130_fd_sc_hd__clkbuf_1)
     1    0.002839    0.050763    0.137516    1.147003 v input26/X (sky130_fd_sc_hd__clkbuf_1)
                                                         net26 (net)
                      0.050763    0.000059    1.147062 v _286_/D (sky130_fd_sc_hd__dfrtp_1)
                                              1.147062   data arrival time

                                  5.000000    5.000000   clock clk (rise edge)
                                  0.000000    5.000000   clock source latency
     1    0.013636    0.106050    0.070490    5.070490 ^ clk (in)
                                                         clk (net)
                      0.106051    0.000000    5.070490 ^ clkbuf_0_clk/A (sky130_fd_sc_hd__clkbuf_16)
     4    0.042477    0.097079    0.269430    5.339920 ^ clkbuf_0_clk/X (sky130_fd_sc_hd__clkbuf_16)
                                                         clknet_0_clk (net)
                      0.097159    0.001623    5.341543 ^ clkbuf_2_1__f_clk/A (sky130_fd_sc_hd__clkbuf_16)
    12    0.035064    0.087502    0.254989    5.596532 ^ clkbuf_2_1__f_clk/X (sky130_fd_sc_hd__clkbuf_16)
                                                         clknet_2_1__leaf_clk (net)
                      0.087528    0.001439    5.597971 ^ _286_/CLK (sky130_fd_sc_hd__dfrtp_1)
                                 -0.250000    5.347971   clock uncertainty
                                  0.000000    5.347971   clock reconvergence pessimism
                                 -0.263873    5.084099   library setup time
                                              5.084099   data required time
---------------------------------------------------------------------------------------------
                                              5.084099   data required time
                                             -1.147062   data arrival time
---------------------------------------------------------------------------------------------
                                              3.937036   slack (MET)


Startpoint: arburst[0] (input port clocked by clk)
Endpoint: _289_ (rising edge-triggered flip-flop clocked by clk)
Path Group: clk
Path Type: max

Fanout         Cap        Slew       Delay        Time   Description
---------------------------------------------------------------------------------------------
                                  0.000000    0.000000   clock clk (rise edge)
                                  0.000000    0.000000   clock network delay (propagated)
                                  1.000000    1.000000 v input external delay
     1    0.002935    0.018976    0.009663    1.009663 v arburst[0] (in)
                                                         arburst[0] (net)
                      0.018976    0.000000    1.009663 v input5/A (sky130_fd_sc_hd__clkbuf_1)
     1    0.002498    0.047351    0.134311    1.143974 v input5/X (sky130_fd_sc_hd__clkbuf_1)
                                                         net5 (net)
                      0.047351    0.000072    1.144046 v _289_/D (sky130_fd_sc_hd__dfrtp_1)
                                              1.144046   data arrival time

                                  5.000000    5.000000   clock clk (rise edge)
                                  0.000000    5.000000   clock source latency
     1    0.013636    0.106050    0.070490    5.070490 ^ clk (in)
                                                         clk (net)
                      0.106051    0.000000    5.070490 ^ clkbuf_0_clk/A (sky130_fd_sc_hd__clkbuf_16)
     4    0.042477    0.097079    0.269430    5.339920 ^ clkbuf_0_clk/X (sky130_fd_sc_hd__clkbuf_16)
                                                         clknet_0_clk (net)
                      0.097130    0.001008    5.340928 ^ clkbuf_2_2__f_clk/A (sky130_fd_sc_hd__clkbuf_16)
    10    0.033197    0.084831    0.252503    5.593431 ^ clkbuf_2_2__f_clk/X (sky130_fd_sc_hd__clkbuf_16)
                                                         clknet_2_2__leaf_clk (net)
                      0.084847    0.001123    5.594553 ^ _289_/CLK (sky130_fd_sc_hd__dfrtp_1)
                                 -0.250000    5.344553   clock uncertainty
                                  0.000000    5.344553   clock reconvergence pessimism
                                 -0.263164    5.081389   library setup time
                                              5.081389   data required time
---------------------------------------------------------------------------------------------
                                              5.081389   data required time
                                             -1.144046   data arrival time
---------------------------------------------------------------------------------------------
                                              3.937343   slack (MET)


Startpoint: awlen[1] (input port clocked by clk)
Endpoint: _292_ (rising edge-triggered flip-flop clocked by clk)
Path Group: clk
Path Type: max

Fanout         Cap        Slew       Delay        Time   Description
---------------------------------------------------------------------------------------------
                                  0.000000    0.000000   clock clk (rise edge)
                                  0.000000    0.000000   clock network delay (propagated)
                                  1.000000    1.000000 v input external delay
     1    0.003420    0.020853    0.011190    1.011190 v awlen[1] (in)
                                                         awlen[1] (net)
                      0.020853    0.000000    1.011190 v input18/A (sky130_fd_sc_hd__clkbuf_1)
     1    0.002600    0.048371    0.136078    1.147268 v input18/X (sky130_fd_sc_hd__clkbuf_1)
                                                         net18 (net)
                      0.048371    0.000078    1.147346 v _292_/D (sky130_fd_sc_hd__dfrtp_1)
                                              1.147346   data arrival time

                                  5.000000    5.000000   clock clk (rise edge)
                                  0.000000    5.000000   clock source latency
     1    0.013636    0.106050    0.070490    5.070490 ^ clk (in)
                                                         clk (net)
                      0.106051    0.000000    5.070490 ^ clkbuf_0_clk/A (sky130_fd_sc_hd__clkbuf_16)
     4    0.042477    0.097079    0.269430    5.339920 ^ clkbuf_0_clk/X (sky130_fd_sc_hd__clkbuf_16)
                                                         clknet_0_clk (net)
                      0.097159    0.001623    5.341543 ^ clkbuf_2_1__f_clk/A (sky130_fd_sc_hd__clkbuf_16)
    12    0.035064    0.087502    0.254989    5.596532 ^ clkbuf_2_1__f_clk/X (sky130_fd_sc_hd__clkbuf_16)
                                                         clknet_2_1__leaf_clk (net)
                      0.087520    0.001246    5.597778 ^ _292_/CLK (sky130_fd_sc_hd__dfrtp_1)
                                 -0.250000    5.347778   clock uncertainty
                                  0.000000    5.347778   clock reconvergence pessimism
                                 -0.262877    5.084901   library setup time
                                              5.084901   data required time
---------------------------------------------------------------------------------------------
                                              5.084901   data required time
                                             -1.147346   data arrival time
---------------------------------------------------------------------------------------------
                                              3.937554   slack (MET)


Startpoint: awburst[0] (input port clocked by clk)
Endpoint: _287_ (rising edge-triggered flip-flop clocked by clk)
Path Group: clk
Path Type: max

Fanout         Cap        Slew       Delay        Time   Description
---------------------------------------------------------------------------------------------
                                  0.000000    0.000000   clock clk (rise edge)
                                  0.000000    0.000000   clock network delay (propagated)
                                  1.000000    1.000000 v input external delay
     1    0.002935    0.018976    0.009663    1.009663 v awburst[0] (in)
                                                         awburst[0] (net)
                      0.018976    0.000000    1.009663 v input15/A (sky130_fd_sc_hd__clkbuf_1)
     1    0.002353    0.045911    0.132912    1.142575 v input15/X (sky130_fd_sc_hd__clkbuf_1)
                                                         net15 (net)
                      0.045911    0.000065    1.142640 v _287_/D (sky130_fd_sc_hd__dfrtp_1)
                                              1.142640   data arrival time

                                  5.000000    5.000000   clock clk (rise edge)
                                  0.000000    5.000000   clock source latency
     1    0.013636    0.106050    0.070490    5.070490 ^ clk (in)
                                                         clk (net)
                      0.106051    0.000000    5.070490 ^ clkbuf_0_clk/A (sky130_fd_sc_hd__clkbuf_16)
     4    0.042477    0.097079    0.269430    5.339920 ^ clkbuf_0_clk/X (sky130_fd_sc_hd__clkbuf_16)
                                                         clknet_0_clk (net)
                      0.097130    0.001008    5.340928 ^ clkbuf_2_2__f_clk/A (sky130_fd_sc_hd__clkbuf_16)
    10    0.033197    0.084831    0.252503    5.593431 ^ clkbuf_2_2__f_clk/X (sky130_fd_sc_hd__clkbuf_16)
                                                         clknet_2_2__leaf_clk (net)
                      0.084848    0.001160    5.594590 ^ _287_/CLK (sky130_fd_sc_hd__dfrtp_1)
                                 -0.250000    5.344590   clock uncertainty
                                  0.000000    5.344590   clock reconvergence pessimism
                                 -0.262564    5.082026   library setup time
                                              5.082026   data required time
---------------------------------------------------------------------------------------------
                                              5.082026   data required time
                                             -1.142640   data arrival time
---------------------------------------------------------------------------------------------
                                              3.939387   slack (MET)


Startpoint: arburst[1] (input port clocked by clk)
Endpoint: _290_ (rising edge-triggered flip-flop clocked by clk)
Path Group: clk
Path Type: max

Fanout         Cap        Slew       Delay        Time   Description
---------------------------------------------------------------------------------------------
                                  0.000000    0.000000   clock clk (rise edge)
                                  0.000000    0.000000   clock network delay (propagated)
                                  1.000000    1.000000 v input external delay
     1    0.002934    0.018973    0.009661    1.009661 v arburst[1] (in)
                                                         arburst[1] (net)
                      0.018973    0.000000    1.009661 v input6/A (sky130_fd_sc_hd__clkbuf_1)
     1    0.002263    0.045035    0.132040    1.141701 v input6/X (sky130_fd_sc_hd__clkbuf_1)
                                                         net6 (net)
                      0.045035    0.000064    1.141765 v _290_/D (sky130_fd_sc_hd__dfrtp_1)
                                              1.141765   data arrival time

                                  5.000000    5.000000   clock clk (rise edge)
                                  0.000000    5.000000   clock source latency
     1    0.013636    0.106050    0.070490    5.070490 ^ clk (in)
                                                         clk (net)
                      0.106051    0.000000    5.070490 ^ clkbuf_0_clk/A (sky130_fd_sc_hd__clkbuf_16)
     4    0.042477    0.097079    0.269430    5.339920 ^ clkbuf_0_clk/X (sky130_fd_sc_hd__clkbuf_16)
                                                         clknet_0_clk (net)
                      0.097130    0.001008    5.340928 ^ clkbuf_2_2__f_clk/A (sky130_fd_sc_hd__clkbuf_16)
    10    0.033197    0.084831    0.252503    5.593431 ^ clkbuf_2_2__f_clk/X (sky130_fd_sc_hd__clkbuf_16)
                                                         clknet_2_2__leaf_clk (net)
                      0.084846    0.001103    5.594534 ^ _290_/CLK (sky130_fd_sc_hd__dfrtp_1)
                                 -0.250000    5.344534   clock uncertainty
                                  0.000000    5.344534   clock reconvergence pessimism
                                 -0.262199    5.082335   library setup time
                                              5.082335   data required time
---------------------------------------------------------------------------------------------
                                              5.082335   data required time
                                             -1.141765   data arrival time
---------------------------------------------------------------------------------------------
                                              3.940569   slack (MET)


Startpoint: awlen[2] (input port clocked by clk)
Endpoint: _293_ (rising edge-triggered flip-flop clocked by clk)
Path Group: clk
Path Type: max

Fanout         Cap        Slew       Delay        Time   Description
---------------------------------------------------------------------------------------------
                                  0.000000    0.000000   clock clk (rise edge)
                                  0.000000    0.000000   clock network delay (propagated)
                                  1.000000    1.000000 v input external delay
     1    0.002569    0.017583    0.008507    1.008507 v awlen[2] (in)
                                                         awlen[2] (net)
                      0.017583    0.000000    1.008507 v input19/A (sky130_fd_sc_hd__clkbuf_1)
     1    0.002628    0.048644    0.134983    1.143490 v input19/X (sky130_fd_sc_hd__clkbuf_1)
                                                         net19 (net)
                      0.048644    0.000077    1.143567 v _293_/D (sky130_fd_sc_hd__dfrtp_1)
                                              1.143567   data arrival time

                                  5.000000    5.000000   clock clk (rise edge)
                                  0.000000    5.000000   clock source latency
     1    0.013636    0.106050    0.070490    5.070490 ^ clk (in)
                                                         clk (net)
                      0.106051    0.000000    5.070490 ^ clkbuf_0_clk/A (sky130_fd_sc_hd__clkbuf_16)
     4    0.042477    0.097079    0.269430    5.339920 ^ clkbuf_0_clk/X (sky130_fd_sc_hd__clkbuf_16)
                                                         clknet_0_clk (net)
                      0.097159    0.001623    5.341543 ^ clkbuf_2_1__f_clk/A (sky130_fd_sc_hd__clkbuf_16)
    12    0.035064    0.087502    0.254989    5.596532 ^ clkbuf_2_1__f_clk/X (sky130_fd_sc_hd__clkbuf_16)
                                                         clknet_2_1__leaf_clk (net)
                      0.087524    0.001339    5.597871 ^ _293_/CLK (sky130_fd_sc_hd__dfrtp_1)
                                 -0.250000    5.347871   clock uncertainty
                                  0.000000    5.347871   clock reconvergence pessimism
                                 -0.262990    5.084881   library setup time
                                              5.084881   data required time
---------------------------------------------------------------------------------------------
                                              5.084881   data required time
                                             -1.143567   data arrival time
---------------------------------------------------------------------------------------------
                                              3.941314   slack (MET)


Startpoint: arlen[3] (input port clocked by clk)
Endpoint: _298_ (rising edge-triggered flip-flop clocked by clk)
Path Group: clk
Path Type: max

Fanout         Cap        Slew       Delay        Time   Description
---------------------------------------------------------------------------------------------
                                  0.000000    0.000000   clock clk (rise edge)
                                  0.000000    0.000000   clock network delay (propagated)
                                  1.000000    1.000000 v input external delay
     1    0.002663    0.017937    0.008803    1.008803 v arlen[3] (in)
                                                         arlen[3] (net)
                      0.017937    0.000000    1.008803 v input10/A (sky130_fd_sc_hd__clkbuf_1)
     1    0.002526    0.047623    0.134145    1.142948 v input10/X (sky130_fd_sc_hd__clkbuf_1)
                                                         net10 (net)
                      0.047623    0.000073    1.143021 v _298_/D (sky130_fd_sc_hd__dfrtp_1)
                                              1.143021   data arrival time

                                  5.000000    5.000000   clock clk (rise edge)
                                  0.000000    5.000000   clock source latency
     1    0.013636    0.106050    0.070490    5.070490 ^ clk (in)
                                                         clk (net)
                      0.106051    0.000000    5.070490 ^ clkbuf_0_clk/A (sky130_fd_sc_hd__clkbuf_16)
     4    0.042477    0.097079    0.269430    5.339920 ^ clkbuf_0_clk/X (sky130_fd_sc_hd__clkbuf_16)
                                                         clknet_0_clk (net)
                      0.097159    0.001623    5.341543 ^ clkbuf_2_1__f_clk/A (sky130_fd_sc_hd__clkbuf_16)
    12    0.035064    0.087502    0.254989    5.596532 ^ clkbuf_2_1__f_clk/X (sky130_fd_sc_hd__clkbuf_16)
                                                         clknet_2_1__leaf_clk (net)
                      0.087513    0.001030    5.597563 ^ _298_/CLK (sky130_fd_sc_hd__dfrtp_1)
                                 -0.250000    5.347562   clock uncertainty
                                  0.000000    5.347562   clock reconvergence pessimism
                                 -0.262568    5.084995   library setup time
                                              5.084995   data required time
---------------------------------------------------------------------------------------------
                                              5.084995   data required time
                                             -1.143021   data arrival time
---------------------------------------------------------------------------------------------
                                              3.941974   slack (MET)


Startpoint: arlen[1] (input port clocked by clk)
Endpoint: _296_ (rising edge-triggered flip-flop clocked by clk)
Path Group: clk
Path Type: max

Fanout         Cap        Slew       Delay        Time   Description
---------------------------------------------------------------------------------------------
                                  0.000000    0.000000   clock clk (rise edge)
                                  0.000000    0.000000   clock network delay (propagated)
                                  1.000000    1.000000 v input external delay
     1    0.002692    0.018050    0.008894    1.008894 v arlen[1] (in)
                                                         arlen[1] (net)
                      0.018050    0.000000    1.008894 v input8/A (sky130_fd_sc_hd__clkbuf_1)
     1    0.002500    0.047369    0.133944    1.142838 v input8/X (sky130_fd_sc_hd__clkbuf_1)
                                                         net8 (net)
                      0.047369    0.000074    1.142912 v _296_/D (sky130_fd_sc_hd__dfrtp_1)
                                              1.142912   data arrival time

                                  5.000000    5.000000   clock clk (rise edge)
                                  0.000000    5.000000   clock source latency
     1    0.013636    0.106050    0.070490    5.070490 ^ clk (in)
                                                         clk (net)
                      0.106051    0.000000    5.070490 ^ clkbuf_0_clk/A (sky130_fd_sc_hd__clkbuf_16)
     4    0.042477    0.097079    0.269430    5.339920 ^ clkbuf_0_clk/X (sky130_fd_sc_hd__clkbuf_16)
                                                         clknet_0_clk (net)
                      0.097159    0.001623    5.341543 ^ clkbuf_2_1__f_clk/A (sky130_fd_sc_hd__clkbuf_16)
    12    0.035064    0.087502    0.254989    5.596532 ^ clkbuf_2_1__f_clk/X (sky130_fd_sc_hd__clkbuf_16)
                                                         clknet_2_1__leaf_clk (net)
                      0.087513    0.001022    5.597554 ^ _296_/CLK (sky130_fd_sc_hd__dfrtp_1)
                                 -0.250000    5.347554   clock uncertainty
                                  0.000000    5.347554   clock reconvergence pessimism
                                 -0.262462    5.085092   library setup time
                                              5.085092   data required time
---------------------------------------------------------------------------------------------
                                              5.085092   data required time
                                             -1.142912   data arrival time
---------------------------------------------------------------------------------------------
                                              3.942180   slack (MET)


Startpoint: awlen[3] (input port clocked by clk)
Endpoint: _294_ (rising edge-triggered flip-flop clocked by clk)
Path Group: clk
Path Type: max

Fanout         Cap        Slew       Delay        Time   Description
---------------------------------------------------------------------------------------------
                                  0.000000    0.000000   clock clk (rise edge)
                                  0.000000    0.000000   clock network delay (propagated)
                                  1.000000    1.000000 v input external delay
     1    0.002942    0.019003    0.009684    1.009684 v awlen[3] (in)
                                                         awlen[3] (net)
                      0.019003    0.000000    1.009684 v input20/A (sky130_fd_sc_hd__clkbuf_1)
     1    0.002162    0.044063    0.131078    1.140761 v input20/X (sky130_fd_sc_hd__clkbuf_1)
                                                         net20 (net)
                      0.044063    0.000061    1.140822 v _294_/D (sky130_fd_sc_hd__dfrtp_1)
                                              1.140822   data arrival time

                                  5.000000    5.000000   clock clk (rise edge)
                                  0.000000    5.000000   clock source latency
     1    0.013636    0.106050    0.070490    5.070490 ^ clk (in)
                                                         clk (net)
                      0.106051    0.000000    5.070490 ^ clkbuf_0_clk/A (sky130_fd_sc_hd__clkbuf_16)
     4    0.042477    0.097079    0.269430    5.339920 ^ clkbuf_0_clk/X (sky130_fd_sc_hd__clkbuf_16)
                                                         clknet_0_clk (net)
                      0.097159    0.001623    5.341543 ^ clkbuf_2_1__f_clk/A (sky130_fd_sc_hd__clkbuf_16)
    12    0.035064    0.087502    0.254989    5.596532 ^ clkbuf_2_1__f_clk/X (sky130_fd_sc_hd__clkbuf_16)
                                                         clknet_2_1__leaf_clk (net)
                      0.087513    0.001028    5.597560 ^ _294_/CLK (sky130_fd_sc_hd__dfrtp_1)
                                 -0.250000    5.347560   clock uncertainty
                                  0.000000    5.347560   clock reconvergence pessimism
                                 -0.261084    5.086476   library setup time
                                              5.086476   data required time
---------------------------------------------------------------------------------------------
                                              5.086476   data required time
                                             -1.140822   data arrival time
---------------------------------------------------------------------------------------------
                                              3.945654   slack (MET)


Startpoint: awlen[0] (input port clocked by clk)
Endpoint: _291_ (rising edge-triggered flip-flop clocked by clk)
Path Group: clk
Path Type: max

Fanout         Cap        Slew       Delay        Time   Description
---------------------------------------------------------------------------------------------
                                  0.000000    0.000000   clock clk (rise edge)
                                  0.000000    0.000000   clock network delay (propagated)
                                  1.000000    1.000000 v input external delay
     1    0.002877    0.018751    0.009479    1.009479 v awlen[0] (in)
                                                         awlen[0] (net)
                      0.018751    0.000000    1.009479 v input17/A (sky130_fd_sc_hd__clkbuf_1)
     1    0.002049    0.043001    0.129888    1.139367 v input17/X (sky130_fd_sc_hd__clkbuf_1)
                                                         net17 (net)
                      0.043001    0.000058    1.139424 v _291_/D (sky130_fd_sc_hd__dfrtp_1)
                                              1.139424   data arrival time

                                  5.000000    5.000000   clock clk (rise edge)
                                  0.000000    5.000000   clock source latency
     1    0.013636    0.106050    0.070490    5.070490 ^ clk (in)
                                                         clk (net)
                      0.106051    0.000000    5.070490 ^ clkbuf_0_clk/A (sky130_fd_sc_hd__clkbuf_16)
     4    0.042477    0.097079    0.269430    5.339920 ^ clkbuf_0_clk/X (sky130_fd_sc_hd__clkbuf_16)
                                                         clknet_0_clk (net)
                      0.097159    0.001623    5.341543 ^ clkbuf_2_1__f_clk/A (sky130_fd_sc_hd__clkbuf_16)
    12    0.035064    0.087502    0.254989    5.596532 ^ clkbuf_2_1__f_clk/X (sky130_fd_sc_hd__clkbuf_16)
                                                         clknet_2_1__leaf_clk (net)
                      0.087517    0.001164    5.597696 ^ _291_/CLK (sky130_fd_sc_hd__dfrtp_1)
                                 -0.250000    5.347696   clock uncertainty
                                  0.000000    5.347696   clock reconvergence pessimism
                                 -0.260639    5.087057   library setup time
                                              5.087057   data required time
---------------------------------------------------------------------------------------------
                                              5.087057   data required time
                                             -1.139424   data arrival time
---------------------------------------------------------------------------------------------
                                              3.947633   slack (MET)


Startpoint: araddr[0] (input port clocked by clk)
Endpoint: _281_ (rising edge-triggered flip-flop clocked by clk)
Path Group: clk
Path Type: max

Fanout         Cap        Slew       Delay        Time   Description
---------------------------------------------------------------------------------------------
                                  0.000000    0.000000   clock clk (rise edge)
                                  0.000000    0.000000   clock network delay (propagated)
                                  1.000000    1.000000 v input external delay
     1    0.002568    0.017580    0.008504    1.008504 v araddr[0] (in)
                                                         araddr[0] (net)
                      0.017580    0.000000    1.008504 v input2/A (sky130_fd_sc_hd__clkbuf_1)
     1    0.002769    0.050061    0.136352    1.144856 v input2/X (sky130_fd_sc_hd__clkbuf_1)
                                                         net2 (net)
                      0.050061    0.000061    1.144917 v _281_/D (sky130_fd_sc_hd__dfrtp_1)
                                              1.144917   data arrival time

                                  5.000000    5.000000   clock clk (rise edge)
                                  0.000000    5.000000   clock source latency
     1    0.013636    0.106050    0.070490    5.070490 ^ clk (in)
                                                         clk (net)
                      0.106051    0.000000    5.070490 ^ clkbuf_0_clk/A (sky130_fd_sc_hd__clkbuf_16)
     4    0.042477    0.097079    0.269430    5.339920 ^ clkbuf_0_clk/X (sky130_fd_sc_hd__clkbuf_16)
                                                         clknet_0_clk (net)
                      0.097153    0.001500    5.341419 ^ clkbuf_2_0__f_clk/A (sky130_fd_sc_hd__clkbuf_16)
    13    0.040383    0.095303    0.261971    5.603391 ^ clkbuf_2_0__f_clk/X (sky130_fd_sc_hd__clkbuf_16)
                                                         clknet_2_0__leaf_clk (net)
                      0.095375    0.002385    5.605775 ^ _281_/CLK (sky130_fd_sc_hd__dfrtp_1)
                                 -0.250000    5.355775   clock uncertainty
                                  0.000000    5.355775   clock reconvergence pessimism
                                 -0.261490    5.094285   library setup time
                                              5.094285   data required time
---------------------------------------------------------------------------------------------
                                              5.094285   data required time
                                             -1.144917   data arrival time
---------------------------------------------------------------------------------------------
                                              3.949369   slack (MET)


Startpoint: awaddr[2] (input port clocked by clk)
Endpoint: _280_ (rising edge-triggered flip-flop clocked by clk)
Path Group: clk
Path Type: max

Fanout         Cap        Slew       Delay        Time   Description
---------------------------------------------------------------------------------------------
                                  0.000000    0.000000   clock clk (rise edge)
                                  0.000000    0.000000   clock network delay (propagated)
                                  1.000000    1.000000 v input external delay
     1    0.002940    0.018993    0.009677    1.009678 v awaddr[2] (in)
                                                         awaddr[2] (net)
                      0.018993    0.000000    1.009678 v input14/A (sky130_fd_sc_hd__clkbuf_1)
     1    0.002558    0.047946    0.134898    1.144575 v input14/X (sky130_fd_sc_hd__clkbuf_1)
                                                         net14 (net)
                      0.047946    0.000073    1.144649 v _280_/D (sky130_fd_sc_hd__dfrtp_1)
                                              1.144649   data arrival time

                                  5.000000    5.000000   clock clk (rise edge)
                                  0.000000    5.000000   clock source latency
     1    0.013636    0.106050    0.070490    5.070490 ^ clk (in)
                                                         clk (net)
                      0.106051    0.000000    5.070490 ^ clkbuf_0_clk/A (sky130_fd_sc_hd__clkbuf_16)
     4    0.042477    0.097079    0.269430    5.339920 ^ clkbuf_0_clk/X (sky130_fd_sc_hd__clkbuf_16)
                                                         clknet_0_clk (net)
                      0.097153    0.001500    5.341419 ^ clkbuf_2_0__f_clk/A (sky130_fd_sc_hd__clkbuf_16)
    13    0.040383    0.095303    0.261971    5.603391 ^ clkbuf_2_0__f_clk/X (sky130_fd_sc_hd__clkbuf_16)
                                                         clknet_2_0__leaf_clk (net)
                      0.095333    0.001658    5.605049 ^ _280_/CLK (sky130_fd_sc_hd__dfrtp_1)
                                 -0.250000    5.355049   clock uncertainty
                                  0.000000    5.355049   clock reconvergence pessimism
                                 -0.260620    5.094429   library setup time
                                              5.094429   data required time
---------------------------------------------------------------------------------------------
                                              5.094429   data required time
                                             -1.144649   data arrival time
---------------------------------------------------------------------------------------------
                                              3.949781   slack (MET)


Startpoint: araddr[2] (input port clocked by clk)
Endpoint: _283_ (rising edge-triggered flip-flop clocked by clk)
Path Group: clk
Path Type: max

Fanout         Cap        Slew       Delay        Time   Description
---------------------------------------------------------------------------------------------
                                  0.000000    0.000000   clock clk (rise edge)
                                  0.000000    0.000000   clock network delay (propagated)
                                  1.000000    1.000000 v input external delay
     1    0.002932    0.018964    0.009653    1.009653 v araddr[2] (in)
                                                         araddr[2] (net)
                      0.018964    0.000000    1.009653 v input4/A (sky130_fd_sc_hd__clkbuf_1)
     1    0.002025    0.042768    0.129738    1.139391 v input4/X (sky130_fd_sc_hd__clkbuf_1)
                                                         net4 (net)
                      0.042768    0.000057    1.139448 v _283_/D (sky130_fd_sc_hd__dfrtp_1)
                                              1.139448   data arrival time

                                  5.000000    5.000000   clock clk (rise edge)
                                  0.000000    5.000000   clock source latency
     1    0.013636    0.106050    0.070490    5.070490 ^ clk (in)
                                                         clk (net)
                      0.106051    0.000000    5.070490 ^ clkbuf_0_clk/A (sky130_fd_sc_hd__clkbuf_16)
     4    0.042477    0.097079    0.269430    5.339920 ^ clkbuf_0_clk/X (sky130_fd_sc_hd__clkbuf_16)
                                                         clknet_0_clk (net)
                      0.097153    0.001500    5.341419 ^ clkbuf_2_0__f_clk/A (sky130_fd_sc_hd__clkbuf_16)
    13    0.040383    0.095303    0.261971    5.603391 ^ clkbuf_2_0__f_clk/X (sky130_fd_sc_hd__clkbuf_16)
                                                         clknet_2_0__leaf_clk (net)
                      0.095335    0.001703    5.605093 ^ _283_/CLK (sky130_fd_sc_hd__dfrtp_1)
                                 -0.250000    5.355093   clock uncertainty
                                  0.000000    5.355093   clock reconvergence pessimism
                                 -0.258461    5.096632   library setup time
                                              5.096632   data required time
---------------------------------------------------------------------------------------------
                                              5.096632   data required time
                                             -1.139448   data arrival time
---------------------------------------------------------------------------------------------
                                              3.957185   slack (MET)


Startpoint: araddr[1] (input port clocked by clk)
Endpoint: _282_ (rising edge-triggered flip-flop clocked by clk)
Path Group: clk
Path Type: max

Fanout         Cap        Slew       Delay        Time   Description
---------------------------------------------------------------------------------------------
                                  0.000000    0.000000   clock clk (rise edge)
                                  0.000000    0.000000   clock network delay (propagated)
                                  1.000000    1.000000 v input external delay
     1    0.002932    0.018965    0.009654    1.009654 v araddr[1] (in)
                                                         araddr[1] (net)
                      0.018965    0.000000    1.009654 v input3/A (sky130_fd_sc_hd__clkbuf_1)
     1    0.002025    0.042768    0.129738    1.139392 v input3/X (sky130_fd_sc_hd__clkbuf_1)
                                                         net3 (net)
                      0.042768    0.000057    1.139449 v _282_/D (sky130_fd_sc_hd__dfrtp_1)
                                              1.139449   data arrival time

                                  5.000000    5.000000   clock clk (rise edge)
                                  0.000000    5.000000   clock source latency
     1    0.013636    0.106050    0.070490    5.070490 ^ clk (in)
                                                         clk (net)
                      0.106051    0.000000    5.070490 ^ clkbuf_0_clk/A (sky130_fd_sc_hd__clkbuf_16)
     4    0.042477    0.097079    0.269430    5.339920 ^ clkbuf_0_clk/X (sky130_fd_sc_hd__clkbuf_16)
                                                         clknet_0_clk (net)
                      0.097153    0.001500    5.341419 ^ clkbuf_2_0__f_clk/A (sky130_fd_sc_hd__clkbuf_16)
    13    0.040383    0.095303    0.261971    5.603391 ^ clkbuf_2_0__f_clk/X (sky130_fd_sc_hd__clkbuf_16)
                                                         clknet_2_0__leaf_clk (net)
                      0.095354    0.002058    5.605449 ^ _282_/CLK (sky130_fd_sc_hd__dfrtp_1)
                                 -0.250000    5.355449   clock uncertainty
                                  0.000000    5.355449   clock reconvergence pessimism
                                 -0.258456    5.096993   library setup time
                                              5.096993   data required time
---------------------------------------------------------------------------------------------
                                              5.096993   data required time
                                             -1.139449   data arrival time
---------------------------------------------------------------------------------------------
                                              3.957545   slack (MET)


Startpoint: awaddr[0] (input port clocked by clk)
Endpoint: _278_ (rising edge-triggered flip-flop clocked by clk)
Path Group: clk
Path Type: max

Fanout         Cap        Slew       Delay        Time   Description
---------------------------------------------------------------------------------------------
                                  0.000000    0.000000   clock clk (rise edge)
                                  0.000000    0.000000   clock network delay (propagated)
                                  1.000000    1.000000 v input external delay
     1    0.002681    0.018007    0.008859    1.008859 v awaddr[0] (in)
                                                         awaddr[0] (net)
                      0.018007    0.000000    1.008859 v input12/A (sky130_fd_sc_hd__clkbuf_1)
     1    0.002116    0.043629    0.130224    1.139084 v input12/X (sky130_fd_sc_hd__clkbuf_1)
                                                         net12 (net)
                      0.043629    0.000059    1.139142 v _278_/D (sky130_fd_sc_hd__dfrtp_1)
                                              1.139142   data arrival time

                                  5.000000    5.000000   clock clk (rise edge)
                                  0.000000    5.000000   clock source latency
     1    0.013636    0.106050    0.070490    5.070490 ^ clk (in)
                                                         clk (net)
                      0.106051    0.000000    5.070490 ^ clkbuf_0_clk/A (sky130_fd_sc_hd__clkbuf_16)
     4    0.042477    0.097079    0.269430    5.339920 ^ clkbuf_0_clk/X (sky130_fd_sc_hd__clkbuf_16)
                                                         clknet_0_clk (net)
                      0.097153    0.001500    5.341419 ^ clkbuf_2_0__f_clk/A (sky130_fd_sc_hd__clkbuf_16)
    13    0.040383    0.095303    0.261971    5.603391 ^ clkbuf_2_0__f_clk/X (sky130_fd_sc_hd__clkbuf_16)
                                                         clknet_2_0__leaf_clk (net)
                      0.095380    0.002451    5.605842 ^ _278_/CLK (sky130_fd_sc_hd__dfrtp_1)
                                 -0.250000    5.355842   clock uncertainty
                                  0.000000    5.355842   clock reconvergence pessimism
                                 -0.258808    5.097034   library setup time
                                              5.097034   data required time
---------------------------------------------------------------------------------------------
                                              5.097034   data required time
                                             -1.139142   data arrival time
---------------------------------------------------------------------------------------------
                                              3.957892   slack (MET)


Startpoint: arlen[2] (input port clocked by clk)
Endpoint: _297_ (rising edge-triggered flip-flop clocked by clk)
Path Group: clk
Path Type: max

Fanout         Cap        Slew       Delay        Time   Description
---------------------------------------------------------------------------------------------
                                  0.000000    0.000000   clock clk (rise edge)
                                  0.000000    0.000000   clock network delay (propagated)
                                  1.000000    1.000000 v input external delay
     1    0.002657    0.017916    0.008785    1.008785 v arlen[2] (in)
                                                         arlen[2] (net)
                      0.017916    0.000000    1.008785 v input9/A (sky130_fd_sc_hd__clkbuf_1)
     1    0.002126    0.043724    0.130284    1.139069 v input9/X (sky130_fd_sc_hd__clkbuf_1)
                                                         net9 (net)
                      0.043724    0.000059    1.139128 v _297_/D (sky130_fd_sc_hd__dfrtp_1)
                                              1.139128   data arrival time

                                  5.000000    5.000000   clock clk (rise edge)
                                  0.000000    5.000000   clock source latency
     1    0.013636    0.106050    0.070490    5.070490 ^ clk (in)
                                                         clk (net)
                      0.106051    0.000000    5.070490 ^ clkbuf_0_clk/A (sky130_fd_sc_hd__clkbuf_16)
     4    0.042477    0.097079    0.269430    5.339920 ^ clkbuf_0_clk/X (sky130_fd_sc_hd__clkbuf_16)
                                                         clknet_0_clk (net)
                      0.097153    0.001500    5.341419 ^ clkbuf_2_0__f_clk/A (sky130_fd_sc_hd__clkbuf_16)
    13    0.040383    0.095303    0.261971    5.603391 ^ clkbuf_2_0__f_clk/X (sky130_fd_sc_hd__clkbuf_16)
                                                         clknet_2_0__leaf_clk (net)
                      0.095398    0.002686    5.606077 ^ _297_/CLK (sky130_fd_sc_hd__dfrtp_1)
                                 -0.250000    5.356077   clock uncertainty
                                  0.000000    5.356077   clock reconvergence pessimism
                                 -0.258842    5.097235   library setup time
                                              5.097235   data required time
---------------------------------------------------------------------------------------------
                                              5.097235   data required time
                                             -1.139128   data arrival time
---------------------------------------------------------------------------------------------
                                              3.958107   slack (MET)


Startpoint: awaddr[1] (input port clocked by clk)
Endpoint: _279_ (rising edge-triggered flip-flop clocked by clk)
Path Group: clk
Path Type: max

Fanout         Cap        Slew       Delay        Time   Description
---------------------------------------------------------------------------------------------
                                  0.000000    0.000000   clock clk (rise edge)
                                  0.000000    0.000000   clock network delay (propagated)
                                  1.000000    1.000000 v input external delay
     1    0.002677    0.017990    0.008848    1.008848 v awaddr[1] (in)
                                                         awaddr[1] (net)
                      0.017990    0.000000    1.008848 v input13/A (sky130_fd_sc_hd__clkbuf_1)
     1    0.002071    0.043204    0.129784    1.138632 v input13/X (sky130_fd_sc_hd__clkbuf_1)
                                                         net13 (net)
                      0.043204    0.000058    1.138690 v _279_/D (sky130_fd_sc_hd__dfrtp_1)
                                              1.138690   data arrival time

                                  5.000000    5.000000   clock clk (rise edge)
                                  0.000000    5.000000   clock source latency
     1    0.013636    0.106050    0.070490    5.070490 ^ clk (in)
                                                         clk (net)
                      0.106051    0.000000    5.070490 ^ clkbuf_0_clk/A (sky130_fd_sc_hd__clkbuf_16)
     4    0.042477    0.097079    0.269430    5.339920 ^ clkbuf_0_clk/X (sky130_fd_sc_hd__clkbuf_16)
                                                         clknet_0_clk (net)
                      0.097153    0.001500    5.341419 ^ clkbuf_2_0__f_clk/A (sky130_fd_sc_hd__clkbuf_16)
    13    0.040383    0.095303    0.261971    5.603391 ^ clkbuf_2_0__f_clk/X (sky130_fd_sc_hd__clkbuf_16)
                                                         clknet_2_0__leaf_clk (net)
                      0.095359    0.002151    5.605542 ^ _279_/CLK (sky130_fd_sc_hd__dfrtp_1)
                                 -0.250000    5.355542   clock uncertainty
                                  0.000000    5.355542   clock reconvergence pessimism
                                 -0.258636    5.096905   library setup time
                                              5.096905   data required time
---------------------------------------------------------------------------------------------
                                              5.096905   data required time
                                             -1.138690   data arrival time
---------------------------------------------------------------------------------------------
                                              3.958216   slack (MET)



