
===========================================================================
report_checks -path_delay max (Setup)
============================================================================
======================= nom_ff_n40C_1v95 Corner ===================================

Startpoint: _302_ (rising edge-triggered flip-flop clocked by clk)
Endpoint: wready (output port clocked by clk)
Path Group: clk
Path Type: max

Fanout         Cap        Slew       Delay        Time   Description
---------------------------------------------------------------------------------------------
                                  0.000000    0.000000   clock clk (rise edge)
                                  0.000000    0.000000   clock source latency
     1    0.013705    0.051074    0.034120    0.034120 ^ clk (in)
                                                         clk (net)
                      0.051076    0.000000    0.034120 ^ clkbuf_0_clk/A (sky130_fd_sc_hd__clkbuf_16)
     4    0.042753    0.047106    0.103951    0.138071 ^ clkbuf_0_clk/X (sky130_fd_sc_hd__clkbuf_16)
                                                         clknet_0_clk (net)
                      0.047121    0.000834    0.138905 ^ clkbuf_2_3__f_clk/A (sky130_fd_sc_hd__clkbuf_16)
     8    0.035464    0.041956    0.099038    0.237942 ^ clkbuf_2_3__f_clk/X (sky130_fd_sc_hd__clkbuf_16)
                                                         clknet_2_3__leaf_clk (net)
                      0.041980    0.000786    0.238728 ^ _302_/CLK (sky130_fd_sc_hd__dfrtp_1)
     4    0.016719    0.116348    0.265910    0.504638 ^ _302_/Q (sky130_fd_sc_hd__dfrtp_1)
                                                         current_state[3] (net)
                      0.116348    0.000233    0.504871 ^ fanout48/A (sky130_fd_sc_hd__clkbuf_2)
    10    0.033151    0.140727    0.163001    0.667872 ^ fanout48/X (sky130_fd_sc_hd__clkbuf_2)
                                                         net48 (net)
                      0.140728    0.000341    0.668213 ^ _146_/D_N (sky130_fd_sc_hd__nor4b_2)
     5    0.018340    0.350131    0.304025    0.972239 ^ _146_/Y (sky130_fd_sc_hd__nor4b_2)
                                                         net39 (net)
                      0.350132    0.000627    0.972866 ^ wire45/A (sky130_fd_sc_hd__clkbuf_2)
     6    0.023589    0.104527    0.155146    1.128011 ^ wire45/X (sky130_fd_sc_hd__clkbuf_2)
                                                         net45 (net)
                      0.104532    0.000840    1.128851 ^ output39/A (sky130_fd_sc_hd__buf_2)
     1    0.034173    0.127817    0.155455    1.284306 ^ output39/X (sky130_fd_sc_hd__buf_2)
                                                         wready (net)
                      0.127819    0.000706    1.285012 ^ wready (out)
                                              1.285012   data arrival time

                                  5.000000    5.000000   clock clk (rise edge)
                                  0.000000    5.000000   clock network delay (propagated)
                                 -0.250000    4.750000   clock uncertainty
                                  0.000000    4.750000   clock reconvergence pessimism
                                 -1.000000    3.750000   output external delay
                                              3.750000   data required time
---------------------------------------------------------------------------------------------
                                              3.750000   data required time
                                             -1.285012   data arrival time
---------------------------------------------------------------------------------------------
                                              2.464988   slack (MET)


Startpoint: _300_ (rising edge-triggered flip-flop clocked by clk)
Endpoint: arready (output port clocked by clk)
Path Group: clk
Path Type: max

Fanout         Cap        Slew       Delay        Time   Description
---------------------------------------------------------------------------------------------
                                  0.000000    0.000000   clock clk (rise edge)
                                  0.000000    0.000000   clock source latency
     1    0.013705    0.051074    0.034120    0.034120 ^ clk (in)
                                                         clk (net)
                      0.051076    0.000000    0.034120 ^ clkbuf_0_clk/A (sky130_fd_sc_hd__clkbuf_16)
     4    0.042753    0.047106    0.103951    0.138071 ^ clkbuf_0_clk/X (sky130_fd_sc_hd__clkbuf_16)
                                                         clknet_0_clk (net)
                      0.047121    0.000834    0.138905 ^ clkbuf_2_3__f_clk/A (sky130_fd_sc_hd__clkbuf_16)
     8    0.035464    0.041956    0.099038    0.237942 ^ clkbuf_2_3__f_clk/X (sky130_fd_sc_hd__clkbuf_16)
                                                         clknet_2_3__leaf_clk (net)
                      0.041975    0.000706    0.238649 ^ _300_/CLK (sky130_fd_sc_hd__dfrtp_1)
     3    0.011353    0.054091    0.255401    0.494049 v _300_/Q (sky130_fd_sc_hd__dfrtp_1)
                                                         current_state[1] (net)
                      0.054091    0.000190    0.494240 v fanout50/A (sky130_fd_sc_hd__buf_2)
    10    0.033939    0.062400    0.126236    0.620475 v fanout50/X (sky130_fd_sc_hd__buf_2)
                                                         net50 (net)
                      0.062403    0.000445    0.620921 v _147_/B (sky130_fd_sc_hd__or4b_4)
     4    0.017068    0.073700    0.339503    0.960424 v _147_/X (sky130_fd_sc_hd__or4b_4)
                                                         _124_ (net)
                      0.073736    0.000563    0.960987 v _148_/A (sky130_fd_sc_hd__inv_2)
     8    0.044744    0.155080    0.143067    1.104053 ^ _148_/Y (sky130_fd_sc_hd__inv_2)
                                                         net32 (net)
                      0.155106    0.001696    1.105749 ^ output32/A (sky130_fd_sc_hd__buf_2)
     1    0.034344    0.128574    0.163345    1.269094 ^ output32/X (sky130_fd_sc_hd__buf_2)
                                                         arready (net)
                      0.128576    0.000734    1.269827 ^ arready (out)
                                              1.269827   data arrival time

                                  5.000000    5.000000   clock clk (rise edge)
                                  0.000000    5.000000   clock network delay (propagated)
                                 -0.250000    4.750000   clock uncertainty
                                  0.000000    4.750000   clock reconvergence pessimism
                                 -1.000000    3.750000   output external delay
                                              3.750000   data required time
---------------------------------------------------------------------------------------------
                                              3.750000   data required time
                                             -1.269827   data arrival time
---------------------------------------------------------------------------------------------
                                              2.480173   slack (MET)


Startpoint: _302_ (rising edge-triggered flip-flop clocked by clk)
Endpoint: rlast (output port clocked by clk)
Path Group: clk
Path Type: max

Fanout         Cap        Slew       Delay        Time   Description
---------------------------------------------------------------------------------------------
                                  0.000000    0.000000   clock clk (rise edge)
                                  0.000000    0.000000   clock source latency
     1    0.013705    0.051074    0.034120    0.034120 ^ clk (in)
                                                         clk (net)
                      0.051076    0.000000    0.034120 ^ clkbuf_0_clk/A (sky130_fd_sc_hd__clkbuf_16)
     4    0.042753    0.047106    0.103951    0.138071 ^ clkbuf_0_clk/X (sky130_fd_sc_hd__clkbuf_16)
                                                         clknet_0_clk (net)
                      0.047121    0.000834    0.138905 ^ clkbuf_2_3__f_clk/A (sky130_fd_sc_hd__clkbuf_16)
     8    0.035464    0.041956    0.099038    0.237942 ^ clkbuf_2_3__f_clk/X (sky130_fd_sc_hd__clkbuf_16)
                                                         clknet_2_3__leaf_clk (net)
                      0.041980    0.000786    0.238728 ^ _302_/CLK (sky130_fd_sc_hd__dfrtp_1)
     4    0.015803    0.067142    0.267476    0.506204 v _302_/Q (sky130_fd_sc_hd__dfrtp_1)
                                                         current_state[3] (net)
                      0.067142    0.000219    0.506423 v fanout48/A (sky130_fd_sc_hd__clkbuf_2)
    10    0.031528    0.085161    0.136734    0.643156 v fanout48/X (sky130_fd_sc_hd__clkbuf_2)
                                                         net48 (net)
                      0.085164    0.000626    0.643782 v _144_/B_N (sky130_fd_sc_hd__and4bb_1)
     2    0.009363    0.082368    0.215146    0.858929 ^ _144_/X (sky130_fd_sc_hd__and4bb_1)
                                                         net37 (net)
                      0.082368    0.000228    0.859157 ^ fanout46/A (sky130_fd_sc_hd__buf_2)
    10    0.037398    0.139341    0.157497    1.016654 ^ fanout46/X (sky130_fd_sc_hd__buf_2)
                                                         net46 (net)
                      0.139358    0.001293    1.017946 ^ _153_/B (sky130_fd_sc_hd__and2_1)
     1    0.002099    0.030109    0.085936    1.103883 ^ _153_/X (sky130_fd_sc_hd__and2_1)
                                                         net36 (net)
                      0.030113    0.000059    1.103942 ^ output36/A (sky130_fd_sc_hd__buf_2)
     1    0.034574    0.129369    0.137606    1.241548 ^ output36/X (sky130_fd_sc_hd__buf_2)
                                                         rlast (net)
                      0.129377    0.000811    1.242359 ^ rlast (out)
                                              1.242359   data arrival time

                                  5.000000    5.000000   clock clk (rise edge)
                                  0.000000    5.000000   clock network delay (propagated)
                                 -0.250000    4.750000   clock uncertainty
                                  0.000000    4.750000   clock reconvergence pessimism
                                 -1.000000    3.750000   output external delay
                                              3.750000   data required time
---------------------------------------------------------------------------------------------
                                              3.750000   data required time
                                             -1.242359   data arrival time
---------------------------------------------------------------------------------------------
                                              2.507641   slack (MET)


Startpoint: _299_ (rising edge-triggered flip-flop clocked by clk)
Endpoint: awready (output port clocked by clk)
Path Group: clk
Path Type: max

Fanout         Cap        Slew       Delay        Time   Description
---------------------------------------------------------------------------------------------
                                  0.000000    0.000000   clock clk (rise edge)
                                  0.000000    0.000000   clock source latency
     1    0.013705    0.051074    0.034120    0.034120 ^ clk (in)
                                                         clk (net)
                      0.051076    0.000000    0.034120 ^ clkbuf_0_clk/A (sky130_fd_sc_hd__clkbuf_16)
     4    0.042753    0.047106    0.103951    0.138071 ^ clkbuf_0_clk/X (sky130_fd_sc_hd__clkbuf_16)
                                                         clknet_0_clk (net)
                      0.047132    0.001014    0.139085 ^ clkbuf_2_2__f_clk/A (sky130_fd_sc_hd__clkbuf_16)
    10    0.034790    0.041474    0.098615    0.237700 ^ clkbuf_2_2__f_clk/X (sky130_fd_sc_hd__clkbuf_16)
                                                         clknet_2_2__leaf_clk (net)
                      0.041475    0.000404    0.238104 ^ _299_/CLK (sky130_fd_sc_hd__dfrtp_1)
     3    0.013572    0.060560    0.261206    0.499310 v _299_/Q (sky130_fd_sc_hd__dfrtp_1)
                                                         current_state[0] (net)
                      0.060561    0.000301    0.499611 v fanout51/A (sky130_fd_sc_hd__clkbuf_4)
    10    0.034390    0.056731    0.135381    0.634992 v fanout51/X (sky130_fd_sc_hd__clkbuf_4)
                                                         net51 (net)
                      0.056739    0.000691    0.635683 v _142_/B (sky130_fd_sc_hd__or4bb_4)
     4    0.020565    0.079164    0.344706    0.980389 v _142_/X (sky130_fd_sc_hd__or4bb_4)
                                                         _122_ (net)
                      0.079164    0.000629    0.981018 v _143_/A (sky130_fd_sc_hd__inv_2)
     3    0.010304    0.046220    0.064193    1.045211 ^ _143_/Y (sky130_fd_sc_hd__inv_2)
                                                         net33 (net)
                      0.046220    0.000234    1.045445 ^ output33/A (sky130_fd_sc_hd__buf_2)
     1    0.034135    0.127699    0.141501    1.186947 ^ output33/X (sky130_fd_sc_hd__buf_2)
                                                         awready (net)
                      0.127704    0.000669    1.187616 ^ awready (out)
                                              1.187616   data arrival time

                                  5.000000    5.000000   clock clk (rise edge)
                                  0.000000    5.000000   clock network delay (propagated)
                                 -0.250000    4.750000   clock uncertainty
                                  0.000000    4.750000   clock reconvergence pessimism
                                 -1.000000    3.750000   output external delay
                                              3.750000   data required time
---------------------------------------------------------------------------------------------
                                              3.750000   data required time
                                             -1.187616   data arrival time
---------------------------------------------------------------------------------------------
                                              2.562384   slack (MET)


Startpoint: _302_ (rising edge-triggered flip-flop clocked by clk)
Endpoint: rresp (output port clocked by clk)
Path Group: clk
Path Type: max

Fanout         Cap        Slew       Delay        Time   Description
---------------------------------------------------------------------------------------------
                                  0.000000    0.000000   clock clk (rise edge)
                                  0.000000    0.000000   clock source latency
     1    0.013705    0.051074    0.034120    0.034120 ^ clk (in)
                                                         clk (net)
                      0.051076    0.000000    0.034120 ^ clkbuf_0_clk/A (sky130_fd_sc_hd__clkbuf_16)
     4    0.042753    0.047106    0.103951    0.138071 ^ clkbuf_0_clk/X (sky130_fd_sc_hd__clkbuf_16)
                                                         clknet_0_clk (net)
                      0.047121    0.000834    0.138905 ^ clkbuf_2_3__f_clk/A (sky130_fd_sc_hd__clkbuf_16)
     8    0.035464    0.041956    0.099038    0.237942 ^ clkbuf_2_3__f_clk/X (sky130_fd_sc_hd__clkbuf_16)
                                                         clknet_2_3__leaf_clk (net)
                      0.041980    0.000786    0.238728 ^ _302_/CLK (sky130_fd_sc_hd__dfrtp_1)
     4    0.015803    0.067142    0.267476    0.506204 v _302_/Q (sky130_fd_sc_hd__dfrtp_1)
                                                         current_state[3] (net)
                      0.067142    0.000219    0.506423 v fanout48/A (sky130_fd_sc_hd__clkbuf_2)
    10    0.031528    0.085161    0.136734    0.643156 v fanout48/X (sky130_fd_sc_hd__clkbuf_2)
                                                         net48 (net)
                      0.085164    0.000626    0.643782 v _144_/B_N (sky130_fd_sc_hd__and4bb_1)
     2    0.009363    0.082368    0.215146    0.858929 ^ _144_/X (sky130_fd_sc_hd__and4bb_1)
                                                         net37 (net)
                      0.082368    0.000228    0.859157 ^ fanout46/A (sky130_fd_sc_hd__buf_2)
    10    0.037398    0.139341    0.157497    1.016654 ^ fanout46/X (sky130_fd_sc_hd__buf_2)
                                                         net46 (net)
                      0.139396    0.002286    1.018939 ^ output37/A (sky130_fd_sc_hd__buf_2)
     1    0.034495    0.129036    0.162050    1.180990 ^ output37/X (sky130_fd_sc_hd__buf_2)
                                                         rresp (net)
                      0.129039    0.000796    1.181787 ^ rresp (out)
                                              1.181787   data arrival time

                                  5.000000    5.000000   clock clk (rise edge)
                                  0.000000    5.000000   clock network delay (propagated)
                                 -0.250000    4.750000   clock uncertainty
                                  0.000000    4.750000   clock reconvergence pessimism
                                 -1.000000    3.750000   output external delay
                                              3.750000   data required time
---------------------------------------------------------------------------------------------
                                              3.750000   data required time
                                             -1.181787   data arrival time
---------------------------------------------------------------------------------------------
                                              2.568213   slack (MET)


Startpoint: _299_ (rising edge-triggered flip-flop clocked by clk)
Endpoint: PENABLE (output port clocked by clk)
Path Group: clk
Path Type: max

Fanout         Cap        Slew       Delay        Time   Description
---------------------------------------------------------------------------------------------
                                  0.000000    0.000000   clock clk (rise edge)
                                  0.000000    0.000000   clock source latency
     1    0.013705    0.051074    0.034120    0.034120 ^ clk (in)
                                                         clk (net)
                      0.051076    0.000000    0.034120 ^ clkbuf_0_clk/A (sky130_fd_sc_hd__clkbuf_16)
     4    0.042753    0.047106    0.103951    0.138071 ^ clkbuf_0_clk/X (sky130_fd_sc_hd__clkbuf_16)
                                                         clknet_0_clk (net)
                      0.047132    0.001014    0.139085 ^ clkbuf_2_2__f_clk/A (sky130_fd_sc_hd__clkbuf_16)
    10    0.034790    0.041474    0.098615    0.237700 ^ clkbuf_2_2__f_clk/X (sky130_fd_sc_hd__clkbuf_16)
                                                         clknet_2_2__leaf_clk (net)
                      0.041475    0.000404    0.238104 ^ _299_/CLK (sky130_fd_sc_hd__dfrtp_1)
     3    0.013572    0.060560    0.261206    0.499310 v _299_/Q (sky130_fd_sc_hd__dfrtp_1)
                                                         current_state[0] (net)
                      0.060561    0.000301    0.499611 v fanout51/A (sky130_fd_sc_hd__clkbuf_4)
    10    0.034390    0.056731    0.135381    0.634992 v fanout51/X (sky130_fd_sc_hd__clkbuf_4)
                                                         net51 (net)
                      0.056738    0.000653    0.635646 v _150_/A (sky130_fd_sc_hd__or3b_1)
     2    0.007439    0.060869    0.240966    0.876612 v _150_/X (sky130_fd_sc_hd__or3b_1)
                                                         _125_ (net)
                      0.060869    0.000139    0.876751 v _151_/B (sky130_fd_sc_hd__nor2_1)
     2    0.005584    0.086716    0.089824    0.966575 ^ _151_/Y (sky130_fd_sc_hd__nor2_1)
                                                         _019_ (net)
                      0.086716    0.000074    0.966648 ^ _152_/B (sky130_fd_sc_hd__or2_1)
     1    0.002371    0.027066    0.066576    1.033224 ^ _152_/X (sky130_fd_sc_hd__or2_1)
                                                         net30 (net)
                      0.027066    0.000048    1.033273 ^ output30/A (sky130_fd_sc_hd__buf_2)
     1    0.034014    0.127357    0.135424    1.168697 ^ output30/X (sky130_fd_sc_hd__buf_2)
                                                         PENABLE (net)
                      0.127361    0.000628    1.169325 ^ PENABLE (out)
                                              1.169325   data arrival time

                                  5.000000    5.000000   clock clk (rise edge)
                                  0.000000    5.000000   clock network delay (propagated)
                                 -0.250000    4.750000   clock uncertainty
                                  0.000000    4.750000   clock reconvergence pessimism
                                 -1.000000    3.750000   output external delay
                                              3.750000   data required time
---------------------------------------------------------------------------------------------
                                              3.750000   data required time
                                             -1.169325   data arrival time
---------------------------------------------------------------------------------------------
                                              2.580675   slack (MET)


Startpoint: _302_ (rising edge-triggered flip-flop clocked by clk)
Endpoint: rvalid (output port clocked by clk)
Path Group: clk
Path Type: max

Fanout         Cap        Slew       Delay        Time   Description
---------------------------------------------------------------------------------------------
                                  0.000000    0.000000   clock clk (rise edge)
                                  0.000000    0.000000   clock source latency
     1    0.013705    0.051074    0.034120    0.034120 ^ clk (in)
                                                         clk (net)
                      0.051076    0.000000    0.034120 ^ clkbuf_0_clk/A (sky130_fd_sc_hd__clkbuf_16)
     4    0.042753    0.047106    0.103951    0.138071 ^ clkbuf_0_clk/X (sky130_fd_sc_hd__clkbuf_16)
                                                         clknet_0_clk (net)
                      0.047121    0.000834    0.138905 ^ clkbuf_2_3__f_clk/A (sky130_fd_sc_hd__clkbuf_16)
     8    0.035464    0.041956    0.099038    0.237942 ^ clkbuf_2_3__f_clk/X (sky130_fd_sc_hd__clkbuf_16)
                                                         clknet_2_3__leaf_clk (net)
                      0.041980    0.000786    0.238728 ^ _302_/CLK (sky130_fd_sc_hd__dfrtp_1)
     4    0.015803    0.067142    0.267476    0.506204 v _302_/Q (sky130_fd_sc_hd__dfrtp_1)
                                                         current_state[3] (net)
                      0.067142    0.000219    0.506423 v fanout48/A (sky130_fd_sc_hd__clkbuf_2)
    10    0.031528    0.085161    0.136734    0.643156 v fanout48/X (sky130_fd_sc_hd__clkbuf_2)
                                                         net48 (net)
                      0.085164    0.000626    0.643782 v _144_/B_N (sky130_fd_sc_hd__and4bb_1)
     2    0.009363    0.082368    0.215146    0.858929 ^ _144_/X (sky130_fd_sc_hd__and4bb_1)
                                                         net37 (net)
                      0.082368    0.000385    0.859313 ^ _340_/A (sky130_fd_sc_hd__clkbuf_1)
     1    0.002203    0.028070    0.054499    0.913812 ^ _340_/X (sky130_fd_sc_hd__clkbuf_1)
                                                         net38 (net)
                      0.028070    0.000062    0.913873 ^ output38/A (sky130_fd_sc_hd__buf_2)
     1    0.034570    0.129358    0.136976    1.050849 ^ output38/X (sky130_fd_sc_hd__buf_2)
                                                         rvalid (net)
                      0.129366    0.000811    1.051660 ^ rvalid (out)
                                              1.051660   data arrival time

                                  5.000000    5.000000   clock clk (rise edge)
                                  0.000000    5.000000   clock network delay (propagated)
                                 -0.250000    4.750000   clock uncertainty
                                  0.000000    4.750000   clock reconvergence pessimism
                                 -1.000000    3.750000   output external delay
                                              3.750000   data required time
---------------------------------------------------------------------------------------------
                                              3.750000   data required time
                                             -1.051660   data arrival time
---------------------------------------------------------------------------------------------
                                              2.698340   slack (MET)


Startpoint: _301_ (rising edge-triggered flip-flop clocked by clk)
Endpoint: PWRITE (output port clocked by clk)
Path Group: clk
Path Type: max

Fanout         Cap        Slew       Delay        Time   Description
---------------------------------------------------------------------------------------------
                                  0.000000    0.000000   clock clk (rise edge)
                                  0.000000    0.000000   clock source latency
     1    0.013705    0.051074    0.034120    0.034120 ^ clk (in)
                                                         clk (net)
                      0.051076    0.000000    0.034120 ^ clkbuf_0_clk/A (sky130_fd_sc_hd__clkbuf_16)
     4    0.042753    0.047106    0.103951    0.138071 ^ clkbuf_0_clk/X (sky130_fd_sc_hd__clkbuf_16)
                                                         clknet_0_clk (net)
                      0.047121    0.000834    0.138905 ^ clkbuf_2_3__f_clk/A (sky130_fd_sc_hd__clkbuf_16)
     8    0.035464    0.041956    0.099038    0.237942 ^ clkbuf_2_3__f_clk/X (sky130_fd_sc_hd__clkbuf_16)
                                                         clknet_2_3__leaf_clk (net)
                      0.041966    0.000553    0.238496 ^ _301_/CLK (sky130_fd_sc_hd__dfrtp_1)
     2    0.008012    0.044869    0.243797    0.482293 v _301_/Q (sky130_fd_sc_hd__dfrtp_1)
                                                         current_state[2] (net)
                      0.044869    0.000233    0.482525 v fanout49/A (sky130_fd_sc_hd__clkbuf_2)
    10    0.030034    0.081329    0.125065    0.607590 v fanout49/X (sky130_fd_sc_hd__clkbuf_2)
                                                         net49 (net)
                      0.081334    0.000637    0.608227 v _139_/A_N (sky130_fd_sc_hd__nand3b_4)
     6    0.029228    0.079578    0.152678    0.760905 v _139_/Y (sky130_fd_sc_hd__nand3b_4)
                                                         _120_ (net)
                      0.079585    0.000596    0.761501 v _140_/B (sky130_fd_sc_hd__nor2_1)
     2    0.006992    0.103086    0.109131    0.870632 ^ _140_/Y (sky130_fd_sc_hd__nor2_1)
                                                         net31 (net)
                      0.103087    0.000195    0.870827 ^ output31/A (sky130_fd_sc_hd__buf_2)
     1    0.034014    0.127244    0.154783    1.025611 ^ output31/X (sky130_fd_sc_hd__buf_2)
                                                         PWRITE (net)
                      0.127245    0.000628    1.026239 ^ PWRITE (out)
                                              1.026239   data arrival time

                                  5.000000    5.000000   clock clk (rise edge)
                                  0.000000    5.000000   clock network delay (propagated)
                                 -0.250000    4.750000   clock uncertainty
                                  0.000000    4.750000   clock reconvergence pessimism
                                 -1.000000    3.750000   output external delay
                                              3.750000   data required time
---------------------------------------------------------------------------------------------
                                              3.750000   data required time
                                             -1.026239   data arrival time
---------------------------------------------------------------------------------------------
                                              2.723761   slack (MET)


Startpoint: _302_ (rising edge-triggered flip-flop clocked by clk)
Endpoint: bvalid (output port clocked by clk)
Path Group: clk
Path Type: max

Fanout         Cap        Slew       Delay        Time   Description
---------------------------------------------------------------------------------------------
                                  0.000000    0.000000   clock clk (rise edge)
                                  0.000000    0.000000   clock source latency
     1    0.013705    0.051074    0.034120    0.034120 ^ clk (in)
                                                         clk (net)
                      0.051076    0.000000    0.034120 ^ clkbuf_0_clk/A (sky130_fd_sc_hd__clkbuf_16)
     4    0.042753    0.047106    0.103951    0.138071 ^ clkbuf_0_clk/X (sky130_fd_sc_hd__clkbuf_16)
                                                         clknet_0_clk (net)
                      0.047121    0.000834    0.138905 ^ clkbuf_2_3__f_clk/A (sky130_fd_sc_hd__clkbuf_16)
     8    0.035464    0.041956    0.099038    0.237942 ^ clkbuf_2_3__f_clk/X (sky130_fd_sc_hd__clkbuf_16)
                                                         clknet_2_3__leaf_clk (net)
                      0.041980    0.000786    0.238728 ^ _302_/CLK (sky130_fd_sc_hd__dfrtp_1)
     4    0.016719    0.116348    0.265910    0.504638 ^ _302_/Q (sky130_fd_sc_hd__dfrtp_1)
                                                         current_state[3] (net)
                      0.116348    0.000233    0.504871 ^ fanout48/A (sky130_fd_sc_hd__clkbuf_2)
    10    0.033151    0.140727    0.163001    0.667872 ^ fanout48/X (sky130_fd_sc_hd__clkbuf_2)
                                                         net48 (net)
                      0.140735    0.000847    0.668719 ^ _149_/C (sky130_fd_sc_hd__and4bb_1)
     3    0.007489    0.069895    0.148015    0.816733 ^ _149_/X (sky130_fd_sc_hd__and4bb_1)
                                                         net34 (net)
                      0.069895    0.000166    0.816899 ^ _339_/A (sky130_fd_sc_hd__clkbuf_1)
     1    0.002018    0.026474    0.052566    0.869465 ^ _339_/X (sky130_fd_sc_hd__clkbuf_1)
                                                         net35 (net)
                      0.026474    0.000039    0.869503 ^ output35/A (sky130_fd_sc_hd__buf_2)
     1    0.034115    0.127720    0.135471    1.004974 ^ output35/X (sky130_fd_sc_hd__buf_2)
                                                         bvalid (net)
                      0.127725    0.000660    1.005634 ^ bvalid (out)
                                              1.005634   data arrival time

                                  5.000000    5.000000   clock clk (rise edge)
                                  0.000000    5.000000   clock network delay (propagated)
                                 -0.250000    4.750000   clock uncertainty
                                  0.000000    4.750000   clock reconvergence pessimism
                                 -1.000000    3.750000   output external delay
                                              3.750000   data required time
---------------------------------------------------------------------------------------------
                                              3.750000   data required time
                                             -1.005634   data arrival time
---------------------------------------------------------------------------------------------
                                              2.744366   slack (MET)


Startpoint: _302_ (rising edge-triggered flip-flop clocked by clk)
Endpoint: bresp (output port clocked by clk)
Path Group: clk
Path Type: max

Fanout         Cap        Slew       Delay        Time   Description
---------------------------------------------------------------------------------------------
                                  0.000000    0.000000   clock clk (rise edge)
                                  0.000000    0.000000   clock source latency
     1    0.013705    0.051074    0.034120    0.034120 ^ clk (in)
                                                         clk (net)
                      0.051076    0.000000    0.034120 ^ clkbuf_0_clk/A (sky130_fd_sc_hd__clkbuf_16)
     4    0.042753    0.047106    0.103951    0.138071 ^ clkbuf_0_clk/X (sky130_fd_sc_hd__clkbuf_16)
                                                         clknet_0_clk (net)
                      0.047121    0.000834    0.138905 ^ clkbuf_2_3__f_clk/A (sky130_fd_sc_hd__clkbuf_16)
     8    0.035464    0.041956    0.099038    0.237942 ^ clkbuf_2_3__f_clk/X (sky130_fd_sc_hd__clkbuf_16)
                                                         clknet_2_3__leaf_clk (net)
                      0.041980    0.000786    0.238728 ^ _302_/CLK (sky130_fd_sc_hd__dfrtp_1)
     4    0.016719    0.116348    0.265910    0.504638 ^ _302_/Q (sky130_fd_sc_hd__dfrtp_1)
                                                         current_state[3] (net)
                      0.116348    0.000233    0.504871 ^ fanout48/A (sky130_fd_sc_hd__clkbuf_2)
    10    0.033151    0.140727    0.163001    0.667872 ^ fanout48/X (sky130_fd_sc_hd__clkbuf_2)
                                                         net48 (net)
                      0.140735    0.000847    0.668719 ^ _149_/C (sky130_fd_sc_hd__and4bb_1)
     3    0.007489    0.069895    0.148015    0.816733 ^ _149_/X (sky130_fd_sc_hd__and4bb_1)
                                                         net34 (net)
                      0.069895    0.000160    0.816894 ^ output34/A (sky130_fd_sc_hd__buf_2)
     1    0.034167    0.127750    0.147523    0.964417 ^ output34/X (sky130_fd_sc_hd__buf_2)
                                                         bresp (net)
                      0.127792    0.000661    0.965078 ^ bresp (out)
                                              0.965078   data arrival time

                                  5.000000    5.000000   clock clk (rise edge)
                                  0.000000    5.000000   clock network delay (propagated)
                                 -0.250000    4.750000   clock uncertainty
                                  0.000000    4.750000   clock reconvergence pessimism
                                 -1.000000    3.750000   output external delay
                                              3.750000   data required time
---------------------------------------------------------------------------------------------
                                              3.750000   data required time
                                             -0.965078   data arrival time
---------------------------------------------------------------------------------------------
                                              2.784922   slack (MET)


Startpoint: _275_ (rising edge-triggered flip-flop clocked by clk)
Endpoint: PADDR[0] (output port clocked by clk)
Path Group: clk
Path Type: max

Fanout         Cap        Slew       Delay        Time   Description
---------------------------------------------------------------------------------------------
                                  0.000000    0.000000   clock clk (rise edge)
                                  0.000000    0.000000   clock source latency
     1    0.013705    0.051074    0.034120    0.034120 ^ clk (in)
                                                         clk (net)
                      0.051076    0.000000    0.034120 ^ clkbuf_0_clk/A (sky130_fd_sc_hd__clkbuf_16)
     4    0.042753    0.047106    0.103951    0.138071 ^ clkbuf_0_clk/X (sky130_fd_sc_hd__clkbuf_16)
                                                         clknet_0_clk (net)
                      0.047173    0.001508    0.139579 ^ clkbuf_2_0__f_clk/A (sky130_fd_sc_hd__clkbuf_16)
    13    0.042592    0.046930    0.102305    0.241883 ^ clkbuf_2_0__f_clk/X (sky130_fd_sc_hd__clkbuf_16)
                                                         clknet_2_0__leaf_clk (net)
                      0.047015    0.001450    0.243333 ^ _275_/CLK (sky130_fd_sc_hd__dfrtp_2)
     7    0.020273    0.057225    0.280139    0.523472 v _275_/Q (sky130_fd_sc_hd__dfrtp_2)
                                                         DADDR[0] (net)
                      0.057231    0.000589    0.524061 v _154_/B (sky130_fd_sc_hd__and2_1)
     1    0.002318    0.023955    0.103191    0.627252 v _154_/X (sky130_fd_sc_hd__and2_1)
                                                         net27 (net)
                      0.023955    0.000066    0.627318 v output27/A (sky130_fd_sc_hd__buf_2)
     1    0.034388    0.062989    0.114879    0.742198 v output27/X (sky130_fd_sc_hd__buf_2)
                                                         PADDR[0] (net)
                      0.062998    0.000747    0.742944 v PADDR[0] (out)
                                              0.742944   data arrival time

                                  5.000000    5.000000   clock clk (rise edge)
                                  0.000000    5.000000   clock network delay (propagated)
                                 -0.250000    4.750000   clock uncertainty
                                  0.000000    4.750000   clock reconvergence pessimism
                                 -1.000000    3.750000   output external delay
                                              3.750000   data required time
---------------------------------------------------------------------------------------------
                                              3.750000   data required time
                                             -0.742944   data arrival time
---------------------------------------------------------------------------------------------
                                              3.007056   slack (MET)


Startpoint: _276_ (rising edge-triggered flip-flop clocked by clk)
Endpoint: PADDR[1] (output port clocked by clk)
Path Group: clk
Path Type: max

Fanout         Cap        Slew       Delay        Time   Description
---------------------------------------------------------------------------------------------
                                  0.000000    0.000000   clock clk (rise edge)
                                  0.000000    0.000000   clock source latency
     1    0.013705    0.051074    0.034120    0.034120 ^ clk (in)
                                                         clk (net)
                      0.051076    0.000000    0.034120 ^ clkbuf_0_clk/A (sky130_fd_sc_hd__clkbuf_16)
     4    0.042753    0.047106    0.103951    0.138071 ^ clkbuf_0_clk/X (sky130_fd_sc_hd__clkbuf_16)
                                                         clknet_0_clk (net)
                      0.047173    0.001508    0.139579 ^ clkbuf_2_0__f_clk/A (sky130_fd_sc_hd__clkbuf_16)
    13    0.042592    0.046930    0.102305    0.241883 ^ clkbuf_2_0__f_clk/X (sky130_fd_sc_hd__clkbuf_16)
                                                         clknet_2_0__leaf_clk (net)
                      0.047092    0.002055    0.243939 ^ _276_/CLK (sky130_fd_sc_hd__dfrtp_1)
     6    0.015752    0.110200    0.263170    0.507108 ^ _276_/Q (sky130_fd_sc_hd__dfrtp_1)
                                                         DADDR[1] (net)
                      0.110200    0.000259    0.507368 ^ _155_/B (sky130_fd_sc_hd__and2_1)
     1    0.003661    0.039008    0.091403    0.598771 ^ _155_/X (sky130_fd_sc_hd__and2_1)
                                                         net28 (net)
                      0.039010    0.000114    0.598885 ^ output28/A (sky130_fd_sc_hd__buf_2)
     1    0.034393    0.128639    0.139899    0.738785 ^ output28/X (sky130_fd_sc_hd__buf_2)
                                                         PADDR[1] (net)
                      0.128645    0.000747    0.739532 ^ PADDR[1] (out)
                                              0.739532   data arrival time

                                  5.000000    5.000000   clock clk (rise edge)
                                  0.000000    5.000000   clock network delay (propagated)
                                 -0.250000    4.750000   clock uncertainty
                                  0.000000    4.750000   clock reconvergence pessimism
                                 -1.000000    3.750000   output external delay
                                              3.750000   data required time
---------------------------------------------------------------------------------------------
                                              3.750000   data required time
                                             -0.739532   data arrival time
---------------------------------------------------------------------------------------------
                                              3.010468   slack (MET)


Startpoint: _269_ (rising edge-triggered flip-flop clocked by clk)
Endpoint: PADDR[2] (output port clocked by clk)
Path Group: clk
Path Type: max

Fanout         Cap        Slew       Delay        Time   Description
---------------------------------------------------------------------------------------------
                                  0.000000    0.000000   clock clk (rise edge)
                                  0.000000    0.000000   clock source latency
     1    0.013705    0.051074    0.034120    0.034120 ^ clk (in)
                                                         clk (net)
                      0.051076    0.000000    0.034120 ^ clkbuf_0_clk/A (sky130_fd_sc_hd__clkbuf_16)
     4    0.042753    0.047106    0.103951    0.138071 ^ clkbuf_0_clk/X (sky130_fd_sc_hd__clkbuf_16)
                                                         clknet_0_clk (net)
                      0.047121    0.000834    0.138905 ^ clkbuf_2_3__f_clk/A (sky130_fd_sc_hd__clkbuf_16)
     8    0.035464    0.041956    0.099038    0.237942 ^ clkbuf_2_3__f_clk/X (sky130_fd_sc_hd__clkbuf_16)
                                                         clknet_2_3__leaf_clk (net)
                      0.041978    0.000757    0.238700 ^ _269_/CLK (sky130_fd_sc_hd__dfrtp_1)
     4    0.015094    0.106032    0.258588    0.497288 ^ _269_/Q (sky130_fd_sc_hd__dfrtp_1)
                                                         DWREQ (net)
                      0.106032    0.000336    0.497624 ^ _156_/A (sky130_fd_sc_hd__and2_1)
     1    0.002470    0.031779    0.082008    0.579632 ^ _156_/X (sky130_fd_sc_hd__and2_1)
                                                         net29 (net)
                      0.031779    0.000071    0.579703 ^ output29/A (sky130_fd_sc_hd__buf_2)
     1    0.034323    0.128459    0.137543    0.717246 ^ output29/X (sky130_fd_sc_hd__buf_2)
                                                         PADDR[2] (net)
                      0.128465    0.000733    0.717978 ^ PADDR[2] (out)
                                              0.717978   data arrival time

                                  5.000000    5.000000   clock clk (rise edge)
                                  0.000000    5.000000   clock network delay (propagated)
                                 -0.250000    4.750000   clock uncertainty
                                  0.000000    4.750000   clock reconvergence pessimism
                                 -1.000000    3.750000   output external delay
                                              3.750000   data required time
---------------------------------------------------------------------------------------------
                                              3.750000   data required time
                                             -0.717978   data arrival time
---------------------------------------------------------------------------------------------
                                              3.032022   slack (MET)


Startpoint: PREADY (input port clocked by clk)
Endpoint: _277_ (rising edge-triggered flip-flop clocked by clk)
Path Group: clk
Path Type: max

Fanout         Cap        Slew       Delay        Time   Description
---------------------------------------------------------------------------------------------
                                  0.000000    0.000000   clock clk (rise edge)
                                  0.000000    0.000000   clock network delay (propagated)
                                  1.000000    1.000000 ^ input external delay
     1    0.002873    0.014177    0.007431    1.007431 ^ PREADY (in)
                                                         PREADY (net)
                      0.014177    0.000000    1.007431 ^ input1/A (sky130_fd_sc_hd__buf_1)
     3    0.014087    0.127374    0.113511    1.120942 ^ input1/X (sky130_fd_sc_hd__buf_1)
                                                         net1 (net)
                      0.127380    0.000740    1.121681 ^ _168_/A_N (sky130_fd_sc_hd__and3b_1)
     3    0.011601    0.052159    0.143667    1.265348 v _168_/X (sky130_fd_sc_hd__and3b_1)
                                                         _029_ (net)
                      0.052161    0.000387    1.265735 v _229_/C (sky130_fd_sc_hd__or4_4)
     3    0.016923    0.073239    0.313145    1.578880 v _229_/X (sky130_fd_sc_hd__or4_4)
                                                         _080_ (net)
                      0.073274    0.000410    1.579290 v _242_/S (sky130_fd_sc_hd__mux2_1)
     1    0.002732    0.037656    0.190883    1.770173 v _242_/X (sky130_fd_sc_hd__mux2_1)
                                                         _014_ (net)
                      0.037656    0.000083    1.770256 v _277_/D (sky130_fd_sc_hd__dfrtp_1)
                                              1.770256   data arrival time

                                  5.000000    5.000000   clock clk (rise edge)
                                  0.000000    5.000000   clock source latency
     1    0.013705    0.051074    0.034119    5.034120 ^ clk (in)
                                                         clk (net)
                      0.051076    0.000000    5.034120 ^ clkbuf_0_clk/A (sky130_fd_sc_hd__clkbuf_16)
     4    0.042753    0.047106    0.103952    5.138071 ^ clkbuf_0_clk/X (sky130_fd_sc_hd__clkbuf_16)
                                                         clknet_0_clk (net)
                      0.047132    0.001014    5.139085 ^ clkbuf_2_2__f_clk/A (sky130_fd_sc_hd__clkbuf_16)
    10    0.034790    0.041474    0.098615    5.237700 ^ clkbuf_2_2__f_clk/X (sky130_fd_sc_hd__clkbuf_16)
                                                         clknet_2_2__leaf_clk (net)
                      0.041500    0.001081    5.238781 ^ _277_/CLK (sky130_fd_sc_hd__dfrtp_1)
                                 -0.250000    4.988781   clock uncertainty
                                  0.000000    4.988781   clock reconvergence pessimism
                                 -0.073550    4.915232   library setup time
                                              4.915232   data required time
---------------------------------------------------------------------------------------------
                                              4.915232   data required time
                                             -1.770256   data arrival time
---------------------------------------------------------------------------------------------
                                              3.144975   slack (MET)


Startpoint: PREADY (input port clocked by clk)
Endpoint: _276_ (rising edge-triggered flip-flop clocked by clk)
Path Group: clk
Path Type: max

Fanout         Cap        Slew       Delay        Time   Description
---------------------------------------------------------------------------------------------
                                  0.000000    0.000000   clock clk (rise edge)
                                  0.000000    0.000000   clock network delay (propagated)
                                  1.000000    1.000000 ^ input external delay
     1    0.002873    0.014177    0.007431    1.007431 ^ PREADY (in)
                                                         PREADY (net)
                      0.014177    0.000000    1.007431 ^ input1/A (sky130_fd_sc_hd__buf_1)
     3    0.014087    0.127374    0.113511    1.120942 ^ input1/X (sky130_fd_sc_hd__buf_1)
                                                         net1 (net)
                      0.127380    0.000740    1.121681 ^ _168_/A_N (sky130_fd_sc_hd__and3b_1)
     3    0.011601    0.052159    0.143667    1.265348 v _168_/X (sky130_fd_sc_hd__and3b_1)
                                                         _029_ (net)
                      0.052161    0.000387    1.265735 v _229_/C (sky130_fd_sc_hd__or4_4)
     3    0.016923    0.073239    0.313145    1.578880 v _229_/X (sky130_fd_sc_hd__or4_4)
                                                         _080_ (net)
                      0.073281    0.000662    1.579541 v _237_/S (sky130_fd_sc_hd__mux2_1)
     1    0.002869    0.038167    0.191726    1.771268 v _237_/X (sky130_fd_sc_hd__mux2_1)
                                                         _013_ (net)
                      0.038167    0.000080    1.771347 v _276_/D (sky130_fd_sc_hd__dfrtp_1)
                                              1.771347   data arrival time

                                  5.000000    5.000000   clock clk (rise edge)
                                  0.000000    5.000000   clock source latency
     1    0.013705    0.051074    0.034119    5.034120 ^ clk (in)
                                                         clk (net)
                      0.051076    0.000000    5.034120 ^ clkbuf_0_clk/A (sky130_fd_sc_hd__clkbuf_16)
     4    0.042753    0.047106    0.103952    5.138071 ^ clkbuf_0_clk/X (sky130_fd_sc_hd__clkbuf_16)
                                                         clknet_0_clk (net)
                      0.047173    0.001508    5.139579 ^ clkbuf_2_0__f_clk/A (sky130_fd_sc_hd__clkbuf_16)
    13    0.042592    0.046930    0.102305    5.241884 ^ clkbuf_2_0__f_clk/X (sky130_fd_sc_hd__clkbuf_16)
                                                         clknet_2_0__leaf_clk (net)
                      0.047092    0.002055    5.243939 ^ _276_/CLK (sky130_fd_sc_hd__dfrtp_1)
                                 -0.250000    4.993939   clock uncertainty
                                  0.000000    4.993939   clock reconvergence pessimism
                                 -0.073193    4.920745   library setup time
                                              4.920745   data required time
---------------------------------------------------------------------------------------------
                                              4.920745   data required time
                                             -1.771347   data arrival time
---------------------------------------------------------------------------------------------
                                              3.149398   slack (MET)


Startpoint: PREADY (input port clocked by clk)
Endpoint: _275_ (rising edge-triggered flip-flop clocked by clk)
Path Group: clk
Path Type: max

Fanout         Cap        Slew       Delay        Time   Description
---------------------------------------------------------------------------------------------
                                  0.000000    0.000000   clock clk (rise edge)
                                  0.000000    0.000000   clock network delay (propagated)
                                  1.000000    1.000000 ^ input external delay
     1    0.002873    0.014177    0.007431    1.007431 ^ PREADY (in)
                                                         PREADY (net)
                      0.014177    0.000000    1.007431 ^ input1/A (sky130_fd_sc_hd__buf_1)
     3    0.014087    0.127374    0.113511    1.120942 ^ input1/X (sky130_fd_sc_hd__buf_1)
                                                         net1 (net)
                      0.127380    0.000740    1.121681 ^ _168_/A_N (sky130_fd_sc_hd__and3b_1)
     3    0.011601    0.052159    0.143667    1.265348 v _168_/X (sky130_fd_sc_hd__and3b_1)
                                                         _029_ (net)
                      0.052161    0.000387    1.265735 v _229_/C (sky130_fd_sc_hd__or4_4)
     3    0.016923    0.073239    0.313145    1.578880 v _229_/X (sky130_fd_sc_hd__or4_4)
                                                         _080_ (net)
                      0.073277    0.000535    1.579414 v _232_/S (sky130_fd_sc_hd__mux2_1)
     1    0.002632    0.037284    0.190278    1.769692 v _232_/X (sky130_fd_sc_hd__mux2_1)
                                                         _012_ (net)
                      0.037284    0.000074    1.769767 v _275_/D (sky130_fd_sc_hd__dfrtp_2)
                                              1.769767   data arrival time

                                  5.000000    5.000000   clock clk (rise edge)
                                  0.000000    5.000000   clock source latency
     1    0.013705    0.051074    0.034119    5.034120 ^ clk (in)
                                                         clk (net)
                      0.051076    0.000000    5.034120 ^ clkbuf_0_clk/A (sky130_fd_sc_hd__clkbuf_16)
     4    0.042753    0.047106    0.103952    5.138071 ^ clkbuf_0_clk/X (sky130_fd_sc_hd__clkbuf_16)
                                                         clknet_0_clk (net)
                      0.047173    0.001508    5.139579 ^ clkbuf_2_0__f_clk/A (sky130_fd_sc_hd__clkbuf_16)
    13    0.042592    0.046930    0.102305    5.241884 ^ clkbuf_2_0__f_clk/X (sky130_fd_sc_hd__clkbuf_16)
                                                         clknet_2_0__leaf_clk (net)
                      0.047015    0.001450    5.243333 ^ _275_/CLK (sky130_fd_sc_hd__dfrtp_2)
                                 -0.250000    4.993333   clock uncertainty
                                  0.000000    4.993333   clock reconvergence pessimism
                                 -0.074107    4.919227   library setup time
                                              4.919227   data required time
---------------------------------------------------------------------------------------------
                                              4.919227   data required time
                                             -1.769767   data arrival time
---------------------------------------------------------------------------------------------
                                              3.149460   slack (MET)


Startpoint: PREADY (input port clocked by clk)
Endpoint: _267_ (rising edge-triggered flip-flop clocked by clk)
Path Group: clk
Path Type: max

Fanout         Cap        Slew       Delay        Time   Description
---------------------------------------------------------------------------------------------
                                  0.000000    0.000000   clock clk (rise edge)
                                  0.000000    0.000000   clock network delay (propagated)
                                  1.000000    1.000000 ^ input external delay
     1    0.002873    0.014177    0.007431    1.007431 ^ PREADY (in)
                                                         PREADY (net)
                      0.014177    0.000000    1.007431 ^ input1/A (sky130_fd_sc_hd__buf_1)
     3    0.014087    0.127374    0.113511    1.120942 ^ input1/X (sky130_fd_sc_hd__buf_1)
                                                         net1 (net)
                      0.127380    0.000740    1.121681 ^ _168_/A_N (sky130_fd_sc_hd__and3b_1)
     3    0.011601    0.052159    0.143667    1.265348 v _168_/X (sky130_fd_sc_hd__and3b_1)
                                                         _029_ (net)
                      0.052160    0.000362    1.265710 v _169_/C (sky130_fd_sc_hd__nor3_2)
     4    0.021030    0.272393    0.214594    1.480304 ^ _169_/Y (sky130_fd_sc_hd__nor3_2)
                                                         _030_ (net)
                      0.272394    0.000512    1.480816 ^ _185_/S (sky130_fd_sc_hd__mux2_1)
     1    0.003618    0.041479    0.198061    1.678877 v _185_/X (sky130_fd_sc_hd__mux2_1)
                                                         _004_ (net)
                      0.041479    0.000090    1.678967 v _267_/D (sky130_fd_sc_hd__dfrtp_1)
                                              1.678967   data arrival time

                                  5.000000    5.000000   clock clk (rise edge)
                                  0.000000    5.000000   clock source latency
     1    0.013705    0.051074    0.034119    5.034120 ^ clk (in)
                                                         clk (net)
                      0.051076    0.000000    5.034120 ^ clkbuf_0_clk/A (sky130_fd_sc_hd__clkbuf_16)
     4    0.042753    0.047106    0.103952    5.138071 ^ clkbuf_0_clk/X (sky130_fd_sc_hd__clkbuf_16)
                                                         clknet_0_clk (net)
                      0.047173    0.001508    5.139579 ^ clkbuf_2_0__f_clk/A (sky130_fd_sc_hd__clkbuf_16)
    13    0.042592    0.046930    0.102305    5.241884 ^ clkbuf_2_0__f_clk/X (sky130_fd_sc_hd__clkbuf_16)
                                                         clknet_2_0__leaf_clk (net)
                      0.047190    0.002683    5.244567 ^ _267_/CLK (sky130_fd_sc_hd__dfrtp_1)
                                 -0.250000    4.994567   clock uncertainty
                                  0.000000    4.994567   clock reconvergence pessimism
                                 -0.074366    4.920201   library setup time
                                              4.920201   data required time
---------------------------------------------------------------------------------------------
                                              4.920201   data required time
                                             -1.678967   data arrival time
---------------------------------------------------------------------------------------------
                                              3.241233   slack (MET)


Startpoint: PREADY (input port clocked by clk)
Endpoint: _268_ (rising edge-triggered flip-flop clocked by clk)
Path Group: clk
Path Type: max

Fanout         Cap        Slew       Delay        Time   Description
---------------------------------------------------------------------------------------------
                                  0.000000    0.000000   clock clk (rise edge)
                                  0.000000    0.000000   clock network delay (propagated)
                                  1.000000    1.000000 ^ input external delay
     1    0.002873    0.014177    0.007431    1.007431 ^ PREADY (in)
                                                         PREADY (net)
                      0.014177    0.000000    1.007431 ^ input1/A (sky130_fd_sc_hd__buf_1)
     3    0.014087    0.127374    0.113511    1.120942 ^ input1/X (sky130_fd_sc_hd__buf_1)
                                                         net1 (net)
                      0.127380    0.000740    1.121681 ^ _168_/A_N (sky130_fd_sc_hd__and3b_1)
     3    0.011601    0.052159    0.143667    1.265348 v _168_/X (sky130_fd_sc_hd__and3b_1)
                                                         _029_ (net)
                      0.052160    0.000362    1.265710 v _169_/C (sky130_fd_sc_hd__nor3_2)
     4    0.021030    0.272393    0.214594    1.480304 ^ _169_/Y (sky130_fd_sc_hd__nor3_2)
                                                         _030_ (net)
                      0.272395    0.000695    1.480999 ^ _190_/S (sky130_fd_sc_hd__mux2_1)
     1    0.002739    0.037557    0.192687    1.673687 v _190_/X (sky130_fd_sc_hd__mux2_1)
                                                         _005_ (net)
                      0.037557    0.000077    1.673764 v _268_/D (sky130_fd_sc_hd__dfrtp_1)
                                              1.673764   data arrival time

                                  5.000000    5.000000   clock clk (rise edge)
                                  0.000000    5.000000   clock source latency
     1    0.013705    0.051074    0.034119    5.034120 ^ clk (in)
                                                         clk (net)
                      0.051076    0.000000    5.034120 ^ clkbuf_0_clk/A (sky130_fd_sc_hd__clkbuf_16)
     4    0.042753    0.047106    0.103952    5.138071 ^ clkbuf_0_clk/X (sky130_fd_sc_hd__clkbuf_16)
                                                         clknet_0_clk (net)
                      0.047121    0.000834    5.138905 ^ clkbuf_2_3__f_clk/A (sky130_fd_sc_hd__clkbuf_16)
     8    0.035464    0.041956    0.099038    5.237943 ^ clkbuf_2_3__f_clk/X (sky130_fd_sc_hd__clkbuf_16)
                                                         clknet_2_3__leaf_clk (net)
                      0.041982    0.000822    5.238765 ^ _268_/CLK (sky130_fd_sc_hd__dfrtp_1)
                                 -0.250000    4.988765   clock uncertainty
                                  0.000000    4.988765   clock reconvergence pessimism
                                 -0.073468    4.915297   library setup time
                                              4.915297   data required time
---------------------------------------------------------------------------------------------
                                              4.915297   data required time
                                             -1.673764   data arrival time
---------------------------------------------------------------------------------------------
                                              3.241533   slack (MET)


Startpoint: PREADY (input port clocked by clk)
Endpoint: _265_ (rising edge-triggered flip-flop clocked by clk)
Path Group: clk
Path Type: max

Fanout         Cap        Slew       Delay        Time   Description
---------------------------------------------------------------------------------------------
                                  0.000000    0.000000   clock clk (rise edge)
                                  0.000000    0.000000   clock network delay (propagated)
                                  1.000000    1.000000 ^ input external delay
     1    0.002873    0.014177    0.007431    1.007431 ^ PREADY (in)
                                                         PREADY (net)
                      0.014177    0.000000    1.007431 ^ input1/A (sky130_fd_sc_hd__buf_1)
     3    0.014087    0.127374    0.113511    1.120942 ^ input1/X (sky130_fd_sc_hd__buf_1)
                                                         net1 (net)
                      0.127380    0.000740    1.121681 ^ _168_/A_N (sky130_fd_sc_hd__and3b_1)
     3    0.011601    0.052159    0.143667    1.265348 v _168_/X (sky130_fd_sc_hd__and3b_1)
                                                         _029_ (net)
                      0.052160    0.000362    1.265710 v _169_/C (sky130_fd_sc_hd__nor3_2)
     4    0.021030    0.272393    0.214594    1.480304 ^ _169_/Y (sky130_fd_sc_hd__nor3_2)
                                                         _030_ (net)
                      0.272397    0.000863    1.481167 ^ _173_/S (sky130_fd_sc_hd__mux2_1)
     1    0.002628    0.037137    0.192009    1.673176 v _173_/X (sky130_fd_sc_hd__mux2_1)
                                                         _002_ (net)
                      0.037137    0.000075    1.673251 v _265_/D (sky130_fd_sc_hd__dfrtp_4)
                                              1.673251   data arrival time

                                  5.000000    5.000000   clock clk (rise edge)
                                  0.000000    5.000000   clock source latency
     1    0.013705    0.051074    0.034119    5.034120 ^ clk (in)
                                                         clk (net)
                      0.051076    0.000000    5.034120 ^ clkbuf_0_clk/A (sky130_fd_sc_hd__clkbuf_16)
     4    0.042753    0.047106    0.103952    5.138071 ^ clkbuf_0_clk/X (sky130_fd_sc_hd__clkbuf_16)
                                                         clknet_0_clk (net)
                      0.047173    0.001508    5.139579 ^ clkbuf_2_0__f_clk/A (sky130_fd_sc_hd__clkbuf_16)
    13    0.042592    0.046930    0.102305    5.241884 ^ clkbuf_2_0__f_clk/X (sky130_fd_sc_hd__clkbuf_16)
                                                         clknet_2_0__leaf_clk (net)
                      0.047207    0.002784    5.244667 ^ _265_/CLK (sky130_fd_sc_hd__dfrtp_4)
                                 -0.250000    4.994667   clock uncertainty
                                  0.000000    4.994667   clock reconvergence pessimism
                                 -0.072902    4.921765   library setup time
                                              4.921765   data required time
---------------------------------------------------------------------------------------------
                                              4.921765   data required time
                                             -1.673251   data arrival time
---------------------------------------------------------------------------------------------
                                              3.248514   slack (MET)


Startpoint: _300_ (rising edge-triggered flip-flop clocked by clk)
Endpoint: _272_ (rising edge-triggered flip-flop clocked by clk)
Path Group: clk
Path Type: max

Fanout         Cap        Slew       Delay        Time   Description
---------------------------------------------------------------------------------------------
                                  0.000000    0.000000   clock clk (rise edge)
                                  0.000000    0.000000   clock source latency
     1    0.013705    0.051074    0.034120    0.034120 ^ clk (in)
                                                         clk (net)
                      0.051076    0.000000    0.034120 ^ clkbuf_0_clk/A (sky130_fd_sc_hd__clkbuf_16)
     4    0.042753    0.047106    0.103951    0.138071 ^ clkbuf_0_clk/X (sky130_fd_sc_hd__clkbuf_16)
                                                         clknet_0_clk (net)
                      0.047121    0.000834    0.138905 ^ clkbuf_2_3__f_clk/A (sky130_fd_sc_hd__clkbuf_16)
     8    0.035464    0.041956    0.099038    0.237942 ^ clkbuf_2_3__f_clk/X (sky130_fd_sc_hd__clkbuf_16)
                                                         clknet_2_3__leaf_clk (net)
                      0.041975    0.000706    0.238649 ^ _300_/CLK (sky130_fd_sc_hd__dfrtp_1)
     3    0.011353    0.054091    0.255401    0.494049 v _300_/Q (sky130_fd_sc_hd__dfrtp_1)
                                                         current_state[1] (net)
                      0.054091    0.000190    0.494240 v fanout50/A (sky130_fd_sc_hd__buf_2)
    10    0.033939    0.062400    0.126236    0.620475 v fanout50/X (sky130_fd_sc_hd__buf_2)
                                                         net50 (net)
                      0.062403    0.000445    0.620921 v _147_/B (sky130_fd_sc_hd__or4b_4)
     4    0.017068    0.073700    0.339503    0.960424 v _147_/X (sky130_fd_sc_hd__or4b_4)
                                                         _124_ (net)
                      0.073736    0.000563    0.960987 v _148_/A (sky130_fd_sc_hd__inv_2)
     8    0.044744    0.155080    0.143067    1.104053 ^ _148_/Y (sky130_fd_sc_hd__inv_2)
                                                         net32 (net)
                      0.155098    0.001406    1.105459 ^ fanout41/A (sky130_fd_sc_hd__buf_6)
    10    0.038664    0.064615    0.106609    1.212068 ^ fanout41/X (sky130_fd_sc_hd__buf_6)
                                                         net41 (net)
                      0.064644    0.001112    1.213179 ^ _198_/C (sky130_fd_sc_hd__nor3_1)
     2    0.005567    0.052057    0.037758    1.250937 v _198_/Y (sky130_fd_sc_hd__nor3_1)
                                                         _053_ (net)
                      0.052057    0.000123    1.251060 v max_cap40/A (sky130_fd_sc_hd__buf_1)
     3    0.010240    0.044857    0.088577    1.339637 v max_cap40/X (sky130_fd_sc_hd__buf_1)
                                                         net40 (net)
                      0.044857    0.000232    1.339870 v _212_/A2 (sky130_fd_sc_hd__a211o_1)
     1    0.003454    0.035940    0.184357    1.524226 v _212_/X (sky130_fd_sc_hd__a211o_1)
                                                         _066_ (net)
                      0.035940    0.000118    1.524345 v _213_/A0 (sky130_fd_sc_hd__mux2_1)
     1    0.002594    0.037131    0.140689    1.665034 v _213_/X (sky130_fd_sc_hd__mux2_1)
                                                         _009_ (net)
                      0.037131    0.000073    1.665107 v _272_/D (sky130_fd_sc_hd__dfrtp_2)
                                              1.665107   data arrival time

                                  5.000000    5.000000   clock clk (rise edge)
                                  0.000000    5.000000   clock source latency
     1    0.013705    0.051074    0.034119    5.034120 ^ clk (in)
                                                         clk (net)
                      0.051076    0.000000    5.034120 ^ clkbuf_0_clk/A (sky130_fd_sc_hd__clkbuf_16)
     4    0.042753    0.047106    0.103952    5.138071 ^ clkbuf_0_clk/X (sky130_fd_sc_hd__clkbuf_16)
                                                         clknet_0_clk (net)
                      0.047185    0.001632    5.139703 ^ clkbuf_2_1__f_clk/A (sky130_fd_sc_hd__clkbuf_16)
    12    0.037268    0.043176    0.099841    5.239543 ^ clkbuf_2_1__f_clk/X (sky130_fd_sc_hd__clkbuf_16)
                                                         clknet_2_1__leaf_clk (net)
                      0.043296    0.001612    5.241155 ^ _272_/CLK (sky130_fd_sc_hd__dfrtp_2)
                                 -0.250000    4.991155   clock uncertainty
                                  0.000000    4.991155   clock reconvergence pessimism
                                 -0.074410    4.916745   library setup time
                                              4.916745   data required time
---------------------------------------------------------------------------------------------
                                              4.916745   data required time
                                             -1.665107   data arrival time
---------------------------------------------------------------------------------------------
                                              3.251638   slack (MET)


Startpoint: _300_ (rising edge-triggered flip-flop clocked by clk)
Endpoint: _273_ (rising edge-triggered flip-flop clocked by clk)
Path Group: clk
Path Type: max

Fanout         Cap        Slew       Delay        Time   Description
---------------------------------------------------------------------------------------------
                                  0.000000    0.000000   clock clk (rise edge)
                                  0.000000    0.000000   clock source latency
     1    0.013705    0.051074    0.034120    0.034120 ^ clk (in)
                                                         clk (net)
                      0.051076    0.000000    0.034120 ^ clkbuf_0_clk/A (sky130_fd_sc_hd__clkbuf_16)
     4    0.042753    0.047106    0.103951    0.138071 ^ clkbuf_0_clk/X (sky130_fd_sc_hd__clkbuf_16)
                                                         clknet_0_clk (net)
                      0.047121    0.000834    0.138905 ^ clkbuf_2_3__f_clk/A (sky130_fd_sc_hd__clkbuf_16)
     8    0.035464    0.041956    0.099038    0.237942 ^ clkbuf_2_3__f_clk/X (sky130_fd_sc_hd__clkbuf_16)
                                                         clknet_2_3__leaf_clk (net)
                      0.041975    0.000706    0.238649 ^ _300_/CLK (sky130_fd_sc_hd__dfrtp_1)
     3    0.011353    0.054091    0.255401    0.494049 v _300_/Q (sky130_fd_sc_hd__dfrtp_1)
                                                         current_state[1] (net)
                      0.054091    0.000190    0.494240 v fanout50/A (sky130_fd_sc_hd__buf_2)
    10    0.033939    0.062400    0.126236    0.620475 v fanout50/X (sky130_fd_sc_hd__buf_2)
                                                         net50 (net)
                      0.062403    0.000445    0.620921 v _147_/B (sky130_fd_sc_hd__or4b_4)
     4    0.017068    0.073700    0.339503    0.960424 v _147_/X (sky130_fd_sc_hd__or4b_4)
                                                         _124_ (net)
                      0.073736    0.000563    0.960987 v _148_/A (sky130_fd_sc_hd__inv_2)
     8    0.044744    0.155080    0.143067    1.104053 ^ _148_/Y (sky130_fd_sc_hd__inv_2)
                                                         net32 (net)
                      0.155098    0.001406    1.105459 ^ fanout41/A (sky130_fd_sc_hd__buf_6)
    10    0.038664    0.064615    0.106609    1.212068 ^ fanout41/X (sky130_fd_sc_hd__buf_6)
                                                         net41 (net)
                      0.064644    0.001112    1.213179 ^ _198_/C (sky130_fd_sc_hd__nor3_1)
     2    0.005567    0.052057    0.037758    1.250937 v _198_/Y (sky130_fd_sc_hd__nor3_1)
                                                         _053_ (net)
                      0.052057    0.000123    1.251060 v max_cap40/A (sky130_fd_sc_hd__buf_1)
     3    0.010240    0.044857    0.088577    1.339637 v max_cap40/X (sky130_fd_sc_hd__buf_1)
                                                         net40 (net)
                      0.044857    0.000244    1.339881 v _220_/A2 (sky130_fd_sc_hd__a211o_1)
     1    0.002464    0.032114    0.178849    1.518730 v _220_/X (sky130_fd_sc_hd__a211o_1)
                                                         _073_ (net)
                      0.032114    0.000070    1.518801 v _221_/A0 (sky130_fd_sc_hd__mux2_1)
     1    0.002795    0.037876    0.140742    1.659543 v _221_/X (sky130_fd_sc_hd__mux2_1)
                                                         _010_ (net)
                      0.037876    0.000081    1.659624 v _273_/D (sky130_fd_sc_hd__dfrtp_1)
                                              1.659624   data arrival time

                                  5.000000    5.000000   clock clk (rise edge)
                                  0.000000    5.000000   clock source latency
     1    0.013705    0.051074    0.034119    5.034120 ^ clk (in)
                                                         clk (net)
                      0.051076    0.000000    5.034120 ^ clkbuf_0_clk/A (sky130_fd_sc_hd__clkbuf_16)
     4    0.042753    0.047106    0.103952    5.138071 ^ clkbuf_0_clk/X (sky130_fd_sc_hd__clkbuf_16)
                                                         clknet_0_clk (net)
                      0.047185    0.001632    5.139703 ^ clkbuf_2_1__f_clk/A (sky130_fd_sc_hd__clkbuf_16)
    12    0.037268    0.043176    0.099841    5.239543 ^ clkbuf_2_1__f_clk/X (sky130_fd_sc_hd__clkbuf_16)
                                                         clknet_2_1__leaf_clk (net)
                      0.043294    0.001590    5.241134 ^ _273_/CLK (sky130_fd_sc_hd__dfrtp_1)
                                 -0.250000    4.991133   clock uncertainty
                                  0.000000    4.991133   clock reconvergence pessimism
                                 -0.073456    4.917678   library setup time
                                              4.917678   data required time
---------------------------------------------------------------------------------------------
                                              4.917678   data required time
                                             -1.659624   data arrival time
---------------------------------------------------------------------------------------------
                                              3.258054   slack (MET)


Startpoint: _300_ (rising edge-triggered flip-flop clocked by clk)
Endpoint: _274_ (rising edge-triggered flip-flop clocked by clk)
Path Group: clk
Path Type: max

Fanout         Cap        Slew       Delay        Time   Description
---------------------------------------------------------------------------------------------
                                  0.000000    0.000000   clock clk (rise edge)
                                  0.000000    0.000000   clock source latency
     1    0.013705    0.051074    0.034120    0.034120 ^ clk (in)
                                                         clk (net)
                      0.051076    0.000000    0.034120 ^ clkbuf_0_clk/A (sky130_fd_sc_hd__clkbuf_16)
     4    0.042753    0.047106    0.103951    0.138071 ^ clkbuf_0_clk/X (sky130_fd_sc_hd__clkbuf_16)
                                                         clknet_0_clk (net)
                      0.047121    0.000834    0.138905 ^ clkbuf_2_3__f_clk/A (sky130_fd_sc_hd__clkbuf_16)
     8    0.035464    0.041956    0.099038    0.237942 ^ clkbuf_2_3__f_clk/X (sky130_fd_sc_hd__clkbuf_16)
                                                         clknet_2_3__leaf_clk (net)
                      0.041975    0.000706    0.238649 ^ _300_/CLK (sky130_fd_sc_hd__dfrtp_1)
     3    0.011353    0.054091    0.255401    0.494049 v _300_/Q (sky130_fd_sc_hd__dfrtp_1)
                                                         current_state[1] (net)
                      0.054091    0.000190    0.494240 v fanout50/A (sky130_fd_sc_hd__buf_2)
    10    0.033939    0.062400    0.126236    0.620475 v fanout50/X (sky130_fd_sc_hd__buf_2)
                                                         net50 (net)
                      0.062403    0.000445    0.620921 v _147_/B (sky130_fd_sc_hd__or4b_4)
     4    0.017068    0.073700    0.339503    0.960424 v _147_/X (sky130_fd_sc_hd__or4b_4)
                                                         _124_ (net)
                      0.073736    0.000563    0.960987 v _148_/A (sky130_fd_sc_hd__inv_2)
     8    0.044744    0.155080    0.143067    1.104053 ^ _148_/Y (sky130_fd_sc_hd__inv_2)
                                                         net32 (net)
                      0.155098    0.001406    1.105459 ^ fanout41/A (sky130_fd_sc_hd__buf_6)
    10    0.038664    0.064615    0.106609    1.212068 ^ fanout41/X (sky130_fd_sc_hd__buf_6)
                                                         net41 (net)
                      0.064644    0.001112    1.213179 ^ _198_/C (sky130_fd_sc_hd__nor3_1)
     2    0.005567    0.052057    0.037758    1.250937 v _198_/Y (sky130_fd_sc_hd__nor3_1)
                                                         _053_ (net)
                      0.052057    0.000124    1.251061 v _226_/A2 (sky130_fd_sc_hd__a2111o_1)
     1    0.002258    0.038317    0.244790    1.495851 v _226_/X (sky130_fd_sc_hd__a2111o_1)
                                                         _078_ (net)
                      0.038317    0.000047    1.495899 v _227_/B2 (sky130_fd_sc_hd__o2bb2a_1)
     1    0.002663    0.037243    0.162352    1.658251 v _227_/X (sky130_fd_sc_hd__o2bb2a_1)
                                                         _011_ (net)
                      0.037243    0.000078    1.658328 v _274_/D (sky130_fd_sc_hd__dfrtp_1)
                                              1.658328   data arrival time

                                  5.000000    5.000000   clock clk (rise edge)
                                  0.000000    5.000000   clock source latency
     1    0.013705    0.051074    0.034119    5.034120 ^ clk (in)
                                                         clk (net)
                      0.051076    0.000000    5.034120 ^ clkbuf_0_clk/A (sky130_fd_sc_hd__clkbuf_16)
     4    0.042753    0.047106    0.103952    5.138071 ^ clkbuf_0_clk/X (sky130_fd_sc_hd__clkbuf_16)
                                                         clknet_0_clk (net)
                      0.047185    0.001632    5.139703 ^ clkbuf_2_1__f_clk/A (sky130_fd_sc_hd__clkbuf_16)
    12    0.037268    0.043176    0.099841    5.239543 ^ clkbuf_2_1__f_clk/X (sky130_fd_sc_hd__clkbuf_16)
                                                         clknet_2_1__leaf_clk (net)
                      0.043189    0.000432    5.239975 ^ _274_/CLK (sky130_fd_sc_hd__dfrtp_1)
                                 -0.250000    4.989975   clock uncertainty
                                  0.000000    4.989975   clock reconvergence pessimism
                                 -0.073239    4.916736   library setup time
                                              4.916736   data required time
---------------------------------------------------------------------------------------------
                                              4.916736   data required time
                                             -1.658328   data arrival time
---------------------------------------------------------------------------------------------
                                              3.258407   slack (MET)


Startpoint: res_n (input port clocked by clk)
Endpoint: _265_ (recovery check against rising-edge clock clk)
Path Group: asynchronous
Path Type: max

Fanout         Cap        Slew       Delay        Time   Description
---------------------------------------------------------------------------------------------
                                  0.000000    0.000000   clock clk (rise edge)
                                  0.000000    0.000000   clock network delay (propagated)
                                  1.000000    1.000000 ^ input external delay
     1    0.002419    0.012566    0.006240    1.006240 ^ res_n (in)
                                                         res_n (net)
                      0.012566    0.000000    1.006240 ^ hold4/A (sky130_fd_sc_hd__dlygate4sd3_1)
     1    0.002322    0.034488    0.363416    1.369656 ^ hold4/X (sky130_fd_sc_hd__dlygate4sd3_1)
                                                         net95 (net)
                      0.034488    0.000044    1.369700 ^ input23/A (sky130_fd_sc_hd__buf_1)
     3    0.014002    0.126659    0.118109    1.487808 ^ input23/X (sky130_fd_sc_hd__buf_1)
                                                         net23 (net)
                      0.126659    0.000204    1.488012 ^ fanout54/A (sky130_fd_sc_hd__clkbuf_2)
     5    0.029183    0.124939    0.153811    1.641823 ^ fanout54/X (sky130_fd_sc_hd__clkbuf_2)
                                                         net54 (net)
                      0.124942    0.000521    1.642344 ^ fanout52/A (sky130_fd_sc_hd__clkbuf_4)
    10    0.052351    0.122906    0.178266    1.820611 ^ fanout52/X (sky130_fd_sc_hd__clkbuf_4)
                                                         net52 (net)
                      0.122979    0.001415    1.822026 ^ _265_/RESET_B (sky130_fd_sc_hd__dfrtp_4)
                                              1.822026   data arrival time

                                  5.000000    5.000000   clock clk (rise edge)
                                  0.000000    5.000000   clock source latency
     1    0.013705    0.051074    0.034119    5.034120 ^ clk (in)
                                                         clk (net)
                      0.051076    0.000000    5.034120 ^ clkbuf_0_clk/A (sky130_fd_sc_hd__clkbuf_16)
     4    0.042753    0.047106    0.103952    5.138071 ^ clkbuf_0_clk/X (sky130_fd_sc_hd__clkbuf_16)
                                                         clknet_0_clk (net)
                      0.047173    0.001508    5.139579 ^ clkbuf_2_0__f_clk/A (sky130_fd_sc_hd__clkbuf_16)
    13    0.042592    0.046930    0.102305    5.241884 ^ clkbuf_2_0__f_clk/X (sky130_fd_sc_hd__clkbuf_16)
                                                         clknet_2_0__leaf_clk (net)
                      0.047207    0.002784    5.244667 ^ _265_/CLK (sky130_fd_sc_hd__dfrtp_4)
                                 -0.250000    4.994667   clock uncertainty
                                  0.000000    4.994667   clock reconvergence pessimism
                                  0.104677    5.099344   library recovery time
                                              5.099344   data required time
---------------------------------------------------------------------------------------------
                                              5.099344   data required time
                                             -1.822026   data arrival time
---------------------------------------------------------------------------------------------
                                              3.277318   slack (MET)


Startpoint: wlast (input port clocked by clk)
Endpoint: _300_ (rising edge-triggered flip-flop clocked by clk)
Path Group: clk
Path Type: max

Fanout         Cap        Slew       Delay        Time   Description
---------------------------------------------------------------------------------------------
                                  0.000000    0.000000   clock clk (rise edge)
                                  0.000000    0.000000   clock network delay (propagated)
                                  1.000000    1.000000 ^ input external delay
     1    0.003418    0.016133    0.008862    1.008862 ^ wlast (in)
                                                         wlast (net)
                      0.016134    0.000000    1.008862 ^ input25/A (sky130_fd_sc_hd__buf_1)
     2    0.011374    0.104244    0.098403    1.107266 ^ input25/X (sky130_fd_sc_hd__buf_1)
                                                         net25 (net)
                      0.104248    0.000535    1.107801 ^ _250_/A_N (sky130_fd_sc_hd__and3b_1)
     1    0.003858    0.031003    0.117532    1.225333 v _250_/X (sky130_fd_sc_hd__and3b_1)
                                                         _097_ (net)
                      0.031003    0.000123    1.225456 v _251_/C1 (sky130_fd_sc_hd__a311o_1)
     2    0.006558    0.052602    0.112632    1.338088 v _251_/X (sky130_fd_sc_hd__a311o_1)
                                                         _098_ (net)
                      0.052602    0.000197    1.338285 v _256_/A (sky130_fd_sc_hd__or4b_1)
     1    0.002434    0.051178    0.292711    1.630996 v _256_/X (sky130_fd_sc_hd__or4b_1)
                                                         _016_ (net)
                      0.051178    0.000070    1.631066 v _300_/D (sky130_fd_sc_hd__dfrtp_1)
                                              1.631066   data arrival time

                                  5.000000    5.000000   clock clk (rise edge)
                                  0.000000    5.000000   clock source latency
     1    0.013705    0.051074    0.034119    5.034120 ^ clk (in)
                                                         clk (net)
                      0.051076    0.000000    5.034120 ^ clkbuf_0_clk/A (sky130_fd_sc_hd__clkbuf_16)
     4    0.042753    0.047106    0.103952    5.138071 ^ clkbuf_0_clk/X (sky130_fd_sc_hd__clkbuf_16)
                                                         clknet_0_clk (net)
                      0.047121    0.000834    5.138905 ^ clkbuf_2_3__f_clk/A (sky130_fd_sc_hd__clkbuf_16)
     8    0.035464    0.041956    0.099038    5.237943 ^ clkbuf_2_3__f_clk/X (sky130_fd_sc_hd__clkbuf_16)
                                                         clknet_2_3__leaf_clk (net)
                      0.041975    0.000706    5.238649 ^ _300_/CLK (sky130_fd_sc_hd__dfrtp_1)
                                 -0.250000    4.988649   clock uncertainty
                                  0.000000    4.988649   clock reconvergence pessimism
                                 -0.078331    4.910317   library setup time
                                              4.910317   data required time
---------------------------------------------------------------------------------------------
                                              4.910317   data required time
                                             -1.631066   data arrival time
---------------------------------------------------------------------------------------------
                                              3.279252   slack (MET)


Startpoint: res_n (input port clocked by clk)
Endpoint: _266_ (recovery check against rising-edge clock clk)
Path Group: asynchronous
Path Type: max

Fanout         Cap        Slew       Delay        Time   Description
---------------------------------------------------------------------------------------------
                                  0.000000    0.000000   clock clk (rise edge)
                                  0.000000    0.000000   clock network delay (propagated)
                                  1.000000    1.000000 ^ input external delay
     1    0.002419    0.012566    0.006240    1.006240 ^ res_n (in)
                                                         res_n (net)
                      0.012566    0.000000    1.006240 ^ hold4/A (sky130_fd_sc_hd__dlygate4sd3_1)
     1    0.002322    0.034488    0.363416    1.369656 ^ hold4/X (sky130_fd_sc_hd__dlygate4sd3_1)
                                                         net95 (net)
                      0.034488    0.000044    1.369700 ^ input23/A (sky130_fd_sc_hd__buf_1)
     3    0.014002    0.126659    0.118109    1.487808 ^ input23/X (sky130_fd_sc_hd__buf_1)
                                                         net23 (net)
                      0.126659    0.000204    1.488012 ^ fanout54/A (sky130_fd_sc_hd__clkbuf_2)
     5    0.029183    0.124939    0.153811    1.641823 ^ fanout54/X (sky130_fd_sc_hd__clkbuf_2)
                                                         net54 (net)
                      0.124942    0.000521    1.642344 ^ fanout52/A (sky130_fd_sc_hd__clkbuf_4)
    10    0.052351    0.122906    0.178266    1.820611 ^ fanout52/X (sky130_fd_sc_hd__clkbuf_4)
                                                         net52 (net)
                      0.123102    0.003467    1.824078 ^ _266_/RESET_B (sky130_fd_sc_hd__dfrtp_2)
                                              1.824078   data arrival time

                                  5.000000    5.000000   clock clk (rise edge)
                                  0.000000    5.000000   clock source latency
     1    0.013705    0.051074    0.034119    5.034120 ^ clk (in)
                                                         clk (net)
                      0.051076    0.000000    5.034120 ^ clkbuf_0_clk/A (sky130_fd_sc_hd__clkbuf_16)
     4    0.042753    0.047106    0.103952    5.138071 ^ clkbuf_0_clk/X (sky130_fd_sc_hd__clkbuf_16)
                                                         clknet_0_clk (net)
                      0.047173    0.001508    5.139579 ^ clkbuf_2_0__f_clk/A (sky130_fd_sc_hd__clkbuf_16)
    13    0.042592    0.046930    0.102305    5.241884 ^ clkbuf_2_0__f_clk/X (sky130_fd_sc_hd__clkbuf_16)
                                                         clknet_2_0__leaf_clk (net)
                      0.046980    0.001104    5.242988 ^ _266_/CLK (sky130_fd_sc_hd__dfrtp_2)
                                 -0.250000    4.992988   clock uncertainty
                                  0.000000    4.992988   clock reconvergence pessimism
                                  0.112565    5.105553   library recovery time
                                              5.105553   data required time
---------------------------------------------------------------------------------------------
                                              5.105553   data required time
                                             -1.824078   data arrival time
---------------------------------------------------------------------------------------------
                                              3.281475   slack (MET)


Startpoint: res_n (input port clocked by clk)
Endpoint: _275_ (recovery check against rising-edge clock clk)
Path Group: asynchronous
Path Type: max

Fanout         Cap        Slew       Delay        Time   Description
---------------------------------------------------------------------------------------------
                                  0.000000    0.000000   clock clk (rise edge)
                                  0.000000    0.000000   clock network delay (propagated)
                                  1.000000    1.000000 ^ input external delay
     1    0.002419    0.012566    0.006240    1.006240 ^ res_n (in)
                                                         res_n (net)
                      0.012566    0.000000    1.006240 ^ hold4/A (sky130_fd_sc_hd__dlygate4sd3_1)
     1    0.002322    0.034488    0.363416    1.369656 ^ hold4/X (sky130_fd_sc_hd__dlygate4sd3_1)
                                                         net95 (net)
                      0.034488    0.000044    1.369700 ^ input23/A (sky130_fd_sc_hd__buf_1)
     3    0.014002    0.126659    0.118109    1.487808 ^ input23/X (sky130_fd_sc_hd__buf_1)
                                                         net23 (net)
                      0.126659    0.000204    1.488012 ^ fanout54/A (sky130_fd_sc_hd__clkbuf_2)
     5    0.029183    0.124939    0.153811    1.641823 ^ fanout54/X (sky130_fd_sc_hd__clkbuf_2)
                                                         net54 (net)
                      0.124942    0.000521    1.642344 ^ fanout52/A (sky130_fd_sc_hd__clkbuf_4)
    10    0.052351    0.122906    0.178266    1.820611 ^ fanout52/X (sky130_fd_sc_hd__clkbuf_4)
                                                         net52 (net)
                      0.123051    0.002824    1.823435 ^ _275_/RESET_B (sky130_fd_sc_hd__dfrtp_2)
                                              1.823435   data arrival time

                                  5.000000    5.000000   clock clk (rise edge)
                                  0.000000    5.000000   clock source latency
     1    0.013705    0.051074    0.034119    5.034120 ^ clk (in)
                                                         clk (net)
                      0.051076    0.000000    5.034120 ^ clkbuf_0_clk/A (sky130_fd_sc_hd__clkbuf_16)
     4    0.042753    0.047106    0.103952    5.138071 ^ clkbuf_0_clk/X (sky130_fd_sc_hd__clkbuf_16)
                                                         clknet_0_clk (net)
                      0.047173    0.001508    5.139579 ^ clkbuf_2_0__f_clk/A (sky130_fd_sc_hd__clkbuf_16)
    13    0.042592    0.046930    0.102305    5.241884 ^ clkbuf_2_0__f_clk/X (sky130_fd_sc_hd__clkbuf_16)
                                                         clknet_2_0__leaf_clk (net)
                      0.047015    0.001450    5.243333 ^ _275_/CLK (sky130_fd_sc_hd__dfrtp_2)
                                 -0.250000    4.993333   clock uncertainty
                                  0.000000    4.993333   clock reconvergence pessimism
                                  0.112583    5.105917   library recovery time
                                              5.105917   data required time
---------------------------------------------------------------------------------------------
                                              5.105917   data required time
                                             -1.823435   data arrival time
---------------------------------------------------------------------------------------------
                                              3.282481   slack (MET)


Startpoint: _300_ (rising edge-triggered flip-flop clocked by clk)
Endpoint: _271_ (rising edge-triggered flip-flop clocked by clk)
Path Group: clk
Path Type: max

Fanout         Cap        Slew       Delay        Time   Description
---------------------------------------------------------------------------------------------
                                  0.000000    0.000000   clock clk (rise edge)
                                  0.000000    0.000000   clock source latency
     1    0.013705    0.051074    0.034120    0.034120 ^ clk (in)
                                                         clk (net)
                      0.051076    0.000000    0.034120 ^ clkbuf_0_clk/A (sky130_fd_sc_hd__clkbuf_16)
     4    0.042753    0.047106    0.103951    0.138071 ^ clkbuf_0_clk/X (sky130_fd_sc_hd__clkbuf_16)
                                                         clknet_0_clk (net)
                      0.047121    0.000834    0.138905 ^ clkbuf_2_3__f_clk/A (sky130_fd_sc_hd__clkbuf_16)
     8    0.035464    0.041956    0.099038    0.237942 ^ clkbuf_2_3__f_clk/X (sky130_fd_sc_hd__clkbuf_16)
                                                         clknet_2_3__leaf_clk (net)
                      0.041975    0.000706    0.238649 ^ _300_/CLK (sky130_fd_sc_hd__dfrtp_1)
     3    0.011353    0.054091    0.255401    0.494049 v _300_/Q (sky130_fd_sc_hd__dfrtp_1)
                                                         current_state[1] (net)
                      0.054091    0.000190    0.494240 v fanout50/A (sky130_fd_sc_hd__buf_2)
    10    0.033939    0.062400    0.126236    0.620475 v fanout50/X (sky130_fd_sc_hd__buf_2)
                                                         net50 (net)
                      0.062403    0.000445    0.620921 v _147_/B (sky130_fd_sc_hd__or4b_4)
     4    0.017068    0.073700    0.339503    0.960424 v _147_/X (sky130_fd_sc_hd__or4b_4)
                                                         _124_ (net)
                      0.073736    0.000563    0.960987 v _148_/A (sky130_fd_sc_hd__inv_2)
     8    0.044744    0.155080    0.143067    1.104053 ^ _148_/Y (sky130_fd_sc_hd__inv_2)
                                                         net32 (net)
                      0.155098    0.001406    1.105459 ^ fanout41/A (sky130_fd_sc_hd__buf_6)
    10    0.038664    0.064615    0.106609    1.212068 ^ fanout41/X (sky130_fd_sc_hd__buf_6)
                                                         net41 (net)
                      0.064644    0.001112    1.213179 ^ _198_/C (sky130_fd_sc_hd__nor3_1)
     2    0.005567    0.052057    0.037758    1.250937 v _198_/Y (sky130_fd_sc_hd__nor3_1)
                                                         _053_ (net)
                      0.052057    0.000123    1.251060 v max_cap40/A (sky130_fd_sc_hd__buf_1)
     3    0.010240    0.044857    0.088577    1.339637 v max_cap40/X (sky130_fd_sc_hd__buf_1)
                                                         net40 (net)
                      0.044857    0.000235    1.339873 v _204_/B1 (sky130_fd_sc_hd__a221o_1)
     1    0.004276    0.038425    0.149570    1.489443 v _204_/X (sky130_fd_sc_hd__a221o_1)
                                                         _059_ (net)
                      0.038425    0.000149    1.489592 v _205_/A0 (sky130_fd_sc_hd__mux2_1)
     1    0.002549    0.036963    0.141170    1.630762 v _205_/X (sky130_fd_sc_hd__mux2_1)
                                                         _008_ (net)
                      0.036963    0.000073    1.630834 v _271_/D (sky130_fd_sc_hd__dfrtp_2)
                                              1.630834   data arrival time

                                  5.000000    5.000000   clock clk (rise edge)
                                  0.000000    5.000000   clock source latency
     1    0.013705    0.051074    0.034119    5.034120 ^ clk (in)
                                                         clk (net)
                      0.051076    0.000000    5.034120 ^ clkbuf_0_clk/A (sky130_fd_sc_hd__clkbuf_16)
     4    0.042753    0.047106    0.103952    5.138071 ^ clkbuf_0_clk/X (sky130_fd_sc_hd__clkbuf_16)
                                                         clknet_0_clk (net)
                      0.047185    0.001632    5.139703 ^ clkbuf_2_1__f_clk/A (sky130_fd_sc_hd__clkbuf_16)
    12    0.037268    0.043176    0.099841    5.239543 ^ clkbuf_2_1__f_clk/X (sky130_fd_sc_hd__clkbuf_16)
                                                         clknet_2_1__leaf_clk (net)
                      0.043304    0.001691    5.241235 ^ _271_/CLK (sky130_fd_sc_hd__dfrtp_2)
                                 -0.250000    4.991235   clock uncertainty
                                  0.000000    4.991235   clock reconvergence pessimism
                                 -0.074349    4.916886   library setup time
                                              4.916886   data required time
---------------------------------------------------------------------------------------------
                                              4.916886   data required time
                                             -1.630834   data arrival time
---------------------------------------------------------------------------------------------
                                              3.286051   slack (MET)


Startpoint: res_n (input port clocked by clk)
Endpoint: _280_ (recovery check against rising-edge clock clk)
Path Group: asynchronous
Path Type: max

Fanout         Cap        Slew       Delay        Time   Description
---------------------------------------------------------------------------------------------
                                  0.000000    0.000000   clock clk (rise edge)
                                  0.000000    0.000000   clock network delay (propagated)
                                  1.000000    1.000000 ^ input external delay
     1    0.002419    0.012566    0.006240    1.006240 ^ res_n (in)
                                                         res_n (net)
                      0.012566    0.000000    1.006240 ^ hold4/A (sky130_fd_sc_hd__dlygate4sd3_1)
     1    0.002322    0.034488    0.363416    1.369656 ^ hold4/X (sky130_fd_sc_hd__dlygate4sd3_1)
                                                         net95 (net)
                      0.034488    0.000044    1.369700 ^ input23/A (sky130_fd_sc_hd__buf_1)
     3    0.014002    0.126659    0.118109    1.487808 ^ input23/X (sky130_fd_sc_hd__buf_1)
                                                         net23 (net)
                      0.126659    0.000204    1.488012 ^ fanout54/A (sky130_fd_sc_hd__clkbuf_2)
     5    0.029183    0.124939    0.153811    1.641823 ^ fanout54/X (sky130_fd_sc_hd__clkbuf_2)
                                                         net54 (net)
                      0.124942    0.000521    1.642344 ^ fanout52/A (sky130_fd_sc_hd__clkbuf_4)
    10    0.052351    0.122906    0.178266    1.820611 ^ fanout52/X (sky130_fd_sc_hd__clkbuf_4)
                                                         net52 (net)
                      0.123095    0.003391    1.824002 ^ _280_/RESET_B (sky130_fd_sc_hd__dfrtp_1)
                                              1.824002   data arrival time

                                  5.000000    5.000000   clock clk (rise edge)
                                  0.000000    5.000000   clock source latency
     1    0.013705    0.051074    0.034119    5.034120 ^ clk (in)
                                                         clk (net)
                      0.051076    0.000000    5.034120 ^ clkbuf_0_clk/A (sky130_fd_sc_hd__clkbuf_16)
     4    0.042753    0.047106    0.103952    5.138071 ^ clkbuf_0_clk/X (sky130_fd_sc_hd__clkbuf_16)
                                                         clknet_0_clk (net)
                      0.047173    0.001508    5.139579 ^ clkbuf_2_0__f_clk/A (sky130_fd_sc_hd__clkbuf_16)
    13    0.042592    0.046930    0.102305    5.241884 ^ clkbuf_2_0__f_clk/X (sky130_fd_sc_hd__clkbuf_16)
                                                         clknet_2_0__leaf_clk (net)
                      0.047051    0.001748    5.243632 ^ _280_/CLK (sky130_fd_sc_hd__dfrtp_1)
                                 -0.250000    4.993632   clock uncertainty
                                  0.000000    4.993632   clock reconvergence pessimism
                                  0.128898    5.122529   library recovery time
                                              5.122529   data required time
---------------------------------------------------------------------------------------------
                                              5.122529   data required time
                                             -1.824002   data arrival time
---------------------------------------------------------------------------------------------
                                              3.298527   slack (MET)


Startpoint: res_n (input port clocked by clk)
Endpoint: _283_ (recovery check against rising-edge clock clk)
Path Group: asynchronous
Path Type: max

Fanout         Cap        Slew       Delay        Time   Description
---------------------------------------------------------------------------------------------
                                  0.000000    0.000000   clock clk (rise edge)
                                  0.000000    0.000000   clock network delay (propagated)
                                  1.000000    1.000000 ^ input external delay
     1    0.002419    0.012566    0.006240    1.006240 ^ res_n (in)
                                                         res_n (net)
                      0.012566    0.000000    1.006240 ^ hold4/A (sky130_fd_sc_hd__dlygate4sd3_1)
     1    0.002322    0.034488    0.363416    1.369656 ^ hold4/X (sky130_fd_sc_hd__dlygate4sd3_1)
                                                         net95 (net)
                      0.034488    0.000044    1.369700 ^ input23/A (sky130_fd_sc_hd__buf_1)
     3    0.014002    0.126659    0.118109    1.487808 ^ input23/X (sky130_fd_sc_hd__buf_1)
                                                         net23 (net)
                      0.126659    0.000204    1.488012 ^ fanout54/A (sky130_fd_sc_hd__clkbuf_2)
     5    0.029183    0.124939    0.153811    1.641823 ^ fanout54/X (sky130_fd_sc_hd__clkbuf_2)
                                                         net54 (net)
                      0.124942    0.000521    1.642344 ^ fanout52/A (sky130_fd_sc_hd__clkbuf_4)
    10    0.052351    0.122906    0.178266    1.820611 ^ fanout52/X (sky130_fd_sc_hd__clkbuf_4)
                                                         net52 (net)
                      0.123089    0.003320    1.823931 ^ _283_/RESET_B (sky130_fd_sc_hd__dfrtp_1)
                                              1.823931   data arrival time

                                  5.000000    5.000000   clock clk (rise edge)
                                  0.000000    5.000000   clock source latency
     1    0.013705    0.051074    0.034119    5.034120 ^ clk (in)
                                                         clk (net)
                      0.051076    0.000000    5.034120 ^ clkbuf_0_clk/A (sky130_fd_sc_hd__clkbuf_16)
     4    0.042753    0.047106    0.103952    5.138071 ^ clkbuf_0_clk/X (sky130_fd_sc_hd__clkbuf_16)
                                                         clknet_0_clk (net)
                      0.047173    0.001508    5.139579 ^ clkbuf_2_0__f_clk/A (sky130_fd_sc_hd__clkbuf_16)
    13    0.042592    0.046930    0.102305    5.241884 ^ clkbuf_2_0__f_clk/X (sky130_fd_sc_hd__clkbuf_16)
                                                         clknet_2_0__leaf_clk (net)
                      0.047057    0.001795    5.243678 ^ _283_/CLK (sky130_fd_sc_hd__dfrtp_1)
                                 -0.250000    4.993678   clock uncertainty
                                  0.000000    4.993678   clock reconvergence pessimism
                                  0.128900    5.122578   library recovery time
                                              5.122578   data required time
---------------------------------------------------------------------------------------------
                                              5.122578   data required time
                                             -1.823931   data arrival time
---------------------------------------------------------------------------------------------
                                              3.298646   slack (MET)


Startpoint: res_n (input port clocked by clk)
Endpoint: _282_ (recovery check against rising-edge clock clk)
Path Group: asynchronous
Path Type: max

Fanout         Cap        Slew       Delay        Time   Description
---------------------------------------------------------------------------------------------
                                  0.000000    0.000000   clock clk (rise edge)
                                  0.000000    0.000000   clock network delay (propagated)
                                  1.000000    1.000000 ^ input external delay
     1    0.002419    0.012566    0.006240    1.006240 ^ res_n (in)
                                                         res_n (net)
                      0.012566    0.000000    1.006240 ^ hold4/A (sky130_fd_sc_hd__dlygate4sd3_1)
     1    0.002322    0.034488    0.363416    1.369656 ^ hold4/X (sky130_fd_sc_hd__dlygate4sd3_1)
                                                         net95 (net)
                      0.034488    0.000044    1.369700 ^ input23/A (sky130_fd_sc_hd__buf_1)
     3    0.014002    0.126659    0.118109    1.487808 ^ input23/X (sky130_fd_sc_hd__buf_1)
                                                         net23 (net)
                      0.126659    0.000204    1.488012 ^ fanout54/A (sky130_fd_sc_hd__clkbuf_2)
     5    0.029183    0.124939    0.153811    1.641823 ^ fanout54/X (sky130_fd_sc_hd__clkbuf_2)
                                                         net54 (net)
                      0.124942    0.000521    1.642344 ^ fanout52/A (sky130_fd_sc_hd__clkbuf_4)
    10    0.052351    0.122906    0.178266    1.820611 ^ fanout52/X (sky130_fd_sc_hd__clkbuf_4)
                                                         net52 (net)
                      0.123079    0.003193    1.823804 ^ _282_/RESET_B (sky130_fd_sc_hd__dfrtp_1)
                                              1.823804   data arrival time

                                  5.000000    5.000000   clock clk (rise edge)
                                  0.000000    5.000000   clock source latency
     1    0.013705    0.051074    0.034119    5.034120 ^ clk (in)
                                                         clk (net)
                      0.051076    0.000000    5.034120 ^ clkbuf_0_clk/A (sky130_fd_sc_hd__clkbuf_16)
     4    0.042753    0.047106    0.103952    5.138071 ^ clkbuf_0_clk/X (sky130_fd_sc_hd__clkbuf_16)
                                                         clknet_0_clk (net)
                      0.047173    0.001508    5.139579 ^ clkbuf_2_0__f_clk/A (sky130_fd_sc_hd__clkbuf_16)
    13    0.042592    0.046930    0.102305    5.241884 ^ clkbuf_2_0__f_clk/X (sky130_fd_sc_hd__clkbuf_16)
                                                         clknet_2_0__leaf_clk (net)
                      0.047109    0.002169    5.244053 ^ _282_/CLK (sky130_fd_sc_hd__dfrtp_1)
                                 -0.250000    4.994053   clock uncertainty
                                  0.000000    4.994053   clock reconvergence pessimism
                                  0.128909    5.122962   library recovery time
                                              5.122962   data required time
---------------------------------------------------------------------------------------------
                                              5.122962   data required time
                                             -1.823804   data arrival time
---------------------------------------------------------------------------------------------
                                              3.299159   slack (MET)


Startpoint: res_n (input port clocked by clk)
Endpoint: _276_ (recovery check against rising-edge clock clk)
Path Group: asynchronous
Path Type: max

Fanout         Cap        Slew       Delay        Time   Description
---------------------------------------------------------------------------------------------
                                  0.000000    0.000000   clock clk (rise edge)
                                  0.000000    0.000000   clock network delay (propagated)
                                  1.000000    1.000000 ^ input external delay
     1    0.002419    0.012566    0.006240    1.006240 ^ res_n (in)
                                                         res_n (net)
                      0.012566    0.000000    1.006240 ^ hold4/A (sky130_fd_sc_hd__dlygate4sd3_1)
     1    0.002322    0.034488    0.363416    1.369656 ^ hold4/X (sky130_fd_sc_hd__dlygate4sd3_1)
                                                         net95 (net)
                      0.034488    0.000044    1.369700 ^ input23/A (sky130_fd_sc_hd__buf_1)
     3    0.014002    0.126659    0.118109    1.487808 ^ input23/X (sky130_fd_sc_hd__buf_1)
                                                         net23 (net)
                      0.126659    0.000204    1.488012 ^ fanout54/A (sky130_fd_sc_hd__clkbuf_2)
     5    0.029183    0.124939    0.153811    1.641823 ^ fanout54/X (sky130_fd_sc_hd__clkbuf_2)
                                                         net54 (net)
                      0.124942    0.000521    1.642344 ^ fanout52/A (sky130_fd_sc_hd__clkbuf_4)
    10    0.052351    0.122906    0.178266    1.820611 ^ fanout52/X (sky130_fd_sc_hd__clkbuf_4)
                                                         net52 (net)
                      0.123067    0.003042    1.823653 ^ _276_/RESET_B (sky130_fd_sc_hd__dfrtp_1)
                                              1.823653   data arrival time

                                  5.000000    5.000000   clock clk (rise edge)
                                  0.000000    5.000000   clock source latency
     1    0.013705    0.051074    0.034119    5.034120 ^ clk (in)
                                                         clk (net)
                      0.051076    0.000000    5.034120 ^ clkbuf_0_clk/A (sky130_fd_sc_hd__clkbuf_16)
     4    0.042753    0.047106    0.103952    5.138071 ^ clkbuf_0_clk/X (sky130_fd_sc_hd__clkbuf_16)
                                                         clknet_0_clk (net)
                      0.047173    0.001508    5.139579 ^ clkbuf_2_0__f_clk/A (sky130_fd_sc_hd__clkbuf_16)
    13    0.042592    0.046930    0.102305    5.241884 ^ clkbuf_2_0__f_clk/X (sky130_fd_sc_hd__clkbuf_16)
                                                         clknet_2_0__leaf_clk (net)
                      0.047092    0.002055    5.243939 ^ _276_/CLK (sky130_fd_sc_hd__dfrtp_1)
                                 -0.250000    4.993939   clock uncertainty
                                  0.000000    4.993939   clock reconvergence pessimism
                                  0.128909    5.122848   library recovery time
                                              5.122848   data required time
---------------------------------------------------------------------------------------------
                                              5.122848   data required time
                                             -1.823653   data arrival time
---------------------------------------------------------------------------------------------
                                              3.299195   slack (MET)


Startpoint: res_n (input port clocked by clk)
Endpoint: _279_ (recovery check against rising-edge clock clk)
Path Group: asynchronous
Path Type: max

Fanout         Cap        Slew       Delay        Time   Description
---------------------------------------------------------------------------------------------
                                  0.000000    0.000000   clock clk (rise edge)
                                  0.000000    0.000000   clock network delay (propagated)
                                  1.000000    1.000000 ^ input external delay
     1    0.002419    0.012566    0.006240    1.006240 ^ res_n (in)
                                                         res_n (net)
                      0.012566    0.000000    1.006240 ^ hold4/A (sky130_fd_sc_hd__dlygate4sd3_1)
     1    0.002322    0.034488    0.363416    1.369656 ^ hold4/X (sky130_fd_sc_hd__dlygate4sd3_1)
                                                         net95 (net)
                      0.034488    0.000044    1.369700 ^ input23/A (sky130_fd_sc_hd__buf_1)
     3    0.014002    0.126659    0.118109    1.487808 ^ input23/X (sky130_fd_sc_hd__buf_1)
                                                         net23 (net)
                      0.126659    0.000204    1.488012 ^ fanout54/A (sky130_fd_sc_hd__clkbuf_2)
     5    0.029183    0.124939    0.153811    1.641823 ^ fanout54/X (sky130_fd_sc_hd__clkbuf_2)
                                                         net54 (net)
                      0.124942    0.000521    1.642344 ^ fanout52/A (sky130_fd_sc_hd__clkbuf_4)
    10    0.052351    0.122906    0.178266    1.820611 ^ fanout52/X (sky130_fd_sc_hd__clkbuf_4)
                                                         net52 (net)
                      0.123073    0.003112    1.823723 ^ _279_/RESET_B (sky130_fd_sc_hd__dfrtp_1)
                                              1.823723   data arrival time

                                  5.000000    5.000000   clock clk (rise edge)
                                  0.000000    5.000000   clock source latency
     1    0.013705    0.051074    0.034119    5.034120 ^ clk (in)
                                                         clk (net)
                      0.051076    0.000000    5.034120 ^ clkbuf_0_clk/A (sky130_fd_sc_hd__clkbuf_16)
     4    0.042753    0.047106    0.103952    5.138071 ^ clkbuf_0_clk/X (sky130_fd_sc_hd__clkbuf_16)
                                                         clknet_0_clk (net)
                      0.047173    0.001508    5.139579 ^ clkbuf_2_0__f_clk/A (sky130_fd_sc_hd__clkbuf_16)
    13    0.042592    0.046930    0.102305    5.241884 ^ clkbuf_2_0__f_clk/X (sky130_fd_sc_hd__clkbuf_16)
                                                         clknet_2_0__leaf_clk (net)
                      0.047123    0.002266    5.244150 ^ _279_/CLK (sky130_fd_sc_hd__dfrtp_1)
                                 -0.250000    4.994150   clock uncertainty
                                  0.000000    4.994150   clock reconvergence pessimism
                                  0.128913    5.123063   library recovery time
                                              5.123063   data required time
---------------------------------------------------------------------------------------------
                                              5.123063   data required time
                                             -1.823723   data arrival time
---------------------------------------------------------------------------------------------
                                              3.299340   slack (MET)


Startpoint: res_n (input port clocked by clk)
Endpoint: _278_ (recovery check against rising-edge clock clk)
Path Group: asynchronous
Path Type: max

Fanout         Cap        Slew       Delay        Time   Description
---------------------------------------------------------------------------------------------
                                  0.000000    0.000000   clock clk (rise edge)
                                  0.000000    0.000000   clock network delay (propagated)
                                  1.000000    1.000000 ^ input external delay
     1    0.002419    0.012566    0.006240    1.006240 ^ res_n (in)
                                                         res_n (net)
                      0.012566    0.000000    1.006240 ^ hold4/A (sky130_fd_sc_hd__dlygate4sd3_1)
     1    0.002322    0.034488    0.363416    1.369656 ^ hold4/X (sky130_fd_sc_hd__dlygate4sd3_1)
                                                         net95 (net)
                      0.034488    0.000044    1.369700 ^ input23/A (sky130_fd_sc_hd__buf_1)
     3    0.014002    0.126659    0.118109    1.487808 ^ input23/X (sky130_fd_sc_hd__buf_1)
                                                         net23 (net)
                      0.126659    0.000204    1.488012 ^ fanout54/A (sky130_fd_sc_hd__clkbuf_2)
     5    0.029183    0.124939    0.153811    1.641823 ^ fanout54/X (sky130_fd_sc_hd__clkbuf_2)
                                                         net54 (net)
                      0.124942    0.000521    1.642344 ^ fanout52/A (sky130_fd_sc_hd__clkbuf_4)
    10    0.052351    0.122906    0.178266    1.820611 ^ fanout52/X (sky130_fd_sc_hd__clkbuf_4)
                                                         net52 (net)
                      0.123044    0.002715    1.823325 ^ _278_/RESET_B (sky130_fd_sc_hd__dfrtp_1)
                                              1.823325   data arrival time

                                  5.000000    5.000000   clock clk (rise edge)
                                  0.000000    5.000000   clock source latency
     1    0.013705    0.051074    0.034119    5.034120 ^ clk (in)
                                                         clk (net)
                      0.051076    0.000000    5.034120 ^ clkbuf_0_clk/A (sky130_fd_sc_hd__clkbuf_16)
     4    0.042753    0.047106    0.103952    5.138071 ^ clkbuf_0_clk/X (sky130_fd_sc_hd__clkbuf_16)
                                                         clknet_0_clk (net)
                      0.047173    0.001508    5.139579 ^ clkbuf_2_0__f_clk/A (sky130_fd_sc_hd__clkbuf_16)
    13    0.042592    0.046930    0.102305    5.241884 ^ clkbuf_2_0__f_clk/X (sky130_fd_sc_hd__clkbuf_16)
                                                         clknet_2_0__leaf_clk (net)
                      0.047173    0.002582    5.244466 ^ _278_/CLK (sky130_fd_sc_hd__dfrtp_1)
                                 -0.250000    4.994466   clock uncertainty
                                  0.000000    4.994466   clock reconvergence pessimism
                                  0.128926    5.123392   library recovery time
                                              5.123392   data required time
---------------------------------------------------------------------------------------------
                                              5.123392   data required time
                                             -1.823325   data arrival time
---------------------------------------------------------------------------------------------
                                              3.300066   slack (MET)


Startpoint: res_n (input port clocked by clk)
Endpoint: _267_ (recovery check against rising-edge clock clk)
Path Group: asynchronous
Path Type: max

Fanout         Cap        Slew       Delay        Time   Description
---------------------------------------------------------------------------------------------
                                  0.000000    0.000000   clock clk (rise edge)
                                  0.000000    0.000000   clock network delay (propagated)
                                  1.000000    1.000000 ^ input external delay
     1    0.002419    0.012566    0.006240    1.006240 ^ res_n (in)
                                                         res_n (net)
                      0.012566    0.000000    1.006240 ^ hold4/A (sky130_fd_sc_hd__dlygate4sd3_1)
     1    0.002322    0.034488    0.363416    1.369656 ^ hold4/X (sky130_fd_sc_hd__dlygate4sd3_1)
                                                         net95 (net)
                      0.034488    0.000044    1.369700 ^ input23/A (sky130_fd_sc_hd__buf_1)
     3    0.014002    0.126659    0.118109    1.487808 ^ input23/X (sky130_fd_sc_hd__buf_1)
                                                         net23 (net)
                      0.126659    0.000204    1.488012 ^ fanout54/A (sky130_fd_sc_hd__clkbuf_2)
     5    0.029183    0.124939    0.153811    1.641823 ^ fanout54/X (sky130_fd_sc_hd__clkbuf_2)
                                                         net54 (net)
                      0.124942    0.000521    1.642344 ^ fanout52/A (sky130_fd_sc_hd__clkbuf_4)
    10    0.052351    0.122906    0.178266    1.820611 ^ fanout52/X (sky130_fd_sc_hd__clkbuf_4)
                                                         net52 (net)
                      0.123016    0.002255    1.822866 ^ _267_/RESET_B (sky130_fd_sc_hd__dfrtp_1)
                                              1.822866   data arrival time

                                  5.000000    5.000000   clock clk (rise edge)
                                  0.000000    5.000000   clock source latency
     1    0.013705    0.051074    0.034119    5.034120 ^ clk (in)
                                                         clk (net)
                      0.051076    0.000000    5.034120 ^ clkbuf_0_clk/A (sky130_fd_sc_hd__clkbuf_16)
     4    0.042753    0.047106    0.103952    5.138071 ^ clkbuf_0_clk/X (sky130_fd_sc_hd__clkbuf_16)
                                                         clknet_0_clk (net)
                      0.047173    0.001508    5.139579 ^ clkbuf_2_0__f_clk/A (sky130_fd_sc_hd__clkbuf_16)
    13    0.042592    0.046930    0.102305    5.241884 ^ clkbuf_2_0__f_clk/X (sky130_fd_sc_hd__clkbuf_16)
                                                         clknet_2_0__leaf_clk (net)
                      0.047190    0.002683    5.244567 ^ _267_/CLK (sky130_fd_sc_hd__dfrtp_1)
                                 -0.250000    4.994567   clock uncertainty
                                  0.000000    4.994567   clock reconvergence pessimism
                                  0.128934    5.123500   library recovery time
                                              5.123500   data required time
---------------------------------------------------------------------------------------------
                                              5.123500   data required time
                                             -1.822866   data arrival time
---------------------------------------------------------------------------------------------
                                              3.300635   slack (MET)


Startpoint: res_n (input port clocked by clk)
Endpoint: _299_ (recovery check against rising-edge clock clk)
Path Group: asynchronous
Path Type: max

Fanout         Cap        Slew       Delay        Time   Description
---------------------------------------------------------------------------------------------
                                  0.000000    0.000000   clock clk (rise edge)
                                  0.000000    0.000000   clock network delay (propagated)
                                  1.000000    1.000000 ^ input external delay
     1    0.002419    0.012566    0.006240    1.006240 ^ res_n (in)
                                                         res_n (net)
                      0.012566    0.000000    1.006240 ^ hold4/A (sky130_fd_sc_hd__dlygate4sd3_1)
     1    0.002322    0.034488    0.363416    1.369656 ^ hold4/X (sky130_fd_sc_hd__dlygate4sd3_1)
                                                         net95 (net)
                      0.034488    0.000044    1.369700 ^ input23/A (sky130_fd_sc_hd__buf_1)
     3    0.014002    0.126659    0.118109    1.487808 ^ input23/X (sky130_fd_sc_hd__buf_1)
                                                         net23 (net)
                      0.126659    0.000204    1.488012 ^ fanout54/A (sky130_fd_sc_hd__clkbuf_2)
     5    0.029183    0.124939    0.153811    1.641823 ^ fanout54/X (sky130_fd_sc_hd__clkbuf_2)
                                                         net54 (net)
                      0.124964    0.001470    1.643293 ^ fanout53/A (sky130_fd_sc_hd__clkbuf_4)
    10    0.047478    0.112532    0.171447    1.814740 ^ fanout53/X (sky130_fd_sc_hd__clkbuf_4)
                                                         net53 (net)
                      0.112638    0.002112    1.816852 ^ _299_/RESET_B (sky130_fd_sc_hd__dfrtp_1)
                                              1.816852   data arrival time

                                  5.000000    5.000000   clock clk (rise edge)
                                  0.000000    5.000000   clock source latency
     1    0.013705    0.051074    0.034119    5.034120 ^ clk (in)
                                                         clk (net)
                      0.051076    0.000000    5.034120 ^ clkbuf_0_clk/A (sky130_fd_sc_hd__clkbuf_16)
     4    0.042753    0.047106    0.103952    5.138071 ^ clkbuf_0_clk/X (sky130_fd_sc_hd__clkbuf_16)
                                                         clknet_0_clk (net)
                      0.047132    0.001014    5.139085 ^ clkbuf_2_2__f_clk/A (sky130_fd_sc_hd__clkbuf_16)
    10    0.034790    0.041474    0.098615    5.237700 ^ clkbuf_2_2__f_clk/X (sky130_fd_sc_hd__clkbuf_16)
                                                         clknet_2_2__leaf_clk (net)
                      0.041475    0.000404    5.238104 ^ _299_/CLK (sky130_fd_sc_hd__dfrtp_1)
                                 -0.250000    4.988104   clock uncertainty
                                  0.000000    4.988104   clock reconvergence pessimism
                                  0.129994    5.118098   library recovery time
                                              5.118098   data required time
---------------------------------------------------------------------------------------------
                                              5.118098   data required time
                                             -1.816852   data arrival time
---------------------------------------------------------------------------------------------
                                              3.301245   slack (MET)


Startpoint: res_n (input port clocked by clk)
Endpoint: _285_ (recovery check against rising-edge clock clk)
Path Group: asynchronous
Path Type: max

Fanout         Cap        Slew       Delay        Time   Description
---------------------------------------------------------------------------------------------
                                  0.000000    0.000000   clock clk (rise edge)
                                  0.000000    0.000000   clock network delay (propagated)
                                  1.000000    1.000000 ^ input external delay
     1    0.002419    0.012566    0.006240    1.006240 ^ res_n (in)
                                                         res_n (net)
                      0.012566    0.000000    1.006240 ^ hold4/A (sky130_fd_sc_hd__dlygate4sd3_1)
     1    0.002322    0.034488    0.363416    1.369656 ^ hold4/X (sky130_fd_sc_hd__dlygate4sd3_1)
                                                         net95 (net)
                      0.034488    0.000044    1.369700 ^ input23/A (sky130_fd_sc_hd__buf_1)
     3    0.014002    0.126659    0.118109    1.487808 ^ input23/X (sky130_fd_sc_hd__buf_1)
                                                         net23 (net)
                      0.126659    0.000204    1.488012 ^ fanout54/A (sky130_fd_sc_hd__clkbuf_2)
     5    0.029183    0.124939    0.153811    1.641823 ^ fanout54/X (sky130_fd_sc_hd__clkbuf_2)
                                                         net54 (net)
                      0.124964    0.001470    1.643293 ^ fanout53/A (sky130_fd_sc_hd__clkbuf_4)
    10    0.047478    0.112532    0.171447    1.814740 ^ fanout53/X (sky130_fd_sc_hd__clkbuf_4)
                                                         net53 (net)
                      0.112637    0.002090    1.816830 ^ _285_/RESET_B (sky130_fd_sc_hd__dfrtp_1)
                                              1.816830   data arrival time

                                  5.000000    5.000000   clock clk (rise edge)
                                  0.000000    5.000000   clock source latency
     1    0.013705    0.051074    0.034119    5.034120 ^ clk (in)
                                                         clk (net)
                      0.051076    0.000000    5.034120 ^ clkbuf_0_clk/A (sky130_fd_sc_hd__clkbuf_16)
     4    0.042753    0.047106    0.103952    5.138071 ^ clkbuf_0_clk/X (sky130_fd_sc_hd__clkbuf_16)
                                                         clknet_0_clk (net)
                      0.047132    0.001014    5.139085 ^ clkbuf_2_2__f_clk/A (sky130_fd_sc_hd__clkbuf_16)
    10    0.034790    0.041474    0.098615    5.237700 ^ clkbuf_2_2__f_clk/X (sky130_fd_sc_hd__clkbuf_16)
                                                         clknet_2_2__leaf_clk (net)
                      0.041475    0.000394    5.238094 ^ _285_/CLK (sky130_fd_sc_hd__dfrtp_1)
                                 -0.250000    4.988094   clock uncertainty
                                  0.000000    4.988094   clock reconvergence pessimism
                                  0.129994    5.118089   library recovery time
                                              5.118089   data required time
---------------------------------------------------------------------------------------------
                                              5.118089   data required time
                                             -1.816830   data arrival time
---------------------------------------------------------------------------------------------
                                              3.301259   slack (MET)


Startpoint: res_n (input port clocked by clk)
Endpoint: _277_ (recovery check against rising-edge clock clk)
Path Group: asynchronous
Path Type: max

Fanout         Cap        Slew       Delay        Time   Description
---------------------------------------------------------------------------------------------
                                  0.000000    0.000000   clock clk (rise edge)
                                  0.000000    0.000000   clock network delay (propagated)
                                  1.000000    1.000000 ^ input external delay
     1    0.002419    0.012566    0.006240    1.006240 ^ res_n (in)
                                                         res_n (net)
                      0.012566    0.000000    1.006240 ^ hold4/A (sky130_fd_sc_hd__dlygate4sd3_1)
     1    0.002322    0.034488    0.363416    1.369656 ^ hold4/X (sky130_fd_sc_hd__dlygate4sd3_1)
                                                         net95 (net)
                      0.034488    0.000044    1.369700 ^ input23/A (sky130_fd_sc_hd__buf_1)
     3    0.014002    0.126659    0.118109    1.487808 ^ input23/X (sky130_fd_sc_hd__buf_1)
                                                         net23 (net)
                      0.126659    0.000204    1.488012 ^ fanout54/A (sky130_fd_sc_hd__clkbuf_2)
     5    0.029183    0.124939    0.153811    1.641823 ^ fanout54/X (sky130_fd_sc_hd__clkbuf_2)
                                                         net54 (net)
                      0.124964    0.001470    1.643293 ^ fanout53/A (sky130_fd_sc_hd__clkbuf_4)
    10    0.047478    0.112532    0.171447    1.814740 ^ fanout53/X (sky130_fd_sc_hd__clkbuf_4)
                                                         net53 (net)
                      0.112678    0.002721    1.817461 ^ _277_/RESET_B (sky130_fd_sc_hd__dfrtp_1)
                                              1.817461   data arrival time

                                  5.000000    5.000000   clock clk (rise edge)
                                  0.000000    5.000000   clock source latency
     1    0.013705    0.051074    0.034119    5.034120 ^ clk (in)
                                                         clk (net)
                      0.051076    0.000000    5.034120 ^ clkbuf_0_clk/A (sky130_fd_sc_hd__clkbuf_16)
     4    0.042753    0.047106    0.103952    5.138071 ^ clkbuf_0_clk/X (sky130_fd_sc_hd__clkbuf_16)
                                                         clknet_0_clk (net)
                      0.047132    0.001014    5.139085 ^ clkbuf_2_2__f_clk/A (sky130_fd_sc_hd__clkbuf_16)
    10    0.034790    0.041474    0.098615    5.237700 ^ clkbuf_2_2__f_clk/X (sky130_fd_sc_hd__clkbuf_16)
                                                         clknet_2_2__leaf_clk (net)
                      0.041500    0.001081    5.238781 ^ _277_/CLK (sky130_fd_sc_hd__dfrtp_1)
                                 -0.250000    4.988781   clock uncertainty
                                  0.000000    4.988781   clock reconvergence pessimism
                                  0.129990    5.118772   library recovery time
                                              5.118772   data required time
---------------------------------------------------------------------------------------------
                                              5.118772   data required time
                                             -1.817461   data arrival time
---------------------------------------------------------------------------------------------
                                              3.301311   slack (MET)


Startpoint: res_n (input port clocked by clk)
Endpoint: _290_ (recovery check against rising-edge clock clk)
Path Group: asynchronous
Path Type: max

Fanout         Cap        Slew       Delay        Time   Description
---------------------------------------------------------------------------------------------
                                  0.000000    0.000000   clock clk (rise edge)
                                  0.000000    0.000000   clock network delay (propagated)
                                  1.000000    1.000000 ^ input external delay
     1    0.002419    0.012566    0.006240    1.006240 ^ res_n (in)
                                                         res_n (net)
                      0.012566    0.000000    1.006240 ^ hold4/A (sky130_fd_sc_hd__dlygate4sd3_1)
     1    0.002322    0.034488    0.363416    1.369656 ^ hold4/X (sky130_fd_sc_hd__dlygate4sd3_1)
                                                         net95 (net)
                      0.034488    0.000044    1.369700 ^ input23/A (sky130_fd_sc_hd__buf_1)
     3    0.014002    0.126659    0.118109    1.487808 ^ input23/X (sky130_fd_sc_hd__buf_1)
                                                         net23 (net)
                      0.126659    0.000204    1.488012 ^ fanout54/A (sky130_fd_sc_hd__clkbuf_2)
     5    0.029183    0.124939    0.153811    1.641823 ^ fanout54/X (sky130_fd_sc_hd__clkbuf_2)
                                                         net54 (net)
                      0.124964    0.001470    1.643293 ^ fanout53/A (sky130_fd_sc_hd__clkbuf_4)
    10    0.047478    0.112532    0.171447    1.814740 ^ fanout53/X (sky130_fd_sc_hd__clkbuf_4)
                                                         net53 (net)
                      0.112672    0.002643    1.817383 ^ _290_/RESET_B (sky130_fd_sc_hd__dfrtp_1)
                                              1.817383   data arrival time

                                  5.000000    5.000000   clock clk (rise edge)
                                  0.000000    5.000000   clock source latency
     1    0.013705    0.051074    0.034119    5.034120 ^ clk (in)
                                                         clk (net)
                      0.051076    0.000000    5.034120 ^ clkbuf_0_clk/A (sky130_fd_sc_hd__clkbuf_16)
     4    0.042753    0.047106    0.103952    5.138071 ^ clkbuf_0_clk/X (sky130_fd_sc_hd__clkbuf_16)
                                                         clknet_0_clk (net)
                      0.047132    0.001014    5.139085 ^ clkbuf_2_2__f_clk/A (sky130_fd_sc_hd__clkbuf_16)
    10    0.034790    0.041474    0.098615    5.237700 ^ clkbuf_2_2__f_clk/X (sky130_fd_sc_hd__clkbuf_16)
                                                         clknet_2_2__leaf_clk (net)
                      0.041507    0.001168    5.238868 ^ _290_/CLK (sky130_fd_sc_hd__dfrtp_1)
                                 -0.250000    4.988868   clock uncertainty
                                  0.000000    4.988868   clock reconvergence pessimism
                                  0.129992    5.118861   library recovery time
                                              5.118861   data required time
---------------------------------------------------------------------------------------------
                                              5.118861   data required time
                                             -1.817383   data arrival time
---------------------------------------------------------------------------------------------
                                              3.301477   slack (MET)


Startpoint: res_n (input port clocked by clk)
Endpoint: _289_ (recovery check against rising-edge clock clk)
Path Group: asynchronous
Path Type: max

Fanout         Cap        Slew       Delay        Time   Description
---------------------------------------------------------------------------------------------
                                  0.000000    0.000000   clock clk (rise edge)
                                  0.000000    0.000000   clock network delay (propagated)
                                  1.000000    1.000000 ^ input external delay
     1    0.002419    0.012566    0.006240    1.006240 ^ res_n (in)
                                                         res_n (net)
                      0.012566    0.000000    1.006240 ^ hold4/A (sky130_fd_sc_hd__dlygate4sd3_1)
     1    0.002322    0.034488    0.363416    1.369656 ^ hold4/X (sky130_fd_sc_hd__dlygate4sd3_1)
                                                         net95 (net)
                      0.034488    0.000044    1.369700 ^ input23/A (sky130_fd_sc_hd__buf_1)
     3    0.014002    0.126659    0.118109    1.487808 ^ input23/X (sky130_fd_sc_hd__buf_1)
                                                         net23 (net)
                      0.126659    0.000204    1.488012 ^ fanout54/A (sky130_fd_sc_hd__clkbuf_2)
     5    0.029183    0.124939    0.153811    1.641823 ^ fanout54/X (sky130_fd_sc_hd__clkbuf_2)
                                                         net54 (net)
                      0.124964    0.001470    1.643293 ^ fanout53/A (sky130_fd_sc_hd__clkbuf_4)
    10    0.047478    0.112532    0.171447    1.814740 ^ fanout53/X (sky130_fd_sc_hd__clkbuf_4)
                                                         net53 (net)
                      0.112666    0.002555    1.817295 ^ _289_/RESET_B (sky130_fd_sc_hd__dfrtp_1)
                                              1.817295   data arrival time

                                  5.000000    5.000000   clock clk (rise edge)
                                  0.000000    5.000000   clock source latency
     1    0.013705    0.051074    0.034119    5.034120 ^ clk (in)
                                                         clk (net)
                      0.051076    0.000000    5.034120 ^ clkbuf_0_clk/A (sky130_fd_sc_hd__clkbuf_16)
     4    0.042753    0.047106    0.103952    5.138071 ^ clkbuf_0_clk/X (sky130_fd_sc_hd__clkbuf_16)
                                                         clknet_0_clk (net)
                      0.047132    0.001014    5.139085 ^ clkbuf_2_2__f_clk/A (sky130_fd_sc_hd__clkbuf_16)
    10    0.034790    0.041474    0.098615    5.237700 ^ clkbuf_2_2__f_clk/X (sky130_fd_sc_hd__clkbuf_16)
                                                         clknet_2_2__leaf_clk (net)
                      0.041508    0.001189    5.238889 ^ _289_/CLK (sky130_fd_sc_hd__dfrtp_1)
                                 -0.250000    4.988889   clock uncertainty
                                  0.000000    4.988889   clock reconvergence pessimism
                                  0.129994    5.118883   library recovery time
                                              5.118883   data required time
---------------------------------------------------------------------------------------------
                                              5.118883   data required time
                                             -1.817295   data arrival time
---------------------------------------------------------------------------------------------
                                              3.301588   slack (MET)


Startpoint: res_n (input port clocked by clk)
Endpoint: _287_ (recovery check against rising-edge clock clk)
Path Group: asynchronous
Path Type: max

Fanout         Cap        Slew       Delay        Time   Description
---------------------------------------------------------------------------------------------
                                  0.000000    0.000000   clock clk (rise edge)
                                  0.000000    0.000000   clock network delay (propagated)
                                  1.000000    1.000000 ^ input external delay
     1    0.002419    0.012566    0.006240    1.006240 ^ res_n (in)
                                                         res_n (net)
                      0.012566    0.000000    1.006240 ^ hold4/A (sky130_fd_sc_hd__dlygate4sd3_1)
     1    0.002322    0.034488    0.363416    1.369656 ^ hold4/X (sky130_fd_sc_hd__dlygate4sd3_1)
                                                         net95 (net)
                      0.034488    0.000044    1.369700 ^ input23/A (sky130_fd_sc_hd__buf_1)
     3    0.014002    0.126659    0.118109    1.487808 ^ input23/X (sky130_fd_sc_hd__buf_1)
                                                         net23 (net)
                      0.126659    0.000204    1.488012 ^ fanout54/A (sky130_fd_sc_hd__clkbuf_2)
     5    0.029183    0.124939    0.153811    1.641823 ^ fanout54/X (sky130_fd_sc_hd__clkbuf_2)
                                                         net54 (net)
                      0.124964    0.001470    1.643293 ^ fanout53/A (sky130_fd_sc_hd__clkbuf_4)
    10    0.047478    0.112532    0.171447    1.814740 ^ fanout53/X (sky130_fd_sc_hd__clkbuf_4)
                                                         net53 (net)
                      0.112654    0.002381    1.817121 ^ _287_/RESET_B (sky130_fd_sc_hd__dfrtp_1)
                                              1.817121   data arrival time

                                  5.000000    5.000000   clock clk (rise edge)
                                  0.000000    5.000000   clock source latency
     1    0.013705    0.051074    0.034119    5.034120 ^ clk (in)
                                                         clk (net)
                      0.051076    0.000000    5.034120 ^ clkbuf_0_clk/A (sky130_fd_sc_hd__clkbuf_16)
     4    0.042753    0.047106    0.103952    5.138071 ^ clkbuf_0_clk/X (sky130_fd_sc_hd__clkbuf_16)
                                                         clknet_0_clk (net)
                      0.047132    0.001014    5.139085 ^ clkbuf_2_2__f_clk/A (sky130_fd_sc_hd__clkbuf_16)
    10    0.034790    0.041474    0.098615    5.237700 ^ clkbuf_2_2__f_clk/X (sky130_fd_sc_hd__clkbuf_16)
                                                         clknet_2_2__leaf_clk (net)
                      0.041511    0.001228    5.238928 ^ _287_/CLK (sky130_fd_sc_hd__dfrtp_1)
                                 -0.250000    4.988928   clock uncertainty
                                  0.000000    4.988928   clock reconvergence pessimism
                                  0.129996    5.118925   library recovery time
                                              5.118925   data required time
---------------------------------------------------------------------------------------------
                                              5.118925   data required time
                                             -1.817121   data arrival time
---------------------------------------------------------------------------------------------
                                              3.301804   slack (MET)


Startpoint: res_n (input port clocked by clk)
Endpoint: _263_ (recovery check against rising-edge clock clk)
Path Group: asynchronous
Path Type: max

Fanout         Cap        Slew       Delay        Time   Description
---------------------------------------------------------------------------------------------
                                  0.000000    0.000000   clock clk (rise edge)
                                  0.000000    0.000000   clock network delay (propagated)
                                  1.000000    1.000000 ^ input external delay
     1    0.002419    0.012566    0.006240    1.006240 ^ res_n (in)
                                                         res_n (net)
                      0.012566    0.000000    1.006240 ^ hold4/A (sky130_fd_sc_hd__dlygate4sd3_1)
     1    0.002322    0.034488    0.363416    1.369656 ^ hold4/X (sky130_fd_sc_hd__dlygate4sd3_1)
                                                         net95 (net)
                      0.034488    0.000044    1.369700 ^ input23/A (sky130_fd_sc_hd__buf_1)
     3    0.014002    0.126659    0.118109    1.487808 ^ input23/X (sky130_fd_sc_hd__buf_1)
                                                         net23 (net)
                      0.126659    0.000204    1.488012 ^ fanout54/A (sky130_fd_sc_hd__clkbuf_2)
     5    0.029183    0.124939    0.153811    1.641823 ^ fanout54/X (sky130_fd_sc_hd__clkbuf_2)
                                                         net54 (net)
                      0.124964    0.001470    1.643293 ^ fanout53/A (sky130_fd_sc_hd__clkbuf_4)
    10    0.047478    0.112532    0.171447    1.814740 ^ fanout53/X (sky130_fd_sc_hd__clkbuf_4)
                                                         net53 (net)
                      0.112617    0.001695    1.816435 ^ _263_/RESET_B (sky130_fd_sc_hd__dfrtp_1)
                                              1.816435   data arrival time

                                  5.000000    5.000000   clock clk (rise edge)
                                  0.000000    5.000000   clock source latency
     1    0.013705    0.051074    0.034119    5.034120 ^ clk (in)
                                                         clk (net)
                      0.051076    0.000000    5.034120 ^ clkbuf_0_clk/A (sky130_fd_sc_hd__clkbuf_16)
     4    0.042753    0.047106    0.103952    5.138071 ^ clkbuf_0_clk/X (sky130_fd_sc_hd__clkbuf_16)
                                                         clknet_0_clk (net)
                      0.047132    0.001014    5.139085 ^ clkbuf_2_2__f_clk/A (sky130_fd_sc_hd__clkbuf_16)
    10    0.034790    0.041474    0.098615    5.237700 ^ clkbuf_2_2__f_clk/X (sky130_fd_sc_hd__clkbuf_16)
                                                         clknet_2_2__leaf_clk (net)
                      0.041479    0.000744    5.238444 ^ _263_/CLK (sky130_fd_sc_hd__dfrtp_1)
                                 -0.250000    4.988444   clock uncertainty
                                  0.000000    4.988444   clock reconvergence pessimism
                                  0.129999    5.118443   library recovery time
                                              5.118443   data required time
---------------------------------------------------------------------------------------------
                                              5.118443   data required time
                                             -1.816435   data arrival time
---------------------------------------------------------------------------------------------
                                              3.302008   slack (MET)


Startpoint: res_n (input port clocked by clk)
Endpoint: _288_ (recovery check against rising-edge clock clk)
Path Group: asynchronous
Path Type: max

Fanout         Cap        Slew       Delay        Time   Description
---------------------------------------------------------------------------------------------
                                  0.000000    0.000000   clock clk (rise edge)
                                  0.000000    0.000000   clock network delay (propagated)
                                  1.000000    1.000000 ^ input external delay
     1    0.002419    0.012566    0.006240    1.006240 ^ res_n (in)
                                                         res_n (net)
                      0.012566    0.000000    1.006240 ^ hold4/A (sky130_fd_sc_hd__dlygate4sd3_1)
     1    0.002322    0.034488    0.363416    1.369656 ^ hold4/X (sky130_fd_sc_hd__dlygate4sd3_1)
                                                         net95 (net)
                      0.034488    0.000044    1.369700 ^ input23/A (sky130_fd_sc_hd__buf_1)
     3    0.014002    0.126659    0.118109    1.487808 ^ input23/X (sky130_fd_sc_hd__buf_1)
                                                         net23 (net)
                      0.126659    0.000204    1.488012 ^ fanout54/A (sky130_fd_sc_hd__clkbuf_2)
     5    0.029183    0.124939    0.153811    1.641823 ^ fanout54/X (sky130_fd_sc_hd__clkbuf_2)
                                                         net54 (net)
                      0.124964    0.001470    1.643293 ^ fanout53/A (sky130_fd_sc_hd__clkbuf_4)
    10    0.047478    0.112532    0.171447    1.814740 ^ fanout53/X (sky130_fd_sc_hd__clkbuf_4)
                                                         net53 (net)
                      0.112643    0.002197    1.816937 ^ _288_/RESET_B (sky130_fd_sc_hd__dfrtp_1)
                                              1.816937   data arrival time

                                  5.000000    5.000000   clock clk (rise edge)
                                  0.000000    5.000000   clock source latency
     1    0.013705    0.051074    0.034119    5.034120 ^ clk (in)
                                                         clk (net)
                      0.051076    0.000000    5.034120 ^ clkbuf_0_clk/A (sky130_fd_sc_hd__clkbuf_16)
     4    0.042753    0.047106    0.103952    5.138071 ^ clkbuf_0_clk/X (sky130_fd_sc_hd__clkbuf_16)
                                                         clknet_0_clk (net)
                      0.047132    0.001014    5.139085 ^ clkbuf_2_2__f_clk/A (sky130_fd_sc_hd__clkbuf_16)
    10    0.034790    0.041474    0.098615    5.237700 ^ clkbuf_2_2__f_clk/X (sky130_fd_sc_hd__clkbuf_16)
                                                         clknet_2_2__leaf_clk (net)
                      0.041514    0.001263    5.238964 ^ _288_/CLK (sky130_fd_sc_hd__dfrtp_1)
                                 -0.250000    4.988964   clock uncertainty
                                  0.000000    4.988964   clock reconvergence pessimism
                                  0.129999    5.118963   library recovery time
                                              5.118963   data required time
---------------------------------------------------------------------------------------------
                                              5.118963   data required time
                                             -1.816937   data arrival time
---------------------------------------------------------------------------------------------
                                              3.302025   slack (MET)


Startpoint: res_n (input port clocked by clk)
Endpoint: _264_ (recovery check against rising-edge clock clk)
Path Group: asynchronous
Path Type: max

Fanout         Cap        Slew       Delay        Time   Description
---------------------------------------------------------------------------------------------
                                  0.000000    0.000000   clock clk (rise edge)
                                  0.000000    0.000000   clock network delay (propagated)
                                  1.000000    1.000000 ^ input external delay
     1    0.002419    0.012566    0.006240    1.006240 ^ res_n (in)
                                                         res_n (net)
                      0.012566    0.000000    1.006240 ^ hold4/A (sky130_fd_sc_hd__dlygate4sd3_1)
     1    0.002322    0.034488    0.363416    1.369656 ^ hold4/X (sky130_fd_sc_hd__dlygate4sd3_1)
                                                         net95 (net)
                      0.034488    0.000044    1.369700 ^ input23/A (sky130_fd_sc_hd__buf_1)
     3    0.014002    0.126659    0.118109    1.487808 ^ input23/X (sky130_fd_sc_hd__buf_1)
                                                         net23 (net)
                      0.126659    0.000204    1.488012 ^ fanout54/A (sky130_fd_sc_hd__clkbuf_2)
     5    0.029183    0.124939    0.153811    1.641823 ^ fanout54/X (sky130_fd_sc_hd__clkbuf_2)
                                                         net54 (net)
                      0.124964    0.001470    1.643293 ^ fanout53/A (sky130_fd_sc_hd__clkbuf_4)
    10    0.047478    0.112532    0.171447    1.814740 ^ fanout53/X (sky130_fd_sc_hd__clkbuf_4)
                                                         net53 (net)
                      0.112591    0.000977    1.815717 ^ _264_/RESET_B (sky130_fd_sc_hd__dfrtp_1)
                                              1.815717   data arrival time

                                  5.000000    5.000000   clock clk (rise edge)
                                  0.000000    5.000000   clock source latency
     1    0.013705    0.051074    0.034119    5.034120 ^ clk (in)
                                                         clk (net)
                      0.051076    0.000000    5.034120 ^ clkbuf_0_clk/A (sky130_fd_sc_hd__clkbuf_16)
     4    0.042753    0.047106    0.103952    5.138071 ^ clkbuf_0_clk/X (sky130_fd_sc_hd__clkbuf_16)
                                                         clknet_0_clk (net)
                      0.047132    0.001014    5.139085 ^ clkbuf_2_2__f_clk/A (sky130_fd_sc_hd__clkbuf_16)
    10    0.034790    0.041474    0.098615    5.237700 ^ clkbuf_2_2__f_clk/X (sky130_fd_sc_hd__clkbuf_16)
                                                         clknet_2_2__leaf_clk (net)
                      0.041489    0.000912    5.238612 ^ _264_/CLK (sky130_fd_sc_hd__dfrtp_1)
                                 -0.250000    4.988612   clock uncertainty
                                  0.000000    4.988612   clock reconvergence pessimism
                                  0.130005    5.118617   library recovery time
                                              5.118617   data required time
---------------------------------------------------------------------------------------------
                                              5.118617   data required time
                                             -1.815717   data arrival time
---------------------------------------------------------------------------------------------
                                              3.302900   slack (MET)


Startpoint: res_n (input port clocked by clk)
Endpoint: _269_ (recovery check against rising-edge clock clk)
Path Group: asynchronous
Path Type: max

Fanout         Cap        Slew       Delay        Time   Description
---------------------------------------------------------------------------------------------
                                  0.000000    0.000000   clock clk (rise edge)
                                  0.000000    0.000000   clock network delay (propagated)
                                  1.000000    1.000000 ^ input external delay
     1    0.002419    0.012566    0.006240    1.006240 ^ res_n (in)
                                                         res_n (net)
                      0.012566    0.000000    1.006240 ^ hold4/A (sky130_fd_sc_hd__dlygate4sd3_1)
     1    0.002322    0.034488    0.363416    1.369656 ^ hold4/X (sky130_fd_sc_hd__dlygate4sd3_1)
                                                         net95 (net)
                      0.034488    0.000044    1.369700 ^ input23/A (sky130_fd_sc_hd__buf_1)
     3    0.014002    0.126659    0.118109    1.487808 ^ input23/X (sky130_fd_sc_hd__buf_1)
                                                         net23 (net)
                      0.126659    0.000204    1.488012 ^ fanout54/A (sky130_fd_sc_hd__clkbuf_2)
     5    0.029183    0.124939    0.153811    1.641823 ^ fanout54/X (sky130_fd_sc_hd__clkbuf_2)
                                                         net54 (net)
                      0.124964    0.001470    1.643293 ^ fanout53/A (sky130_fd_sc_hd__clkbuf_4)
    10    0.047478    0.112532    0.171447    1.814740 ^ fanout53/X (sky130_fd_sc_hd__clkbuf_4)
                                                         net53 (net)
                      0.112532    0.000477    1.815217 ^ _269_/RESET_B (sky130_fd_sc_hd__dfrtp_1)
                                              1.815217   data arrival time

                                  5.000000    5.000000   clock clk (rise edge)
                                  0.000000    5.000000   clock source latency
     1    0.013705    0.051074    0.034119    5.034120 ^ clk (in)
                                                         clk (net)
                      0.051076    0.000000    5.034120 ^ clkbuf_0_clk/A (sky130_fd_sc_hd__clkbuf_16)
     4    0.042753    0.047106    0.103952    5.138071 ^ clkbuf_0_clk/X (sky130_fd_sc_hd__clkbuf_16)
                                                         clknet_0_clk (net)
                      0.047121    0.000834    5.138905 ^ clkbuf_2_3__f_clk/A (sky130_fd_sc_hd__clkbuf_16)
     8    0.035464    0.041956    0.099038    5.237943 ^ clkbuf_2_3__f_clk/X (sky130_fd_sc_hd__clkbuf_16)
                                                         clknet_2_3__leaf_clk (net)
                      0.041978    0.000757    5.238700 ^ _269_/CLK (sky130_fd_sc_hd__dfrtp_1)
                                 -0.250000    4.988700   clock uncertainty
                                  0.000000    4.988700   clock reconvergence pessimism
                                  0.130091    5.118791   library recovery time
                                              5.118791   data required time
---------------------------------------------------------------------------------------------
                                              5.118791   data required time
                                             -1.815217   data arrival time
---------------------------------------------------------------------------------------------
                                              3.303574   slack (MET)


Startpoint: _300_ (rising edge-triggered flip-flop clocked by clk)
Endpoint: _264_ (rising edge-triggered flip-flop clocked by clk)
Path Group: clk
Path Type: max

Fanout         Cap        Slew       Delay        Time   Description
---------------------------------------------------------------------------------------------
                                  0.000000    0.000000   clock clk (rise edge)
                                  0.000000    0.000000   clock source latency
     1    0.013705    0.051074    0.034120    0.034120 ^ clk (in)
                                                         clk (net)
                      0.051076    0.000000    0.034120 ^ clkbuf_0_clk/A (sky130_fd_sc_hd__clkbuf_16)
     4    0.042753    0.047106    0.103951    0.138071 ^ clkbuf_0_clk/X (sky130_fd_sc_hd__clkbuf_16)
                                                         clknet_0_clk (net)
                      0.047121    0.000834    0.138905 ^ clkbuf_2_3__f_clk/A (sky130_fd_sc_hd__clkbuf_16)
     8    0.035464    0.041956    0.099038    0.237942 ^ clkbuf_2_3__f_clk/X (sky130_fd_sc_hd__clkbuf_16)
                                                         clknet_2_3__leaf_clk (net)
                      0.041975    0.000706    0.238649 ^ _300_/CLK (sky130_fd_sc_hd__dfrtp_1)
     3    0.011353    0.054091    0.255401    0.494049 v _300_/Q (sky130_fd_sc_hd__dfrtp_1)
                                                         current_state[1] (net)
                      0.054091    0.000190    0.494240 v fanout50/A (sky130_fd_sc_hd__buf_2)
    10    0.033939    0.062400    0.126236    0.620475 v fanout50/X (sky130_fd_sc_hd__buf_2)
                                                         net50 (net)
                      0.062403    0.000445    0.620921 v _147_/B (sky130_fd_sc_hd__or4b_4)
     4    0.017068    0.073700    0.339503    0.960424 v _147_/X (sky130_fd_sc_hd__or4b_4)
                                                         _124_ (net)
                      0.073736    0.000563    0.960987 v _148_/A (sky130_fd_sc_hd__inv_2)
     8    0.044744    0.155080    0.143067    1.104053 ^ _148_/Y (sky130_fd_sc_hd__inv_2)
                                                         net32 (net)
                      0.155098    0.001406    1.105459 ^ fanout41/A (sky130_fd_sc_hd__buf_6)
    10    0.038664    0.064615    0.106609    1.212068 ^ fanout41/X (sky130_fd_sc_hd__buf_6)
                                                         net41 (net)
                      0.064621    0.000505    1.212572 ^ _157_/B1 (sky130_fd_sc_hd__a2bb2o_4)
     6    0.028815    0.074214    0.117577    1.330149 ^ _157_/X (sky130_fd_sc_hd__a2bb2o_4)
                                                         _020_ (net)
                      0.074255    0.000977    1.331126 ^ _158_/B1 (sky130_fd_sc_hd__a21o_1)
     2    0.009066    0.065323    0.079036    1.410162 ^ _158_/X (sky130_fd_sc_hd__a21o_1)
                                                         _021_ (net)
                      0.065323    0.000255    1.410417 ^ _162_/S (sky130_fd_sc_hd__mux2_1)
     1    0.003498    0.040961    0.190891    1.601307 v _162_/X (sky130_fd_sc_hd__mux2_1)
                                                         _001_ (net)
                      0.040961    0.000077    1.601384 v _264_/D (sky130_fd_sc_hd__dfrtp_1)
                                              1.601384   data arrival time

                                  5.000000    5.000000   clock clk (rise edge)
                                  0.000000    5.000000   clock source latency
     1    0.013705    0.051074    0.034119    5.034120 ^ clk (in)
                                                         clk (net)
                      0.051076    0.000000    5.034120 ^ clkbuf_0_clk/A (sky130_fd_sc_hd__clkbuf_16)
     4    0.042753    0.047106    0.103952    5.138071 ^ clkbuf_0_clk/X (sky130_fd_sc_hd__clkbuf_16)
                                                         clknet_0_clk (net)
                      0.047132    0.001014    5.139085 ^ clkbuf_2_2__f_clk/A (sky130_fd_sc_hd__clkbuf_16)
    10    0.034790    0.041474    0.098615    5.237700 ^ clkbuf_2_2__f_clk/X (sky130_fd_sc_hd__clkbuf_16)
                                                         clknet_2_2__leaf_clk (net)
                      0.041489    0.000912    5.238612 ^ _264_/CLK (sky130_fd_sc_hd__dfrtp_1)
                                 -0.250000    4.988612   clock uncertainty
                                  0.000000    4.988612   clock reconvergence pessimism
                                 -0.074731    4.913881   library setup time
                                              4.913881   data required time
---------------------------------------------------------------------------------------------
                                              4.913881   data required time
                                             -1.601384   data arrival time
---------------------------------------------------------------------------------------------
                                              3.312497   slack (MET)


Startpoint: _300_ (rising edge-triggered flip-flop clocked by clk)
Endpoint: _263_ (rising edge-triggered flip-flop clocked by clk)
Path Group: clk
Path Type: max

Fanout         Cap        Slew       Delay        Time   Description
---------------------------------------------------------------------------------------------
                                  0.000000    0.000000   clock clk (rise edge)
                                  0.000000    0.000000   clock source latency
     1    0.013705    0.051074    0.034120    0.034120 ^ clk (in)
                                                         clk (net)
                      0.051076    0.000000    0.034120 ^ clkbuf_0_clk/A (sky130_fd_sc_hd__clkbuf_16)
     4    0.042753    0.047106    0.103951    0.138071 ^ clkbuf_0_clk/X (sky130_fd_sc_hd__clkbuf_16)
                                                         clknet_0_clk (net)
                      0.047121    0.000834    0.138905 ^ clkbuf_2_3__f_clk/A (sky130_fd_sc_hd__clkbuf_16)
     8    0.035464    0.041956    0.099038    0.237942 ^ clkbuf_2_3__f_clk/X (sky130_fd_sc_hd__clkbuf_16)
                                                         clknet_2_3__leaf_clk (net)
                      0.041975    0.000706    0.238649 ^ _300_/CLK (sky130_fd_sc_hd__dfrtp_1)
     3    0.011353    0.054091    0.255401    0.494049 v _300_/Q (sky130_fd_sc_hd__dfrtp_1)
                                                         current_state[1] (net)
                      0.054091    0.000190    0.494240 v fanout50/A (sky130_fd_sc_hd__buf_2)
    10    0.033939    0.062400    0.126236    0.620475 v fanout50/X (sky130_fd_sc_hd__buf_2)
                                                         net50 (net)
                      0.062403    0.000445    0.620921 v _147_/B (sky130_fd_sc_hd__or4b_4)
     4    0.017068    0.073700    0.339503    0.960424 v _147_/X (sky130_fd_sc_hd__or4b_4)
                                                         _124_ (net)
                      0.073736    0.000563    0.960987 v _148_/A (sky130_fd_sc_hd__inv_2)
     8    0.044744    0.155080    0.143067    1.104053 ^ _148_/Y (sky130_fd_sc_hd__inv_2)
                                                         net32 (net)
                      0.155098    0.001406    1.105459 ^ fanout41/A (sky130_fd_sc_hd__buf_6)
    10    0.038664    0.064615    0.106609    1.212068 ^ fanout41/X (sky130_fd_sc_hd__buf_6)
                                                         net41 (net)
                      0.064621    0.000505    1.212572 ^ _157_/B1 (sky130_fd_sc_hd__a2bb2o_4)
     6    0.028815    0.074214    0.117577    1.330149 ^ _157_/X (sky130_fd_sc_hd__a2bb2o_4)
                                                         _020_ (net)
                      0.074255    0.000977    1.331126 ^ _158_/B1 (sky130_fd_sc_hd__a21o_1)
     2    0.009066    0.065323    0.079036    1.410162 ^ _158_/X (sky130_fd_sc_hd__a21o_1)
                                                         _021_ (net)
                      0.065323    0.000274    1.410436 ^ _160_/S (sky130_fd_sc_hd__mux2_1)
     1    0.002826    0.038002    0.186739    1.597175 v _160_/X (sky130_fd_sc_hd__mux2_1)
                                                         _000_ (net)
                      0.038002    0.000081    1.597256 v _263_/D (sky130_fd_sc_hd__dfrtp_1)
                                              1.597256   data arrival time

                                  5.000000    5.000000   clock clk (rise edge)
                                  0.000000    5.000000   clock source latency
     1    0.013705    0.051074    0.034119    5.034120 ^ clk (in)
                                                         clk (net)
                      0.051076    0.000000    5.034120 ^ clkbuf_0_clk/A (sky130_fd_sc_hd__clkbuf_16)
     4    0.042753    0.047106    0.103952    5.138071 ^ clkbuf_0_clk/X (sky130_fd_sc_hd__clkbuf_16)
                                                         clknet_0_clk (net)
                      0.047132    0.001014    5.139085 ^ clkbuf_2_2__f_clk/A (sky130_fd_sc_hd__clkbuf_16)
    10    0.034790    0.041474    0.098615    5.237700 ^ clkbuf_2_2__f_clk/X (sky130_fd_sc_hd__clkbuf_16)
                                                         clknet_2_2__leaf_clk (net)
                      0.041479    0.000744    5.238444 ^ _263_/CLK (sky130_fd_sc_hd__dfrtp_1)
                                 -0.250000    4.988444   clock uncertainty
                                  0.000000    4.988444   clock reconvergence pessimism
                                 -0.073675    4.914769   library setup time
                                              4.914769   data required time
---------------------------------------------------------------------------------------------
                                              4.914769   data required time
                                             -1.597256   data arrival time
---------------------------------------------------------------------------------------------
                                              3.317513   slack (MET)


Startpoint: PREADY (input port clocked by clk)
Endpoint: _266_ (rising edge-triggered flip-flop clocked by clk)
Path Group: clk
Path Type: max

Fanout         Cap        Slew       Delay        Time   Description
---------------------------------------------------------------------------------------------
                                  0.000000    0.000000   clock clk (rise edge)
                                  0.000000    0.000000   clock network delay (propagated)
                                  1.000000    1.000000 ^ input external delay
     1    0.002873    0.014177    0.007431    1.007431 ^ PREADY (in)
                                                         PREADY (net)
                      0.014177    0.000000    1.007431 ^ input1/A (sky130_fd_sc_hd__buf_1)
     3    0.014087    0.127374    0.113511    1.120942 ^ input1/X (sky130_fd_sc_hd__buf_1)
                                                         net1 (net)
                      0.127380    0.000740    1.121681 ^ _168_/A_N (sky130_fd_sc_hd__and3b_1)
     3    0.011601    0.052159    0.143667    1.265348 v _168_/X (sky130_fd_sc_hd__and3b_1)
                                                         _029_ (net)
                      0.052160    0.000362    1.265710 v _169_/C (sky130_fd_sc_hd__nor3_2)
     4    0.021030    0.272393    0.214594    1.480304 ^ _169_/Y (sky130_fd_sc_hd__nor3_2)
                                                         _030_ (net)
                      0.272394    0.000498    1.480802 ^ _178_/B2 (sky130_fd_sc_hd__a22o_1)
     1    0.002550    0.032100    0.085803    1.566605 ^ _178_/X (sky130_fd_sc_hd__a22o_1)
                                                         _003_ (net)
                      0.032100    0.000074    1.566679 ^ _266_/D (sky130_fd_sc_hd__dfrtp_2)
                                              1.566679   data arrival time

                                  5.000000    5.000000   clock clk (rise edge)
                                  0.000000    5.000000   clock source latency
     1    0.013705    0.051074    0.034119    5.034120 ^ clk (in)
                                                         clk (net)
                      0.051076    0.000000    5.034120 ^ clkbuf_0_clk/A (sky130_fd_sc_hd__clkbuf_16)
     4    0.042753    0.047106    0.103952    5.138071 ^ clkbuf_0_clk/X (sky130_fd_sc_hd__clkbuf_16)
                                                         clknet_0_clk (net)
                      0.047173    0.001508    5.139579 ^ clkbuf_2_0__f_clk/A (sky130_fd_sc_hd__clkbuf_16)
    13    0.042592    0.046930    0.102305    5.241884 ^ clkbuf_2_0__f_clk/X (sky130_fd_sc_hd__clkbuf_16)
                                                         clknet_2_0__leaf_clk (net)
                      0.046980    0.001104    5.242988 ^ _266_/CLK (sky130_fd_sc_hd__dfrtp_2)
                                 -0.250000    4.992988   clock uncertainty
                                  0.000000    4.992988   clock reconvergence pessimism
                                 -0.035863    4.957126   library setup time
                                              4.957126   data required time
---------------------------------------------------------------------------------------------
                                              4.957126   data required time
                                             -1.566679   data arrival time
---------------------------------------------------------------------------------------------
                                              3.390446   slack (MET)


Startpoint: wlast (input port clocked by clk)
Endpoint: _301_ (rising edge-triggered flip-flop clocked by clk)
Path Group: clk
Path Type: max

Fanout         Cap        Slew       Delay        Time   Description
---------------------------------------------------------------------------------------------
                                  0.000000    0.000000   clock clk (rise edge)
                                  0.000000    0.000000   clock network delay (propagated)
                                  1.000000    1.000000 ^ input external delay
     1    0.003418    0.016133    0.008862    1.008862 ^ wlast (in)
                                                         wlast (net)
                      0.016134    0.000000    1.008862 ^ input25/A (sky130_fd_sc_hd__buf_1)
     2    0.011374    0.104244    0.098403    1.107266 ^ input25/X (sky130_fd_sc_hd__buf_1)
                                                         net25 (net)
                      0.104248    0.000535    1.107801 ^ _250_/A_N (sky130_fd_sc_hd__and3b_1)
     1    0.003858    0.031003    0.117532    1.225333 v _250_/X (sky130_fd_sc_hd__and3b_1)
                                                         _097_ (net)
                      0.031003    0.000123    1.225456 v _251_/C1 (sky130_fd_sc_hd__a311o_1)
     2    0.006558    0.052602    0.112632    1.338088 v _251_/X (sky130_fd_sc_hd__a311o_1)
                                                         _098_ (net)
                      0.052602    0.000136    1.338224 v _259_/A (sky130_fd_sc_hd__or2_1)
     1    0.002485    0.031120    0.135585    1.473809 v _259_/X (sky130_fd_sc_hd__or2_1)
                                                         _017_ (net)
                      0.031120    0.000070    1.473879 v _301_/D (sky130_fd_sc_hd__dfrtp_1)
                                              1.473879   data arrival time

                                  5.000000    5.000000   clock clk (rise edge)
                                  0.000000    5.000000   clock source latency
     1    0.013705    0.051074    0.034119    5.034120 ^ clk (in)
                                                         clk (net)
                      0.051076    0.000000    5.034120 ^ clkbuf_0_clk/A (sky130_fd_sc_hd__clkbuf_16)
     4    0.042753    0.047106    0.103952    5.138071 ^ clkbuf_0_clk/X (sky130_fd_sc_hd__clkbuf_16)
                                                         clknet_0_clk (net)
                      0.047121    0.000834    5.138905 ^ clkbuf_2_3__f_clk/A (sky130_fd_sc_hd__clkbuf_16)
     8    0.035464    0.041956    0.099038    5.237943 ^ clkbuf_2_3__f_clk/X (sky130_fd_sc_hd__clkbuf_16)
                                                         clknet_2_3__leaf_clk (net)
                      0.041966    0.000553    5.238496 ^ _301_/CLK (sky130_fd_sc_hd__dfrtp_1)
                                 -0.250000    4.988496   clock uncertainty
                                  0.000000    4.988496   clock reconvergence pessimism
                                 -0.071171    4.917325   library setup time
                                              4.917325   data required time
---------------------------------------------------------------------------------------------
                                              4.917325   data required time
                                             -1.473879   data arrival time
---------------------------------------------------------------------------------------------
                                              3.443446   slack (MET)


Startpoint: res_n (input port clocked by clk)
Endpoint: _272_ (recovery check against rising-edge clock clk)
Path Group: asynchronous
Path Type: max

Fanout         Cap        Slew       Delay        Time   Description
---------------------------------------------------------------------------------------------
                                  0.000000    0.000000   clock clk (rise edge)
                                  0.000000    0.000000   clock network delay (propagated)
                                  1.000000    1.000000 ^ input external delay
     1    0.002419    0.012566    0.006240    1.006240 ^ res_n (in)
                                                         res_n (net)
                      0.012566    0.000000    1.006240 ^ hold4/A (sky130_fd_sc_hd__dlygate4sd3_1)
     1    0.002322    0.034488    0.363416    1.369656 ^ hold4/X (sky130_fd_sc_hd__dlygate4sd3_1)
                                                         net95 (net)
                      0.034488    0.000044    1.369700 ^ input23/A (sky130_fd_sc_hd__buf_1)
     3    0.014002    0.126659    0.118109    1.487808 ^ input23/X (sky130_fd_sc_hd__buf_1)
                                                         net23 (net)
                      0.126660    0.000349    1.488158 ^ fanout55/A (sky130_fd_sc_hd__clkbuf_4)
    10    0.044738    0.106747    0.167992    1.656150 ^ fanout55/X (sky130_fd_sc_hd__clkbuf_4)
                                                         net55 (net)
                      0.106778    0.001739    1.657889 ^ _272_/RESET_B (sky130_fd_sc_hd__dfrtp_2)
                                              1.657889   data arrival time

                                  5.000000    5.000000   clock clk (rise edge)
                                  0.000000    5.000000   clock source latency
     1    0.013705    0.051074    0.034119    5.034120 ^ clk (in)
                                                         clk (net)
                      0.051076    0.000000    5.034120 ^ clkbuf_0_clk/A (sky130_fd_sc_hd__clkbuf_16)
     4    0.042753    0.047106    0.103952    5.138071 ^ clkbuf_0_clk/X (sky130_fd_sc_hd__clkbuf_16)
                                                         clknet_0_clk (net)
                      0.047185    0.001632    5.139703 ^ clkbuf_2_1__f_clk/A (sky130_fd_sc_hd__clkbuf_16)
    12    0.037268    0.043176    0.099841    5.239543 ^ clkbuf_2_1__f_clk/X (sky130_fd_sc_hd__clkbuf_16)
                                                         clknet_2_1__leaf_clk (net)
                      0.043296    0.001612    5.241155 ^ _272_/CLK (sky130_fd_sc_hd__dfrtp_2)
                                 -0.250000    4.991155   clock uncertainty
                                  0.000000    4.991155   clock reconvergence pessimism
                                  0.116169    5.107325   library recovery time
                                              5.107325   data required time
---------------------------------------------------------------------------------------------
                                              5.107325   data required time
                                             -1.657889   data arrival time
---------------------------------------------------------------------------------------------
                                              3.449436   slack (MET)


Startpoint: res_n (input port clocked by clk)
Endpoint: _271_ (recovery check against rising-edge clock clk)
Path Group: asynchronous
Path Type: max

Fanout         Cap        Slew       Delay        Time   Description
---------------------------------------------------------------------------------------------
                                  0.000000    0.000000   clock clk (rise edge)
                                  0.000000    0.000000   clock network delay (propagated)
                                  1.000000    1.000000 ^ input external delay
     1    0.002419    0.012566    0.006240    1.006240 ^ res_n (in)
                                                         res_n (net)
                      0.012566    0.000000    1.006240 ^ hold4/A (sky130_fd_sc_hd__dlygate4sd3_1)
     1    0.002322    0.034488    0.363416    1.369656 ^ hold4/X (sky130_fd_sc_hd__dlygate4sd3_1)
                                                         net95 (net)
                      0.034488    0.000044    1.369700 ^ input23/A (sky130_fd_sc_hd__buf_1)
     3    0.014002    0.126659    0.118109    1.487808 ^ input23/X (sky130_fd_sc_hd__buf_1)
                                                         net23 (net)
                      0.126661    0.000396    1.488204 ^ fanout56/A (sky130_fd_sc_hd__buf_2)
     7    0.034642    0.129539    0.160838    1.649042 ^ fanout56/X (sky130_fd_sc_hd__buf_2)
                                                         net56 (net)
                      0.129598    0.001237    1.650279 ^ _271_/RESET_B (sky130_fd_sc_hd__dfrtp_2)
                                              1.650279   data arrival time

                                  5.000000    5.000000   clock clk (rise edge)
                                  0.000000    5.000000   clock source latency
     1    0.013705    0.051074    0.034119    5.034120 ^ clk (in)
                                                         clk (net)
                      0.051076    0.000000    5.034120 ^ clkbuf_0_clk/A (sky130_fd_sc_hd__clkbuf_16)
     4    0.042753    0.047106    0.103952    5.138071 ^ clkbuf_0_clk/X (sky130_fd_sc_hd__clkbuf_16)
                                                         clknet_0_clk (net)
                      0.047185    0.001632    5.139703 ^ clkbuf_2_1__f_clk/A (sky130_fd_sc_hd__clkbuf_16)
    12    0.037268    0.043176    0.099841    5.239543 ^ clkbuf_2_1__f_clk/X (sky130_fd_sc_hd__clkbuf_16)
                                                         clknet_2_1__leaf_clk (net)
                      0.043304    0.001691    5.241235 ^ _271_/CLK (sky130_fd_sc_hd__dfrtp_2)
                                 -0.250000    4.991235   clock uncertainty
                                  0.000000    4.991235   clock reconvergence pessimism
                                  0.110326    5.101560   library recovery time
                                              5.101560   data required time
---------------------------------------------------------------------------------------------
                                              5.101560   data required time
                                             -1.650279   data arrival time
---------------------------------------------------------------------------------------------
                                              3.451281   slack (MET)


Startpoint: res_n (input port clocked by clk)
Endpoint: _286_ (recovery check against rising-edge clock clk)
Path Group: asynchronous
Path Type: max

Fanout         Cap        Slew       Delay        Time   Description
---------------------------------------------------------------------------------------------
                                  0.000000    0.000000   clock clk (rise edge)
                                  0.000000    0.000000   clock network delay (propagated)
                                  1.000000    1.000000 ^ input external delay
     1    0.002419    0.012566    0.006240    1.006240 ^ res_n (in)
                                                         res_n (net)
                      0.012566    0.000000    1.006240 ^ hold4/A (sky130_fd_sc_hd__dlygate4sd3_1)
     1    0.002322    0.034488    0.363416    1.369656 ^ hold4/X (sky130_fd_sc_hd__dlygate4sd3_1)
                                                         net95 (net)
                      0.034488    0.000044    1.369700 ^ input23/A (sky130_fd_sc_hd__buf_1)
     3    0.014002    0.126659    0.118109    1.487808 ^ input23/X (sky130_fd_sc_hd__buf_1)
                                                         net23 (net)
                      0.126660    0.000349    1.488158 ^ fanout55/A (sky130_fd_sc_hd__clkbuf_4)
    10    0.044738    0.106747    0.167992    1.656150 ^ fanout55/X (sky130_fd_sc_hd__clkbuf_4)
                                                         net55 (net)
                      0.106833    0.001809    1.657959 ^ _286_/RESET_B (sky130_fd_sc_hd__dfrtp_1)
                                              1.657959   data arrival time

                                  5.000000    5.000000   clock clk (rise edge)
                                  0.000000    5.000000   clock source latency
     1    0.013705    0.051074    0.034119    5.034120 ^ clk (in)
                                                         clk (net)
                      0.051076    0.000000    5.034120 ^ clkbuf_0_clk/A (sky130_fd_sc_hd__clkbuf_16)
     4    0.042753    0.047106    0.103952    5.138071 ^ clkbuf_0_clk/X (sky130_fd_sc_hd__clkbuf_16)
                                                         clknet_0_clk (net)
                      0.047185    0.001632    5.139703 ^ clkbuf_2_1__f_clk/A (sky130_fd_sc_hd__clkbuf_16)
    12    0.037268    0.043176    0.099841    5.239543 ^ clkbuf_2_1__f_clk/X (sky130_fd_sc_hd__clkbuf_16)
                                                         clknet_2_1__leaf_clk (net)
                      0.043288    0.001533    5.241076 ^ _286_/CLK (sky130_fd_sc_hd__dfrtp_1)
                                 -0.250000    4.991076   clock uncertainty
                                  0.000000    4.991076   clock reconvergence pessimism
                                  0.131354    5.122431   library recovery time
                                              5.122431   data required time
---------------------------------------------------------------------------------------------
                                              5.122431   data required time
                                             -1.657959   data arrival time
---------------------------------------------------------------------------------------------
                                              3.464472   slack (MET)


Startpoint: res_n (input port clocked by clk)
Endpoint: _273_ (recovery check against rising-edge clock clk)
Path Group: asynchronous
Path Type: max

Fanout         Cap        Slew       Delay        Time   Description
---------------------------------------------------------------------------------------------
                                  0.000000    0.000000   clock clk (rise edge)
                                  0.000000    0.000000   clock network delay (propagated)
                                  1.000000    1.000000 ^ input external delay
     1    0.002419    0.012566    0.006240    1.006240 ^ res_n (in)
                                                         res_n (net)
                      0.012566    0.000000    1.006240 ^ hold4/A (sky130_fd_sc_hd__dlygate4sd3_1)
     1    0.002322    0.034488    0.363416    1.369656 ^ hold4/X (sky130_fd_sc_hd__dlygate4sd3_1)
                                                         net95 (net)
                      0.034488    0.000044    1.369700 ^ input23/A (sky130_fd_sc_hd__buf_1)
     3    0.014002    0.126659    0.118109    1.487808 ^ input23/X (sky130_fd_sc_hd__buf_1)
                                                         net23 (net)
                      0.126660    0.000349    1.488158 ^ fanout55/A (sky130_fd_sc_hd__clkbuf_4)
    10    0.044738    0.106747    0.167992    1.656150 ^ fanout55/X (sky130_fd_sc_hd__clkbuf_4)
                                                         net55 (net)
                      0.106780    0.001776    1.657926 ^ _273_/RESET_B (sky130_fd_sc_hd__dfrtp_1)
                                              1.657926   data arrival time

                                  5.000000    5.000000   clock clk (rise edge)
                                  0.000000    5.000000   clock source latency
     1    0.013705    0.051074    0.034119    5.034120 ^ clk (in)
                                                         clk (net)
                      0.051076    0.000000    5.034120 ^ clkbuf_0_clk/A (sky130_fd_sc_hd__clkbuf_16)
     4    0.042753    0.047106    0.103952    5.138071 ^ clkbuf_0_clk/X (sky130_fd_sc_hd__clkbuf_16)
                                                         clknet_0_clk (net)
                      0.047185    0.001632    5.139703 ^ clkbuf_2_1__f_clk/A (sky130_fd_sc_hd__clkbuf_16)
    12    0.037268    0.043176    0.099841    5.239543 ^ clkbuf_2_1__f_clk/X (sky130_fd_sc_hd__clkbuf_16)
                                                         clknet_2_1__leaf_clk (net)
                      0.043294    0.001590    5.241134 ^ _273_/CLK (sky130_fd_sc_hd__dfrtp_1)
                                 -0.250000    4.991133   clock uncertainty
                                  0.000000    4.991133   clock reconvergence pessimism
                                  0.131365    5.122498   library recovery time
                                              5.122498   data required time
---------------------------------------------------------------------------------------------
                                              5.122498   data required time
                                             -1.657926   data arrival time
---------------------------------------------------------------------------------------------
                                              3.464572   slack (MET)


Startpoint: res_n (input port clocked by clk)
Endpoint: _292_ (recovery check against rising-edge clock clk)
Path Group: asynchronous
Path Type: max

Fanout         Cap        Slew       Delay        Time   Description
---------------------------------------------------------------------------------------------
                                  0.000000    0.000000   clock clk (rise edge)
                                  0.000000    0.000000   clock network delay (propagated)
                                  1.000000    1.000000 ^ input external delay
     1    0.002419    0.012566    0.006240    1.006240 ^ res_n (in)
                                                         res_n (net)
                      0.012566    0.000000    1.006240 ^ hold4/A (sky130_fd_sc_hd__dlygate4sd3_1)
     1    0.002322    0.034488    0.363416    1.369656 ^ hold4/X (sky130_fd_sc_hd__dlygate4sd3_1)
                                                         net95 (net)
                      0.034488    0.000044    1.369700 ^ input23/A (sky130_fd_sc_hd__buf_1)
     3    0.014002    0.126659    0.118109    1.487808 ^ input23/X (sky130_fd_sc_hd__buf_1)
                                                         net23 (net)
                      0.126660    0.000349    1.488158 ^ fanout55/A (sky130_fd_sc_hd__clkbuf_4)
    10    0.044738    0.106747    0.167992    1.656150 ^ fanout55/X (sky130_fd_sc_hd__clkbuf_4)
                                                         net55 (net)
                      0.106767    0.001462    1.657612 ^ _292_/RESET_B (sky130_fd_sc_hd__dfrtp_1)
                                              1.657612   data arrival time

                                  5.000000    5.000000   clock clk (rise edge)
                                  0.000000    5.000000   clock source latency
     1    0.013705    0.051074    0.034119    5.034120 ^ clk (in)
                                                         clk (net)
                      0.051076    0.000000    5.034120 ^ clkbuf_0_clk/A (sky130_fd_sc_hd__clkbuf_16)
     4    0.042753    0.047106    0.103952    5.138071 ^ clkbuf_0_clk/X (sky130_fd_sc_hd__clkbuf_16)
                                                         clknet_0_clk (net)
                      0.047185    0.001632    5.139703 ^ clkbuf_2_1__f_clk/A (sky130_fd_sc_hd__clkbuf_16)
    12    0.037268    0.043176    0.099841    5.239543 ^ clkbuf_2_1__f_clk/X (sky130_fd_sc_hd__clkbuf_16)
                                                         clknet_2_1__leaf_clk (net)
                      0.043268    0.001328    5.240871 ^ _292_/CLK (sky130_fd_sc_hd__dfrtp_1)
                                 -0.250000    4.990871   clock uncertainty
                                  0.000000    4.990871   clock reconvergence pessimism
                                  0.131363    5.122235   library recovery time
                                              5.122235   data required time
---------------------------------------------------------------------------------------------
                                              5.122235   data required time
                                             -1.657612   data arrival time
---------------------------------------------------------------------------------------------
                                              3.464623   slack (MET)


Startpoint: res_n (input port clocked by clk)
Endpoint: _293_ (recovery check against rising-edge clock clk)
Path Group: asynchronous
Path Type: max

Fanout         Cap        Slew       Delay        Time   Description
---------------------------------------------------------------------------------------------
                                  0.000000    0.000000   clock clk (rise edge)
                                  0.000000    0.000000   clock network delay (propagated)
                                  1.000000    1.000000 ^ input external delay
     1    0.002419    0.012566    0.006240    1.006240 ^ res_n (in)
                                                         res_n (net)
                      0.012566    0.000000    1.006240 ^ hold4/A (sky130_fd_sc_hd__dlygate4sd3_1)
     1    0.002322    0.034488    0.363416    1.369656 ^ hold4/X (sky130_fd_sc_hd__dlygate4sd3_1)
                                                         net95 (net)
                      0.034488    0.000044    1.369700 ^ input23/A (sky130_fd_sc_hd__buf_1)
     3    0.014002    0.126659    0.118109    1.487808 ^ input23/X (sky130_fd_sc_hd__buf_1)
                                                         net23 (net)
                      0.126660    0.000349    1.488158 ^ fanout55/A (sky130_fd_sc_hd__clkbuf_4)
    10    0.044738    0.106747    0.167992    1.656150 ^ fanout55/X (sky130_fd_sc_hd__clkbuf_4)
                                                         net55 (net)
                      0.106771    0.001560    1.657709 ^ _293_/RESET_B (sky130_fd_sc_hd__dfrtp_1)
                                              1.657709   data arrival time

                                  5.000000    5.000000   clock clk (rise edge)
                                  0.000000    5.000000   clock source latency
     1    0.013705    0.051074    0.034119    5.034120 ^ clk (in)
                                                         clk (net)
                      0.051076    0.000000    5.034120 ^ clkbuf_0_clk/A (sky130_fd_sc_hd__clkbuf_16)
     4    0.042753    0.047106    0.103952    5.138071 ^ clkbuf_0_clk/X (sky130_fd_sc_hd__clkbuf_16)
                                                         clknet_0_clk (net)
                      0.047185    0.001632    5.139703 ^ clkbuf_2_1__f_clk/A (sky130_fd_sc_hd__clkbuf_16)
    12    0.037268    0.043176    0.099841    5.239543 ^ clkbuf_2_1__f_clk/X (sky130_fd_sc_hd__clkbuf_16)
                                                         clknet_2_1__leaf_clk (net)
                      0.043278    0.001426    5.240970 ^ _293_/CLK (sky130_fd_sc_hd__dfrtp_1)
                                 -0.250000    4.990970   clock uncertainty
                                  0.000000    4.990970   clock reconvergence pessimism
                                  0.131364    5.122334   library recovery time
                                              5.122334   data required time
---------------------------------------------------------------------------------------------
                                              5.122334   data required time
                                             -1.657709   data arrival time
---------------------------------------------------------------------------------------------
                                              3.464625   slack (MET)


Startpoint: res_n (input port clocked by clk)
Endpoint: _295_ (recovery check against rising-edge clock clk)
Path Group: asynchronous
Path Type: max

Fanout         Cap        Slew       Delay        Time   Description
---------------------------------------------------------------------------------------------
                                  0.000000    0.000000   clock clk (rise edge)
                                  0.000000    0.000000   clock network delay (propagated)
                                  1.000000    1.000000 ^ input external delay
     1    0.002419    0.012566    0.006240    1.006240 ^ res_n (in)
                                                         res_n (net)
                      0.012566    0.000000    1.006240 ^ hold4/A (sky130_fd_sc_hd__dlygate4sd3_1)
     1    0.002322    0.034488    0.363416    1.369656 ^ hold4/X (sky130_fd_sc_hd__dlygate4sd3_1)
                                                         net95 (net)
                      0.034488    0.000044    1.369700 ^ input23/A (sky130_fd_sc_hd__buf_1)
     3    0.014002    0.126659    0.118109    1.487808 ^ input23/X (sky130_fd_sc_hd__buf_1)
                                                         net23 (net)
                      0.126660    0.000349    1.488158 ^ fanout55/A (sky130_fd_sc_hd__clkbuf_4)
    10    0.044738    0.106747    0.167992    1.656150 ^ fanout55/X (sky130_fd_sc_hd__clkbuf_4)
                                                         net55 (net)
                      0.106752    0.000898    1.657047 ^ _295_/RESET_B (sky130_fd_sc_hd__dfrtp_1)
                                              1.657047   data arrival time

                                  5.000000    5.000000   clock clk (rise edge)
                                  0.000000    5.000000   clock source latency
     1    0.013705    0.051074    0.034119    5.034120 ^ clk (in)
                                                         clk (net)
                      0.051076    0.000000    5.034120 ^ clkbuf_0_clk/A (sky130_fd_sc_hd__clkbuf_16)
     4    0.042753    0.047106    0.103952    5.138071 ^ clkbuf_0_clk/X (sky130_fd_sc_hd__clkbuf_16)
                                                         clknet_0_clk (net)
                      0.047185    0.001632    5.139703 ^ clkbuf_2_1__f_clk/A (sky130_fd_sc_hd__clkbuf_16)
    12    0.037268    0.043176    0.099841    5.239543 ^ clkbuf_2_1__f_clk/X (sky130_fd_sc_hd__clkbuf_16)
                                                         clknet_2_1__leaf_clk (net)
                      0.043220    0.000782    5.240326 ^ _295_/CLK (sky130_fd_sc_hd__dfrtp_1)
                                 -0.250000    4.990326   clock uncertainty
                                  0.000000    4.990326   clock reconvergence pessimism
                                  0.131359    5.121685   library recovery time
                                              5.121685   data required time
---------------------------------------------------------------------------------------------
                                              5.121685   data required time
                                             -1.657047   data arrival time
---------------------------------------------------------------------------------------------
                                              3.464638   slack (MET)


Startpoint: res_n (input port clocked by clk)
Endpoint: _291_ (recovery check against rising-edge clock clk)
Path Group: asynchronous
Path Type: max

Fanout         Cap        Slew       Delay        Time   Description
---------------------------------------------------------------------------------------------
                                  0.000000    0.000000   clock clk (rise edge)
                                  0.000000    0.000000   clock network delay (propagated)
                                  1.000000    1.000000 ^ input external delay
     1    0.002419    0.012566    0.006240    1.006240 ^ res_n (in)
                                                         res_n (net)
                      0.012566    0.000000    1.006240 ^ hold4/A (sky130_fd_sc_hd__dlygate4sd3_1)
     1    0.002322    0.034488    0.363416    1.369656 ^ hold4/X (sky130_fd_sc_hd__dlygate4sd3_1)
                                                         net95 (net)
                      0.034488    0.000044    1.369700 ^ input23/A (sky130_fd_sc_hd__buf_1)
     3    0.014002    0.126659    0.118109    1.487808 ^ input23/X (sky130_fd_sc_hd__buf_1)
                                                         net23 (net)
                      0.126660    0.000349    1.488158 ^ fanout55/A (sky130_fd_sc_hd__clkbuf_4)
    10    0.044738    0.106747    0.167992    1.656150 ^ fanout55/X (sky130_fd_sc_hd__clkbuf_4)
                                                         net55 (net)
                      0.106764    0.001349    1.657499 ^ _291_/RESET_B (sky130_fd_sc_hd__dfrtp_1)
                                              1.657499   data arrival time

                                  5.000000    5.000000   clock clk (rise edge)
                                  0.000000    5.000000   clock source latency
     1    0.013705    0.051074    0.034119    5.034120 ^ clk (in)
                                                         clk (net)
                      0.051076    0.000000    5.034120 ^ clkbuf_0_clk/A (sky130_fd_sc_hd__clkbuf_16)
     4    0.042753    0.047106    0.103952    5.138071 ^ clkbuf_0_clk/X (sky130_fd_sc_hd__clkbuf_16)
                                                         clknet_0_clk (net)
                      0.047185    0.001632    5.139703 ^ clkbuf_2_1__f_clk/A (sky130_fd_sc_hd__clkbuf_16)
    12    0.037268    0.043176    0.099841    5.239543 ^ clkbuf_2_1__f_clk/X (sky130_fd_sc_hd__clkbuf_16)
                                                         clknet_2_1__leaf_clk (net)
                      0.043260    0.001240    5.240784 ^ _291_/CLK (sky130_fd_sc_hd__dfrtp_1)
                                 -0.250000    4.990784   clock uncertainty
                                  0.000000    4.990784   clock reconvergence pessimism
                                  0.131363    5.122147   library recovery time
                                              5.122147   data required time
---------------------------------------------------------------------------------------------
                                              5.122147   data required time
                                             -1.657499   data arrival time
---------------------------------------------------------------------------------------------
                                              3.464648   slack (MET)


Startpoint: res_n (input port clocked by clk)
Endpoint: _294_ (recovery check against rising-edge clock clk)
Path Group: asynchronous
Path Type: max

Fanout         Cap        Slew       Delay        Time   Description
---------------------------------------------------------------------------------------------
                                  0.000000    0.000000   clock clk (rise edge)
                                  0.000000    0.000000   clock network delay (propagated)
                                  1.000000    1.000000 ^ input external delay
     1    0.002419    0.012566    0.006240    1.006240 ^ res_n (in)
                                                         res_n (net)
                      0.012566    0.000000    1.006240 ^ hold4/A (sky130_fd_sc_hd__dlygate4sd3_1)
     1    0.002322    0.034488    0.363416    1.369656 ^ hold4/X (sky130_fd_sc_hd__dlygate4sd3_1)
                                                         net95 (net)
                      0.034488    0.000044    1.369700 ^ input23/A (sky130_fd_sc_hd__buf_1)
     3    0.014002    0.126659    0.118109    1.487808 ^ input23/X (sky130_fd_sc_hd__buf_1)
                                                         net23 (net)
                      0.126660    0.000349    1.488158 ^ fanout55/A (sky130_fd_sc_hd__clkbuf_4)
    10    0.044738    0.106747    0.167992    1.656150 ^ fanout55/X (sky130_fd_sc_hd__clkbuf_4)
                                                         net55 (net)
                      0.106757    0.001122    1.657272 ^ _294_/RESET_B (sky130_fd_sc_hd__dfrtp_1)
                                              1.657272   data arrival time

                                  5.000000    5.000000   clock clk (rise edge)
                                  0.000000    5.000000   clock source latency
     1    0.013705    0.051074    0.034119    5.034120 ^ clk (in)
                                                         clk (net)
                      0.051076    0.000000    5.034120 ^ clkbuf_0_clk/A (sky130_fd_sc_hd__clkbuf_16)
     4    0.042753    0.047106    0.103952    5.138071 ^ clkbuf_0_clk/X (sky130_fd_sc_hd__clkbuf_16)
                                                         clknet_0_clk (net)
                      0.047185    0.001632    5.139703 ^ clkbuf_2_1__f_clk/A (sky130_fd_sc_hd__clkbuf_16)
    12    0.037268    0.043176    0.099841    5.239543 ^ clkbuf_2_1__f_clk/X (sky130_fd_sc_hd__clkbuf_16)
                                                         clknet_2_1__leaf_clk (net)
                      0.043247    0.001095    5.240639 ^ _294_/CLK (sky130_fd_sc_hd__dfrtp_1)
                                 -0.250000    4.990639   clock uncertainty
                                  0.000000    4.990639   clock reconvergence pessimism
                                  0.131362    5.122001   library recovery time
                                              5.122001   data required time
---------------------------------------------------------------------------------------------
                                              5.122001   data required time
                                             -1.657272   data arrival time
---------------------------------------------------------------------------------------------
                                              3.464729   slack (MET)


Startpoint: res_n (input port clocked by clk)
Endpoint: _301_ (recovery check against rising-edge clock clk)
Path Group: asynchronous
Path Type: max

Fanout         Cap        Slew       Delay        Time   Description
---------------------------------------------------------------------------------------------
                                  0.000000    0.000000   clock clk (rise edge)
                                  0.000000    0.000000   clock network delay (propagated)
                                  1.000000    1.000000 ^ input external delay
     1    0.002419    0.012566    0.006240    1.006240 ^ res_n (in)
                                                         res_n (net)
                      0.012566    0.000000    1.006240 ^ hold4/A (sky130_fd_sc_hd__dlygate4sd3_1)
     1    0.002322    0.034488    0.363416    1.369656 ^ hold4/X (sky130_fd_sc_hd__dlygate4sd3_1)
                                                         net95 (net)
                      0.034488    0.000044    1.369700 ^ input23/A (sky130_fd_sc_hd__buf_1)
     3    0.014002    0.126659    0.118109    1.487808 ^ input23/X (sky130_fd_sc_hd__buf_1)
                                                         net23 (net)
                      0.126661    0.000396    1.488204 ^ fanout56/A (sky130_fd_sc_hd__buf_2)
     7    0.034642    0.129539    0.160838    1.649042 ^ fanout56/X (sky130_fd_sc_hd__buf_2)
                                                         net56 (net)
                      0.129609    0.001557    1.650599 ^ _301_/RESET_B (sky130_fd_sc_hd__dfrtp_1)
                                              1.650599   data arrival time

                                  5.000000    5.000000   clock clk (rise edge)
                                  0.000000    5.000000   clock source latency
     1    0.013705    0.051074    0.034119    5.034120 ^ clk (in)
                                                         clk (net)
                      0.051076    0.000000    5.034120 ^ clkbuf_0_clk/A (sky130_fd_sc_hd__clkbuf_16)
     4    0.042753    0.047106    0.103952    5.138071 ^ clkbuf_0_clk/X (sky130_fd_sc_hd__clkbuf_16)
                                                         clknet_0_clk (net)
                      0.047121    0.000834    5.138905 ^ clkbuf_2_3__f_clk/A (sky130_fd_sc_hd__clkbuf_16)
     8    0.035464    0.041956    0.099038    5.237943 ^ clkbuf_2_3__f_clk/X (sky130_fd_sc_hd__clkbuf_16)
                                                         clknet_2_3__leaf_clk (net)
                      0.041966    0.000553    5.238496 ^ _301_/CLK (sky130_fd_sc_hd__dfrtp_1)
                                 -0.250000    4.988496   clock uncertainty
                                  0.000000    4.988496   clock reconvergence pessimism
                                  0.126902    5.115398   library recovery time
                                              5.115398   data required time
---------------------------------------------------------------------------------------------
                                              5.115398   data required time
                                             -1.650599   data arrival time
---------------------------------------------------------------------------------------------
                                              3.464798   slack (MET)


Startpoint: res_n (input port clocked by clk)
Endpoint: _284_ (recovery check against rising-edge clock clk)
Path Group: asynchronous
Path Type: max

Fanout         Cap        Slew       Delay        Time   Description
---------------------------------------------------------------------------------------------
                                  0.000000    0.000000   clock clk (rise edge)
                                  0.000000    0.000000   clock network delay (propagated)
                                  1.000000    1.000000 ^ input external delay
     1    0.002419    0.012566    0.006240    1.006240 ^ res_n (in)
                                                         res_n (net)
                      0.012566    0.000000    1.006240 ^ hold4/A (sky130_fd_sc_hd__dlygate4sd3_1)
     1    0.002322    0.034488    0.363416    1.369656 ^ hold4/X (sky130_fd_sc_hd__dlygate4sd3_1)
                                                         net95 (net)
                      0.034488    0.000044    1.369700 ^ input23/A (sky130_fd_sc_hd__buf_1)
     3    0.014002    0.126659    0.118109    1.487808 ^ input23/X (sky130_fd_sc_hd__buf_1)
                                                         net23 (net)
                      0.126661    0.000396    1.488204 ^ fanout56/A (sky130_fd_sc_hd__buf_2)
     7    0.034642    0.129539    0.160838    1.649042 ^ fanout56/X (sky130_fd_sc_hd__buf_2)
                                                         net56 (net)
                      0.129608    0.001544    1.650586 ^ _284_/RESET_B (sky130_fd_sc_hd__dfrtp_1)
                                              1.650586   data arrival time

                                  5.000000    5.000000   clock clk (rise edge)
                                  0.000000    5.000000   clock source latency
     1    0.013705    0.051074    0.034119    5.034120 ^ clk (in)
                                                         clk (net)
                      0.051076    0.000000    5.034120 ^ clkbuf_0_clk/A (sky130_fd_sc_hd__clkbuf_16)
     4    0.042753    0.047106    0.103952    5.138071 ^ clkbuf_0_clk/X (sky130_fd_sc_hd__clkbuf_16)
                                                         clknet_0_clk (net)
                      0.047121    0.000834    5.138905 ^ clkbuf_2_3__f_clk/A (sky130_fd_sc_hd__clkbuf_16)
     8    0.035464    0.041956    0.099038    5.237943 ^ clkbuf_2_3__f_clk/X (sky130_fd_sc_hd__clkbuf_16)
                                                         clknet_2_3__leaf_clk (net)
                      0.041968    0.000575    5.238517 ^ _284_/CLK (sky130_fd_sc_hd__dfrtp_1)
                                 -0.250000    4.988517   clock uncertainty
                                  0.000000    4.988517   clock reconvergence pessimism
                                  0.126902    5.115420   library recovery time
                                              5.115420   data required time
---------------------------------------------------------------------------------------------
                                              5.115420   data required time
                                             -1.650586   data arrival time
---------------------------------------------------------------------------------------------
                                              3.464833   slack (MET)


Startpoint: res_n (input port clocked by clk)
Endpoint: _270_ (recovery check against rising-edge clock clk)
Path Group: asynchronous
Path Type: max

Fanout         Cap        Slew       Delay        Time   Description
---------------------------------------------------------------------------------------------
                                  0.000000    0.000000   clock clk (rise edge)
                                  0.000000    0.000000   clock network delay (propagated)
                                  1.000000    1.000000 ^ input external delay
     1    0.002419    0.012566    0.006240    1.006240 ^ res_n (in)
                                                         res_n (net)
                      0.012566    0.000000    1.006240 ^ hold4/A (sky130_fd_sc_hd__dlygate4sd3_1)
     1    0.002322    0.034488    0.363416    1.369656 ^ hold4/X (sky130_fd_sc_hd__dlygate4sd3_1)
                                                         net95 (net)
                      0.034488    0.000044    1.369700 ^ input23/A (sky130_fd_sc_hd__buf_1)
     3    0.014002    0.126659    0.118109    1.487808 ^ input23/X (sky130_fd_sc_hd__buf_1)
                                                         net23 (net)
                      0.126661    0.000396    1.488204 ^ fanout56/A (sky130_fd_sc_hd__buf_2)
     7    0.034642    0.129539    0.160838    1.649042 ^ fanout56/X (sky130_fd_sc_hd__buf_2)
                                                         net56 (net)
                      0.129603    0.001380    1.650423 ^ _270_/RESET_B (sky130_fd_sc_hd__dfrtp_1)
                                              1.650423   data arrival time

                                  5.000000    5.000000   clock clk (rise edge)
                                  0.000000    5.000000   clock source latency
     1    0.013705    0.051074    0.034119    5.034120 ^ clk (in)
                                                         clk (net)
                      0.051076    0.000000    5.034120 ^ clkbuf_0_clk/A (sky130_fd_sc_hd__clkbuf_16)
     4    0.042753    0.047106    0.103952    5.138071 ^ clkbuf_0_clk/X (sky130_fd_sc_hd__clkbuf_16)
                                                         clknet_0_clk (net)
                      0.047121    0.000834    5.138905 ^ clkbuf_2_3__f_clk/A (sky130_fd_sc_hd__clkbuf_16)
     8    0.035464    0.041956    0.099038    5.237943 ^ clkbuf_2_3__f_clk/X (sky130_fd_sc_hd__clkbuf_16)
                                                         clknet_2_3__leaf_clk (net)
                      0.041970    0.000612    5.238555 ^ _270_/CLK (sky130_fd_sc_hd__dfrtp_1)
                                 -0.250000    4.988555   clock uncertainty
                                  0.000000    4.988555   clock reconvergence pessimism
                                  0.126904    5.115459   library recovery time
                                              5.115459   data required time
---------------------------------------------------------------------------------------------
                                              5.115459   data required time
                                             -1.650423   data arrival time
---------------------------------------------------------------------------------------------
                                              3.465036   slack (MET)


Startpoint: res_n (input port clocked by clk)
Endpoint: _298_ (recovery check against rising-edge clock clk)
Path Group: asynchronous
Path Type: max

Fanout         Cap        Slew       Delay        Time   Description
---------------------------------------------------------------------------------------------
                                  0.000000    0.000000   clock clk (rise edge)
                                  0.000000    0.000000   clock network delay (propagated)
                                  1.000000    1.000000 ^ input external delay
     1    0.002419    0.012566    0.006240    1.006240 ^ res_n (in)
                                                         res_n (net)
                      0.012566    0.000000    1.006240 ^ hold4/A (sky130_fd_sc_hd__dlygate4sd3_1)
     1    0.002322    0.034488    0.363416    1.369656 ^ hold4/X (sky130_fd_sc_hd__dlygate4sd3_1)
                                                         net95 (net)
                      0.034488    0.000044    1.369700 ^ input23/A (sky130_fd_sc_hd__buf_1)
     3    0.014002    0.126659    0.118109    1.487808 ^ input23/X (sky130_fd_sc_hd__buf_1)
                                                         net23 (net)
                      0.126660    0.000349    1.488158 ^ fanout55/A (sky130_fd_sc_hd__clkbuf_4)
    10    0.044738    0.106747    0.167992    1.656150 ^ fanout55/X (sky130_fd_sc_hd__clkbuf_4)
                                                         net55 (net)
                      0.106750    0.000773    1.656923 ^ _298_/RESET_B (sky130_fd_sc_hd__dfrtp_1)
                                              1.656923   data arrival time

                                  5.000000    5.000000   clock clk (rise edge)
                                  0.000000    5.000000   clock source latency
     1    0.013705    0.051074    0.034119    5.034120 ^ clk (in)
                                                         clk (net)
                      0.051076    0.000000    5.034120 ^ clkbuf_0_clk/A (sky130_fd_sc_hd__clkbuf_16)
     4    0.042753    0.047106    0.103952    5.138071 ^ clkbuf_0_clk/X (sky130_fd_sc_hd__clkbuf_16)
                                                         clknet_0_clk (net)
                      0.047185    0.001632    5.139703 ^ clkbuf_2_1__f_clk/A (sky130_fd_sc_hd__clkbuf_16)
    12    0.037268    0.043176    0.099841    5.239543 ^ clkbuf_2_1__f_clk/X (sky130_fd_sc_hd__clkbuf_16)
                                                         clknet_2_1__leaf_clk (net)
                      0.043248    0.001099    5.240642 ^ _298_/CLK (sky130_fd_sc_hd__dfrtp_1)
                                 -0.250000    4.990642   clock uncertainty
                                  0.000000    4.990642   clock reconvergence pessimism
                                  0.131363    5.122005   library recovery time
                                              5.122005   data required time
---------------------------------------------------------------------------------------------
                                              5.122005   data required time
                                             -1.656923   data arrival time
---------------------------------------------------------------------------------------------
                                              3.465083   slack (MET)


Startpoint: res_n (input port clocked by clk)
Endpoint: _296_ (recovery check against rising-edge clock clk)
Path Group: asynchronous
Path Type: max

Fanout         Cap        Slew       Delay        Time   Description
---------------------------------------------------------------------------------------------
                                  0.000000    0.000000   clock clk (rise edge)
                                  0.000000    0.000000   clock network delay (propagated)
                                  1.000000    1.000000 ^ input external delay
     1    0.002419    0.012566    0.006240    1.006240 ^ res_n (in)
                                                         res_n (net)
                      0.012566    0.000000    1.006240 ^ hold4/A (sky130_fd_sc_hd__dlygate4sd3_1)
     1    0.002322    0.034488    0.363416    1.369656 ^ hold4/X (sky130_fd_sc_hd__dlygate4sd3_1)
                                                         net95 (net)
                      0.034488    0.000044    1.369700 ^ input23/A (sky130_fd_sc_hd__buf_1)
     3    0.014002    0.126659    0.118109    1.487808 ^ input23/X (sky130_fd_sc_hd__buf_1)
                                                         net23 (net)
                      0.126660    0.000349    1.488158 ^ fanout55/A (sky130_fd_sc_hd__clkbuf_4)
    10    0.044738    0.106747    0.167992    1.656150 ^ fanout55/X (sky130_fd_sc_hd__clkbuf_4)
                                                         net55 (net)
                      0.106748    0.000569    1.656719 ^ _296_/RESET_B (sky130_fd_sc_hd__dfrtp_1)
                                              1.656719   data arrival time

                                  5.000000    5.000000   clock clk (rise edge)
                                  0.000000    5.000000   clock source latency
     1    0.013705    0.051074    0.034119    5.034120 ^ clk (in)
                                                         clk (net)
                      0.051076    0.000000    5.034120 ^ clkbuf_0_clk/A (sky130_fd_sc_hd__clkbuf_16)
     4    0.042753    0.047106    0.103952    5.138071 ^ clkbuf_0_clk/X (sky130_fd_sc_hd__clkbuf_16)
                                                         clknet_0_clk (net)
                      0.047185    0.001632    5.139703 ^ clkbuf_2_1__f_clk/A (sky130_fd_sc_hd__clkbuf_16)
    12    0.037268    0.043176    0.099841    5.239543 ^ clkbuf_2_1__f_clk/X (sky130_fd_sc_hd__clkbuf_16)
                                                         clknet_2_1__leaf_clk (net)
                      0.043247    0.001089    5.240633 ^ _296_/CLK (sky130_fd_sc_hd__dfrtp_1)
                                 -0.250000    4.990633   clock uncertainty
                                  0.000000    4.990633   clock reconvergence pessimism
                                  0.131364    5.121997   library recovery time
                                              5.121997   data required time
---------------------------------------------------------------------------------------------
                                              5.121997   data required time
                                             -1.656719   data arrival time
---------------------------------------------------------------------------------------------
                                              3.465277   slack (MET)


Startpoint: res_n (input port clocked by clk)
Endpoint: _302_ (recovery check against rising-edge clock clk)
Path Group: asynchronous
Path Type: max

Fanout         Cap        Slew       Delay        Time   Description
---------------------------------------------------------------------------------------------
                                  0.000000    0.000000   clock clk (rise edge)
                                  0.000000    0.000000   clock network delay (propagated)
                                  1.000000    1.000000 ^ input external delay
     1    0.002419    0.012566    0.006240    1.006240 ^ res_n (in)
                                                         res_n (net)
                      0.012566    0.000000    1.006240 ^ hold4/A (sky130_fd_sc_hd__dlygate4sd3_1)
     1    0.002322    0.034488    0.363416    1.369656 ^ hold4/X (sky130_fd_sc_hd__dlygate4sd3_1)
                                                         net95 (net)
                      0.034488    0.000044    1.369700 ^ input23/A (sky130_fd_sc_hd__buf_1)
     3    0.014002    0.126659    0.118109    1.487808 ^ input23/X (sky130_fd_sc_hd__buf_1)
                                                         net23 (net)
                      0.126661    0.000396    1.488204 ^ fanout56/A (sky130_fd_sc_hd__buf_2)
     7    0.034642    0.129539    0.160838    1.649042 ^ fanout56/X (sky130_fd_sc_hd__buf_2)
                                                         net56 (net)
                      0.129591    0.000939    1.649982 ^ _302_/RESET_B (sky130_fd_sc_hd__dfrtp_1)
                                              1.649982   data arrival time

                                  5.000000    5.000000   clock clk (rise edge)
                                  0.000000    5.000000   clock source latency
     1    0.013705    0.051074    0.034119    5.034120 ^ clk (in)
                                                         clk (net)
                      0.051076    0.000000    5.034120 ^ clkbuf_0_clk/A (sky130_fd_sc_hd__clkbuf_16)
     4    0.042753    0.047106    0.103952    5.138071 ^ clkbuf_0_clk/X (sky130_fd_sc_hd__clkbuf_16)
                                                         clknet_0_clk (net)
                      0.047121    0.000834    5.138905 ^ clkbuf_2_3__f_clk/A (sky130_fd_sc_hd__clkbuf_16)
     8    0.035464    0.041956    0.099038    5.237943 ^ clkbuf_2_3__f_clk/X (sky130_fd_sc_hd__clkbuf_16)
                                                         clknet_2_3__leaf_clk (net)
                      0.041980    0.000786    5.238728 ^ _302_/CLK (sky130_fd_sc_hd__dfrtp_1)
                                 -0.250000    4.988728   clock uncertainty
                                  0.000000    4.988728   clock reconvergence pessimism
                                  0.126908    5.115635   library recovery time
                                              5.115635   data required time
---------------------------------------------------------------------------------------------
                                              5.115635   data required time
                                             -1.649982   data arrival time
---------------------------------------------------------------------------------------------
                                              3.465654   slack (MET)


Startpoint: res_n (input port clocked by clk)
Endpoint: _268_ (recovery check against rising-edge clock clk)
Path Group: asynchronous
Path Type: max

Fanout         Cap        Slew       Delay        Time   Description
---------------------------------------------------------------------------------------------
                                  0.000000    0.000000   clock clk (rise edge)
                                  0.000000    0.000000   clock network delay (propagated)
                                  1.000000    1.000000 ^ input external delay
     1    0.002419    0.012566    0.006240    1.006240 ^ res_n (in)
                                                         res_n (net)
                      0.012566    0.000000    1.006240 ^ hold4/A (sky130_fd_sc_hd__dlygate4sd3_1)
     1    0.002322    0.034488    0.363416    1.369656 ^ hold4/X (sky130_fd_sc_hd__dlygate4sd3_1)
                                                         net95 (net)
                      0.034488    0.000044    1.369700 ^ input23/A (sky130_fd_sc_hd__buf_1)
     3    0.014002    0.126659    0.118109    1.487808 ^ input23/X (sky130_fd_sc_hd__buf_1)
                                                         net23 (net)
                      0.126661    0.000396    1.488204 ^ fanout56/A (sky130_fd_sc_hd__buf_2)
     7    0.034642    0.129539    0.160838    1.649042 ^ fanout56/X (sky130_fd_sc_hd__buf_2)
                                                         net56 (net)
                      0.129586    0.000630    1.649673 ^ _268_/RESET_B (sky130_fd_sc_hd__dfrtp_1)
                                              1.649673   data arrival time

                                  5.000000    5.000000   clock clk (rise edge)
                                  0.000000    5.000000   clock source latency
     1    0.013705    0.051074    0.034119    5.034120 ^ clk (in)
                                                         clk (net)
                      0.051076    0.000000    5.034120 ^ clkbuf_0_clk/A (sky130_fd_sc_hd__clkbuf_16)
     4    0.042753    0.047106    0.103952    5.138071 ^ clkbuf_0_clk/X (sky130_fd_sc_hd__clkbuf_16)
                                                         clknet_0_clk (net)
                      0.047121    0.000834    5.138905 ^ clkbuf_2_3__f_clk/A (sky130_fd_sc_hd__clkbuf_16)
     8    0.035464    0.041956    0.099038    5.237943 ^ clkbuf_2_3__f_clk/X (sky130_fd_sc_hd__clkbuf_16)
                                                         clknet_2_3__leaf_clk (net)
                      0.041982    0.000822    5.238765 ^ _268_/CLK (sky130_fd_sc_hd__dfrtp_1)
                                 -0.250000    4.988765   clock uncertainty
                                  0.000000    4.988765   clock reconvergence pessimism
                                  0.126909    5.115674   library recovery time
                                              5.115674   data required time
---------------------------------------------------------------------------------------------
                                              5.115674   data required time
                                             -1.649673   data arrival time
---------------------------------------------------------------------------------------------
                                              3.466001   slack (MET)


Startpoint: res_n (input port clocked by clk)
Endpoint: _274_ (recovery check against rising-edge clock clk)
Path Group: asynchronous
Path Type: max

Fanout         Cap        Slew       Delay        Time   Description
---------------------------------------------------------------------------------------------
                                  0.000000    0.000000   clock clk (rise edge)
                                  0.000000    0.000000   clock network delay (propagated)
                                  1.000000    1.000000 ^ input external delay
     1    0.002419    0.012566    0.006240    1.006240 ^ res_n (in)
                                                         res_n (net)
                      0.012566    0.000000    1.006240 ^ hold4/A (sky130_fd_sc_hd__dlygate4sd3_1)
     1    0.002322    0.034488    0.363416    1.369656 ^ hold4/X (sky130_fd_sc_hd__dlygate4sd3_1)
                                                         net95 (net)
                      0.034488    0.000044    1.369700 ^ input23/A (sky130_fd_sc_hd__buf_1)
     3    0.014002    0.126659    0.118109    1.487808 ^ input23/X (sky130_fd_sc_hd__buf_1)
                                                         net23 (net)
                      0.126661    0.000396    1.488204 ^ fanout56/A (sky130_fd_sc_hd__buf_2)
     7    0.034642    0.129539    0.160838    1.649042 ^ fanout56/X (sky130_fd_sc_hd__buf_2)
                                                         net56 (net)
                      0.129590    0.000880    1.649923 ^ _274_/RESET_B (sky130_fd_sc_hd__dfrtp_1)
                                              1.649923   data arrival time

                                  5.000000    5.000000   clock clk (rise edge)
                                  0.000000    5.000000   clock source latency
     1    0.013705    0.051074    0.034119    5.034120 ^ clk (in)
                                                         clk (net)
                      0.051076    0.000000    5.034120 ^ clkbuf_0_clk/A (sky130_fd_sc_hd__clkbuf_16)
     4    0.042753    0.047106    0.103952    5.138071 ^ clkbuf_0_clk/X (sky130_fd_sc_hd__clkbuf_16)
                                                         clknet_0_clk (net)
                      0.047185    0.001632    5.139703 ^ clkbuf_2_1__f_clk/A (sky130_fd_sc_hd__clkbuf_16)
    12    0.037268    0.043176    0.099841    5.239543 ^ clkbuf_2_1__f_clk/X (sky130_fd_sc_hd__clkbuf_16)
                                                         clknet_2_1__leaf_clk (net)
                      0.043189    0.000432    5.239975 ^ _274_/CLK (sky130_fd_sc_hd__dfrtp_1)
                                 -0.250000    4.989975   clock uncertainty
                                  0.000000    4.989975   clock reconvergence pessimism
                                  0.127094    5.117069   library recovery time
                                              5.117069   data required time
---------------------------------------------------------------------------------------------
                                              5.117069   data required time
                                             -1.649923   data arrival time
---------------------------------------------------------------------------------------------
                                              3.467146   slack (MET)


Startpoint: res_n (input port clocked by clk)
Endpoint: _300_ (recovery check against rising-edge clock clk)
Path Group: asynchronous
Path Type: max

Fanout         Cap        Slew       Delay        Time   Description
---------------------------------------------------------------------------------------------
                                  0.000000    0.000000   clock clk (rise edge)
                                  0.000000    0.000000   clock network delay (propagated)
                                  1.000000    1.000000 ^ input external delay
     1    0.002419    0.012566    0.006240    1.006240 ^ res_n (in)
                                                         res_n (net)
                      0.012566    0.000000    1.006240 ^ hold4/A (sky130_fd_sc_hd__dlygate4sd3_1)
     1    0.002322    0.034488    0.363416    1.369656 ^ hold4/X (sky130_fd_sc_hd__dlygate4sd3_1)
                                                         net95 (net)
                      0.034488    0.000044    1.369700 ^ input23/A (sky130_fd_sc_hd__buf_1)
     3    0.014002    0.126659    0.118109    1.487808 ^ input23/X (sky130_fd_sc_hd__buf_1)
                                                         net23 (net)
                      0.126659    0.000204    1.488012 ^ fanout54/A (sky130_fd_sc_hd__clkbuf_2)
     5    0.029183    0.124939    0.153811    1.641823 ^ fanout54/X (sky130_fd_sc_hd__clkbuf_2)
                                                         net54 (net)
                      0.124968    0.001564    1.643387 ^ _300_/RESET_B (sky130_fd_sc_hd__dfrtp_1)
                                              1.643387   data arrival time

                                  5.000000    5.000000   clock clk (rise edge)
                                  0.000000    5.000000   clock source latency
     1    0.013705    0.051074    0.034119    5.034120 ^ clk (in)
                                                         clk (net)
                      0.051076    0.000000    5.034120 ^ clkbuf_0_clk/A (sky130_fd_sc_hd__clkbuf_16)
     4    0.042753    0.047106    0.103952    5.138071 ^ clkbuf_0_clk/X (sky130_fd_sc_hd__clkbuf_16)
                                                         clknet_0_clk (net)
                      0.047121    0.000834    5.138905 ^ clkbuf_2_3__f_clk/A (sky130_fd_sc_hd__clkbuf_16)
     8    0.035464    0.041956    0.099038    5.237943 ^ clkbuf_2_3__f_clk/X (sky130_fd_sc_hd__clkbuf_16)
                                                         clknet_2_3__leaf_clk (net)
                      0.041975    0.000706    5.238649 ^ _300_/CLK (sky130_fd_sc_hd__dfrtp_1)
                                 -0.250000    4.988649   clock uncertainty
                                  0.000000    4.988649   clock reconvergence pessimism
                                  0.127770    5.116418   library recovery time
                                              5.116418   data required time
---------------------------------------------------------------------------------------------
                                              5.116418   data required time
                                             -1.643387   data arrival time
---------------------------------------------------------------------------------------------
                                              3.473031   slack (MET)


Startpoint: res_n (input port clocked by clk)
Endpoint: _281_ (recovery check against rising-edge clock clk)
Path Group: asynchronous
Path Type: max

Fanout         Cap        Slew       Delay        Time   Description
---------------------------------------------------------------------------------------------
                                  0.000000    0.000000   clock clk (rise edge)
                                  0.000000    0.000000   clock network delay (propagated)
                                  1.000000    1.000000 ^ input external delay
     1    0.002419    0.012566    0.006240    1.006240 ^ res_n (in)
                                                         res_n (net)
                      0.012566    0.000000    1.006240 ^ hold4/A (sky130_fd_sc_hd__dlygate4sd3_1)
     1    0.002322    0.034488    0.363416    1.369656 ^ hold4/X (sky130_fd_sc_hd__dlygate4sd3_1)
                                                         net95 (net)
                      0.034488    0.000044    1.369700 ^ input23/A (sky130_fd_sc_hd__buf_1)
     3    0.014002    0.126659    0.118109    1.487808 ^ input23/X (sky130_fd_sc_hd__buf_1)
                                                         net23 (net)
                      0.126659    0.000204    1.488012 ^ fanout54/A (sky130_fd_sc_hd__clkbuf_2)
     5    0.029183    0.124939    0.153811    1.641823 ^ fanout54/X (sky130_fd_sc_hd__clkbuf_2)
                                                         net54 (net)
                      0.124946    0.000764    1.642587 ^ _281_/RESET_B (sky130_fd_sc_hd__dfrtp_1)
                                              1.642587   data arrival time

                                  5.000000    5.000000   clock clk (rise edge)
                                  0.000000    5.000000   clock source latency
     1    0.013705    0.051074    0.034119    5.034120 ^ clk (in)
                                                         clk (net)
                      0.051076    0.000000    5.034120 ^ clkbuf_0_clk/A (sky130_fd_sc_hd__clkbuf_16)
     4    0.042753    0.047106    0.103952    5.138071 ^ clkbuf_0_clk/X (sky130_fd_sc_hd__clkbuf_16)
                                                         clknet_0_clk (net)
                      0.047173    0.001508    5.139579 ^ clkbuf_2_0__f_clk/A (sky130_fd_sc_hd__clkbuf_16)
    13    0.042592    0.046930    0.102305    5.241884 ^ clkbuf_2_0__f_clk/X (sky130_fd_sc_hd__clkbuf_16)
                                                         clknet_2_0__leaf_clk (net)
                      0.047162    0.002512    5.244396 ^ _281_/CLK (sky130_fd_sc_hd__dfrtp_1)
                                 -0.250000    4.994396   clock uncertainty
                                  0.000000    4.994396   clock reconvergence pessimism
                                  0.128570    5.122965   library recovery time
                                              5.122965   data required time
---------------------------------------------------------------------------------------------
                                              5.122965   data required time
                                             -1.642587   data arrival time
---------------------------------------------------------------------------------------------
                                              3.480378   slack (MET)


Startpoint: res_n (input port clocked by clk)
Endpoint: _297_ (recovery check against rising-edge clock clk)
Path Group: asynchronous
Path Type: max

Fanout         Cap        Slew       Delay        Time   Description
---------------------------------------------------------------------------------------------
                                  0.000000    0.000000   clock clk (rise edge)
                                  0.000000    0.000000   clock network delay (propagated)
                                  1.000000    1.000000 ^ input external delay
     1    0.002419    0.012566    0.006240    1.006240 ^ res_n (in)
                                                         res_n (net)
                      0.012566    0.000000    1.006240 ^ hold4/A (sky130_fd_sc_hd__dlygate4sd3_1)
     1    0.002322    0.034488    0.363416    1.369656 ^ hold4/X (sky130_fd_sc_hd__dlygate4sd3_1)
                                                         net95 (net)
                      0.034488    0.000044    1.369700 ^ input23/A (sky130_fd_sc_hd__buf_1)
     3    0.014002    0.126659    0.118109    1.487808 ^ input23/X (sky130_fd_sc_hd__buf_1)
                                                         net23 (net)
                      0.126659    0.000204    1.488012 ^ fanout54/A (sky130_fd_sc_hd__clkbuf_2)
     5    0.029183    0.124939    0.153811    1.641823 ^ fanout54/X (sky130_fd_sc_hd__clkbuf_2)
                                                         net54 (net)
                      0.124941    0.000451    1.642274 ^ _297_/RESET_B (sky130_fd_sc_hd__dfrtp_1)
                                              1.642274   data arrival time

                                  5.000000    5.000000   clock clk (rise edge)
                                  0.000000    5.000000   clock source latency
     1    0.013705    0.051074    0.034119    5.034120 ^ clk (in)
                                                         clk (net)
                      0.051076    0.000000    5.034120 ^ clkbuf_0_clk/A (sky130_fd_sc_hd__clkbuf_16)
     4    0.042753    0.047106    0.103952    5.138071 ^ clkbuf_0_clk/X (sky130_fd_sc_hd__clkbuf_16)
                                                         clknet_0_clk (net)
                      0.047173    0.001508    5.139579 ^ clkbuf_2_0__f_clk/A (sky130_fd_sc_hd__clkbuf_16)
    13    0.042592    0.046930    0.102305    5.241884 ^ clkbuf_2_0__f_clk/X (sky130_fd_sc_hd__clkbuf_16)
                                                         clknet_2_0__leaf_clk (net)
                      0.047215    0.002827    5.244710 ^ _297_/CLK (sky130_fd_sc_hd__dfrtp_1)
                                 -0.250000    4.994710   clock uncertainty
                                  0.000000    4.994710   clock reconvergence pessimism
                                  0.128579    5.123289   library recovery time
                                              5.123289   data required time
---------------------------------------------------------------------------------------------
                                              5.123289   data required time
                                             -1.642274   data arrival time
---------------------------------------------------------------------------------------------
                                              3.481015   slack (MET)


Startpoint: bready (input port clocked by clk)
Endpoint: _299_ (rising edge-triggered flip-flop clocked by clk)
Path Group: clk
Path Type: max

Fanout         Cap        Slew       Delay        Time   Description
---------------------------------------------------------------------------------------------
                                  0.000000    0.000000   clock clk (rise edge)
                                  0.000000    0.000000   clock network delay (propagated)
                                  1.000000    1.000000 ^ input external delay
     1    0.002978    0.014550    0.007706    1.007706 ^ bready (in)
                                                         bready (net)
                      0.014555    0.000000    1.007706 ^ input22/A (sky130_fd_sc_hd__clkbuf_1)
     2    0.005999    0.058795    0.066674    1.074380 ^ input22/X (sky130_fd_sc_hd__clkbuf_1)
                                                         net22 (net)
                      0.058795    0.000158    1.074538 ^ _244_/A2 (sky130_fd_sc_hd__o21ai_1)
     1    0.002569    0.039205    0.034585    1.109123 v _244_/Y (sky130_fd_sc_hd__o21ai_1)
                                                         _092_ (net)
                      0.039205    0.000050    1.109174 v _245_/B1 (sky130_fd_sc_hd__a32o_1)
     1    0.003672    0.030452    0.080819    1.189993 v _245_/X (sky130_fd_sc_hd__a32o_1)
                                                         _093_ (net)
                      0.030452    0.000112    1.190105 v _247_/B1 (sky130_fd_sc_hd__a211o_1)
     1    0.003996    0.038060    0.125355    1.315460 v _247_/X (sky130_fd_sc_hd__a211o_1)
                                                         _095_ (net)
                      0.038060    0.000133    1.315593 v _248_/B1 (sky130_fd_sc_hd__a21o_1)
     1    0.002995    0.024406    0.070321    1.385914 v _248_/X (sky130_fd_sc_hd__a21o_1)
                                                         _015_ (net)
                      0.024406    0.000087    1.386002 v _299_/D (sky130_fd_sc_hd__dfrtp_1)
                                              1.386002   data arrival time

                                  5.000000    5.000000   clock clk (rise edge)
                                  0.000000    5.000000   clock source latency
     1    0.013705    0.051074    0.034119    5.034120 ^ clk (in)
                                                         clk (net)
                      0.051076    0.000000    5.034120 ^ clkbuf_0_clk/A (sky130_fd_sc_hd__clkbuf_16)
     4    0.042753    0.047106    0.103952    5.138071 ^ clkbuf_0_clk/X (sky130_fd_sc_hd__clkbuf_16)
                                                         clknet_0_clk (net)
                      0.047132    0.001014    5.139085 ^ clkbuf_2_2__f_clk/A (sky130_fd_sc_hd__clkbuf_16)
    10    0.034790    0.041474    0.098615    5.237700 ^ clkbuf_2_2__f_clk/X (sky130_fd_sc_hd__clkbuf_16)
                                                         clknet_2_2__leaf_clk (net)
                      0.041475    0.000404    5.238104 ^ _299_/CLK (sky130_fd_sc_hd__dfrtp_1)
                                 -0.250000    4.988104   clock uncertainty
                                  0.000000    4.988104   clock reconvergence pessimism
                                 -0.068822    4.919282   library setup time
                                              4.919282   data required time
---------------------------------------------------------------------------------------------
                                              4.919282   data required time
                                             -1.386002   data arrival time
---------------------------------------------------------------------------------------------
                                              3.533280   slack (MET)


Startpoint: PREADY (input port clocked by clk)
Endpoint: _302_ (rising edge-triggered flip-flop clocked by clk)
Path Group: clk
Path Type: max

Fanout         Cap        Slew       Delay        Time   Description
---------------------------------------------------------------------------------------------
                                  0.000000    0.000000   clock clk (rise edge)
                                  0.000000    0.000000   clock network delay (propagated)
                                  1.000000    1.000000 v input external delay
     1    0.002685    0.004553    0.002176    1.002176 v PREADY (in)
                                                         PREADY (net)
                      0.004553    0.000000    1.002176 v input1/A (sky130_fd_sc_hd__buf_1)
     3    0.013750    0.057767    0.079655    1.081830 v input1/X (sky130_fd_sc_hd__buf_1)
                                                         net1 (net)
                      0.057776    0.000713    1.082544 v _254_/B (sky130_fd_sc_hd__and4_1)
     2    0.007877    0.043244    0.133380    1.215924 v _254_/X (sky130_fd_sc_hd__and4_1)
                                                         _101_ (net)
                      0.043245    0.000249    1.216173 v _262_/B1 (sky130_fd_sc_hd__a211o_1)
     1    0.002583    0.032569    0.123317    1.339491 v _262_/X (sky130_fd_sc_hd__a211o_1)
                                                         _018_ (net)
                      0.032569    0.000073    1.339564 v _302_/D (sky130_fd_sc_hd__dfrtp_1)
                                              1.339564   data arrival time

                                  5.000000    5.000000   clock clk (rise edge)
                                  0.000000    5.000000   clock source latency
     1    0.013705    0.051074    0.034119    5.034120 ^ clk (in)
                                                         clk (net)
                      0.051076    0.000000    5.034120 ^ clkbuf_0_clk/A (sky130_fd_sc_hd__clkbuf_16)
     4    0.042753    0.047106    0.103952    5.138071 ^ clkbuf_0_clk/X (sky130_fd_sc_hd__clkbuf_16)
                                                         clknet_0_clk (net)
                      0.047121    0.000834    5.138905 ^ clkbuf_2_3__f_clk/A (sky130_fd_sc_hd__clkbuf_16)
     8    0.035464    0.041956    0.099038    5.237943 ^ clkbuf_2_3__f_clk/X (sky130_fd_sc_hd__clkbuf_16)
                                                         clknet_2_3__leaf_clk (net)
                      0.041980    0.000786    5.238728 ^ _302_/CLK (sky130_fd_sc_hd__dfrtp_1)
                                 -0.250000    4.988728   clock uncertainty
                                  0.000000    4.988728   clock reconvergence pessimism
                                 -0.071687    4.917041   library setup time
                                              4.917041   data required time
---------------------------------------------------------------------------------------------
                                              4.917041   data required time
                                             -1.339564   data arrival time
---------------------------------------------------------------------------------------------
                                              3.577477   slack (MET)


Startpoint: bready (input port clocked by clk)
Endpoint: _269_ (rising edge-triggered flip-flop clocked by clk)
Path Group: clk
Path Type: max

Fanout         Cap        Slew       Delay        Time   Description
---------------------------------------------------------------------------------------------
                                  0.000000    0.000000   clock clk (rise edge)
                                  0.000000    0.000000   clock network delay (propagated)
                                  1.000000    1.000000 v input external delay
     1    0.002792    0.004708    0.002271    1.002271 v bready (in)
                                                         bready (net)
                      0.004708    0.000000    1.002271 v input22/A (sky130_fd_sc_hd__clkbuf_1)
     2    0.005608    0.028203    0.055658    1.057929 v input22/X (sky130_fd_sc_hd__clkbuf_1)
                                                         net22 (net)
                      0.028203    0.000138    1.058067 v _193_/A (sky130_fd_sc_hd__and2_1)
     2    0.009855    0.045265    0.104077    1.162144 v _193_/X (sky130_fd_sc_hd__and2_1)
                                                         _050_ (net)
                      0.045269    0.000459    1.162602 v _194_/A3 (sky130_fd_sc_hd__o31a_1)
     1    0.005330    0.042203    0.154660    1.317262 v _194_/X (sky130_fd_sc_hd__o31a_1)
                                                         _006_ (net)
                      0.042203    0.000216    1.317477 v _269_/D (sky130_fd_sc_hd__dfrtp_1)
                                              1.317477   data arrival time

                                  5.000000    5.000000   clock clk (rise edge)
                                  0.000000    5.000000   clock source latency
     1    0.013705    0.051074    0.034119    5.034120 ^ clk (in)
                                                         clk (net)
                      0.051076    0.000000    5.034120 ^ clkbuf_0_clk/A (sky130_fd_sc_hd__clkbuf_16)
     4    0.042753    0.047106    0.103952    5.138071 ^ clkbuf_0_clk/X (sky130_fd_sc_hd__clkbuf_16)
                                                         clknet_0_clk (net)
                      0.047121    0.000834    5.138905 ^ clkbuf_2_3__f_clk/A (sky130_fd_sc_hd__clkbuf_16)
     8    0.035464    0.041956    0.099038    5.237943 ^ clkbuf_2_3__f_clk/X (sky130_fd_sc_hd__clkbuf_16)
                                                         clknet_2_3__leaf_clk (net)
                      0.041978    0.000757    5.238700 ^ _269_/CLK (sky130_fd_sc_hd__dfrtp_1)
                                 -0.250000    4.988700   clock uncertainty
                                  0.000000    4.988700   clock reconvergence pessimism
                                 -0.075127    4.913573   library setup time
                                              4.913573   data required time
---------------------------------------------------------------------------------------------
                                              4.913573   data required time
                                             -1.317477   data arrival time
---------------------------------------------------------------------------------------------
                                              3.596095   slack (MET)


Startpoint: _302_ (rising edge-triggered flip-flop clocked by clk)
Endpoint: _270_ (rising edge-triggered flip-flop clocked by clk)
Path Group: clk
Path Type: max

Fanout         Cap        Slew       Delay        Time   Description
---------------------------------------------------------------------------------------------
                                  0.000000    0.000000   clock clk (rise edge)
                                  0.000000    0.000000   clock source latency
     1    0.013705    0.051074    0.034120    0.034120 ^ clk (in)
                                                         clk (net)
                      0.051076    0.000000    0.034120 ^ clkbuf_0_clk/A (sky130_fd_sc_hd__clkbuf_16)
     4    0.042753    0.047106    0.103951    0.138071 ^ clkbuf_0_clk/X (sky130_fd_sc_hd__clkbuf_16)
                                                         clknet_0_clk (net)
                      0.047121    0.000834    0.138905 ^ clkbuf_2_3__f_clk/A (sky130_fd_sc_hd__clkbuf_16)
     8    0.035464    0.041956    0.099038    0.237942 ^ clkbuf_2_3__f_clk/X (sky130_fd_sc_hd__clkbuf_16)
                                                         clknet_2_3__leaf_clk (net)
                      0.041980    0.000786    0.238728 ^ _302_/CLK (sky130_fd_sc_hd__dfrtp_1)
     4    0.015803    0.067142    0.267476    0.506204 v _302_/Q (sky130_fd_sc_hd__dfrtp_1)
                                                         current_state[3] (net)
                      0.067142    0.000219    0.506423 v fanout48/A (sky130_fd_sc_hd__clkbuf_2)
    10    0.031528    0.085161    0.136734    0.643156 v fanout48/X (sky130_fd_sc_hd__clkbuf_2)
                                                         net48 (net)
                      0.085164    0.000626    0.643782 v _144_/B_N (sky130_fd_sc_hd__and4bb_1)
     2    0.009363    0.082368    0.215146    0.858929 ^ _144_/X (sky130_fd_sc_hd__and4bb_1)
                                                         net37 (net)
                      0.082368    0.000228    0.859157 ^ fanout46/A (sky130_fd_sc_hd__buf_2)
    10    0.037398    0.139341    0.157497    1.016654 ^ fanout46/X (sky130_fd_sc_hd__buf_2)
                                                         net46 (net)
                      0.139369    0.001641    1.018295 ^ _196_/C1 (sky130_fd_sc_hd__o211a_1)
     1    0.002433    0.029189    0.075171    1.093465 ^ _196_/X (sky130_fd_sc_hd__o211a_1)
                                                         _052_ (net)
                      0.029189    0.000071    1.093537 ^ _197_/B1_N (sky130_fd_sc_hd__o21bai_1)
     1    0.002829    0.075605    0.060875    1.154412 ^ _197_/Y (sky130_fd_sc_hd__o21bai_1)
                                                         _007_ (net)
                      0.075605    0.000084    1.154496 ^ _270_/D (sky130_fd_sc_hd__dfrtp_1)
                                              1.154496   data arrival time

                                  5.000000    5.000000   clock clk (rise edge)
                                  0.000000    5.000000   clock source latency
     1    0.013705    0.051074    0.034119    5.034120 ^ clk (in)
                                                         clk (net)
                      0.051076    0.000000    5.034120 ^ clkbuf_0_clk/A (sky130_fd_sc_hd__clkbuf_16)
     4    0.042753    0.047106    0.103952    5.138071 ^ clkbuf_0_clk/X (sky130_fd_sc_hd__clkbuf_16)
                                                         clknet_0_clk (net)
                      0.047121    0.000834    5.138905 ^ clkbuf_2_3__f_clk/A (sky130_fd_sc_hd__clkbuf_16)
     8    0.035464    0.041956    0.099038    5.237943 ^ clkbuf_2_3__f_clk/X (sky130_fd_sc_hd__clkbuf_16)
                                                         clknet_2_3__leaf_clk (net)
                      0.041970    0.000612    5.238555 ^ _270_/CLK (sky130_fd_sc_hd__dfrtp_1)
                                 -0.250000    4.988555   clock uncertainty
                                  0.000000    4.988555   clock reconvergence pessimism
                                 -0.037638    4.950917   library setup time
                                              4.950917   data required time
---------------------------------------------------------------------------------------------
                                              4.950917   data required time
                                             -1.154496   data arrival time
---------------------------------------------------------------------------------------------
                                              3.796421   slack (MET)


Startpoint: arvalid (input port clocked by clk)
Endpoint: _285_ (rising edge-triggered flip-flop clocked by clk)
Path Group: clk
Path Type: max

Fanout         Cap        Slew       Delay        Time   Description
---------------------------------------------------------------------------------------------
                                  0.000000    0.000000   clock clk (rise edge)
                                  0.000000    0.000000   clock network delay (propagated)
                                  1.000000    1.000000 v input external delay
     1    0.002695    0.004567    0.002184    1.002184 v arvalid (in)
                                                         arvalid (net)
                      0.004567    0.000000    1.002184 v input11/A (sky130_fd_sc_hd__clkbuf_1)
     1    0.004113    0.022854    0.050967    1.053151 v input11/X (sky130_fd_sc_hd__clkbuf_1)
                                                         net11 (net)
                      0.022854    0.000128    1.053280 v _285_/D (sky130_fd_sc_hd__dfrtp_1)
                                              1.053280   data arrival time

                                  5.000000    5.000000   clock clk (rise edge)
                                  0.000000    5.000000   clock source latency
     1    0.013705    0.051074    0.034119    5.034120 ^ clk (in)
                                                         clk (net)
                      0.051076    0.000000    5.034120 ^ clkbuf_0_clk/A (sky130_fd_sc_hd__clkbuf_16)
     4    0.042753    0.047106    0.103952    5.138071 ^ clkbuf_0_clk/X (sky130_fd_sc_hd__clkbuf_16)
                                                         clknet_0_clk (net)
                      0.047132    0.001014    5.139085 ^ clkbuf_2_2__f_clk/A (sky130_fd_sc_hd__clkbuf_16)
    10    0.034790    0.041474    0.098615    5.237700 ^ clkbuf_2_2__f_clk/X (sky130_fd_sc_hd__clkbuf_16)
                                                         clknet_2_2__leaf_clk (net)
                      0.041475    0.000394    5.238094 ^ _285_/CLK (sky130_fd_sc_hd__dfrtp_1)
                                 -0.250000    4.988094   clock uncertainty
                                  0.000000    4.988094   clock reconvergence pessimism
                                 -0.068268    4.919827   library setup time
                                              4.919827   data required time
---------------------------------------------------------------------------------------------
                                              4.919827   data required time
                                             -1.053280   data arrival time
---------------------------------------------------------------------------------------------
                                              3.866547   slack (MET)


Startpoint: awvalid (input port clocked by clk)
Endpoint: _284_ (rising edge-triggered flip-flop clocked by clk)
Path Group: clk
Path Type: max

Fanout         Cap        Slew       Delay        Time   Description
---------------------------------------------------------------------------------------------
                                  0.000000    0.000000   clock clk (rise edge)
                                  0.000000    0.000000   clock network delay (propagated)
                                  1.000000    1.000000 v input external delay
     1    0.003189    0.005289    0.002627    1.002627 v awvalid (in)
                                                         awvalid (net)
                      0.005290    0.000000    1.002627 v input21/A (sky130_fd_sc_hd__clkbuf_1)
     1    0.003673    0.021310    0.049867    1.052494 v input21/X (sky130_fd_sc_hd__clkbuf_1)
                                                         net21 (net)
                      0.021310    0.000125    1.052619 v _284_/D (sky130_fd_sc_hd__dfrtp_1)
                                              1.052619   data arrival time

                                  5.000000    5.000000   clock clk (rise edge)
                                  0.000000    5.000000   clock source latency
     1    0.013705    0.051074    0.034119    5.034120 ^ clk (in)
                                                         clk (net)
                      0.051076    0.000000    5.034120 ^ clkbuf_0_clk/A (sky130_fd_sc_hd__clkbuf_16)
     4    0.042753    0.047106    0.103952    5.138071 ^ clkbuf_0_clk/X (sky130_fd_sc_hd__clkbuf_16)
                                                         clknet_0_clk (net)
                      0.047121    0.000834    5.138905 ^ clkbuf_2_3__f_clk/A (sky130_fd_sc_hd__clkbuf_16)
     8    0.035464    0.041956    0.099038    5.237943 ^ clkbuf_2_3__f_clk/X (sky130_fd_sc_hd__clkbuf_16)
                                                         clknet_2_3__leaf_clk (net)
                      0.041968    0.000575    5.238517 ^ _284_/CLK (sky130_fd_sc_hd__dfrtp_1)
                                 -0.250000    4.988517   clock uncertainty
                                  0.000000    4.988517   clock reconvergence pessimism
                                 -0.067669    4.920848   library setup time
                                              4.920848   data required time
---------------------------------------------------------------------------------------------
                                              4.920848   data required time
                                             -1.052619   data arrival time
---------------------------------------------------------------------------------------------
                                              3.868228   slack (MET)


Startpoint: arlen[0] (input port clocked by clk)
Endpoint: _295_ (rising edge-triggered flip-flop clocked by clk)
Path Group: clk
Path Type: max

Fanout         Cap        Slew       Delay        Time   Description
---------------------------------------------------------------------------------------------
                                  0.000000    0.000000   clock clk (rise edge)
                                  0.000000    0.000000   clock network delay (propagated)
                                  1.000000    1.000000 v input external delay
     1    0.002654    0.004507    0.002149    1.002149 v arlen[0] (in)
                                                         arlen[0] (net)
                      0.004508    0.000000    1.002149 v input7/A (sky130_fd_sc_hd__clkbuf_1)
     1    0.003785    0.021707    0.049929    1.052079 v input7/X (sky130_fd_sc_hd__clkbuf_1)
                                                         net7 (net)
                      0.021707    0.000120    1.052199 v _295_/D (sky130_fd_sc_hd__dfrtp_1)
                                              1.052199   data arrival time

                                  5.000000    5.000000   clock clk (rise edge)
                                  0.000000    5.000000   clock source latency
     1    0.013705    0.051074    0.034119    5.034120 ^ clk (in)
                                                         clk (net)
                      0.051076    0.000000    5.034120 ^ clkbuf_0_clk/A (sky130_fd_sc_hd__clkbuf_16)
     4    0.042753    0.047106    0.103952    5.138071 ^ clkbuf_0_clk/X (sky130_fd_sc_hd__clkbuf_16)
                                                         clknet_0_clk (net)
                      0.047185    0.001632    5.139703 ^ clkbuf_2_1__f_clk/A (sky130_fd_sc_hd__clkbuf_16)
    12    0.037268    0.043176    0.099841    5.239543 ^ clkbuf_2_1__f_clk/X (sky130_fd_sc_hd__clkbuf_16)
                                                         clknet_2_1__leaf_clk (net)
                      0.043220    0.000782    5.240326 ^ _295_/CLK (sky130_fd_sc_hd__dfrtp_1)
                                 -0.250000    4.990326   clock uncertainty
                                  0.000000    4.990326   clock reconvergence pessimism
                                 -0.067691    4.922636   library setup time
                                              4.922636   data required time
---------------------------------------------------------------------------------------------
                                              4.922636   data required time
                                             -1.052199   data arrival time
---------------------------------------------------------------------------------------------
                                              3.870436   slack (MET)


Startpoint: awburst[1] (input port clocked by clk)
Endpoint: _288_ (rising edge-triggered flip-flop clocked by clk)
Path Group: clk
Path Type: max

Fanout         Cap        Slew       Delay        Time   Description
---------------------------------------------------------------------------------------------
                                  0.000000    0.000000   clock clk (rise edge)
                                  0.000000    0.000000   clock network delay (propagated)
                                  1.000000    1.000000 v input external delay
     1    0.003877    0.006298    0.003243    1.003243 v awburst[1] (in)
                                                         awburst[1] (net)
                      0.006303    0.000000    1.003243 v input16/A (sky130_fd_sc_hd__clkbuf_1)
     1    0.003082    0.019309    0.048124    1.051367 v input16/X (sky130_fd_sc_hd__clkbuf_1)
                                                         net16 (net)
                      0.019309    0.000093    1.051460 v _288_/D (sky130_fd_sc_hd__dfrtp_1)
                                              1.051460   data arrival time

                                  5.000000    5.000000   clock clk (rise edge)
                                  0.000000    5.000000   clock source latency
     1    0.013705    0.051074    0.034119    5.034120 ^ clk (in)
                                                         clk (net)
                      0.051076    0.000000    5.034120 ^ clkbuf_0_clk/A (sky130_fd_sc_hd__clkbuf_16)
     4    0.042753    0.047106    0.103952    5.138071 ^ clkbuf_0_clk/X (sky130_fd_sc_hd__clkbuf_16)
                                                         clknet_0_clk (net)
                      0.047132    0.001014    5.139085 ^ clkbuf_2_2__f_clk/A (sky130_fd_sc_hd__clkbuf_16)
    10    0.034790    0.041474    0.098615    5.237700 ^ clkbuf_2_2__f_clk/X (sky130_fd_sc_hd__clkbuf_16)
                                                         clknet_2_2__leaf_clk (net)
                      0.041514    0.001263    5.238964 ^ _288_/CLK (sky130_fd_sc_hd__dfrtp_1)
                                 -0.250000    4.988964   clock uncertainty
                                  0.000000    4.988964   clock reconvergence pessimism
                                 -0.066999    4.921965   library setup time
                                              4.921965   data required time
---------------------------------------------------------------------------------------------
                                              4.921965   data required time
                                             -1.051460   data arrival time
---------------------------------------------------------------------------------------------
                                              3.870504   slack (MET)


Startpoint: arburst[0] (input port clocked by clk)
Endpoint: _289_ (rising edge-triggered flip-flop clocked by clk)
Path Group: clk
Path Type: max

Fanout         Cap        Slew       Delay        Time   Description
---------------------------------------------------------------------------------------------
                                  0.000000    0.000000   clock clk (rise edge)
                                  0.000000    0.000000   clock network delay (propagated)
                                  1.000000    1.000000 v input external delay
     1    0.003009    0.005026    0.002465    1.002465 v arburst[0] (in)
                                                         arburst[0] (net)
                      0.005027    0.000000    1.002465 v input5/A (sky130_fd_sc_hd__clkbuf_1)
     1    0.002719    0.018060    0.046301    1.048767 v input5/X (sky130_fd_sc_hd__clkbuf_1)
                                                         net5 (net)
                      0.018061    0.000079    1.048846 v _289_/D (sky130_fd_sc_hd__dfrtp_1)
                                              1.048846   data arrival time

                                  5.000000    5.000000   clock clk (rise edge)
                                  0.000000    5.000000   clock source latency
     1    0.013705    0.051074    0.034119    5.034120 ^ clk (in)
                                                         clk (net)
                      0.051076    0.000000    5.034120 ^ clkbuf_0_clk/A (sky130_fd_sc_hd__clkbuf_16)
     4    0.042753    0.047106    0.103952    5.138071 ^ clkbuf_0_clk/X (sky130_fd_sc_hd__clkbuf_16)
                                                         clknet_0_clk (net)
                      0.047132    0.001014    5.139085 ^ clkbuf_2_2__f_clk/A (sky130_fd_sc_hd__clkbuf_16)
    10    0.034790    0.041474    0.098615    5.237700 ^ clkbuf_2_2__f_clk/X (sky130_fd_sc_hd__clkbuf_16)
                                                         clknet_2_2__leaf_clk (net)
                      0.041508    0.001189    5.238889 ^ _289_/CLK (sky130_fd_sc_hd__dfrtp_1)
                                 -0.250000    4.988889   clock uncertainty
                                  0.000000    4.988889   clock reconvergence pessimism
                                 -0.066553    4.922336   library setup time
                                              4.922336   data required time
---------------------------------------------------------------------------------------------
                                              4.922336   data required time
                                             -1.048846   data arrival time
---------------------------------------------------------------------------------------------
                                              3.873490   slack (MET)


Startpoint: wvalid (input port clocked by clk)
Endpoint: _286_ (rising edge-triggered flip-flop clocked by clk)
Path Group: clk
Path Type: max

Fanout         Cap        Slew       Delay        Time   Description
---------------------------------------------------------------------------------------------
                                  0.000000    0.000000   clock clk (rise edge)
                                  0.000000    0.000000   clock network delay (propagated)
                                  1.000000    1.000000 v input external delay
     1    0.002953    0.004943    0.002416    1.002416 v wvalid (in)
                                                         wvalid (net)
                      0.004944    0.000000    1.002416 v input26/A (sky130_fd_sc_hd__clkbuf_1)
     1    0.003060    0.019222    0.047558    1.049974 v input26/X (sky130_fd_sc_hd__clkbuf_1)
                                                         net26 (net)
                      0.019222    0.000065    1.050038 v _286_/D (sky130_fd_sc_hd__dfrtp_1)
                                              1.050038   data arrival time

                                  5.000000    5.000000   clock clk (rise edge)
                                  0.000000    5.000000   clock source latency
     1    0.013705    0.051074    0.034119    5.034120 ^ clk (in)
                                                         clk (net)
                      0.051076    0.000000    5.034120 ^ clkbuf_0_clk/A (sky130_fd_sc_hd__clkbuf_16)
     4    0.042753    0.047106    0.103952    5.138071 ^ clkbuf_0_clk/X (sky130_fd_sc_hd__clkbuf_16)
                                                         clknet_0_clk (net)
                      0.047185    0.001632    5.139703 ^ clkbuf_2_1__f_clk/A (sky130_fd_sc_hd__clkbuf_16)
    12    0.037268    0.043176    0.099841    5.239543 ^ clkbuf_2_1__f_clk/X (sky130_fd_sc_hd__clkbuf_16)
                                                         clknet_2_1__leaf_clk (net)
                      0.043288    0.001533    5.241076 ^ _286_/CLK (sky130_fd_sc_hd__dfrtp_1)
                                 -0.250000    4.991076   clock uncertainty
                                  0.000000    4.991076   clock reconvergence pessimism
                                 -0.066797    4.924280   library setup time
                                              4.924280   data required time
---------------------------------------------------------------------------------------------
                                              4.924280   data required time
                                             -1.050038   data arrival time
---------------------------------------------------------------------------------------------
                                              3.874242   slack (MET)


Startpoint: awburst[0] (input port clocked by clk)
Endpoint: _287_ (rising edge-triggered flip-flop clocked by clk)
Path Group: clk
Path Type: max

Fanout         Cap        Slew       Delay        Time   Description
---------------------------------------------------------------------------------------------
                                  0.000000    0.000000   clock clk (rise edge)
                                  0.000000    0.000000   clock network delay (propagated)
                                  1.000000    1.000000 v input external delay
     1    0.003009    0.005026    0.002465    1.002465 v awburst[0] (in)
                                                         awburst[0] (net)
                      0.005027    0.000000    1.002465 v input15/A (sky130_fd_sc_hd__clkbuf_1)
     1    0.002574    0.017560    0.045760    1.048225 v input15/X (sky130_fd_sc_hd__clkbuf_1)
                                                         net15 (net)
                      0.017560    0.000072    1.048298 v _287_/D (sky130_fd_sc_hd__dfrtp_1)
                                              1.048298   data arrival time

                                  5.000000    5.000000   clock clk (rise edge)
                                  0.000000    5.000000   clock source latency
     1    0.013705    0.051074    0.034119    5.034120 ^ clk (in)
                                                         clk (net)
                      0.051076    0.000000    5.034120 ^ clkbuf_0_clk/A (sky130_fd_sc_hd__clkbuf_16)
     4    0.042753    0.047106    0.103952    5.138071 ^ clkbuf_0_clk/X (sky130_fd_sc_hd__clkbuf_16)
                                                         clknet_0_clk (net)
                      0.047132    0.001014    5.139085 ^ clkbuf_2_2__f_clk/A (sky130_fd_sc_hd__clkbuf_16)
    10    0.034790    0.041474    0.098615    5.237700 ^ clkbuf_2_2__f_clk/X (sky130_fd_sc_hd__clkbuf_16)
                                                         clknet_2_2__leaf_clk (net)
                      0.041511    0.001228    5.238928 ^ _287_/CLK (sky130_fd_sc_hd__dfrtp_1)
                                 -0.250000    4.988928   clock uncertainty
                                  0.000000    4.988928   clock reconvergence pessimism
                                 -0.066374    4.922554   library setup time
                                              4.922554   data required time
---------------------------------------------------------------------------------------------
                                              4.922554   data required time
                                             -1.048298   data arrival time
---------------------------------------------------------------------------------------------
                                              3.874257   slack (MET)


Startpoint: awlen[1] (input port clocked by clk)
Endpoint: _292_ (rising edge-triggered flip-flop clocked by clk)
Path Group: clk
Path Type: max

Fanout         Cap        Slew       Delay        Time   Description
---------------------------------------------------------------------------------------------
                                  0.000000    0.000000   clock clk (rise edge)
                                  0.000000    0.000000   clock network delay (propagated)
                                  1.000000    1.000000 v input external delay
     1    0.003494    0.005732    0.002895    1.002895 v awlen[1] (in)
                                                         awlen[1] (net)
                      0.005733    0.000000    1.002895 v input18/A (sky130_fd_sc_hd__clkbuf_1)
     1    0.002821    0.018417    0.046938    1.049833 v input18/X (sky130_fd_sc_hd__clkbuf_1)
                                                         net18 (net)
                      0.018417    0.000085    1.049918 v _292_/D (sky130_fd_sc_hd__dfrtp_1)
                                              1.049918   data arrival time

                                  5.000000    5.000000   clock clk (rise edge)
                                  0.000000    5.000000   clock source latency
     1    0.013705    0.051074    0.034119    5.034120 ^ clk (in)
                                                         clk (net)
                      0.051076    0.000000    5.034120 ^ clkbuf_0_clk/A (sky130_fd_sc_hd__clkbuf_16)
     4    0.042753    0.047106    0.103952    5.138071 ^ clkbuf_0_clk/X (sky130_fd_sc_hd__clkbuf_16)
                                                         clknet_0_clk (net)
                      0.047185    0.001632    5.139703 ^ clkbuf_2_1__f_clk/A (sky130_fd_sc_hd__clkbuf_16)
    12    0.037268    0.043176    0.099841    5.239543 ^ clkbuf_2_1__f_clk/X (sky130_fd_sc_hd__clkbuf_16)
                                                         clknet_2_1__leaf_clk (net)
                      0.043268    0.001328    5.240871 ^ _292_/CLK (sky130_fd_sc_hd__dfrtp_1)
                                 -0.250000    4.990871   clock uncertainty
                                  0.000000    4.990871   clock reconvergence pessimism
                                 -0.066512    4.924360   library setup time
                                              4.924360   data required time
---------------------------------------------------------------------------------------------
                                              4.924360   data required time
                                             -1.049918   data arrival time
---------------------------------------------------------------------------------------------
                                              3.874441   slack (MET)


Startpoint: arburst[1] (input port clocked by clk)
Endpoint: _290_ (rising edge-triggered flip-flop clocked by clk)
Path Group: clk
Path Type: max

Fanout         Cap        Slew       Delay        Time   Description
---------------------------------------------------------------------------------------------
                                  0.000000    0.000000   clock clk (rise edge)
                                  0.000000    0.000000   clock network delay (propagated)
                                  1.000000    1.000000 v input external delay
     1    0.003008    0.005025    0.002465    1.002465 v arburst[1] (in)
                                                         arburst[1] (net)
                      0.005026    0.000000    1.002465 v input6/A (sky130_fd_sc_hd__clkbuf_1)
     1    0.002484    0.017247    0.045422    1.047887 v input6/X (sky130_fd_sc_hd__clkbuf_1)
                                                         net6 (net)
                      0.017247    0.000071    1.047958 v _290_/D (sky130_fd_sc_hd__dfrtp_1)
                                              1.047958   data arrival time

                                  5.000000    5.000000   clock clk (rise edge)
                                  0.000000    5.000000   clock source latency
     1    0.013705    0.051074    0.034119    5.034120 ^ clk (in)
                                                         clk (net)
                      0.051076    0.000000    5.034120 ^ clkbuf_0_clk/A (sky130_fd_sc_hd__clkbuf_16)
     4    0.042753    0.047106    0.103952    5.138071 ^ clkbuf_0_clk/X (sky130_fd_sc_hd__clkbuf_16)
                                                         clknet_0_clk (net)
                      0.047132    0.001014    5.139085 ^ clkbuf_2_2__f_clk/A (sky130_fd_sc_hd__clkbuf_16)
    10    0.034790    0.041474    0.098615    5.237700 ^ clkbuf_2_2__f_clk/X (sky130_fd_sc_hd__clkbuf_16)
                                                         clknet_2_2__leaf_clk (net)
                      0.041507    0.001168    5.238868 ^ _290_/CLK (sky130_fd_sc_hd__dfrtp_1)
                                 -0.250000    4.988868   clock uncertainty
                                  0.000000    4.988868   clock reconvergence pessimism
                                 -0.066263    4.922605   library setup time
                                              4.922605   data required time
---------------------------------------------------------------------------------------------
                                              4.922605   data required time
                                             -1.047958   data arrival time
---------------------------------------------------------------------------------------------
                                              3.874647   slack (MET)


Startpoint: awlen[2] (input port clocked by clk)
Endpoint: _293_ (rising edge-triggered flip-flop clocked by clk)
Path Group: clk
Path Type: max

Fanout         Cap        Slew       Delay        Time   Description
---------------------------------------------------------------------------------------------
                                  0.000000    0.000000   clock clk (rise edge)
                                  0.000000    0.000000   clock network delay (propagated)
                                  1.000000    1.000000 v input external delay
     1    0.002643    0.004490    0.002139    1.002139 v awlen[2] (in)
                                                         awlen[2] (net)
                      0.004491    0.000000    1.002139 v input19/A (sky130_fd_sc_hd__clkbuf_1)
     1    0.002849    0.018504    0.046591    1.048730 v input19/X (sky130_fd_sc_hd__clkbuf_1)
                                                         net19 (net)
                      0.018504    0.000084    1.048814 v _293_/D (sky130_fd_sc_hd__dfrtp_1)
                                              1.048814   data arrival time

                                  5.000000    5.000000   clock clk (rise edge)
                                  0.000000    5.000000   clock source latency
     1    0.013705    0.051074    0.034119    5.034120 ^ clk (in)
                                                         clk (net)
                      0.051076    0.000000    5.034120 ^ clkbuf_0_clk/A (sky130_fd_sc_hd__clkbuf_16)
     4    0.042753    0.047106    0.103952    5.138071 ^ clkbuf_0_clk/X (sky130_fd_sc_hd__clkbuf_16)
                                                         clknet_0_clk (net)
                      0.047185    0.001632    5.139703 ^ clkbuf_2_1__f_clk/A (sky130_fd_sc_hd__clkbuf_16)
    12    0.037268    0.043176    0.099841    5.239543 ^ clkbuf_2_1__f_clk/X (sky130_fd_sc_hd__clkbuf_16)
                                                         clknet_2_1__leaf_clk (net)
                      0.043278    0.001426    5.240970 ^ _293_/CLK (sky130_fd_sc_hd__dfrtp_1)
                                 -0.250000    4.990970   clock uncertainty
                                  0.000000    4.990970   clock reconvergence pessimism
                                 -0.066542    4.924428   library setup time
                                              4.924428   data required time
---------------------------------------------------------------------------------------------
                                              4.924428   data required time
                                             -1.048814   data arrival time
---------------------------------------------------------------------------------------------
                                              3.875613   slack (MET)


Startpoint: arlen[3] (input port clocked by clk)
Endpoint: _298_ (rising edge-triggered flip-flop clocked by clk)
Path Group: clk
Path Type: max

Fanout         Cap        Slew       Delay        Time   Description
---------------------------------------------------------------------------------------------
                                  0.000000    0.000000   clock clk (rise edge)
                                  0.000000    0.000000   clock network delay (propagated)
                                  1.000000    1.000000 v input external delay
     1    0.002737    0.004627    0.002223    1.002223 v arlen[3] (in)
                                                         arlen[3] (net)
                      0.004628    0.000000    1.002223 v input10/A (sky130_fd_sc_hd__clkbuf_1)
     1    0.002747    0.018153    0.046259    1.048482 v input10/X (sky130_fd_sc_hd__clkbuf_1)
                                                         net10 (net)
                      0.018153    0.000080    1.048562 v _298_/D (sky130_fd_sc_hd__dfrtp_1)
                                              1.048562   data arrival time

                                  5.000000    5.000000   clock clk (rise edge)
                                  0.000000    5.000000   clock source latency
     1    0.013705    0.051074    0.034119    5.034120 ^ clk (in)
                                                         clk (net)
                      0.051076    0.000000    5.034120 ^ clkbuf_0_clk/A (sky130_fd_sc_hd__clkbuf_16)
     4    0.042753    0.047106    0.103952    5.138071 ^ clkbuf_0_clk/X (sky130_fd_sc_hd__clkbuf_16)
                                                         clknet_0_clk (net)
                      0.047185    0.001632    5.139703 ^ clkbuf_2_1__f_clk/A (sky130_fd_sc_hd__clkbuf_16)
    12    0.037268    0.043176    0.099841    5.239543 ^ clkbuf_2_1__f_clk/X (sky130_fd_sc_hd__clkbuf_16)
                                                         clknet_2_1__leaf_clk (net)
                      0.043248    0.001099    5.240642 ^ _298_/CLK (sky130_fd_sc_hd__dfrtp_1)
                                 -0.250000    4.990642   clock uncertainty
                                  0.000000    4.990642   clock reconvergence pessimism
                                 -0.066419    4.924223   library setup time
                                              4.924223   data required time
---------------------------------------------------------------------------------------------
                                              4.924223   data required time
                                             -1.048562   data arrival time
---------------------------------------------------------------------------------------------
                                              3.875661   slack (MET)


Startpoint: arlen[1] (input port clocked by clk)
Endpoint: _296_ (rising edge-triggered flip-flop clocked by clk)
Path Group: clk
Path Type: max

Fanout         Cap        Slew       Delay        Time   Description
---------------------------------------------------------------------------------------------
                                  0.000000    0.000000   clock clk (rise edge)
                                  0.000000    0.000000   clock network delay (propagated)
                                  1.000000    1.000000 v input external delay
     1    0.002766    0.004672    0.002247    1.002247 v arlen[1] (in)
                                                         arlen[1] (net)
                      0.004673    0.000000    1.002247 v input8/A (sky130_fd_sc_hd__clkbuf_1)
     1    0.002721    0.018066    0.046178    1.048425 v input8/X (sky130_fd_sc_hd__clkbuf_1)
                                                         net8 (net)
                      0.018066    0.000081    1.048506 v _296_/D (sky130_fd_sc_hd__dfrtp_1)
                                              1.048506   data arrival time

                                  5.000000    5.000000   clock clk (rise edge)
                                  0.000000    5.000000   clock source latency
     1    0.013705    0.051074    0.034119    5.034120 ^ clk (in)
                                                         clk (net)
                      0.051076    0.000000    5.034120 ^ clkbuf_0_clk/A (sky130_fd_sc_hd__clkbuf_16)
     4    0.042753    0.047106    0.103952    5.138071 ^ clkbuf_0_clk/X (sky130_fd_sc_hd__clkbuf_16)
                                                         clknet_0_clk (net)
                      0.047185    0.001632    5.139703 ^ clkbuf_2_1__f_clk/A (sky130_fd_sc_hd__clkbuf_16)
    12    0.037268    0.043176    0.099841    5.239543 ^ clkbuf_2_1__f_clk/X (sky130_fd_sc_hd__clkbuf_16)
                                                         clknet_2_1__leaf_clk (net)
                      0.043247    0.001089    5.240633 ^ _296_/CLK (sky130_fd_sc_hd__dfrtp_1)
                                 -0.250000    4.990633   clock uncertainty
                                  0.000000    4.990633   clock reconvergence pessimism
                                 -0.066389    4.924244   library setup time
                                              4.924244   data required time
---------------------------------------------------------------------------------------------
                                              4.924244   data required time
                                             -1.048506   data arrival time
---------------------------------------------------------------------------------------------
                                              3.875739   slack (MET)


Startpoint: awlen[3] (input port clocked by clk)
Endpoint: _294_ (rising edge-triggered flip-flop clocked by clk)
Path Group: clk
Path Type: max

Fanout         Cap        Slew       Delay        Time   Description
---------------------------------------------------------------------------------------------
                                  0.000000    0.000000   clock clk (rise edge)
                                  0.000000    0.000000   clock network delay (propagated)
                                  1.000000    1.000000 v input external delay
     1    0.003016    0.005036    0.002470    1.002470 v awlen[3] (in)
                                                         awlen[3] (net)
                      0.005037    0.000000    1.002470 v input20/A (sky130_fd_sc_hd__clkbuf_1)
     1    0.002383    0.016893    0.045048    1.047518 v input20/X (sky130_fd_sc_hd__clkbuf_1)
                                                         net20 (net)
                      0.016893    0.000067    1.047585 v _294_/D (sky130_fd_sc_hd__dfrtp_1)
                                              1.047585   data arrival time

                                  5.000000    5.000000   clock clk (rise edge)
                                  0.000000    5.000000   clock source latency
     1    0.013705    0.051074    0.034119    5.034120 ^ clk (in)
                                                         clk (net)
                      0.051076    0.000000    5.034120 ^ clkbuf_0_clk/A (sky130_fd_sc_hd__clkbuf_16)
     4    0.042753    0.047106    0.103952    5.138071 ^ clkbuf_0_clk/X (sky130_fd_sc_hd__clkbuf_16)
                                                         clknet_0_clk (net)
                      0.047185    0.001632    5.139703 ^ clkbuf_2_1__f_clk/A (sky130_fd_sc_hd__clkbuf_16)
    12    0.037268    0.043176    0.099841    5.239543 ^ clkbuf_2_1__f_clk/X (sky130_fd_sc_hd__clkbuf_16)
                                                         clknet_2_1__leaf_clk (net)
                      0.043247    0.001095    5.240639 ^ _294_/CLK (sky130_fd_sc_hd__dfrtp_1)
                                 -0.250000    4.990639   clock uncertainty
                                  0.000000    4.990639   clock reconvergence pessimism
                                 -0.065970    4.924669   library setup time
                                              4.924669   data required time
---------------------------------------------------------------------------------------------
                                              4.924669   data required time
                                             -1.047585   data arrival time
---------------------------------------------------------------------------------------------
                                              3.877084   slack (MET)


Startpoint: awlen[0] (input port clocked by clk)
Endpoint: _291_ (rising edge-triggered flip-flop clocked by clk)
Path Group: clk
Path Type: max

Fanout         Cap        Slew       Delay        Time   Description
---------------------------------------------------------------------------------------------
                                  0.000000    0.000000   clock clk (rise edge)
                                  0.000000    0.000000   clock network delay (propagated)
                                  1.000000    1.000000 v input external delay
     1    0.002951    0.004940    0.002414    1.002414 v awlen[0] (in)
                                                         awlen[0] (net)
                      0.004940    0.000000    1.002414 v input17/A (sky130_fd_sc_hd__clkbuf_1)
     1    0.002270    0.016497    0.044593    1.047007 v input17/X (sky130_fd_sc_hd__clkbuf_1)
                                                         net17 (net)
                      0.016497    0.000064    1.047071 v _291_/D (sky130_fd_sc_hd__dfrtp_1)
                                              1.047071   data arrival time

                                  5.000000    5.000000   clock clk (rise edge)
                                  0.000000    5.000000   clock source latency
     1    0.013705    0.051074    0.034119    5.034120 ^ clk (in)
                                                         clk (net)
                      0.051076    0.000000    5.034120 ^ clkbuf_0_clk/A (sky130_fd_sc_hd__clkbuf_16)
     4    0.042753    0.047106    0.103952    5.138071 ^ clkbuf_0_clk/X (sky130_fd_sc_hd__clkbuf_16)
                                                         clknet_0_clk (net)
                      0.047185    0.001632    5.139703 ^ clkbuf_2_1__f_clk/A (sky130_fd_sc_hd__clkbuf_16)
    12    0.037268    0.043176    0.099841    5.239543 ^ clkbuf_2_1__f_clk/X (sky130_fd_sc_hd__clkbuf_16)
                                                         clknet_2_1__leaf_clk (net)
                      0.043260    0.001240    5.240784 ^ _291_/CLK (sky130_fd_sc_hd__dfrtp_1)
                                 -0.250000    4.990784   clock uncertainty
                                  0.000000    4.990784   clock reconvergence pessimism
                                 -0.065827    4.924957   library setup time
                                              4.924957   data required time
---------------------------------------------------------------------------------------------
                                              4.924957   data required time
                                             -1.047071   data arrival time
---------------------------------------------------------------------------------------------
                                              3.877887   slack (MET)


Startpoint: awaddr[2] (input port clocked by clk)
Endpoint: _280_ (rising edge-triggered flip-flop clocked by clk)
Path Group: clk
Path Type: max

Fanout         Cap        Slew       Delay        Time   Description
---------------------------------------------------------------------------------------------
                                  0.000000    0.000000   clock clk (rise edge)
                                  0.000000    0.000000   clock network delay (propagated)
                                  1.000000    1.000000 v input external delay
     1    0.003014    0.005033    0.002469    1.002469 v awaddr[2] (in)
                                                         awaddr[2] (net)
                      0.005033    0.000000    1.002469 v input14/A (sky130_fd_sc_hd__clkbuf_1)
     1    0.002779    0.018266    0.046529    1.048998 v input14/X (sky130_fd_sc_hd__clkbuf_1)
                                                         net14 (net)
                      0.018266    0.000081    1.049079 v _280_/D (sky130_fd_sc_hd__dfrtp_1)
                                              1.049079   data arrival time

                                  5.000000    5.000000   clock clk (rise edge)
                                  0.000000    5.000000   clock source latency
     1    0.013705    0.051074    0.034119    5.034120 ^ clk (in)
                                                         clk (net)
                      0.051076    0.000000    5.034120 ^ clkbuf_0_clk/A (sky130_fd_sc_hd__clkbuf_16)
     4    0.042753    0.047106    0.103952    5.138071 ^ clkbuf_0_clk/X (sky130_fd_sc_hd__clkbuf_16)
                                                         clknet_0_clk (net)
                      0.047173    0.001508    5.139579 ^ clkbuf_2_0__f_clk/A (sky130_fd_sc_hd__clkbuf_16)
    13    0.042592    0.046930    0.102305    5.241884 ^ clkbuf_2_0__f_clk/X (sky130_fd_sc_hd__clkbuf_16)
                                                         clknet_2_0__leaf_clk (net)
                      0.047051    0.001748    5.243632 ^ _280_/CLK (sky130_fd_sc_hd__dfrtp_1)
                                 -0.250000    4.993632   clock uncertainty
                                  0.000000    4.993632   clock reconvergence pessimism
                                 -0.066095    4.927537   library setup time
                                              4.927537   data required time
---------------------------------------------------------------------------------------------
                                              4.927537   data required time
                                             -1.049079   data arrival time
---------------------------------------------------------------------------------------------
                                              3.878458   slack (MET)


Startpoint: araddr[0] (input port clocked by clk)
Endpoint: _281_ (rising edge-triggered flip-flop clocked by clk)
Path Group: clk
Path Type: max

Fanout         Cap        Slew       Delay        Time   Description
---------------------------------------------------------------------------------------------
                                  0.000000    0.000000   clock clk (rise edge)
                                  0.000000    0.000000   clock network delay (propagated)
                                  1.000000    1.000000 v input external delay
     1    0.002642    0.004489    0.002139    1.002138 v araddr[0] (in)
                                                         araddr[0] (net)
                      0.004490    0.000000    1.002138 v input2/A (sky130_fd_sc_hd__clkbuf_1)
     1    0.002990    0.018982    0.047130    1.049269 v input2/X (sky130_fd_sc_hd__clkbuf_1)
                                                         net2 (net)
                      0.018982    0.000066    1.049335 v _281_/D (sky130_fd_sc_hd__dfrtp_1)
                                              1.049335   data arrival time

                                  5.000000    5.000000   clock clk (rise edge)
                                  0.000000    5.000000   clock source latency
     1    0.013705    0.051074    0.034119    5.034120 ^ clk (in)
                                                         clk (net)
                      0.051076    0.000000    5.034120 ^ clkbuf_0_clk/A (sky130_fd_sc_hd__clkbuf_16)
     4    0.042753    0.047106    0.103952    5.138071 ^ clkbuf_0_clk/X (sky130_fd_sc_hd__clkbuf_16)
                                                         clknet_0_clk (net)
                      0.047173    0.001508    5.139579 ^ clkbuf_2_0__f_clk/A (sky130_fd_sc_hd__clkbuf_16)
    13    0.042592    0.046930    0.102305    5.241884 ^ clkbuf_2_0__f_clk/X (sky130_fd_sc_hd__clkbuf_16)
                                                         clknet_2_0__leaf_clk (net)
                      0.047162    0.002512    5.244396 ^ _281_/CLK (sky130_fd_sc_hd__dfrtp_1)
                                 -0.250000    4.994396   clock uncertainty
                                  0.000000    4.994396   clock reconvergence pessimism
                                 -0.066340    4.928056   library setup time
                                              4.928056   data required time
---------------------------------------------------------------------------------------------
                                              4.928056   data required time
                                             -1.049335   data arrival time
---------------------------------------------------------------------------------------------
                                              3.878721   slack (MET)


Startpoint: araddr[2] (input port clocked by clk)
Endpoint: _283_ (rising edge-triggered flip-flop clocked by clk)
Path Group: clk
Path Type: max

Fanout         Cap        Slew       Delay        Time   Description
---------------------------------------------------------------------------------------------
                                  0.000000    0.000000   clock clk (rise edge)
                                  0.000000    0.000000   clock network delay (propagated)
                                  1.000000    1.000000 v input external delay
     1    0.003006    0.005022    0.002463    1.002463 v araddr[2] (in)
                                                         araddr[2] (net)
                      0.005022    0.000000    1.002463 v input4/A (sky130_fd_sc_hd__clkbuf_1)
     1    0.002246    0.016412    0.044531    1.046994 v input4/X (sky130_fd_sc_hd__clkbuf_1)
                                                         net4 (net)
                      0.016412    0.000063    1.047057 v _283_/D (sky130_fd_sc_hd__dfrtp_1)
                                              1.047057   data arrival time

                                  5.000000    5.000000   clock clk (rise edge)
                                  0.000000    5.000000   clock source latency
     1    0.013705    0.051074    0.034119    5.034120 ^ clk (in)
                                                         clk (net)
                      0.051076    0.000000    5.034120 ^ clkbuf_0_clk/A (sky130_fd_sc_hd__clkbuf_16)
     4    0.042753    0.047106    0.103952    5.138071 ^ clkbuf_0_clk/X (sky130_fd_sc_hd__clkbuf_16)
                                                         clknet_0_clk (net)
                      0.047173    0.001508    5.139579 ^ clkbuf_2_0__f_clk/A (sky130_fd_sc_hd__clkbuf_16)
    13    0.042592    0.046930    0.102305    5.241884 ^ clkbuf_2_0__f_clk/X (sky130_fd_sc_hd__clkbuf_16)
                                                         clknet_2_0__leaf_clk (net)
                      0.047057    0.001795    5.243678 ^ _283_/CLK (sky130_fd_sc_hd__dfrtp_1)
                                 -0.250000    4.993678   clock uncertainty
                                  0.000000    4.993678   clock reconvergence pessimism
                                 -0.065432    4.928246   library setup time
                                              4.928246   data required time
---------------------------------------------------------------------------------------------
                                              4.928246   data required time
                                             -1.047057   data arrival time
---------------------------------------------------------------------------------------------
                                              3.881189   slack (MET)


Startpoint: araddr[1] (input port clocked by clk)
Endpoint: _282_ (rising edge-triggered flip-flop clocked by clk)
Path Group: clk
Path Type: max

Fanout         Cap        Slew       Delay        Time   Description
---------------------------------------------------------------------------------------------
                                  0.000000    0.000000   clock clk (rise edge)
                                  0.000000    0.000000   clock network delay (propagated)
                                  1.000000    1.000000 v input external delay
     1    0.003006    0.005022    0.002463    1.002463 v araddr[1] (in)
                                                         araddr[1] (net)
                      0.005023    0.000000    1.002463 v input3/A (sky130_fd_sc_hd__clkbuf_1)
     1    0.002246    0.016412    0.044531    1.046994 v input3/X (sky130_fd_sc_hd__clkbuf_1)
                                                         net3 (net)
                      0.016412    0.000063    1.047057 v _282_/D (sky130_fd_sc_hd__dfrtp_1)
                                              1.047057   data arrival time

                                  5.000000    5.000000   clock clk (rise edge)
                                  0.000000    5.000000   clock source latency
     1    0.013705    0.051074    0.034119    5.034120 ^ clk (in)
                                                         clk (net)
                      0.051076    0.000000    5.034120 ^ clkbuf_0_clk/A (sky130_fd_sc_hd__clkbuf_16)
     4    0.042753    0.047106    0.103952    5.138071 ^ clkbuf_0_clk/X (sky130_fd_sc_hd__clkbuf_16)
                                                         clknet_0_clk (net)
                      0.047173    0.001508    5.139579 ^ clkbuf_2_0__f_clk/A (sky130_fd_sc_hd__clkbuf_16)
    13    0.042592    0.046930    0.102305    5.241884 ^ clkbuf_2_0__f_clk/X (sky130_fd_sc_hd__clkbuf_16)
                                                         clknet_2_0__leaf_clk (net)
                      0.047109    0.002169    5.244053 ^ _282_/CLK (sky130_fd_sc_hd__dfrtp_1)
                                 -0.250000    4.994053   clock uncertainty
                                  0.000000    4.994053   clock reconvergence pessimism
                                 -0.065427    4.928626   library setup time
                                              4.928626   data required time
---------------------------------------------------------------------------------------------
                                              4.928626   data required time
                                             -1.047057   data arrival time
---------------------------------------------------------------------------------------------
                                              3.881568   slack (MET)


Startpoint: awaddr[1] (input port clocked by clk)
Endpoint: _279_ (rising edge-triggered flip-flop clocked by clk)
Path Group: clk
Path Type: max

Fanout         Cap        Slew       Delay        Time   Description
---------------------------------------------------------------------------------------------
                                  0.000000    0.000000   clock clk (rise edge)
                                  0.000000    0.000000   clock network delay (propagated)
                                  1.000000    1.000000 v input external delay
     1    0.002751    0.004648    0.002236    1.002236 v awaddr[1] (in)
                                                         awaddr[1] (net)
                      0.004648    0.000000    1.002236 v input13/A (sky130_fd_sc_hd__clkbuf_1)
     1    0.002292    0.016571    0.044569    1.046805 v input13/X (sky130_fd_sc_hd__clkbuf_1)
                                                         net13 (net)
                      0.016571    0.000064    1.046869 v _279_/D (sky130_fd_sc_hd__dfrtp_1)
                                              1.046869   data arrival time

                                  5.000000    5.000000   clock clk (rise edge)
                                  0.000000    5.000000   clock source latency
     1    0.013705    0.051074    0.034119    5.034120 ^ clk (in)
                                                         clk (net)
                      0.051076    0.000000    5.034120 ^ clkbuf_0_clk/A (sky130_fd_sc_hd__clkbuf_16)
     4    0.042753    0.047106    0.103952    5.138071 ^ clkbuf_0_clk/X (sky130_fd_sc_hd__clkbuf_16)
                                                         clknet_0_clk (net)
                      0.047173    0.001508    5.139579 ^ clkbuf_2_0__f_clk/A (sky130_fd_sc_hd__clkbuf_16)
    13    0.042592    0.046930    0.102305    5.241884 ^ clkbuf_2_0__f_clk/X (sky130_fd_sc_hd__clkbuf_16)
                                                         clknet_2_0__leaf_clk (net)
                      0.047123    0.002266    5.244150 ^ _279_/CLK (sky130_fd_sc_hd__dfrtp_1)
                                 -0.250000    4.994150   clock uncertainty
                                  0.000000    4.994150   clock reconvergence pessimism
                                 -0.065483    4.928667   library setup time
                                              4.928667   data required time
---------------------------------------------------------------------------------------------
                                              4.928667   data required time
                                             -1.046869   data arrival time
---------------------------------------------------------------------------------------------
                                              3.881798   slack (MET)


Startpoint: awaddr[0] (input port clocked by clk)
Endpoint: _278_ (rising edge-triggered flip-flop clocked by clk)
Path Group: clk
Path Type: max

Fanout         Cap        Slew       Delay        Time   Description
---------------------------------------------------------------------------------------------
                                  0.000000    0.000000   clock clk (rise edge)
                                  0.000000    0.000000   clock network delay (propagated)
                                  1.000000    1.000000 v input external delay
     1    0.002755    0.004655    0.002238    1.002238 v awaddr[0] (in)
                                                         awaddr[0] (net)
                      0.004655    0.000000    1.002238 v input12/A (sky130_fd_sc_hd__clkbuf_1)
     1    0.002337    0.016726    0.044740    1.046978 v input12/X (sky130_fd_sc_hd__clkbuf_1)
                                                         net12 (net)
                      0.016726    0.000065    1.047043 v _278_/D (sky130_fd_sc_hd__dfrtp_1)
                                              1.047043   data arrival time

                                  5.000000    5.000000   clock clk (rise edge)
                                  0.000000    5.000000   clock source latency
     1    0.013705    0.051074    0.034119    5.034120 ^ clk (in)
                                                         clk (net)
                      0.051076    0.000000    5.034120 ^ clkbuf_0_clk/A (sky130_fd_sc_hd__clkbuf_16)
     4    0.042753    0.047106    0.103952    5.138071 ^ clkbuf_0_clk/X (sky130_fd_sc_hd__clkbuf_16)
                                                         clknet_0_clk (net)
                      0.047173    0.001508    5.139579 ^ clkbuf_2_0__f_clk/A (sky130_fd_sc_hd__clkbuf_16)
    13    0.042592    0.046930    0.102305    5.241884 ^ clkbuf_2_0__f_clk/X (sky130_fd_sc_hd__clkbuf_16)
                                                         clknet_2_0__leaf_clk (net)
                      0.047173    0.002582    5.244466 ^ _278_/CLK (sky130_fd_sc_hd__dfrtp_1)
                                 -0.250000    4.994466   clock uncertainty
                                  0.000000    4.994466   clock reconvergence pessimism
                                 -0.065533    4.928933   library setup time
                                              4.928933   data required time
---------------------------------------------------------------------------------------------
                                              4.928933   data required time
                                             -1.047043   data arrival time
---------------------------------------------------------------------------------------------
                                              3.881891   slack (MET)


Startpoint: arlen[2] (input port clocked by clk)
Endpoint: _297_ (rising edge-triggered flip-flop clocked by clk)
Path Group: clk
Path Type: max

Fanout         Cap        Slew       Delay        Time   Description
---------------------------------------------------------------------------------------------
                                  0.000000    0.000000   clock clk (rise edge)
                                  0.000000    0.000000   clock network delay (propagated)
                                  1.000000    1.000000 v input external delay
     1    0.002731    0.004619    0.002218    1.002218 v arlen[2] (in)
                                                         arlen[2] (net)
                      0.004620    0.000000    1.002218 v input9/A (sky130_fd_sc_hd__clkbuf_1)
     1    0.002347    0.016768    0.044764    1.046982 v input9/X (sky130_fd_sc_hd__clkbuf_1)
                                                         net9 (net)
                      0.016768    0.000066    1.047047 v _297_/D (sky130_fd_sc_hd__dfrtp_1)
                                              1.047047   data arrival time

                                  5.000000    5.000000   clock clk (rise edge)
                                  0.000000    5.000000   clock source latency
     1    0.013705    0.051074    0.034119    5.034120 ^ clk (in)
                                                         clk (net)
                      0.051076    0.000000    5.034120 ^ clkbuf_0_clk/A (sky130_fd_sc_hd__clkbuf_16)
     4    0.042753    0.047106    0.103952    5.138071 ^ clkbuf_0_clk/X (sky130_fd_sc_hd__clkbuf_16)
                                                         clknet_0_clk (net)
                      0.047173    0.001508    5.139579 ^ clkbuf_2_0__f_clk/A (sky130_fd_sc_hd__clkbuf_16)
    13    0.042592    0.046930    0.102305    5.241884 ^ clkbuf_2_0__f_clk/X (sky130_fd_sc_hd__clkbuf_16)
                                                         clknet_2_0__leaf_clk (net)
                      0.047215    0.002827    5.244710 ^ _297_/CLK (sky130_fd_sc_hd__dfrtp_1)
                                 -0.250000    4.994710   clock uncertainty
                                  0.000000    4.994710   clock reconvergence pessimism
                                 -0.065544    4.929166   library setup time
                                              4.929166   data required time
---------------------------------------------------------------------------------------------
                                              4.929166   data required time
                                             -1.047047   data arrival time
---------------------------------------------------------------------------------------------
                                              3.882119   slack (MET)



