Instance,Terminal,Layer,X location,Y location,Voltage
FILLER_47_261,VGND,li1,125.8100,141.4400,0.000220
FILLER_47_250,VGND,li1,120.9800,141.4400,0.000217
FILLER_47_238,VGND,li1,115.4600,141.4400,0.000214
FILLER_47_225,VGND,li1,109.2500,141.4400,0.000204
FILLER_47_223,VGND,li1,108.3300,141.4400,0.000204
FILLER_47_216,VGND,li1,105.8000,141.4400,0.000200
FILLER_47_209,VGND,li1,102.5800,141.4400,0.000195
FILLER_47_202,VGND,li1,99.3600,141.4400,0.000190
FILLER_47_197,VGND,li1,96.6000,141.4400,0.000185
FILLER_47_195,VGND,li1,95.4500,141.4400,0.000182
FILLER_47_191,VGND,li1,93.6100,141.4400,0.000179
FILLER_47_175,VGND,li1,86.7100,141.4400,0.000169
FILLER_47_169,VGND,li1,83.7200,141.4400,0.000164
FILLER_47_160,VGND,li1,80.0400,141.4400,0.000158
FILLER_47_153,VGND,li1,76.8200,141.4400,0.000151
FILLER_47_147,VGND,li1,73.8300,141.4400,0.000145
FILLER_47_141,VGND,li1,70.8400,141.4400,0.000139
FILLER_47_139,VGND,li1,69.6900,141.4400,0.000135
FILLER_47_132,VGND,li1,67.1600,141.4400,0.000128
FILLER_47_126,VGND,li1,64.1700,141.4400,0.000121
FILLER_47_118,VGND,li1,60.7200,141.4400,0.000113
FILLER_47_113,VGND,li1,57.9600,141.4400,0.000108
FILLER_47_111,VGND,li1,56.8100,141.4400,0.000108
FILLER_47_104,VGND,li1,54.2800,141.4400,0.000102
FILLER_47_99,VGND,li1,51.5200,141.4400,0.000095
FILLER_47_91,VGND,li1,49.2200,141.4400,0.000090
FILLER_47_85,VGND,li1,45.0800,141.4400,0.000080
FILLER_47_76,VGND,li1,41.4000,141.4400,0.000066
FILLER_47_69,VGND,li1,38.1800,141.4400,0.000058
FILLER_47_62,VGND,li1,34.9600,141.4400,0.000049
FILLER_47_57,VGND,li1,32.2000,141.4400,0.000042
FILLER_47_53,VGND,li1,30.5900,141.4400,0.000042
FILLER_47_41,VGND,li1,27.1400,141.4400,0.000032
FILLER_47_29,VGND,li1,21.6200,141.4400,0.000027
FILLER_47_27,VGND,li1,18.1700,141.4400,0.000027
FILLER_47_15,VGND,li1,15.1800,141.4400,0.000027
FILLER_47_3,VGND,li1,9.6600,141.4400,0.000027
FILLER_46_253,VGND,li1,122.1300,136.0000,0.000534
FILLER_46_240,VGND,li1,116.1500,136.0000,0.000523
FILLER_46_229,VGND,li1,111.3200,136.0000,0.000510
FILLER_46_217,VGND,li1,108.1000,136.0000,0.000496
FILLER_46_209,VGND,li1,102.1200,136.0000,0.000482
FILLER_46_201,VGND,li1,99.8200,136.0000,0.000475
FILLER_46_195,VGND,li1,95.4500,136.0000,0.000452
FILLER_46_174,VGND,li1,86.2500,136.0000,0.000417
FILLER_46_162,VGND,li1,82.8000,136.0000,0.000397
FILLER_46_150,VGND,li1,77.2800,136.0000,0.000371
FILLER_46_136,VGND,li1,69.0000,136.0000,0.000336
FILLER_46_124,VGND,li1,65.3200,136.0000,0.000317
FILLER_46_109,VGND,li1,57.0400,136.0000,0.000268
FILLER_46_97,VGND,li1,52.9000,136.0000,0.000242
FILLER_46_85,VGND,li1,47.3800,136.0000,0.000207
FILLER_46_83,VGND,li1,43.9300,136.0000,0.000174
FILLER_46_77,VGND,li1,42.3200,136.0000,0.000174
FILLER_46_65,VGND,li1,38.1800,136.0000,0.000148
FILLER_46_53,VGND,li1,32.6600,136.0000,0.000112
FILLER_46_41,VGND,li1,27.1400,136.0000,0.000077
FILLER_46_29,VGND,li1,21.6200,136.0000,0.000064
FILLER_46_27,VGND,li1,18.1700,136.0000,0.000064
FILLER_46_15,VGND,li1,15.1800,136.0000,0.000064
FILLER_46_3,VGND,li1,9.6600,136.0000,0.000064
FILLER_45_274,VGND,li1,132.0200,136.0000,0.000548
FILLER_45_247,VGND,li1,119.3700,136.0000,0.000527
FILLER_45_225,VGND,li1,109.4800,136.0000,0.000503
FILLER_45_197,VGND,li1,96.3700,136.0000,0.000460
FILLER_45_178,VGND,li1,87.6300,136.0000,0.000417
FILLER_45_167,VGND,li1,82.5700,136.0000,0.000397
FILLER_45_156,VGND,li1,77.5100,136.0000,0.000371
FILLER_45_102,VGND,li1,52.6700,136.0000,0.000230
FILLER_45_96,VGND,li1,51.0600,136.0000,0.000230
FILLER_45_81,VGND,li1,45.5400,136.0000,0.000187
FILLER_45_69,VGND,li1,40.0200,136.0000,0.000159
FILLER_45_57,VGND,li1,34.5000,136.0000,0.000124
FILLER_45_55,VGND,li1,31.0500,136.0000,0.000095
FILLER_45_51,VGND,li1,29.9000,136.0000,0.000095
FILLER_45_39,VGND,li1,26.2200,136.0000,0.000064
FILLER_45_27,VGND,li1,20.7000,136.0000,0.000064
FILLER_45_15,VGND,li1,15.1800,136.0000,0.000064
FILLER_45_3,VGND,li1,9.6600,136.0000,0.000064
FILLER_44_249,VGND,li1,120.7500,130.5600,0.000668
FILLER_44_213,VGND,li1,104.1900,130.5600,0.000624
FILLER_44_194,VGND,li1,95.2200,130.5600,0.000591
FILLER_44_173,VGND,li1,85.3300,130.5600,0.000538
FILLER_44_141,VGND,li1,70.8400,130.5600,0.000457
FILLER_44_137,VGND,li1,69.2300,130.5600,0.000444
FILLER_44_109,VGND,li1,57.5000,130.5600,0.000353
FILLER_44_97,VGND,li1,52.9000,130.5600,0.000316
FILLER_44_85,VGND,li1,47.3800,130.5600,0.000270
FILLER_44_83,VGND,li1,43.9300,130.5600,0.000227
FILLER_44_77,VGND,li1,42.3200,130.5600,0.000227
FILLER_44_65,VGND,li1,38.1800,130.5600,0.000193
FILLER_44_53,VGND,li1,32.6600,130.5600,0.000147
FILLER_44_41,VGND,li1,27.1400,130.5600,0.000100
FILLER_44_29,VGND,li1,21.6200,130.5600,0.000084
FILLER_44_27,VGND,li1,18.1700,130.5600,0.000084
FILLER_44_15,VGND,li1,15.1800,130.5600,0.000084
FILLER_44_3,VGND,li1,9.6600,130.5600,0.000084
FILLER_43_275,VGND,li1,132.4800,130.5600,0.000682
FILLER_43_255,VGND,li1,123.0500,130.5600,0.000675
FILLER_43_208,VGND,li1,101.4300,130.5600,0.000617
FILLER_43_184,VGND,li1,90.6200,130.5600,0.000570
FILLER_43_176,VGND,li1,88.3200,130.5600,0.000559
FILLER_43_136,VGND,li1,69.0000,130.5600,0.000444
FILLER_43_113,VGND,li1,58.1900,130.5600,0.000353
FILLER_43_111,VGND,li1,56.8100,130.5600,0.000335
FILLER_43_105,VGND,li1,55.2000,130.5600,0.000335
FILLER_43_93,VGND,li1,51.0600,130.5600,0.000301
FILLER_43_81,VGND,li1,45.5400,130.5600,0.000245
FILLER_43_69,VGND,li1,40.0200,130.5600,0.000208
FILLER_43_57,VGND,li1,34.5000,130.5600,0.000162
FILLER_43_55,VGND,li1,31.0500,130.5600,0.000124
FILLER_43_51,VGND,li1,29.9000,130.5600,0.000124
FILLER_43_39,VGND,li1,26.2200,130.5600,0.000084
FILLER_43_27,VGND,li1,20.7000,130.5600,0.000084
FILLER_43_15,VGND,li1,15.1800,130.5600,0.000084
FILLER_43_3,VGND,li1,9.6600,130.5600,0.000084
FILLER_42_247,VGND,li1,119.6000,125.1200,0.000722
FILLER_42_212,VGND,li1,103.2700,125.1200,0.000676
FILLER_42_206,VGND,li1,101.6600,125.1200,0.000676
FILLER_42_197,VGND,li1,97.5200,125.1200,0.000653
FILLER_42_193,VGND,li1,94.9900,125.1200,0.000641
FILLER_42_186,VGND,li1,92.0000,125.1200,0.000627
FILLER_42_174,VGND,li1,88.3200,125.1200,0.000607
FILLER_42_141,VGND,li1,70.8400,125.1200,0.000476
FILLER_42_138,VGND,li1,69.4600,125.1200,0.000476
FILLER_42_117,VGND,li1,59.5700,125.1200,0.000393
FILLER_42_109,VGND,li1,57.5000,125.1200,0.000373
FILLER_42_97,VGND,li1,52.9000,125.1200,0.000334
FILLER_42_85,VGND,li1,47.3800,125.1200,0.000285
FILLER_42_83,VGND,li1,43.9300,125.1200,0.000241
FILLER_42_77,VGND,li1,42.3200,125.1200,0.000241
FILLER_42_65,VGND,li1,38.1800,125.1200,0.000204
FILLER_42_53,VGND,li1,32.6600,125.1200,0.000155
FILLER_42_41,VGND,li1,27.1400,125.1200,0.000106
FILLER_42_29,VGND,li1,21.6200,125.1200,0.000089
FILLER_42_27,VGND,li1,18.1700,125.1200,0.000089
FILLER_42_15,VGND,li1,15.1800,125.1200,0.000089
FILLER_42_3,VGND,li1,9.6600,125.1200,0.000089
FILLER_41_279,VGND,li1,134.0900,125.1200,0.000735
FILLER_41_250,VGND,li1,120.7500,125.1200,0.000722
FILLER_41_238,VGND,li1,117.7600,125.1200,0.000719
FILLER_41_203,VGND,li1,99.1300,125.1200,0.000663
FILLER_41_198,VGND,li1,97.0600,125.1200,0.000653
FILLER_41_190,VGND,li1,94.7600,125.1200,0.000641
FILLER_41_178,VGND,li1,90.1600,125.1200,0.000617
FILLER_41_167,VGND,li1,82.5700,125.1200,0.000575
FILLER_41_162,VGND,li1,80.5000,125.1200,0.000562
FILLER_41_147,VGND,li1,74.0600,125.1200,0.000515
FILLER_41_137,VGND,li1,69.2300,125.1200,0.000476
FILLER_41_125,VGND,li1,65.7800,125.1200,0.000436
FILLER_41_113,VGND,li1,60.2600,125.1200,0.000393
FILLER_41_111,VGND,li1,56.8100,125.1200,0.000355
FILLER_41_105,VGND,li1,55.2000,125.1200,0.000355
FILLER_41_93,VGND,li1,51.0600,125.1200,0.000318
FILLER_41_81,VGND,li1,45.5400,125.1200,0.000259
FILLER_41_69,VGND,li1,40.0200,125.1200,0.000220
FILLER_41_57,VGND,li1,34.5000,125.1200,0.000171
FILLER_41_55,VGND,li1,31.0500,125.1200,0.000131
FILLER_41_51,VGND,li1,29.9000,125.1200,0.000131
FILLER_41_39,VGND,li1,26.2200,125.1200,0.000089
FILLER_41_27,VGND,li1,20.7000,125.1200,0.000089
FILLER_41_15,VGND,li1,15.1800,125.1200,0.000089
FILLER_41_3,VGND,li1,9.6600,125.1200,0.000089
FILLER_40_269,VGND,li1,129.4900,119.6800,0.000741
FILLER_40_253,VGND,li1,122.8200,119.6800,0.000734
FILLER_40_246,VGND,li1,120.0600,119.6800,0.000732
FILLER_40_226,VGND,li1,110.8600,119.6800,0.000717
FILLER_40_214,VGND,li1,106.7200,119.6800,0.000708
FILLER_40_205,VGND,li1,100.0500,119.6800,0.000691
FILLER_40_187,VGND,li1,91.7700,119.6800,0.000657
FILLER_40_179,VGND,li1,89.7000,119.6800,0.000638
FILLER_40_153,VGND,li1,76.5900,119.6800,0.000564
FILLER_40_141,VGND,li1,73.1400,119.6800,0.000524
FILLER_40_136,VGND,li1,69.0000,119.6800,0.000504
FILLER_40_124,VGND,li1,65.3200,119.6800,0.000475
FILLER_40_109,VGND,li1,57.5000,119.6800,0.000400
FILLER_40_97,VGND,li1,52.9000,119.6800,0.000356
FILLER_40_85,VGND,li1,47.3800,119.6800,0.000311
FILLER_40_83,VGND,li1,43.9300,119.6800,0.000264
FILLER_40_77,VGND,li1,42.3200,119.6800,0.000264
FILLER_40_65,VGND,li1,38.1800,119.6800,0.000224
FILLER_40_53,VGND,li1,32.6600,119.6800,0.000170
FILLER_40_41,VGND,li1,27.1400,119.6800,0.000117
FILLER_40_29,VGND,li1,21.6200,119.6800,0.000097
FILLER_40_27,VGND,li1,18.1700,119.6800,0.000097
FILLER_40_15,VGND,li1,15.1800,119.6800,0.000097
FILLER_40_3,VGND,li1,9.6600,119.6800,0.000097
FILLER_39_269,VGND,li1,129.7200,119.6800,0.000741
FILLER_39_261,VGND,li1,127.4200,119.6800,0.000740
FILLER_39_250,VGND,li1,121.9000,119.6800,0.000734
FILLER_39_238,VGND,li1,117.7600,119.6800,0.000728
FILLER_39_231,VGND,li1,112.0100,119.6800,0.000717
FILLER_39_225,VGND,li1,110.4000,119.6800,0.000712
FILLER_39_178,VGND,li1,88.0900,119.6800,0.000638
FILLER_39_169,VGND,li1,83.7200,119.6800,0.000614
FILLER_39_161,VGND,li1,79.8100,119.6800,0.000588
FILLER_39_146,VGND,li1,73.3700,119.6800,0.000538
FILLER_39_134,VGND,li1,69.9200,119.6800,0.000504
FILLER_39_113,VGND,li1,57.7300,119.6800,0.000400
FILLER_39_110,VGND,li1,56.5800,119.6800,0.000400
FILLER_39_89,VGND,li1,47.1500,119.6800,0.000311
FILLER_39_81,VGND,li1,44.6200,119.6800,0.000285
FILLER_39_69,VGND,li1,40.0200,119.6800,0.000242
FILLER_39_57,VGND,li1,34.5000,119.6800,0.000188
FILLER_39_55,VGND,li1,31.0500,119.6800,0.000144
FILLER_39_51,VGND,li1,29.9000,119.6800,0.000144
FILLER_39_39,VGND,li1,26.2200,119.6800,0.000097
FILLER_39_27,VGND,li1,20.7000,119.6800,0.000097
FILLER_39_15,VGND,li1,15.1800,119.6800,0.000097
FILLER_39_3,VGND,li1,9.6600,119.6800,0.000097
FILLER_38_272,VGND,li1,131.5600,114.2400,0.001107
FILLER_38_258,VGND,li1,124.8900,114.2400,0.001096
FILLER_38_251,VGND,li1,121.2100,114.2400,0.001085
FILLER_38_246,VGND,li1,119.1400,114.2400,0.001078
FILLER_38_197,VGND,li1,96.6000,114.2400,0.000959
FILLER_38_173,VGND,li1,85.3300,114.2400,0.000876
FILLER_38_155,VGND,li1,77.5100,114.2400,0.000816
FILLER_38_149,VGND,li1,74.2900,114.2400,0.000775
FILLER_38_145,VGND,li1,73.1400,114.2400,0.000775
FILLER_38_137,VGND,li1,69.2300,114.2400,0.000735
FILLER_38_85,VGND,li1,45.3100,114.2400,0.000421
FILLER_38_83,VGND,li1,43.9300,114.2400,0.000392
FILLER_38_77,VGND,li1,42.3200,114.2400,0.000392
FILLER_38_65,VGND,li1,38.1800,114.2400,0.000332
FILLER_38_53,VGND,li1,32.6600,114.2400,0.000253
FILLER_38_41,VGND,li1,27.1400,114.2400,0.000173
FILLER_38_29,VGND,li1,21.6200,114.2400,0.000144
FILLER_38_27,VGND,li1,18.1700,114.2400,0.000144
FILLER_38_15,VGND,li1,15.1800,114.2400,0.000144
FILLER_38_3,VGND,li1,9.6600,114.2400,0.000144
FILLER_37_281,VGND,li1,135.4700,114.2400,0.001110
FILLER_37_277,VGND,li1,133.6300,114.2400,0.001109
FILLER_37_258,VGND,li1,124.4300,114.2400,0.001091
FILLER_37_236,VGND,li1,114.5400,114.2400,0.001064
FILLER_37_225,VGND,li1,109.4800,114.2400,0.001038
FILLER_37_210,VGND,li1,102.3500,114.2400,0.000996
FILLER_37_180,VGND,li1,88.5500,114.2400,0.000904
FILLER_37_176,VGND,li1,87.4000,114.2400,0.000890
FILLER_37_157,VGND,li1,77.9700,114.2400,0.000816
FILLER_37_152,VGND,li1,75.6700,114.2400,0.000800
FILLER_37_144,VGND,li1,73.6000,114.2400,0.000775
FILLER_37_113,VGND,li1,57.7300,114.2400,0.000596
FILLER_37_81,VGND,li1,43.0100,114.2400,0.000392
FILLER_37_69,VGND,li1,40.0200,114.2400,0.000359
FILLER_37_57,VGND,li1,34.5000,114.2400,0.000279
FILLER_37_55,VGND,li1,31.0500,114.2400,0.000213
FILLER_37_51,VGND,li1,29.9000,114.2400,0.000213
FILLER_37_39,VGND,li1,26.2200,114.2400,0.000144
FILLER_37_27,VGND,li1,20.7000,114.2400,0.000144
FILLER_37_15,VGND,li1,15.1800,114.2400,0.000144
FILLER_37_3,VGND,li1,9.6600,114.2400,0.000144
FILLER_36_269,VGND,li1,129.4900,108.8000,0.000628
FILLER_36_256,VGND,li1,123.5100,108.8000,0.000624
FILLER_36_251,VGND,li1,121.2100,108.8000,0.000621
FILLER_36_215,VGND,li1,104.8800,108.8000,0.000580
FILLER_36_149,VGND,li1,74.2900,108.8000,0.000440
FILLER_36_141,VGND,li1,72.2200,108.8000,0.000423
FILLER_36_139,VGND,li1,69.6900,108.8000,0.000412
FILLER_36_110,VGND,li1,56.5800,108.8000,0.000320
FILLER_36_99,VGND,li1,51.5200,108.8000,0.000294
FILLER_36_85,VGND,li1,45.3100,108.8000,0.000238
FILLER_36_83,VGND,li1,43.9300,108.8000,0.000222
FILLER_36_77,VGND,li1,42.3200,108.8000,0.000222
FILLER_36_65,VGND,li1,38.1800,108.8000,0.000188
FILLER_36_53,VGND,li1,32.6600,108.8000,0.000143
FILLER_36_41,VGND,li1,27.1400,108.8000,0.000098
FILLER_36_29,VGND,li1,21.6200,108.8000,0.000082
FILLER_36_27,VGND,li1,18.1700,108.8000,0.000082
FILLER_36_15,VGND,li1,15.1800,108.8000,0.000082
FILLER_36_3,VGND,li1,9.6600,108.8000,0.000082
FILLER_35_281,VGND,li1,135.4700,108.8000,0.000632
FILLER_35_264,VGND,li1,128.3400,108.8000,0.000628
FILLER_35_257,VGND,li1,124.2000,108.8000,0.000624
FILLER_35_245,VGND,li1,118.6800,108.8000,0.000617
FILLER_35_218,VGND,li1,107.1800,108.8000,0.000591
FILLER_35_181,VGND,li1,90.1600,108.8000,0.000522
FILLER_35_169,VGND,li1,86.0200,108.8000,0.000505
FILLER_35_166,VGND,li1,82.3400,108.8000,0.000479
FILLER_35_160,VGND,li1,79.5800,108.8000,0.000464
FILLER_35_149,VGND,li1,75.9000,108.8000,0.000440
FILLER_35_137,VGND,li1,71.3000,108.8000,0.000412
FILLER_35_125,VGND,li1,65.7800,108.8000,0.000384
FILLER_35_113,VGND,li1,60.2600,108.8000,0.000354
FILLER_35_110,VGND,li1,56.5800,108.8000,0.000320
FILLER_35_98,VGND,li1,53.3600,108.8000,0.000307
FILLER_35_93,VGND,li1,48.7600,108.8000,0.000273
FILLER_35_81,VGND,li1,45.5400,108.8000,0.000238
FILLER_35_69,VGND,li1,40.0200,108.8000,0.000203
FILLER_35_57,VGND,li1,34.5000,108.8000,0.000158
FILLER_35_55,VGND,li1,31.0500,108.8000,0.000120
FILLER_35_51,VGND,li1,29.9000,108.8000,0.000120
FILLER_35_39,VGND,li1,26.2200,108.8000,0.000082
FILLER_35_27,VGND,li1,20.7000,108.8000,0.000082
FILLER_35_15,VGND,li1,15.1800,108.8000,0.000082
FILLER_35_3,VGND,li1,9.6600,108.8000,0.000082
FILLER_34_279,VGND,li1,134.0900,103.3600,0.000313
FILLER_34_261,VGND,li1,126.0400,103.3600,0.000312
FILLER_34_253,VGND,li1,123.7400,103.3600,0.000310
FILLER_34_249,VGND,li1,120.7500,103.3600,0.000308
FILLER_34_245,VGND,li1,118.4500,103.3600,0.000307
FILLER_34_239,VGND,li1,116.8400,103.3600,0.000307
FILLER_34_229,VGND,li1,111.5500,103.3600,0.000304
FILLER_34_217,VGND,li1,108.1000,103.3600,0.000302
FILLER_34_195,VGND,li1,95.4500,103.3600,0.000292
FILLER_34_191,VGND,li1,93.6100,103.3600,0.000289
FILLER_34_185,VGND,li1,92.0000,103.3600,0.000289
FILLER_34_173,VGND,li1,87.8600,103.3600,0.000284
FILLER_34_161,VGND,li1,82.3400,103.3600,0.000274
FILLER_34_149,VGND,li1,76.8200,103.3600,0.000268
FILLER_34_141,VGND,li1,70.6100,103.3600,0.000253
FILLER_34_128,VGND,li1,65.7800,103.3600,0.000239
FILLER_34_116,VGND,li1,61.6400,103.3600,0.000224
FILLER_34_104,VGND,li1,56.1200,103.3600,0.000201
FILLER_34_97,VGND,li1,51.0600,103.3600,0.000181
FILLER_34_85,VGND,li1,47.3800,103.3600,0.000160
FILLER_34_82,VGND,li1,43.7000,103.3600,0.000149
FILLER_34_76,VGND,li1,41.1700,103.3600,0.000137
FILLER_34_68,VGND,li1,38.6400,103.3600,0.000122
FILLER_34_53,VGND,li1,32.6600,103.3600,0.000092
FILLER_34_41,VGND,li1,27.1400,103.3600,0.000065
FILLER_34_29,VGND,li1,21.6200,103.3600,0.000054
FILLER_34_27,VGND,li1,18.1700,103.3600,0.000054
FILLER_34_15,VGND,li1,15.1800,103.3600,0.000054
FILLER_34_3,VGND,li1,9.6600,103.3600,0.000054
FILLER_33_281,VGND,li1,135.4700,103.3600,0.000313
FILLER_33_279,VGND,li1,134.0900,103.3600,0.000313
FILLER_33_255,VGND,li1,123.0500,103.3600,0.000309
FILLER_33_249,VGND,li1,121.4400,103.3600,0.000309
FILLER_33_237,VGND,li1,117.3000,103.3600,0.000307
FILLER_33_225,VGND,li1,111.7800,103.3600,0.000304
FILLER_33_223,VGND,li1,108.3300,103.3600,0.000302
FILLER_33_211,VGND,li1,105.3400,103.3600,0.000301
FILLER_33_199,VGND,li1,99.8200,103.3600,0.000297
FILLER_33_187,VGND,li1,94.3000,103.3600,0.000292
FILLER_33_175,VGND,li1,88.7800,103.3600,0.000284
FILLER_33_169,VGND,li1,83.7200,103.3600,0.000277
FILLER_33_167,VGND,li1,82.5700,103.3600,0.000274
FILLER_33_161,VGND,li1,80.9600,103.3600,0.000274
FILLER_33_136,VGND,li1,68.3100,103.3600,0.000246
FILLER_33_121,VGND,li1,61.6400,103.3600,0.000224
FILLER_33_113,VGND,li1,59.3400,103.3600,0.000215
FILLER_33_96,VGND,li1,49.9100,103.3600,0.000171
FILLER_33_92,VGND,li1,48.7600,103.3600,0.000171
FILLER_33_84,VGND,li1,44.3900,103.3600,0.000149
FILLER_33_72,VGND,li1,39.1000,103.3600,0.000122
FILLER_33_57,VGND,li1,32.2000,103.3600,0.000092
FILLER_33_55,VGND,li1,31.0500,103.3600,0.000080
FILLER_33_51,VGND,li1,29.9000,103.3600,0.000080
FILLER_33_39,VGND,li1,26.2200,103.3600,0.000054
FILLER_33_27,VGND,li1,20.7000,103.3600,0.000054
FILLER_33_15,VGND,li1,15.1800,103.3600,0.000054
FILLER_33_3,VGND,li1,9.6600,103.3600,0.000054
FILLER_32_281,VGND,li1,135.4700,97.9200,0.000461
FILLER_32_253,VGND,li1,122.8200,97.9200,0.000455
FILLER_32_244,VGND,li1,119.6000,97.9200,0.000453
FILLER_32_225,VGND,li1,109.9400,97.9200,0.000440
FILLER_32_213,VGND,li1,106.2600,97.9200,0.000435
FILLER_32_193,VGND,li1,94.9900,97.9200,0.000411
FILLER_32_184,VGND,li1,91.5400,97.9200,0.000407
FILLER_32_161,VGND,li1,79.8100,97.9200,0.000371
FILLER_32_141,VGND,li1,70.6100,97.9200,0.000336
FILLER_32_138,VGND,li1,69.4600,97.9200,0.000329
FILLER_32_119,VGND,li1,60.7200,97.9200,0.000293
FILLER_32_85,VGND,li1,44.8500,97.9200,0.000205
FILLER_32_71,VGND,li1,38.4100,97.9200,0.000168
FILLER_32_53,VGND,li1,30.3600,97.9200,0.000105
FILLER_32_41,VGND,li1,27.1400,97.9200,0.000090
FILLER_32_29,VGND,li1,21.6200,97.9200,0.000076
FILLER_32_27,VGND,li1,18.1700,97.9200,0.000076
FILLER_32_15,VGND,li1,15.1800,97.9200,0.000076
FILLER_32_3,VGND,li1,9.6600,97.9200,0.000076
FILLER_31_279,VGND,li1,134.0900,97.9200,0.000461
FILLER_31_249,VGND,li1,120.9800,97.9200,0.000453
FILLER_31_225,VGND,li1,110.4000,97.9200,0.000440
FILLER_31_216,VGND,li1,106.7200,97.9200,0.000435
FILLER_31_181,VGND,li1,89.4700,97.9200,0.000399
FILLER_31_167,VGND,li1,82.5700,97.9200,0.000378
FILLER_31_150,VGND,li1,74.7500,97.9200,0.000348
FILLER_31_137,VGND,li1,68.7700,97.9200,0.000329
FILLER_31_113,VGND,li1,57.9600,97.9200,0.000274
FILLER_31_111,VGND,li1,56.8100,97.9200,0.000274
FILLER_31_91,VGND,li1,48.0700,97.9200,0.000217
FILLER_31_86,VGND,li1,45.3100,97.9200,0.000205
FILLER_31_72,VGND,li1,39.1000,97.9200,0.000168
FILLER_31_51,VGND,li1,29.2100,97.9200,0.000105
FILLER_31_27,VGND,li1,18.1700,97.9200,0.000076
FILLER_31_15,VGND,li1,15.1800,97.9200,0.000076
FILLER_31_3,VGND,li1,9.6600,97.9200,0.000076
FILLER_30_279,VGND,li1,134.0900,92.4800,0.000755
FILLER_30_253,VGND,li1,123.7400,92.4800,0.000748
FILLER_30_251,VGND,li1,121.2100,92.4800,0.000745
FILLER_30_221,VGND,li1,107.6400,92.4800,0.000720
FILLER_30_195,VGND,li1,95.4500,92.4800,0.000688
FILLER_30_191,VGND,li1,94.3000,92.4800,0.000688
FILLER_30_164,VGND,li1,81.6500,92.4800,0.000625
FILLER_30_149,VGND,li1,74.7500,92.4800,0.000587
FILLER_30_120,VGND,li1,62.5600,92.4800,0.000506
FILLER_30_108,VGND,li1,57.9600,92.4800,0.000461
FILLER_30_85,VGND,li1,45.0800,92.4800,0.000355
FILLER_30_82,VGND,li1,43.7000,92.4800,0.000355
FILLER_30_61,VGND,li1,33.8100,92.4800,0.000247
FILLER_30_57,VGND,li1,32.6600,92.4800,0.000225
FILLER_30_27,VGND,li1,18.1700,92.4800,0.000128
FILLER_30_15,VGND,li1,15.1800,92.4800,0.000128
FILLER_30_3,VGND,li1,9.6600,92.4800,0.000128
FILLER_29_277,VGND,li1,133.6300,92.4800,0.000755
FILLER_29_257,VGND,li1,125.5800,92.4800,0.000750
FILLER_29_219,VGND,li1,106.4900,92.4800,0.000720
FILLER_29_213,VGND,li1,104.8800,92.4800,0.000715
FILLER_29_189,VGND,li1,92.9200,92.4800,0.000681
FILLER_29_155,VGND,li1,77.5100,92.4800,0.000607
FILLER_29_149,VGND,li1,74.2900,92.4800,0.000587
FILLER_29_136,VGND,li1,68.3100,92.4800,0.000548
FILLER_29_125,VGND,li1,63.9400,92.4800,0.000506
FILLER_29_113,VGND,li1,60.2600,92.4800,0.000489
FILLER_29_110,VGND,li1,56.5800,92.4800,0.000461
FILLER_29_92,VGND,li1,48.0700,92.4800,0.000380
FILLER_29_31,VGND,li1,20.0100,92.4800,0.000128
FILLER_29_27,VGND,li1,18.8600,92.4800,0.000128
FILLER_29_15,VGND,li1,15.1800,92.4800,0.000128
FILLER_29_3,VGND,li1,9.6600,92.4800,0.000128
FILLER_28_283,VGND,li1,135.9300,87.0400,0.000361
FILLER_28_277,VGND,li1,134.3200,87.0400,0.000361
FILLER_28_265,VGND,li1,130.1800,87.0400,0.000361
FILLER_28_250,VGND,li1,120.9800,87.0400,0.000360
FILLER_28_209,VGND,li1,102.3500,87.0400,0.000342
FILLER_28_201,VGND,li1,99.8200,87.0400,0.000338
FILLER_28_187,VGND,li1,92.2300,87.0400,0.000326
FILLER_28_179,VGND,li1,89.7000,87.0400,0.000321
FILLER_28_153,VGND,li1,76.3600,87.0400,0.000290
FILLER_28_145,VGND,li1,74.0600,87.0400,0.000285
FILLER_28_139,VGND,li1,69.6900,87.0400,0.000273
FILLER_28_122,VGND,li1,61.8700,87.0400,0.000249
FILLER_28_116,VGND,li1,59.3400,87.0400,0.000240
FILLER_28_108,VGND,li1,57.0400,87.0400,0.000228
FILLER_28_29,VGND,li1,19.0900,87.0400,0.000065
FILLER_28_27,VGND,li1,18.1700,87.0400,0.000065
FILLER_28_15,VGND,li1,15.1800,87.0400,0.000065
FILLER_28_3,VGND,li1,9.6600,87.0400,0.000065
FILLER_27_277,VGND,li1,133.6300,87.0400,0.000361
FILLER_27_269,VGND,li1,131.1000,87.0400,0.000361
FILLER_27_257,VGND,li1,124.4300,87.0400,0.000361
FILLER_27_249,VGND,li1,121.9000,87.0400,0.000360
FILLER_27_216,VGND,li1,105.8000,87.0400,0.000344
FILLER_27_182,VGND,li1,89.4700,87.0400,0.000317
FILLER_27_176,VGND,li1,87.8600,87.0400,0.000317
FILLER_27_150,VGND,li1,75.9000,87.0400,0.000290
FILLER_27_138,VGND,li1,71.7600,87.0400,0.000278
FILLER_27_113,VGND,li1,57.7300,87.0400,0.000228
FILLER_27_105,VGND,li1,54.7400,87.0400,0.000221
FILLER_27_70,VGND,li1,38.6400,87.0400,0.000142
FILLER_27_57,VGND,li1,31.9700,87.0400,0.000097
FILLER_27_43,VGND,li1,25.9900,87.0400,0.000064
FILLER_27_27,VGND,li1,18.8600,87.0400,0.000065
FILLER_27_15,VGND,li1,15.1800,87.0400,0.000065
FILLER_27_3,VGND,li1,9.6600,87.0400,0.000065
FILLER_26_265,VGND,li1,128.1100,81.6000,0.000298
FILLER_26_253,VGND,li1,124.6600,81.6000,0.000297
FILLER_26_251,VGND,li1,121.2100,81.6000,0.000296
FILLER_26_243,VGND,li1,119.1400,81.6000,0.000295
FILLER_26_223,VGND,li1,108.3300,81.6000,0.000291
FILLER_26_219,VGND,li1,107.1800,81.6000,0.000290
FILLER_26_195,VGND,li1,95.4500,81.6000,0.000283
FILLER_26_178,VGND,li1,87.6300,81.6000,0.000274
FILLER_26_170,VGND,li1,85.5600,81.6000,0.000272
FILLER_26_157,VGND,li1,77.9700,81.6000,0.000257
FILLER_26_153,VGND,li1,76.8200,81.6000,0.000257
FILLER_26_141,VGND,li1,73.1400,81.6000,0.000250
FILLER_26_111,VGND,li1,57.2700,81.6000,0.000201
FILLER_26_85,VGND,li1,45.0800,81.6000,0.000151
FILLER_26_71,VGND,li1,38.4100,81.6000,0.000115
FILLER_26_41,VGND,li1,27.1400,81.6000,0.000063
FILLER_26_29,VGND,li1,21.6200,81.6000,0.000053
FILLER_26_27,VGND,li1,18.1700,81.6000,0.000053
FILLER_26_15,VGND,li1,15.1800,81.6000,0.000053
FILLER_26_3,VGND,li1,9.6600,81.6000,0.000053
FILLER_25_281,VGND,li1,135.4700,81.6000,0.000299
FILLER_25_279,VGND,li1,134.0900,81.6000,0.000299
FILLER_25_265,VGND,li1,127.8800,81.6000,0.000298
FILLER_25_253,VGND,li1,124.6600,81.6000,0.000297
FILLER_25_241,VGND,li1,119.1400,81.6000,0.000295
FILLER_25_233,VGND,li1,112.9300,81.6000,0.000293
FILLER_25_225,VGND,li1,110.8600,81.6000,0.000292
FILLER_25_216,VGND,li1,106.7200,81.6000,0.000290
FILLER_25_185,VGND,li1,90.8500,81.6000,0.000277
FILLER_25_181,VGND,li1,89.7000,81.6000,0.000277
FILLER_25_169,VGND,li1,86.0200,81.6000,0.000272
FILLER_25_165,VGND,li1,82.1100,81.6000,0.000266
FILLER_25_153,VGND,li1,76.3600,81.6000,0.000257
FILLER_25_145,VGND,li1,74.0600,81.6000,0.000250
FILLER_25_113,VGND,li1,59.3400,81.6000,0.000208
FILLER_25_111,VGND,li1,56.8100,81.6000,0.000201
FILLER_25_84,VGND,li1,44.3900,81.6000,0.000143
FILLER_25_79,VGND,li1,42.0900,81.6000,0.000134
FILLER_25_67,VGND,li1,39.1000,81.6000,0.000115
FILLER_25_57,VGND,li1,32.6600,81.6000,0.000091
FILLER_25_55,VGND,li1,31.0500,81.6000,0.000081
FILLER_25_43,VGND,li1,28.0600,81.6000,0.000063
FILLER_25_27,VGND,li1,18.8600,81.6000,0.000053
FILLER_25_15,VGND,li1,15.1800,81.6000,0.000053
FILLER_25_3,VGND,li1,9.6600,81.6000,0.000053
FILLER_24_279,VGND,li1,134.0900,76.1600,0.000286
FILLER_24_261,VGND,li1,126.0400,76.1600,0.000285
FILLER_24_253,VGND,li1,123.7400,76.1600,0.000284
FILLER_24_250,VGND,li1,120.9800,76.1600,0.000282
FILLER_24_233,VGND,li1,112.9300,76.1600,0.000274
FILLER_24_221,VGND,li1,109.9400,76.1600,0.000270
FILLER_24_209,VGND,li1,104.4200,76.1600,0.000265
FILLER_24_195,VGND,li1,95.4500,76.1600,0.000250
FILLER_24_189,VGND,li1,93.8400,76.1600,0.000250
FILLER_24_177,VGND,li1,89.7000,76.1600,0.000243
FILLER_24_165,VGND,li1,84.1800,76.1600,0.000234
FILLER_24_149,VGND,li1,74.9800,76.1600,0.000218
FILLER_24_138,VGND,li1,69.4600,76.1600,0.000207
FILLER_24_104,VGND,li1,54.0500,76.1600,0.000161
FILLER_24_96,VGND,li1,51.5200,76.1600,0.000152
FILLER_24_85,VGND,li1,45.5400,76.1600,0.000126
FILLER_24_83,VGND,li1,43.9300,76.1600,0.000126
FILLER_24_77,VGND,li1,42.3200,76.1600,0.000118
FILLER_24_65,VGND,li1,38.1800,76.1600,0.000102
FILLER_24_53,VGND,li1,32.6600,76.1600,0.000081
FILLER_24_29,VGND,li1,19.7800,76.1600,0.000051
FILLER_24_27,VGND,li1,18.1700,76.1600,0.000051
FILLER_24_19,VGND,li1,16.1000,76.1600,0.000051
FILLER_24_7,VGND,li1,11.5000,76.1600,0.000051
FILLER_23_281,VGND,li1,135.4700,76.1600,0.000286
FILLER_23_265,VGND,li1,128.1100,76.1600,0.000285
FILLER_23_261,VGND,li1,125.8100,76.1600,0.000285
FILLER_23_212,VGND,li1,105.8000,76.1600,0.000265
FILLER_23_200,VGND,li1,100.2800,76.1600,0.000257
FILLER_23_188,VGND,li1,94.7600,76.1600,0.000250
FILLER_23_176,VGND,li1,89.2400,76.1600,0.000243
FILLER_23_113,VGND,li1,58.1900,76.1600,0.000172
FILLER_23_106,VGND,li1,55.6600,76.1600,0.000161
FILLER_23_94,VGND,li1,51.5200,76.1600,0.000152
FILLER_23_82,VGND,li1,46.0000,76.1600,0.000133
FILLER_23_57,VGND,li1,33.1200,76.1600,0.000081
FILLER_23_11,VGND,li1,11.0400,76.1600,0.000051
FILLER_23_3,VGND,li1,8.7400,76.1600,0.000051
FILLER_22_278,VGND,li1,134.0900,70.7200,0.000496
FILLER_22_270,VGND,li1,131.5600,70.7200,0.000496
FILLER_22_258,VGND,li1,126.9600,70.7200,0.000496
FILLER_22_239,VGND,li1,115.6900,70.7200,0.000486
FILLER_22_220,VGND,li1,107.4100,70.7200,0.000470
FILLER_22_209,VGND,li1,102.3500,70.7200,0.000459
FILLER_22_192,VGND,li1,94.7600,70.7200,0.000436
FILLER_22_180,VGND,li1,91.0800,70.7200,0.000427
FILLER_22_168,VGND,li1,85.5600,70.7200,0.000412
FILLER_22_141,VGND,li1,71.3000,70.7200,0.000366
FILLER_22_115,VGND,li1,58.6500,70.7200,0.000323
FILLER_22_111,VGND,li1,57.5000,70.7200,0.000315
FILLER_22_91,VGND,li1,47.6100,70.7200,0.000271
FILLER_22_62,VGND,li1,34.7300,70.7200,0.000193
FILLER_22_53,VGND,li1,30.8200,70.7200,0.000160
FILLER_22_33,VGND,li1,20.9300,70.7200,0.000098
FILLER_22_29,VGND,li1,19.7800,70.7200,0.000098
FILLER_22_27,VGND,li1,18.1700,70.7200,0.000098
FILLER_22_15,VGND,li1,15.1800,70.7200,0.000098
FILLER_22_3,VGND,li1,9.6600,70.7200,0.000098
FILLER_21_281,VGND,li1,135.4700,70.7200,0.000496
FILLER_21_273,VGND,li1,131.7900,70.7200,0.000496
FILLER_21_265,VGND,li1,129.2600,70.7200,0.000496
FILLER_21_184,VGND,li1,90.3900,70.7200,0.000427
FILLER_21_176,VGND,li1,88.3200,70.7200,0.000422
FILLER_21_160,VGND,li1,80.9600,70.7200,0.000400
FILLER_21_148,VGND,li1,76.3600,70.7200,0.000386
FILLER_21_136,VGND,li1,70.8400,70.7200,0.000366
FILLER_21_121,VGND,li1,61.8700,70.7200,0.000335
FILLER_21_111,VGND,li1,56.8100,70.7200,0.000315
FILLER_21_107,VGND,li1,55.6600,70.7200,0.000308
FILLER_21_82,VGND,li1,43.4700,70.7200,0.000250
FILLER_21_57,VGND,li1,31.9700,70.7200,0.000160
FILLER_21_50,VGND,li1,28.9800,70.7200,0.000144
FILLER_21_27,VGND,li1,18.8600,70.7200,0.000098
FILLER_21_15,VGND,li1,15.1800,70.7200,0.000098
FILLER_21_3,VGND,li1,9.6600,70.7200,0.000098
FILLER_20_265,VGND,li1,128.1100,65.2800,0.000531
FILLER_20_261,VGND,li1,125.8100,65.2800,0.000530
FILLER_20_249,VGND,li1,120.7500,65.2800,0.000529
FILLER_20_188,VGND,li1,92.2300,65.2800,0.000465
FILLER_20_184,VGND,li1,91.0800,65.2800,0.000465
FILLER_20_170,VGND,li1,83.9500,65.2800,0.000436
FILLER_20_153,VGND,li1,76.1300,65.2800,0.000402
FILLER_20_149,VGND,li1,74.9800,65.2800,0.000402
FILLER_20_139,VGND,li1,69.6900,65.2800,0.000374
FILLER_20_119,VGND,li1,61.1800,65.2800,0.000332
FILLER_20_85,VGND,li1,45.3100,65.2800,0.000235
FILLER_20_57,VGND,li1,31.9700,65.2800,0.000133
FILLER_20_51,VGND,li1,30.3600,65.2800,0.000116
FILLER_20_39,VGND,li1,26.2200,65.2800,0.000083
FILLER_20_29,VGND,li1,20.2400,65.2800,0.000085
FILLER_20_27,VGND,li1,18.1700,65.2800,0.000085
FILLER_20_15,VGND,li1,15.1800,65.2800,0.000085
FILLER_20_3,VGND,li1,9.6600,65.2800,0.000085
FILLER_19_281,VGND,li1,135.4700,65.2800,0.000531
FILLER_19_268,VGND,li1,130.6400,65.2800,0.000531
FILLER_19_256,VGND,li1,126.0400,65.2800,0.000530
FILLER_19_231,VGND,li1,112.0100,65.2800,0.000523
FILLER_19_196,VGND,li1,95.9100,65.2800,0.000481
FILLER_19_188,VGND,li1,93.8400,65.2800,0.000474
FILLER_19_150,VGND,li1,75.9000,65.2800,0.000402
FILLER_19_122,VGND,li1,62.5600,65.2800,0.000343
FILLER_19_113,VGND,li1,58.4200,65.2800,0.000320
FILLER_19_109,VGND,li1,56.3500,65.2800,0.000307
FILLER_19_83,VGND,li1,44.1600,65.2800,0.000218
FILLER_19_76,VGND,li1,40.7100,65.2800,0.000203
FILLER_19_63,VGND,li1,34.7300,65.2800,0.000158
FILLER_19_57,VGND,li1,33.1200,65.2800,0.000133
FILLER_19_55,VGND,li1,31.0500,65.2800,0.000116
FILLER_19_49,VGND,li1,29.4400,65.2800,0.000116
FILLER_19_23,VGND,li1,16.7900,65.2800,0.000085
FILLER_19_15,VGND,li1,14.2600,65.2800,0.000085
FILLER_19_3,VGND,li1,9.6600,65.2800,0.000085
FILLER_18_280,VGND,li1,135.2400,59.8400,0.000392
FILLER_18_256,VGND,li1,126.0400,59.8400,0.000391
FILLER_18_251,VGND,li1,121.2100,59.8400,0.000389
FILLER_18_203,VGND,li1,99.1300,59.8400,0.000339
FILLER_18_197,VGND,li1,97.5200,59.8400,0.000339
FILLER_18_192,VGND,li1,94.7600,59.8400,0.000331
FILLER_18_180,VGND,li1,91.0800,59.8400,0.000321
FILLER_18_148,VGND,li1,75.4400,59.8400,0.000266
FILLER_18_138,VGND,li1,69.4600,59.8400,0.000250
FILLER_18_125,VGND,li1,63.2500,59.8400,0.000223
FILLER_18_121,VGND,li1,62.1000,59.8400,0.000223
FILLER_18_109,VGND,li1,58.4200,59.8400,0.000205
FILLER_18_101,VGND,li1,52.2100,59.8400,0.000186
FILLER_18_97,VGND,li1,51.0600,59.8400,0.000176
FILLER_18_85,VGND,li1,47.3800,59.8400,0.000164
FILLER_18_83,VGND,li1,43.9300,59.8400,0.000148
FILLER_18_77,VGND,li1,42.3200,59.8400,0.000136
FILLER_18_65,VGND,li1,38.1800,59.8400,0.000121
FILLER_18_47,VGND,li1,28.5200,59.8400,0.000073
FILLER_18_29,VGND,li1,20.2400,59.8400,0.000056
FILLER_18_27,VGND,li1,18.1700,59.8400,0.000056
FILLER_18_15,VGND,li1,15.1800,59.8400,0.000056
FILLER_18_3,VGND,li1,9.6600,59.8400,0.000056
FILLER_17_281,VGND,li1,135.4700,59.8400,0.000392
FILLER_17_260,VGND,li1,125.3500,59.8400,0.000390
FILLER_17_256,VGND,li1,124.2000,59.8400,0.000390
FILLER_17_225,VGND,li1,110.4000,59.8400,0.000373
FILLER_17_222,VGND,li1,108.1000,59.8400,0.000367
FILLER_17_210,VGND,li1,104.8800,59.8400,0.000359
FILLER_17_198,VGND,li1,99.3600,59.8400,0.000344
FILLER_17_193,VGND,li1,94.5300,59.8400,0.000331
FILLER_17_181,VGND,li1,91.5400,59.8400,0.000321
FILLER_17_169,VGND,li1,86.0200,59.8400,0.000304
FILLER_17_153,VGND,li1,76.5900,59.8400,0.000275
FILLER_17_145,VGND,li1,74.0600,59.8400,0.000266
FILLER_17_131,VGND,li1,66.0100,59.8400,0.000232
FILLER_17_125,VGND,li1,64.4000,59.8400,0.000232
FILLER_17_113,VGND,li1,60.2600,59.8400,0.000216
FILLER_17_106,VGND,li1,55.6600,59.8400,0.000193
FILLER_17_80,VGND,li1,42.5500,59.8400,0.000136
FILLER_17_76,VGND,li1,41.4000,59.8400,0.000136
FILLER_17_54,VGND,li1,30.8200,59.8400,0.000085
FILLER_17_44,VGND,li1,26.2200,59.8400,0.000055
FILLER_17_31,VGND,li1,20.0100,59.8400,0.000056
FILLER_17_27,VGND,li1,18.8600,59.8400,0.000056
FILLER_17_15,VGND,li1,15.1800,59.8400,0.000056
FILLER_17_3,VGND,li1,9.6600,59.8400,0.000056
FILLER_16_267,VGND,li1,128.5700,54.4000,0.000553
FILLER_16_263,VGND,li1,127.4200,54.4000,0.000553
FILLER_16_250,VGND,li1,120.9800,54.4000,0.000547
FILLER_16_225,VGND,li1,109.2500,54.4000,0.000529
FILLER_16_221,VGND,li1,108.1000,54.4000,0.000524
FILLER_16_209,VGND,li1,104.4200,54.4000,0.000517
FILLER_16_179,VGND,li1,89.2400,54.4000,0.000471
FILLER_16_153,VGND,li1,76.1300,54.4000,0.000424
FILLER_16_121,VGND,li1,61.8700,54.4000,0.000349
FILLER_16_109,VGND,li1,58.4200,54.4000,0.000339
FILLER_16_85,VGND,li1,45.5400,54.4000,0.000259
FILLER_16_48,VGND,li1,30.3600,54.4000,0.000142
FILLER_16_27,VGND,li1,18.1700,54.4000,0.000090
FILLER_16_15,VGND,li1,15.1800,54.4000,0.000090
FILLER_16_3,VGND,li1,9.6600,54.4000,0.000090
FILLER_15_272,VGND,li1,131.5600,54.4000,0.000553
FILLER_15_265,VGND,li1,127.6500,54.4000,0.000553
FILLER_15_240,VGND,li1,116.6100,54.4000,0.000542
FILLER_15_225,VGND,li1,109.7100,54.4000,0.000529
FILLER_15_218,VGND,li1,107.1800,54.4000,0.000524
FILLER_15_183,VGND,li1,89.9300,54.4000,0.000471
FILLER_15_152,VGND,li1,75.6700,54.4000,0.000424
FILLER_15_144,VGND,li1,73.6000,54.4000,0.000416
FILLER_15_137,VGND,li1,68.7700,54.4000,0.000393
FILLER_15_69,VGND,li1,37.9500,54.4000,0.000203
FILLER_15_57,VGND,li1,34.5000,54.4000,0.000176
FILLER_15_54,VGND,li1,30.8200,54.4000,0.000142
FILLER_15_21,VGND,li1,15.4100,54.4000,0.000090
FILLER_15_15,VGND,li1,13.8000,54.4000,0.000090
FILLER_15_3,VGND,li1,9.6600,54.4000,0.000090
FILLER_14_279,VGND,li1,134.0900,48.9600,0.000309
FILLER_14_271,VGND,li1,132.0200,48.9600,0.000309
FILLER_14_265,VGND,li1,127.8800,48.9600,0.000308
FILLER_14_257,VGND,li1,125.5800,48.9600,0.000307
FILLER_14_253,VGND,li1,122.1300,48.9600,0.000305
FILLER_14_248,VGND,li1,120.5200,48.9600,0.000305
FILLER_14_228,VGND,li1,113.1600,48.9600,0.000300
FILLER_14_180,VGND,li1,89.2400,48.9600,0.000276
FILLER_14_141,VGND,li1,73.1400,48.9600,0.000249
FILLER_14_137,VGND,li1,69.2300,48.9600,0.000238
FILLER_14_124,VGND,li1,62.7900,48.9600,0.000222
FILLER_14_120,VGND,li1,61.6400,48.9600,0.000222
FILLER_14_109,VGND,li1,57.0400,48.9600,0.000207
FILLER_14_89,VGND,li1,46.6900,48.9600,0.000168
FILLER_14_85,VGND,li1,45.5400,48.9600,0.000157
FILLER_14_76,VGND,li1,42.3200,48.9600,0.000146
FILLER_14_64,VGND,li1,37.7200,48.9600,0.000130
FILLER_14_56,VGND,li1,31.5100,48.9600,0.000098
FILLER_14_29,VGND,li1,19.5500,48.9600,0.000064
FILLER_14_27,VGND,li1,18.1700,48.9600,0.000064
FILLER_14_15,VGND,li1,15.1800,48.9600,0.000064
FILLER_14_3,VGND,li1,9.6600,48.9600,0.000064
FILLER_13_281,VGND,li1,135.4700,48.9600,0.000309
FILLER_13_266,VGND,li1,128.3400,48.9600,0.000308
FILLER_13_257,VGND,li1,124.4300,48.9600,0.000306
FILLER_13_245,VGND,li1,120.9800,48.9600,0.000305
FILLER_13_221,VGND,li1,107.8700,48.9600,0.000297
FILLER_13_205,VGND,li1,100.7400,48.9600,0.000291
FILLER_13_193,VGND,li1,95.2200,48.9600,0.000284
FILLER_13_181,VGND,li1,91.5400,48.9600,0.000280
FILLER_13_169,VGND,li1,86.0200,48.9600,0.000271
FILLER_13_167,VGND,li1,82.5700,48.9600,0.000266
FILLER_13_163,VGND,li1,81.4200,48.9600,0.000262
FILLER_13_148,VGND,li1,74.2900,48.9600,0.000249
FILLER_13_140,VGND,li1,71.7600,48.9600,0.000242
FILLER_13_113,VGND,li1,58.1900,48.9600,0.000207
FILLER_13_111,VGND,li1,56.8100,48.9600,0.000207
FILLER_13_105,VGND,li1,55.2000,48.9600,0.000197
FILLER_13_97,VGND,li1,50.3700,48.9600,0.000180
FILLER_13_82,VGND,li1,43.9300,48.9600,0.000157
FILLER_13_74,VGND,li1,41.4000,48.9600,0.000146
FILLER_13_23,VGND,li1,16.5600,48.9600,0.000064
FILLER_13_15,VGND,li1,14.2600,48.9600,0.000064
FILLER_13_3,VGND,li1,9.6600,48.9600,0.000064
FILLER_12_280,VGND,li1,134.5500,43.5200,0.000448
FILLER_12_265,VGND,li1,128.1100,43.5200,0.000447
FILLER_12_261,VGND,li1,125.8100,43.5200,0.000447
FILLER_12_253,VGND,li1,123.7400,43.5200,0.000447
FILLER_12_249,VGND,li1,120.7500,43.5200,0.000446
FILLER_12_221,VGND,li1,108.1000,43.5200,0.000431
FILLER_12_209,VGND,li1,102.3500,43.5200,0.000422
FILLER_12_197,VGND,li1,98.9000,43.5200,0.000416
FILLER_12_194,VGND,li1,95.2200,43.5200,0.000407
FILLER_12_182,VGND,li1,92.0000,43.5200,0.000398
FILLER_12_170,VGND,li1,86.4800,43.5200,0.000378
FILLER_12_149,VGND,li1,74.5200,43.5200,0.000346
FILLER_12_141,VGND,li1,72.2200,43.5200,0.000336
FILLER_12_131,VGND,li1,66.4700,43.5200,0.000317
FILLER_12_109,VGND,li1,57.0400,43.5200,0.000265
FILLER_12_97,VGND,li1,52.9000,43.5200,0.000249
FILLER_12_85,VGND,li1,47.3800,43.5200,0.000219
FILLER_12_82,VGND,li1,43.7000,43.5200,0.000192
FILLER_12_70,VGND,li1,40.4800,43.5200,0.000178
FILLER_12_58,VGND,li1,34.9600,43.5200,0.000140
FILLER_12_46,VGND,li1,29.4400,43.5200,0.000104
FILLER_12_37,VGND,li1,23.0000,43.5200,0.000074
FILLER_12_29,VGND,li1,20.7000,43.5200,0.000075
FILLER_12_27,VGND,li1,18.1700,43.5200,0.000075
FILLER_12_15,VGND,li1,15.1800,43.5200,0.000075
FILLER_12_3,VGND,li1,9.6600,43.5200,0.000075
FILLER_11_281,VGND,li1,135.4700,43.5200,0.000448
FILLER_11_264,VGND,li1,127.8800,43.5200,0.000447
FILLER_11_260,VGND,li1,125.3500,43.5200,0.000447
FILLER_11_252,VGND,li1,123.2800,43.5200,0.000447
FILLER_11_233,VGND,li1,112.9300,43.5200,0.000438
FILLER_11_225,VGND,li1,110.8600,43.5200,0.000436
FILLER_11_223,VGND,li1,108.3300,43.5200,0.000431
FILLER_11_211,VGND,li1,105.3400,43.5200,0.000427
FILLER_11_169,VGND,li1,85.1000,43.5200,0.000378
FILLER_11_167,VGND,li1,82.5700,43.5200,0.000371
FILLER_11_143,VGND,li1,72.2200,43.5200,0.000336
FILLER_11_118,VGND,li1,60.4900,43.5200,0.000291
FILLER_11_106,VGND,li1,55.6600,43.5200,0.000265
FILLER_11_74,VGND,li1,39.7900,43.5200,0.000166
FILLER_11_50,VGND,li1,29.9000,43.5200,0.000104
FILLER_11_23,VGND,li1,16.7900,43.5200,0.000075
FILLER_11_15,VGND,li1,14.2600,43.5200,0.000075
FILLER_11_3,VGND,li1,9.6600,43.5200,0.000075
FILLER_10_265,VGND,li1,128.1100,38.0800,0.000320
FILLER_10_250,VGND,li1,120.9800,38.0800,0.000317
FILLER_10_224,VGND,li1,109.0200,38.0800,0.000308
FILLER_10_204,VGND,li1,99.5900,38.0800,0.000298
FILLER_10_195,VGND,li1,95.4500,38.0800,0.000293
FILLER_10_139,VGND,li1,69.6900,38.0800,0.000239
FILLER_10_112,VGND,li1,57.7300,38.0800,0.000200
FILLER_10_45,VGND,li1,26.9100,38.0800,0.000068
FILLER_10_29,VGND,li1,19.7800,38.0800,0.000059
FILLER_10_27,VGND,li1,18.1700,38.0800,0.000059
FILLER_10_15,VGND,li1,15.1800,38.0800,0.000059
FILLER_10_3,VGND,li1,9.6600,38.0800,0.000059
FILLER_9_275,VGND,li1,132.2500,38.0800,0.000321
FILLER_9_258,VGND,li1,124.6600,38.0800,0.000319
FILLER_9_254,VGND,li1,122.5900,38.0800,0.000317
FILLER_9_250,VGND,li1,121.4400,38.0800,0.000317
FILLER_9_237,VGND,li1,114.7700,38.0800,0.000313
FILLER_9_225,VGND,li1,111.7800,38.0800,0.000311
FILLER_9_218,VGND,li1,107.1800,38.0800,0.000306
FILLER_9_205,VGND,li1,100.0500,38.0800,0.000298
FILLER_9_199,VGND,li1,98.4400,38.0800,0.000296
FILLER_9_169,VGND,li1,84.6400,38.0800,0.000275
FILLER_9_164,VGND,li1,81.8800,38.0800,0.000271
FILLER_9_142,VGND,li1,72.2200,38.0800,0.000245
FILLER_9_121,VGND,li1,61.4100,38.0800,0.000214
FILLER_9_113,VGND,li1,59.3400,38.0800,0.000208
FILLER_9_100,VGND,li1,54.2800,38.0800,0.000190
FILLER_9_55,VGND,li1,31.0500,38.0800,0.000090
FILLER_9_46,VGND,li1,26.9100,38.0800,0.000068
FILLER_9_42,VGND,li1,25.7600,38.0800,0.000058
FILLER_9_27,VGND,li1,18.6300,38.0800,0.000059
FILLER_9_15,VGND,li1,15.1800,38.0800,0.000059
FILLER_9_3,VGND,li1,9.6600,38.0800,0.000059
FILLER_8_280,VGND,li1,135.2400,32.6400,0.000178
FILLER_8_265,VGND,li1,128.1100,32.6400,0.000178
FILLER_8_261,VGND,li1,125.8100,32.6400,0.000177
FILLER_8_253,VGND,li1,123.7400,32.6400,0.000176
FILLER_8_250,VGND,li1,120.9800,32.6400,0.000175
FILLER_8_242,VGND,li1,118.6800,32.6400,0.000174
FILLER_8_230,VGND,li1,114.0800,32.6400,0.000171
FILLER_8_205,VGND,li1,100.0500,32.6400,0.000162
FILLER_8_197,VGND,li1,97.9800,32.6400,0.000160
FILLER_8_192,VGND,li1,94.7600,32.6400,0.000158
FILLER_8_180,VGND,li1,91.0800,32.6400,0.000154
FILLER_8_168,VGND,li1,85.5600,32.6400,0.000148
FILLER_8_141,VGND,li1,72.2200,32.6400,0.000131
FILLER_8_134,VGND,li1,68.5400,32.6400,0.000124
FILLER_8_126,VGND,li1,63.7100,32.6400,0.000117
FILLER_8_120,VGND,li1,62.1000,32.6400,0.000111
FILLER_8_108,VGND,li1,57.9600,32.6400,0.000105
FILLER_8_96,VGND,li1,52.4400,32.6400,0.000093
FILLER_8_85,VGND,li1,45.5400,32.6400,0.000081
FILLER_8_83,VGND,li1,43.9300,32.6400,0.000075
FILLER_8_79,VGND,li1,42.7800,32.6400,0.000075
FILLER_8_67,VGND,li1,39.1000,32.6400,0.000067
FILLER_8_56,VGND,li1,32.2000,32.6400,0.000048
FILLER_8_44,VGND,li1,28.5200,32.6400,0.000042
FILLER_8_29,VGND,li1,20.7000,32.6400,0.000031
FILLER_8_27,VGND,li1,18.1700,32.6400,0.000031
FILLER_8_15,VGND,li1,15.1800,32.6400,0.000031
FILLER_8_3,VGND,li1,9.6600,32.6400,0.000031
FILLER_7_281,VGND,li1,135.4700,32.6400,0.000178
FILLER_7_263,VGND,li1,126.7300,32.6400,0.000177
FILLER_7_257,VGND,li1,125.1200,32.6400,0.000176
FILLER_7_245,VGND,li1,120.9800,32.6400,0.000175
FILLER_7_237,VGND,li1,114.7700,32.6400,0.000171
FILLER_7_233,VGND,li1,113.6200,32.6400,0.000171
FILLER_7_223,VGND,li1,108.3300,32.6400,0.000169
FILLER_7_202,VGND,li1,98.9000,32.6400,0.000162
FILLER_7_194,VGND,li1,96.6000,32.6400,0.000160
FILLER_7_181,VGND,li1,89.0100,32.6400,0.000152
FILLER_7_169,VGND,li1,86.0200,32.6400,0.000148
FILLER_7_167,VGND,li1,82.5700,32.6400,0.000143
FILLER_7_163,VGND,li1,81.4200,32.6400,0.000143
FILLER_7_148,VGND,li1,74.2900,32.6400,0.000134
FILLER_7_140,VGND,li1,71.7600,32.6400,0.000128
FILLER_7_119,VGND,li1,60.4900,32.6400,0.000111
FILLER_7_113,VGND,li1,58.8800,32.6400,0.000105
FILLER_7_92,VGND,li1,48.0700,32.6400,0.000087
FILLER_7_86,VGND,li1,46.4600,32.6400,0.000081
FILLER_7_65,VGND,li1,35.8800,32.6400,0.000059
FILLER_7_57,VGND,li1,33.5800,32.6400,0.000054
FILLER_7_54,VGND,li1,30.8200,32.6400,0.000048
FILLER_7_21,VGND,li1,15.4100,32.6400,0.000031
FILLER_7_15,VGND,li1,13.8000,32.6400,0.000031
FILLER_7_3,VGND,li1,9.6600,32.6400,0.000031
FILLER_6_265,VGND,li1,128.1100,27.2000,0.000349
FILLER_6_253,VGND,li1,124.6600,27.2000,0.000349
FILLER_6_227,VGND,li1,110.1700,27.2000,0.000339
FILLER_6_221,VGND,li1,108.5600,27.2000,0.000339
FILLER_6_186,VGND,li1,91.7700,27.2000,0.000319
FILLER_6_148,VGND,li1,74.2900,27.2000,0.000281
FILLER_6_106,VGND,li1,55.6600,27.2000,0.000222
FILLER_6_92,VGND,li1,48.3000,27.2000,0.000194
FILLER_6_60,VGND,li1,35.8800,27.2000,0.000139
FILLER_6_15,VGND,li1,12.6500,27.2000,0.000071
FILLER_6_3,VGND,li1,9.6600,27.2000,0.000071
FILLER_5_268,VGND,li1,129.0300,27.2000,0.000350
FILLER_5_229,VGND,li1,111.0900,27.2000,0.000342
FILLER_5_225,VGND,li1,109.9400,27.2000,0.000339
FILLER_5_223,VGND,li1,108.3300,27.2000,0.000338
FILLER_5_217,VGND,li1,106.7200,27.2000,0.000338
FILLER_5_205,VGND,li1,102.5800,27.2000,0.000334
FILLER_5_169,VGND,li1,83.4900,27.2000,0.000303
FILLER_5_167,VGND,li1,82.5700,27.2000,0.000298
FILLER_5_163,VGND,li1,81.4200,27.2000,0.000298
FILLER_5_150,VGND,li1,74.7500,27.2000,0.000281
FILLER_5_144,VGND,li1,73.1400,27.2000,0.000273
FILLER_5_109,VGND,li1,56.3500,27.2000,0.000222
FILLER_5_93,VGND,li1,49.2200,27.2000,0.000194
FILLER_5_81,VGND,li1,45.5400,27.2000,0.000177
FILLER_5_63,VGND,li1,34.7300,27.2000,0.000123
FILLER_5_57,VGND,li1,33.1200,27.2000,0.000123
FILLER_5_55,VGND,li1,31.0500,27.2000,0.000112
FILLER_5_47,VGND,li1,28.9800,27.2000,0.000100
FILLER_5_38,VGND,li1,23.4600,27.2000,0.000067
FILLER_5_11,VGND,li1,11.2700,27.2000,0.000071
FILLER_5_3,VGND,li1,8.7400,27.2000,0.000071
FILLER_4_262,VGND,li1,126.5000,21.7600,0.000585
FILLER_4_258,VGND,li1,124.4300,21.7600,0.000584
FILLER_4_236,VGND,li1,115.0000,21.7600,0.000575
FILLER_4_224,VGND,li1,111.3200,21.7600,0.000571
FILLER_4_217,VGND,li1,105.8000,21.7600,0.000563
FILLER_4_195,VGND,li1,95.4500,21.7600,0.000528
FILLER_4_189,VGND,li1,93.8400,21.7600,0.000528
FILLER_4_176,VGND,li1,87.8600,21.7600,0.000504
FILLER_4_164,VGND,li1,83.7200,21.7600,0.000486
FILLER_4_141,VGND,li1,71.3000,21.7600,0.000429
FILLER_4_119,VGND,li1,60.7200,21.7600,0.000376
FILLER_4_111,VGND,li1,58.4200,21.7600,0.000356
FILLER_4_99,VGND,li1,53.8200,21.7600,0.000330
FILLER_4_93,VGND,li1,48.5300,21.7600,0.000303
FILLER_4_82,VGND,li1,43.7000,21.7600,0.000268
FILLER_4_70,VGND,li1,40.4800,21.7600,0.000244
FILLER_4_41,VGND,li1,25.3000,21.7600,0.000115
FILLER_4_29,VGND,li1,21.6200,21.7600,0.000097
FILLER_4_27,VGND,li1,18.1700,21.7600,0.000097
FILLER_4_15,VGND,li1,15.1800,21.7600,0.000097
FILLER_4_3,VGND,li1,9.6600,21.7600,0.000097
FILLER_3_252,VGND,li1,121.6700,21.7600,0.000582
FILLER_3_231,VGND,li1,112.4700,21.7600,0.000571
FILLER_3_177,VGND,li1,87.6300,21.7600,0.000504
FILLER_3_169,VGND,li1,85.1000,21.7600,0.000494
FILLER_3_143,VGND,li1,71.5300,21.7600,0.000429
FILLER_3_121,VGND,li1,62.1000,21.7600,0.000388
FILLER_3_113,VGND,li1,58.1900,21.7600,0.000356
FILLER_3_111,VGND,li1,56.8100,21.7600,0.000356
FILLER_3_102,VGND,li1,52.6700,21.7600,0.000330
FILLER_3_89,VGND,li1,46.6900,21.7600,0.000288
FILLER_3_83,VGND,li1,45.0800,21.7600,0.000268
FILLER_3_69,VGND,li1,37.7200,21.7600,0.000214
FILLER_3_54,VGND,li1,30.8200,21.7600,0.000155
FILLER_3_45,VGND,li1,26.4500,21.7600,0.000115
FILLER_3_27,VGND,li1,19.3200,21.7600,0.000097
FILLER_3_15,VGND,li1,15.1800,21.7600,0.000097
FILLER_3_3,VGND,li1,9.6600,21.7600,0.000097
FILLER_2_242,VGND,li1,117.3000,16.3200,0.000406
FILLER_2_182,VGND,li1,89.7000,16.3200,0.000352
FILLER_2_141,VGND,li1,70.8400,16.3200,0.000288
FILLER_2_134,VGND,li1,68.5400,16.3200,0.000279
FILLER_2_109,VGND,li1,56.1200,16.3200,0.000224
FILLER_2_56,VGND,li1,32.2000,16.3200,0.000098
FILLER_2_29,VGND,li1,19.5500,16.3200,0.000067
FILLER_2_15,VGND,li1,12.6500,16.3200,0.000067
FILLER_2_3,VGND,li1,9.6600,16.3200,0.000067
FILLER_1_261,VGND,li1,126.2700,16.3200,0.000411
FILLER_1_246,VGND,li1,119.3700,16.3200,0.000408
FILLER_1_233,VGND,li1,112.9300,16.3200,0.000403
FILLER_1_225,VGND,li1,110.8600,16.3200,0.000400
FILLER_1_223,VGND,li1,108.3300,16.3200,0.000397
FILLER_1_217,VGND,li1,105.8000,16.3200,0.000394
FILLER_1_209,VGND,li1,103.5000,16.3200,0.000389
FILLER_1_196,VGND,li1,95.9100,16.3200,0.000370
FILLER_1_186,VGND,li1,91.3100,16.3200,0.000358
FILLER_1_178,VGND,li1,89.2400,16.3200,0.000352
FILLER_1_167,VGND,li1,82.5700,16.3200,0.000329
FILLER_1_151,VGND,li1,75.2100,16.3200,0.000305
FILLER_1_143,VGND,li1,73.1400,16.3200,0.000297
FILLER_1_106,VGND,li1,55.6600,16.3200,0.000224
FILLER_1_65,VGND,li1,36.1100,16.3200,0.000126
FILLER_1_57,VGND,li1,33.5800,16.3200,0.000113
FILLER_1_55,VGND,li1,31.0500,16.3200,0.000098
FILLER_1_51,VGND,li1,29.9000,16.3200,0.000084
FILLER_1_15,VGND,li1,15.1800,16.3200,0.000067
FILLER_1_3,VGND,li1,9.6600,16.3200,0.000067
FILLER_0_266,VGND,li1,128.3400,10.8800,0.000076
FILLER_0_253,VGND,li1,122.3600,10.8800,0.000074
FILLER_0_245,VGND,li1,118.9100,10.8800,0.000073
FILLER_0_238,VGND,li1,115.6900,10.8800,0.000072
FILLER_0_231,VGND,li1,112.4700,10.8800,0.000071
FILLER_0_225,VGND,li1,109.4800,10.8800,0.000070
FILLER_0_223,VGND,li1,108.3300,10.8800,0.000070
FILLER_0_216,VGND,li1,105.8000,10.8800,0.000069
FILLER_0_209,VGND,li1,102.5800,10.8800,0.000069
FILLER_0_203,VGND,li1,99.5900,10.8800,0.000068
FILLER_0_188,VGND,li1,92.9200,10.8800,0.000063
FILLER_0_181,VGND,li1,89.7000,10.8800,0.000061
FILLER_0_174,VGND,li1,86.4800,10.8800,0.000059
FILLER_0_169,VGND,li1,83.7200,10.8800,0.000057
FILLER_0_167,VGND,li1,82.5700,10.8800,0.000057
FILLER_0_160,VGND,li1,80.0400,10.8800,0.000055
FILLER_0_153,VGND,li1,76.8200,10.8800,0.000052
FILLER_0_146,VGND,li1,73.6000,10.8800,0.000050
FILLER_0_141,VGND,li1,70.8400,10.8800,0.000047
FILLER_0_139,VGND,li1,69.6900,10.8800,0.000047
FILLER_0_132,VGND,li1,67.1600,10.8800,0.000045
FILLER_0_125,VGND,li1,63.9400,10.8800,0.000042
FILLER_0_118,VGND,li1,60.7200,10.8800,0.000039
FILLER_0_113,VGND,li1,57.9600,10.8800,0.000037
FILLER_0_111,VGND,li1,56.8100,10.8800,0.000035
FILLER_0_105,VGND,li1,54.5100,10.8800,0.000033
FILLER_0_97,VGND,li1,51.0600,10.8800,0.000031
FILLER_0_93,VGND,li1,48.5300,10.8800,0.000029
FILLER_0_85,VGND,li1,46.4600,10.8800,0.000027
FILLER_0_81,VGND,li1,43.4700,10.8800,0.000025
FILLER_0_69,VGND,li1,40.0200,10.8800,0.000022
FILLER_0_57,VGND,li1,34.5000,10.8800,0.000017
FILLER_0_55,VGND,li1,31.0500,10.8800,0.000014
FILLER_0_47,VGND,li1,28.9800,10.8800,0.000012
FILLER_0_37,VGND,li1,23.2300,10.8800,0.000009
FILLER_0_29,VGND,li1,20.7000,10.8800,0.000009
FILLER_0_27,VGND,li1,18.1700,10.8800,0.000009
FILLER_0_15,VGND,li1,15.1800,10.8800,0.000009
FILLER_0_3,VGND,li1,9.6600,10.8800,0.000009
ANTENNA_2,VGND,li1,57.0400,16.3200,0.000224
ANTENNA_1,VGND,li1,34.9600,21.7600,0.000197
hold7,VGND,li1,120.9800,130.5600,0.000671
hold6,VGND,li1,118.2200,136.0000,0.000527
hold5,VGND,li1,106.7200,130.5600,0.000633
hold4,VGND,li1,132.0200,125.1200,0.000734
hold3,VGND,li1,75.4400,130.5600,0.000482
hold2,VGND,li1,71.7600,130.5600,0.000457
hold1,VGND,li1,130.1800,130.5600,0.000681
clkload0,VGND,li1,78.6600,125.1200,0.000548
clkbuf_1_1__f_clk,VGND,li1,103.9600,125.1200,0.000688
clkbuf_1_0__f_clk,VGND,li1,81.8800,119.6800,0.000604
clkbuf_0_clk,VGND,li1,95.2200,119.6800,0.000672
fanout246,VGND,li1,103.9600,136.0000,0.000488
fanout245,VGND,li1,71.7600,136.0000,0.000349
fanout244,VGND,li1,105.1100,108.8000,0.000586
fanout243,VGND,li1,89.7000,119.6800,0.000638
fanout242,VGND,li1,117.7600,114.2400,0.001078
fanout241,VGND,li1,103.5000,108.8000,0.000580
fanout240,VGND,li1,101.6600,108.8000,0.000571
fanout239,VGND,li1,71.3000,114.2400,0.000756
fanout238,VGND,li1,69.2300,103.3600,0.000246
fanout237,VGND,li1,59.3400,97.9200,0.000284
fanout236,VGND,li1,61.8700,119.6800,0.000434
fanout235,VGND,li1,62.7900,103.3600,0.000224
fanout234,VGND,li1,69.0000,92.4800,0.000548
fanout233,VGND,li1,60.2600,119.6800,0.000434
fanout232,VGND,li1,55.2000,108.8000,0.000320
fanout231,VGND,li1,58.8800,114.2400,0.000596
fanout230,VGND,li1,46.9200,108.8000,0.000259
max_cap229,VGND,li1,54.5100,87.0400,0.000221
fanout228,VGND,li1,49.2200,92.4800,0.000403
fanout227,VGND,li1,42.3200,70.7200,0.000250
fanout226,VGND,li1,92.4600,92.4800,0.000681
fanout225,VGND,li1,110.4000,65.2800,0.000523
max_cap224,VGND,li1,81.6500,125.1200,0.000562
max_cap223,VGND,li1,42.5500,103.3600,0.000137
fanout222,VGND,li1,41.4000,92.4800,0.000334
fanout221,VGND,li1,46.0000,70.7200,0.000261
max_cap220,VGND,li1,52.6700,103.3600,0.000181
fanout219,VGND,li1,86.0200,97.9200,0.000392
fanout218,VGND,li1,35.8800,103.3600,0.000112
fanout217,VGND,li1,71.3000,87.0400,0.000273
fanout216,VGND,li1,52.9000,59.8400,0.000186
wire215,VGND,li1,67.8500,103.3600,0.000246
max_cap214,VGND,li1,73.3700,103.3600,0.000258
fanout213,VGND,li1,76.8200,103.3600,0.000268
fanout212,VGND,li1,74.9800,54.4000,0.000416
fanout211,VGND,li1,59.8000,76.1600,0.000180
fanout210,VGND,li1,68.5400,43.5200,0.000326
fanout209,VGND,li1,84.1800,97.9200,0.000386
fanout208,VGND,li1,101.6600,97.9200,0.000427
fanout207,VGND,li1,73.1400,92.4800,0.000574
fanout206,VGND,li1,86.4800,54.4000,0.000460
max_cap205,VGND,li1,55.4300,92.4800,0.000441
fanout204,VGND,li1,53.8200,92.4800,0.000441
fanout203,VGND,li1,42.7800,65.2800,0.000218
fanout202,VGND,li1,46.0000,97.9200,0.000205
fanout201,VGND,li1,55.2000,81.6000,0.000190
fanout200,VGND,li1,46.4600,92.4800,0.000380
fanout199,VGND,li1,42.7800,87.0400,0.000162
fanout198,VGND,li1,46.4600,97.9200,0.000217
fanout197,VGND,li1,42.3200,65.2800,0.000203
fanout196,VGND,li1,75.9000,97.9200,0.000357
fanout195,VGND,li1,70.8400,59.8400,0.000250
fanout194,VGND,li1,90.6200,92.4800,0.000674
fanout193,VGND,li1,88.3200,54.4000,0.000471
fanout192,VGND,li1,63.0200,87.0400,0.000249
fanout191,VGND,li1,70.3800,54.4000,0.000393
fanout190,VGND,li1,97.0600,87.0400,0.000334
fanout189,VGND,li1,51.5200,92.4800,0.000423
fanout188,VGND,li1,117.7600,119.6800,0.000728
fanout187,VGND,li1,113.1600,97.9200,0.000447
fanout186,VGND,li1,129.2600,48.9600,0.000308
fanout185,VGND,li1,122.8200,114.2400,0.001091
fanout184,VGND,li1,127.8800,59.8400,0.000391
fanout183,VGND,li1,126.9600,114.2400,0.001101
fanout182,VGND,li1,119.6000,59.8400,0.000389
fanout181,VGND,li1,97.0600,136.0000,0.000460
fanout180,VGND,li1,117.3000,141.4400,0.000216
fanout179,VGND,li1,76.8200,114.2400,0.000800
fanout178,VGND,li1,107.1800,16.3200,0.000394
fanout177,VGND,li1,99.1300,27.2000,0.000330
fanout176,VGND,li1,94.7600,10.8800,0.000066
fanout175,VGND,li1,67.6200,81.6000,0.000236
fanout174,VGND,li1,58.8800,81.6000,0.000208
fanout173,VGND,li1,75.6700,27.2000,0.000281
fanout172,VGND,li1,27.1400,21.7600,0.000132
fanout171,VGND,li1,71.0700,38.0800,0.000245
fanout170,VGND,li1,80.0400,38.0800,0.000267
fanout169,VGND,li1,31.7400,97.9200,0.000122
fanout168,VGND,li1,85.1000,103.3600,0.000281
fanout167,VGND,li1,123.0500,92.4800,0.000748
fanout166,VGND,li1,119.6000,87.0400,0.000360
fanout165,VGND,li1,119.6000,76.1600,0.000282
fanout164,VGND,li1,68.5400,65.2800,0.000374
fanout163,VGND,li1,69.0000,43.5200,0.000326
fanout162,VGND,li1,64.8600,43.5200,0.000307
fanout161,VGND,li1,109.0200,70.7200,0.000474
fanout160,VGND,li1,124.6600,70.7200,0.000496
fanout159,VGND,li1,81.6500,16.3200,0.000329
fanout158,VGND,li1,72.6800,21.7600,0.000442
fanout157,VGND,li1,76.5900,48.9600,0.000256
fanout156,VGND,li1,59.8000,48.9600,0.000217
fanout155,VGND,li1,65.3200,21.7600,0.000398
fanout154,VGND,li1,69.0000,27.2000,0.000266
fanout153,VGND,li1,124.2000,54.4000,0.000552
fanout152,VGND,li1,63.4800,54.4000,0.000367
fanout151,VGND,li1,73.6000,103.3600,0.000262
fanout150,VGND,li1,71.7600,103.3600,0.000258
fanout149,VGND,li1,76.5900,54.4000,0.000424
fanout148,VGND,li1,56.1200,54.4000,0.000326
fanout147,VGND,li1,107.8700,65.2800,0.000517
fanout146,VGND,li1,108.1000,65.2800,0.000517
fanout145,VGND,li1,92.4600,97.9200,0.000407
fanout144,VGND,li1,60.7200,87.0400,0.000240
fanout143,VGND,li1,88.7800,92.4800,0.000665
fanout142,VGND,li1,95.6800,59.8400,0.000331
fanout141,VGND,li1,30.3600,97.9200,0.000105
fanout140,VGND,li1,30.3600,70.7200,0.000144
fanout139,VGND,li1,19.7800,92.4800,0.000128
fanout138,VGND,li1,18.4000,65.2800,0.000085
fanout137,VGND,li1,21.1600,92.4800,0.000128
fanout136,VGND,li1,22.5400,65.2800,0.000084
fanout135,VGND,li1,103.9600,97.9200,0.000432
fanout134,VGND,li1,77.2800,65.2800,0.000412
fanout133,VGND,li1,88.7800,81.6000,0.000274
fanout132,VGND,li1,126.5000,70.7200,0.000496
fanout131,VGND,li1,98.4400,97.9200,0.000421
fanout130,VGND,li1,78.6600,103.3600,0.000271
fanout129,VGND,li1,107.6400,92.4800,0.000720
fanout128,VGND,li1,120.5200,70.7200,0.000493
fanout127,VGND,li1,35.8800,87.0400,0.000121
fanout126,VGND,li1,34.9600,65.2800,0.000158
fanout125,VGND,li1,33.5800,103.3600,0.000092
fanout124,VGND,li1,19.3200,97.9200,0.000076
fanout123,VGND,li1,28.9800,87.0400,0.000086
fanout122,VGND,li1,43.2400,81.6000,0.000143
fanout121,VGND,li1,41.8600,103.3600,0.000137
fanout120,VGND,li1,33.1200,65.2800,0.000133
fanout119,VGND,li1,106.2600,92.4800,0.000720
fanout118,VGND,li1,91.5400,54.4000,0.000482
fanout117,VGND,li1,110.4000,92.4800,0.000725
fanout116,VGND,li1,122.8200,70.7200,0.000495
fanout115,VGND,li1,105.3400,87.0400,0.000344
fanout114,VGND,li1,109.9400,70.7200,0.000474
fanout113,VGND,li1,107.6400,87.0400,0.000348
fanout112,VGND,li1,112.7000,59.8400,0.000379
output111,VGND,li1,62.5600,141.4400,0.000121
output110,VGND,li1,46.4600,141.4400,0.000080
output109,VGND,li1,72.2200,141.4400,0.000139
output108,VGND,li1,85.1000,141.4400,0.000164
output107,VGND,li1,110.8600,10.8800,0.000071
output106,VGND,li1,120.5200,10.8800,0.000073
output105,VGND,li1,126.9600,10.8800,0.000075
output104,VGND,li1,123.7400,10.8800,0.000074
output103,VGND,li1,119.6000,141.4400,0.000217
output102,VGND,li1,126.0400,136.0000,0.000538
output101,VGND,li1,127.8800,16.3200,0.000412
output100,VGND,li1,117.3000,10.8800,0.000073
output99,VGND,li1,7.8200,76.1600,0.000051
output98,VGND,li1,114.0800,10.8800,0.000072
output97,VGND,li1,120.5200,16.3200,0.000409
output96,VGND,li1,122.8200,141.4400,0.000219
output95,VGND,li1,52.9000,10.8800,0.000033
output94,VGND,li1,131.5600,27.2000,0.000350
output93,VGND,li1,135.2400,21.7600,0.000586
output92,VGND,li1,135.2400,27.2000,0.000350
output91,VGND,li1,124.6600,141.4400,0.000220
output90,VGND,li1,126.9600,141.4400,0.000221
output89,VGND,li1,81.8800,141.4400,0.000161
output88,VGND,li1,135.2400,136.0000,0.000549
output87,VGND,li1,135.2400,103.3600,0.000313
output86,VGND,li1,133.4000,32.6400,0.000178
output85,VGND,li1,133.4000,70.7200,0.000496
output84,VGND,li1,133.4000,54.4000,0.000553
output83,VGND,li1,135.2400,54.4000,0.000553
output82,VGND,li1,127.8800,21.7600,0.000585
output81,VGND,li1,135.2400,81.6000,0.000299
output80,VGND,li1,135.2400,65.2800,0.000531
output79,VGND,li1,135.2400,16.3200,0.000413
output78,VGND,li1,127.4200,76.1600,0.000285
output77,VGND,li1,135.2400,48.9600,0.000309
output76,VGND,li1,133.4000,65.2800,0.000531
output75,VGND,li1,135.2400,76.1600,0.000286
output74,VGND,li1,135.2400,38.0800,0.000321
output73,VGND,li1,133.4000,27.2000,0.000350
output72,VGND,li1,133.4000,38.0800,0.000321
output71,VGND,li1,118.6800,16.3200,0.000408
output70,VGND,li1,135.2400,92.4800,0.000755
output69,VGND,li1,135.2400,130.5600,0.000683
output68,VGND,li1,135.2400,108.8000,0.000632
output67,VGND,li1,128.8000,141.4400,0.000222
output66,VGND,li1,135.2400,114.2400,0.001110
output65,VGND,li1,133.4000,114.2400,0.001109
output64,VGND,li1,133.4000,136.0000,0.000548
output63,VGND,li1,133.4000,119.6800,0.000742
input62,VGND,li1,36.5700,141.4400,0.000058
input61,VGND,li1,92.6900,141.4400,0.000179
input60,VGND,li1,98.2100,10.8800,0.000067
input59,VGND,li1,100.9700,10.8800,0.000068
input58,VGND,li1,81.6500,10.8800,0.000055
input57,VGND,li1,107.4100,10.8800,0.000069
input56,VGND,li1,100.9700,141.4400,0.000190
input55,VGND,li1,75.2100,141.4400,0.000145
input54,VGND,li1,75.2100,10.8800,0.000050
input53,VGND,li1,55.8900,10.8800,0.000035
input52,VGND,li1,65.5500,141.4400,0.000128
input51,VGND,li1,104.1900,10.8800,0.000069
input50,VGND,li1,62.3300,10.8800,0.000039
input49,VGND,li1,78.4300,141.4400,0.000151
input48,VGND,li1,96.8300,10.8800,0.000067
input47,VGND,li1,78.4300,10.8800,0.000052
input46,VGND,li1,68.7700,10.8800,0.000045
input45,VGND,li1,88.0900,10.8800,0.000061
input44,VGND,li1,68.7700,141.4400,0.000135
input43,VGND,li1,55.8900,141.4400,0.000102
input42,VGND,li1,123.9700,130.5600,0.000675
input41,VGND,li1,104.1900,141.4400,0.000195
input40,VGND,li1,97.7500,141.4400,0.000185
input39,VGND,li1,94.5300,141.4400,0.000182
input38,VGND,li1,52.6700,141.4400,0.000095
input37,VGND,li1,89.7000,141.4400,0.000174
input36,VGND,li1,135.4700,141.4400,0.000222
input35,VGND,li1,124.4300,136.0000,0.000538
input34,VGND,li1,135.4700,125.1200,0.000735
input33,VGND,li1,135.4700,27.2000,0.000350
input32,VGND,li1,123.0500,136.0000,0.000534
input31,VGND,li1,135.4700,119.6800,0.000742
input30,VGND,li1,133.6300,130.5600,0.000682
input29,VGND,li1,132.0200,108.8000,0.000631
input28,VGND,li1,107.4100,141.4400,0.000200
input27,VGND,li1,120.7500,136.0000,0.000531
input26,VGND,li1,132.0200,141.4400,0.000222
input25,VGND,li1,43.2400,141.4400,0.000075
input24,VGND,li1,135.4700,87.0400,0.000361
input23,VGND,li1,135.4700,70.7200,0.000496
input22,VGND,li1,135.4700,92.4800,0.000755
input21,VGND,li1,135.4700,97.9200,0.000461
input20,VGND,li1,135.4700,136.0000,0.000549
input19,VGND,li1,135.4700,130.5600,0.000683
input18,VGND,li1,120.2900,136.0000,0.000531
input17,VGND,li1,110.4000,141.4400,0.000207
input16,VGND,li1,91.3100,10.8800,0.000063
input15,VGND,li1,125.3500,10.8800,0.000075
input14,VGND,li1,84.8700,10.8800,0.000059
input13,VGND,li1,135.4700,54.4000,0.000553
input12,VGND,li1,135.4700,16.3200,0.000413
input11,VGND,li1,39.7900,141.4400,0.000066
input10,VGND,li1,135.4700,10.8800,0.000076
input9,VGND,li1,59.1100,10.8800,0.000037
input8,VGND,li1,59.1100,141.4400,0.000113
input7,VGND,li1,135.4700,43.5200,0.000448
input6,VGND,li1,129.9500,27.2000,0.000350
input5,VGND,li1,33.3500,141.4400,0.000049
input4,VGND,li1,135.4700,38.0800,0.000321
input3,VGND,li1,71.9900,10.8800,0.000048
input2,VGND,li1,65.5500,10.8800,0.000042
input1,VGND,li1,49.4500,10.8800,0.000029
TAP_TAPCELL_ROW_47_345,VGND,li1,134.5500,141.1480,0.000222
TAP_TAPCELL_ROW_47_344,VGND,li1,121.6700,141.1480,0.000219
TAP_TAPCELL_ROW_47_343,VGND,li1,108.7900,141.1480,0.000204
TAP_TAPCELL_ROW_47_342,VGND,li1,95.9100,141.1480,0.000182
TAP_TAPCELL_ROW_47_341,VGND,li1,83.0300,141.1480,0.000161
TAP_TAPCELL_ROW_47_340,VGND,li1,70.1500,141.1480,0.000135
TAP_TAPCELL_ROW_47_339,VGND,li1,57.2700,141.1480,0.000108
TAP_TAPCELL_ROW_47_338,VGND,li1,44.3900,141.1480,0.000075
TAP_TAPCELL_ROW_47_337,VGND,li1,31.5100,141.1480,0.000042
TAP_TAPCELL_ROW_47_336,VGND,li1,18.6300,141.1480,0.000027
TAP_TAPCELL_ROW_46_335,VGND,li1,121.6700,136.2910,0.000531
TAP_TAPCELL_ROW_46_334,VGND,li1,95.9100,136.2910,0.000460
TAP_TAPCELL_ROW_46_333,VGND,li1,70.1500,136.2910,0.000336
TAP_TAPCELL_ROW_46_332,VGND,li1,44.3900,136.2910,0.000187
TAP_TAPCELL_ROW_46_331,VGND,li1,18.6300,136.2910,0.000064
TAP_TAPCELL_ROW_45_330,VGND,li1,134.5500,135.7080,0.000549
TAP_TAPCELL_ROW_45_329,VGND,li1,108.7900,135.7080,0.000503
TAP_TAPCELL_ROW_45_328,VGND,li1,83.0300,135.7080,0.000397
TAP_TAPCELL_ROW_45_327,VGND,li1,57.2700,135.7080,0.000268
TAP_TAPCELL_ROW_45_326,VGND,li1,31.5100,135.7080,0.000095
TAP_TAPCELL_ROW_44_325,VGND,li1,121.6700,130.8510,0.000671
TAP_TAPCELL_ROW_44_324,VGND,li1,95.9100,130.8510,0.000591
TAP_TAPCELL_ROW_44_323,VGND,li1,70.1500,130.8510,0.000444
TAP_TAPCELL_ROW_44_322,VGND,li1,44.3900,130.8510,0.000245
TAP_TAPCELL_ROW_44_321,VGND,li1,18.6300,130.8510,0.000084
TAP_TAPCELL_ROW_43_320,VGND,li1,134.5500,130.2680,0.000683
TAP_TAPCELL_ROW_43_319,VGND,li1,108.7900,130.2680,0.000640
TAP_TAPCELL_ROW_43_318,VGND,li1,83.0300,130.2680,0.000525
TAP_TAPCELL_ROW_43_317,VGND,li1,57.2700,130.2680,0.000353
TAP_TAPCELL_ROW_43_316,VGND,li1,31.5100,130.2680,0.000124
TAP_TAPCELL_ROW_42_315,VGND,li1,121.6700,125.4110,0.000726
TAP_TAPCELL_ROW_42_314,VGND,li1,95.9100,125.4110,0.000641
TAP_TAPCELL_ROW_42_313,VGND,li1,70.1500,125.4110,0.000476
TAP_TAPCELL_ROW_42_312,VGND,li1,44.3900,125.4110,0.000259
TAP_TAPCELL_ROW_42_311,VGND,li1,18.6300,125.4110,0.000089
TAP_TAPCELL_ROW_41_310,VGND,li1,134.5500,124.8280,0.000735
TAP_TAPCELL_ROW_41_309,VGND,li1,108.7900,124.8280,0.000700
TAP_TAPCELL_ROW_41_308,VGND,li1,83.0300,124.8280,0.000575
TAP_TAPCELL_ROW_41_307,VGND,li1,57.2700,124.8280,0.000373
TAP_TAPCELL_ROW_41_306,VGND,li1,31.5100,124.8280,0.000131
TAP_TAPCELL_ROW_40_305,VGND,li1,121.6700,119.9710,0.000732
TAP_TAPCELL_ROW_40_304,VGND,li1,95.9100,119.9710,0.000672
TAP_TAPCELL_ROW_40_303,VGND,li1,70.1500,119.9710,0.000504
TAP_TAPCELL_ROW_40_302,VGND,li1,44.3900,119.9710,0.000285
TAP_TAPCELL_ROW_40_301,VGND,li1,18.6300,119.9710,0.000097
TAP_TAPCELL_ROW_39_300,VGND,li1,134.5500,119.3880,0.000742
TAP_TAPCELL_ROW_39_299,VGND,li1,108.7900,119.3880,0.000712
TAP_TAPCELL_ROW_39_298,VGND,li1,83.0300,119.3880,0.000604
TAP_TAPCELL_ROW_39_297,VGND,li1,57.2700,119.3880,0.000400
TAP_TAPCELL_ROW_39_296,VGND,li1,31.5100,119.3880,0.000144
TAP_TAPCELL_ROW_38_295,VGND,li1,121.6700,114.5310,0.001085
TAP_TAPCELL_ROW_38_294,VGND,li1,95.9100,114.5310,0.000944
TAP_TAPCELL_ROW_38_293,VGND,li1,70.1500,114.5310,0.000735
TAP_TAPCELL_ROW_38_292,VGND,li1,44.3900,114.5310,0.000421
TAP_TAPCELL_ROW_38_291,VGND,li1,18.6300,114.5310,0.000144
TAP_TAPCELL_ROW_37_290,VGND,li1,134.5500,113.9480,0.001109
TAP_TAPCELL_ROW_37_289,VGND,li1,108.7900,113.9480,0.001026
TAP_TAPCELL_ROW_37_288,VGND,li1,83.0300,113.9480,0.000855
TAP_TAPCELL_ROW_37_287,VGND,li1,57.2700,113.9480,0.000596
TAP_TAPCELL_ROW_37_286,VGND,li1,31.5100,113.9480,0.000213
TAP_TAPCELL_ROW_36_285,VGND,li1,121.6700,109.0910,0.000621
TAP_TAPCELL_ROW_36_284,VGND,li1,95.9100,109.0910,0.000548
TAP_TAPCELL_ROW_36_283,VGND,li1,70.1500,109.0910,0.000412
TAP_TAPCELL_ROW_36_282,VGND,li1,44.3900,109.0910,0.000238
TAP_TAPCELL_ROW_36_281,VGND,li1,18.6300,109.0910,0.000082
TAP_TAPCELL_ROW_35_280,VGND,li1,134.5500,108.5080,0.000632
TAP_TAPCELL_ROW_35_279,VGND,li1,108.7900,108.5080,0.000591
TAP_TAPCELL_ROW_35_278,VGND,li1,83.0300,108.5080,0.000490
TAP_TAPCELL_ROW_35_277,VGND,li1,57.2700,108.5080,0.000334
TAP_TAPCELL_ROW_35_276,VGND,li1,31.5100,108.5080,0.000120
TAP_TAPCELL_ROW_34_275,VGND,li1,121.6700,103.6510,0.000309
TAP_TAPCELL_ROW_34_274,VGND,li1,95.9100,103.6510,0.000292
TAP_TAPCELL_ROW_34_273,VGND,li1,70.1500,103.6510,0.000253
TAP_TAPCELL_ROW_34_272,VGND,li1,44.3900,103.6510,0.000149
TAP_TAPCELL_ROW_34_271,VGND,li1,18.6300,103.6510,0.000054
TAP_TAPCELL_ROW_33_270,VGND,li1,134.5500,103.0680,0.000313
TAP_TAPCELL_ROW_33_269,VGND,li1,108.7900,103.0680,0.000302
TAP_TAPCELL_ROW_33_268,VGND,li1,83.0300,103.0680,0.000277
TAP_TAPCELL_ROW_33_267,VGND,li1,57.2700,103.0680,0.000201
TAP_TAPCELL_ROW_33_266,VGND,li1,31.5100,103.0680,0.000080
TAP_TAPCELL_ROW_32_265,VGND,li1,121.6700,98.2110,0.000455
TAP_TAPCELL_ROW_32_264,VGND,li1,95.9100,98.2110,0.000416
TAP_TAPCELL_ROW_32_263,VGND,li1,70.1500,98.2110,0.000329
TAP_TAPCELL_ROW_32_262,VGND,li1,44.3900,98.2110,0.000205
TAP_TAPCELL_ROW_32_261,VGND,li1,18.6300,98.2110,0.000076
TAP_TAPCELL_ROW_31_260,VGND,li1,134.5500,97.6280,0.000461
TAP_TAPCELL_ROW_31_259,VGND,li1,108.7900,97.6280,0.000440
TAP_TAPCELL_ROW_31_258,VGND,li1,83.0300,97.6280,0.000378
TAP_TAPCELL_ROW_31_257,VGND,li1,57.2700,97.6280,0.000274
TAP_TAPCELL_ROW_31_256,VGND,li1,31.5100,97.6280,0.000122
TAP_TAPCELL_ROW_30_255,VGND,li1,121.6700,92.7710,0.000745
TAP_TAPCELL_ROW_30_254,VGND,li1,95.9100,92.7710,0.000688
TAP_TAPCELL_ROW_30_253,VGND,li1,70.1500,92.7710,0.000560
TAP_TAPCELL_ROW_30_252,VGND,li1,44.3900,92.7710,0.000355
TAP_TAPCELL_ROW_30_251,VGND,li1,18.6300,92.7710,0.000128
TAP_TAPCELL_ROW_29_250,VGND,li1,134.5500,92.1880,0.000755
TAP_TAPCELL_ROW_29_249,VGND,li1,108.7900,92.1880,0.000725
TAP_TAPCELL_ROW_29_248,VGND,li1,83.0300,92.1880,0.000638
TAP_TAPCELL_ROW_29_247,VGND,li1,57.2700,92.1880,0.000461
TAP_TAPCELL_ROW_29_246,VGND,li1,31.5100,92.1880,0.000225
TAP_TAPCELL_ROW_28_245,VGND,li1,121.6700,87.3310,0.000360
TAP_TAPCELL_ROW_28_244,VGND,li1,95.9100,87.3310,0.000330
TAP_TAPCELL_ROW_28_243,VGND,li1,70.1500,87.3310,0.000273
TAP_TAPCELL_ROW_28_242,VGND,li1,44.3900,87.3310,0.000173
TAP_TAPCELL_ROW_28_241,VGND,li1,18.6300,87.3310,0.000065
TAP_TAPCELL_ROW_27_240,VGND,li1,134.5500,86.7480,0.000361
TAP_TAPCELL_ROW_27_239,VGND,li1,108.7900,86.7480,0.000348
TAP_TAPCELL_ROW_27_238,VGND,li1,83.0300,86.7480,0.000307
TAP_TAPCELL_ROW_27_237,VGND,li1,57.2700,86.7480,0.000228
TAP_TAPCELL_ROW_27_236,VGND,li1,31.5100,86.7480,0.000097
TAP_TAPCELL_ROW_26_235,VGND,li1,121.6700,81.8910,0.000296
TAP_TAPCELL_ROW_26_234,VGND,li1,95.9100,81.8910,0.000283
TAP_TAPCELL_ROW_26_233,VGND,li1,70.1500,81.8910,0.000243
TAP_TAPCELL_ROW_26_232,VGND,li1,44.3900,81.8910,0.000143
TAP_TAPCELL_ROW_26_231,VGND,li1,18.6300,81.8910,0.000053
TAP_TAPCELL_ROW_25_230,VGND,li1,134.5500,81.3080,0.000299
TAP_TAPCELL_ROW_25_229,VGND,li1,108.7900,81.3080,0.000291
TAP_TAPCELL_ROW_25_228,VGND,li1,83.0300,81.3080,0.000269
TAP_TAPCELL_ROW_25_227,VGND,li1,57.2700,81.3080,0.000201
TAP_TAPCELL_ROW_25_226,VGND,li1,31.5100,81.3080,0.000081
TAP_TAPCELL_ROW_24_225,VGND,li1,121.6700,76.4510,0.000283
TAP_TAPCELL_ROW_24_224,VGND,li1,95.9100,76.4510,0.000253
TAP_TAPCELL_ROW_24_223,VGND,li1,70.1500,76.4510,0.000207
TAP_TAPCELL_ROW_24_222,VGND,li1,44.3900,76.4510,0.000126
TAP_TAPCELL_ROW_24_221,VGND,li1,18.6300,76.4510,0.000051
TAP_TAPCELL_ROW_23_220,VGND,li1,134.5500,75.8680,0.000286
TAP_TAPCELL_ROW_23_219,VGND,li1,108.7900,75.8680,0.000270
TAP_TAPCELL_ROW_23_218,VGND,li1,83.0300,75.8680,0.000234
TAP_TAPCELL_ROW_23_217,VGND,li1,57.2700,75.8680,0.000172
TAP_TAPCELL_ROW_23_216,VGND,li1,31.5100,75.8680,0.000081
TAP_TAPCELL_ROW_22_215,VGND,li1,121.6700,71.0110,0.000493
TAP_TAPCELL_ROW_22_214,VGND,li1,95.9100,71.0110,0.000443
TAP_TAPCELL_ROW_22_213,VGND,li1,70.1500,71.0110,0.000366
TAP_TAPCELL_ROW_22_212,VGND,li1,44.3900,71.0110,0.000261
TAP_TAPCELL_ROW_22_211,VGND,li1,18.6300,71.0110,0.000098
TAP_TAPCELL_ROW_21_210,VGND,li1,134.5500,70.4280,0.000496
TAP_TAPCELL_ROW_21_209,VGND,li1,108.7900,70.4280,0.000474
TAP_TAPCELL_ROW_21_208,VGND,li1,83.0300,70.4280,0.000406
TAP_TAPCELL_ROW_21_207,VGND,li1,57.2700,70.4280,0.000315
TAP_TAPCELL_ROW_21_206,VGND,li1,31.5100,70.4280,0.000160
TAP_TAPCELL_ROW_20_205,VGND,li1,121.6700,65.5710,0.000529
TAP_TAPCELL_ROW_20_204,VGND,li1,95.9100,65.5710,0.000481
TAP_TAPCELL_ROW_20_203,VGND,li1,70.1500,65.5710,0.000374
TAP_TAPCELL_ROW_20_202,VGND,li1,44.3900,65.5710,0.000218
TAP_TAPCELL_ROW_20_201,VGND,li1,18.6300,65.5710,0.000085
TAP_TAPCELL_ROW_19_200,VGND,li1,134.5500,64.9880,0.000531
TAP_TAPCELL_ROW_19_199,VGND,li1,108.7900,64.9880,0.000517
TAP_TAPCELL_ROW_19_198,VGND,li1,83.0300,64.9880,0.000436
TAP_TAPCELL_ROW_19_197,VGND,li1,57.2700,64.9880,0.000307
TAP_TAPCELL_ROW_19_196,VGND,li1,31.5100,64.9880,0.000133
TAP_TAPCELL_ROW_18_195,VGND,li1,121.6700,60.1310,0.000390
TAP_TAPCELL_ROW_18_194,VGND,li1,95.9100,60.1310,0.000331
TAP_TAPCELL_ROW_18_193,VGND,li1,70.1500,60.1310,0.000250
TAP_TAPCELL_ROW_18_192,VGND,li1,44.3900,60.1310,0.000148
TAP_TAPCELL_ROW_18_191,VGND,li1,18.6300,60.1310,0.000056
TAP_TAPCELL_ROW_17_190,VGND,li1,134.5500,59.5480,0.000392
TAP_TAPCELL_ROW_17_189,VGND,li1,108.7900,59.5480,0.000367
TAP_TAPCELL_ROW_17_188,VGND,li1,83.0300,59.5480,0.000296
TAP_TAPCELL_ROW_17_187,VGND,li1,57.2700,59.5480,0.000205
TAP_TAPCELL_ROW_17_186,VGND,li1,31.5100,59.5480,0.000085
TAP_TAPCELL_ROW_16_185,VGND,li1,121.6700,54.6910,0.000547
TAP_TAPCELL_ROW_16_184,VGND,li1,95.9100,54.6910,0.000496
TAP_TAPCELL_ROW_16_183,VGND,li1,70.1500,54.6910,0.000393
TAP_TAPCELL_ROW_16_182,VGND,li1,44.3900,54.6910,0.000242
TAP_TAPCELL_ROW_16_181,VGND,li1,18.6300,54.6910,0.000090
TAP_TAPCELL_ROW_15_180,VGND,li1,134.5500,54.1080,0.000553
TAP_TAPCELL_ROW_15_179,VGND,li1,108.7900,54.1080,0.000524
TAP_TAPCELL_ROW_15_178,VGND,li1,83.0300,54.1080,0.000453
TAP_TAPCELL_ROW_15_177,VGND,li1,57.2700,54.1080,0.000326
TAP_TAPCELL_ROW_15_176,VGND,li1,31.5100,54.1080,0.000142
TAP_TAPCELL_ROW_14_175,VGND,li1,121.6700,49.2510,0.000305
TAP_TAPCELL_ROW_14_174,VGND,li1,95.9100,49.2510,0.000284
TAP_TAPCELL_ROW_14_173,VGND,li1,70.1500,49.2510,0.000242
TAP_TAPCELL_ROW_14_172,VGND,li1,44.3900,49.2510,0.000157
TAP_TAPCELL_ROW_14_171,VGND,li1,18.6300,49.2510,0.000064
TAP_TAPCELL_ROW_13_170,VGND,li1,134.5500,48.6680,0.000309
TAP_TAPCELL_ROW_13_169,VGND,li1,108.7900,48.6680,0.000297
TAP_TAPCELL_ROW_13_168,VGND,li1,83.0300,48.6680,0.000266
TAP_TAPCELL_ROW_13_167,VGND,li1,57.2700,48.6680,0.000207
TAP_TAPCELL_ROW_13_166,VGND,li1,31.5100,48.6680,0.000098
TAP_TAPCELL_ROW_12_165,VGND,li1,121.6700,43.8110,0.000446
TAP_TAPCELL_ROW_12_164,VGND,li1,95.9100,43.8110,0.000407
TAP_TAPCELL_ROW_12_163,VGND,li1,70.1500,43.8110,0.000326
TAP_TAPCELL_ROW_12_162,VGND,li1,44.3900,43.8110,0.000192
TAP_TAPCELL_ROW_12_161,VGND,li1,18.6300,43.8110,0.000075
TAP_TAPCELL_ROW_11_160,VGND,li1,134.5500,43.2280,0.000448
TAP_TAPCELL_ROW_11_159,VGND,li1,108.7900,43.2280,0.000431
TAP_TAPCELL_ROW_11_158,VGND,li1,83.0300,43.2280,0.000371
TAP_TAPCELL_ROW_11_157,VGND,li1,57.2700,43.2280,0.000265
TAP_TAPCELL_ROW_11_156,VGND,li1,31.5100,43.2280,0.000119
TAP_TAPCELL_ROW_10_155,VGND,li1,121.6700,38.3710,0.000317
TAP_TAPCELL_ROW_10_154,VGND,li1,95.9100,38.3710,0.000293
TAP_TAPCELL_ROW_10_153,VGND,li1,70.1500,38.3710,0.000239
TAP_TAPCELL_ROW_10_152,VGND,li1,44.3900,38.3710,0.000147
TAP_TAPCELL_ROW_10_151,VGND,li1,18.6300,38.3710,0.000059
TAP_TAPCELL_ROW_9_150,VGND,li1,134.5500,37.7880,0.000321
TAP_TAPCELL_ROW_9_149,VGND,li1,108.7900,37.7880,0.000308
TAP_TAPCELL_ROW_9_148,VGND,li1,83.0300,37.7880,0.000271
TAP_TAPCELL_ROW_9_147,VGND,li1,57.2700,37.7880,0.000200
TAP_TAPCELL_ROW_9_146,VGND,li1,31.5100,37.7880,0.000090
TAP_TAPCELL_ROW_8_145,VGND,li1,121.6700,32.9310,0.000175
TAP_TAPCELL_ROW_8_144,VGND,li1,95.9100,32.9310,0.000158
TAP_TAPCELL_ROW_8_143,VGND,li1,70.1500,32.9310,0.000128
TAP_TAPCELL_ROW_8_142,VGND,li1,44.3900,32.9310,0.000075
TAP_TAPCELL_ROW_8_141,VGND,li1,18.6300,32.9310,0.000031
TAP_TAPCELL_ROW_7_140,VGND,li1,134.5500,32.3480,0.000178
TAP_TAPCELL_ROW_7_139,VGND,li1,108.7900,32.3480,0.000169
TAP_TAPCELL_ROW_7_138,VGND,li1,83.0300,32.3480,0.000145
TAP_TAPCELL_ROW_7_137,VGND,li1,57.2700,32.3480,0.000105
TAP_TAPCELL_ROW_7_136,VGND,li1,31.5100,32.3480,0.000048
TAP_TAPCELL_ROW_6_135,VGND,li1,121.6700,27.4910,0.000348
TAP_TAPCELL_ROW_6_134,VGND,li1,95.9100,27.4910,0.000325
TAP_TAPCELL_ROW_6_133,VGND,li1,70.1500,27.4910,0.000266
TAP_TAPCELL_ROW_6_132,VGND,li1,44.3900,27.4910,0.000177
TAP_TAPCELL_ROW_6_131,VGND,li1,18.6300,27.4910,0.000070
TAP_TAPCELL_ROW_5_130,VGND,li1,134.5500,26.9080,0.000350
TAP_TAPCELL_ROW_5_129,VGND,li1,108.7900,26.9080,0.000339
TAP_TAPCELL_ROW_5_128,VGND,li1,83.0300,26.9080,0.000298
TAP_TAPCELL_ROW_5_127,VGND,li1,57.2700,26.9080,0.000222
TAP_TAPCELL_ROW_5_126,VGND,li1,31.5100,26.9080,0.000112
TAP_TAPCELL_ROW_4_125,VGND,li1,121.6700,22.0510,0.000582
TAP_TAPCELL_ROW_4_124,VGND,li1,95.9100,22.0510,0.000536
TAP_TAPCELL_ROW_4_123,VGND,li1,70.1500,22.0510,0.000429
TAP_TAPCELL_ROW_4_122,VGND,li1,44.3900,22.0510,0.000268
TAP_TAPCELL_ROW_4_121,VGND,li1,18.6300,22.0510,0.000097
TAP_TAPCELL_ROW_3_120,VGND,li1,134.5500,21.4680,0.000586
TAP_TAPCELL_ROW_3_119,VGND,li1,108.7900,21.4680,0.000568
TAP_TAPCELL_ROW_3_118,VGND,li1,83.0300,21.4680,0.000486
TAP_TAPCELL_ROW_3_117,VGND,li1,57.2700,21.4680,0.000356
TAP_TAPCELL_ROW_3_116,VGND,li1,31.5100,21.4680,0.000171
TAP_TAPCELL_ROW_2_115,VGND,li1,121.6700,16.6110,0.000409
TAP_TAPCELL_ROW_2_114,VGND,li1,95.9100,16.6110,0.000370
TAP_TAPCELL_ROW_2_113,VGND,li1,70.1500,16.6110,0.000279
TAP_TAPCELL_ROW_2_112,VGND,li1,44.3900,16.6110,0.000168
TAP_TAPCELL_ROW_2_111,VGND,li1,18.6300,16.6110,0.000067
TAP_TAPCELL_ROW_1_110,VGND,li1,134.5500,16.0280,0.000413
TAP_TAPCELL_ROW_1_109,VGND,li1,108.7900,16.0280,0.000397
TAP_TAPCELL_ROW_1_108,VGND,li1,83.0300,16.0280,0.000329
TAP_TAPCELL_ROW_1_107,VGND,li1,57.2700,16.0280,0.000224
TAP_TAPCELL_ROW_1_106,VGND,li1,31.5100,16.0280,0.000098
TAP_TAPCELL_ROW_0_105,VGND,li1,134.5500,11.1710,0.000076
TAP_TAPCELL_ROW_0_104,VGND,li1,121.6700,11.1710,0.000073
TAP_TAPCELL_ROW_0_103,VGND,li1,108.7900,11.1710,0.000070
TAP_TAPCELL_ROW_0_102,VGND,li1,95.9100,11.1710,0.000066
TAP_TAPCELL_ROW_0_101,VGND,li1,83.0300,11.1710,0.000057
TAP_TAPCELL_ROW_0_100,VGND,li1,70.1500,11.1710,0.000047
TAP_TAPCELL_ROW_0_99,VGND,li1,57.2700,11.1710,0.000035
TAP_TAPCELL_ROW_0_98,VGND,li1,44.3900,11.1710,0.000025
TAP_TAPCELL_ROW_0_97,VGND,li1,31.5100,11.1710,0.000014
TAP_TAPCELL_ROW_0_96,VGND,li1,18.6300,11.1710,0.000009
PHY_EDGE_ROW_47_Left_95,VGND,li1,6.2100,141.4400,0.000027
PHY_EDGE_ROW_46_Left_94,VGND,li1,6.2100,136.0000,0.000064
PHY_EDGE_ROW_45_Left_93,VGND,li1,6.2100,136.0000,0.000064
PHY_EDGE_ROW_44_Left_92,VGND,li1,6.2100,130.5600,0.000084
PHY_EDGE_ROW_43_Left_91,VGND,li1,6.2100,130.5600,0.000084
PHY_EDGE_ROW_42_Left_90,VGND,li1,6.2100,125.1200,0.000089
PHY_EDGE_ROW_41_Left_89,VGND,li1,6.2100,125.1200,0.000089
PHY_EDGE_ROW_40_Left_88,VGND,li1,6.2100,119.6800,0.000097
PHY_EDGE_ROW_39_Left_87,VGND,li1,6.2100,119.6800,0.000097
PHY_EDGE_ROW_38_Left_86,VGND,li1,6.2100,114.2400,0.000144
PHY_EDGE_ROW_37_Left_85,VGND,li1,6.2100,114.2400,0.000144
PHY_EDGE_ROW_36_Left_84,VGND,li1,6.2100,108.8000,0.000082
PHY_EDGE_ROW_35_Left_83,VGND,li1,6.2100,108.8000,0.000082
PHY_EDGE_ROW_34_Left_82,VGND,li1,6.2100,103.3600,0.000054
PHY_EDGE_ROW_33_Left_81,VGND,li1,6.2100,103.3600,0.000054
PHY_EDGE_ROW_32_Left_80,VGND,li1,6.2100,97.9200,0.000076
PHY_EDGE_ROW_31_Left_79,VGND,li1,6.2100,97.9200,0.000076
PHY_EDGE_ROW_30_Left_78,VGND,li1,6.2100,92.4800,0.000128
PHY_EDGE_ROW_29_Left_77,VGND,li1,6.2100,92.4800,0.000128
PHY_EDGE_ROW_28_Left_76,VGND,li1,6.2100,87.0400,0.000065
PHY_EDGE_ROW_27_Left_75,VGND,li1,6.2100,87.0400,0.000065
PHY_EDGE_ROW_26_Left_74,VGND,li1,6.2100,81.6000,0.000053
PHY_EDGE_ROW_25_Left_73,VGND,li1,6.2100,81.6000,0.000053
PHY_EDGE_ROW_24_Left_72,VGND,li1,6.2100,76.1600,0.000051
PHY_EDGE_ROW_23_Left_71,VGND,li1,6.2100,76.1600,0.000051
PHY_EDGE_ROW_22_Left_70,VGND,li1,6.2100,70.7200,0.000098
PHY_EDGE_ROW_21_Left_69,VGND,li1,6.2100,70.7200,0.000098
PHY_EDGE_ROW_20_Left_68,VGND,li1,6.2100,65.2800,0.000085
PHY_EDGE_ROW_19_Left_67,VGND,li1,6.2100,65.2800,0.000085
PHY_EDGE_ROW_18_Left_66,VGND,li1,6.2100,59.8400,0.000056
PHY_EDGE_ROW_17_Left_65,VGND,li1,6.2100,59.8400,0.000056
PHY_EDGE_ROW_16_Left_64,VGND,li1,6.2100,54.4000,0.000090
PHY_EDGE_ROW_15_Left_63,VGND,li1,6.2100,54.4000,0.000090
PHY_EDGE_ROW_14_Left_62,VGND,li1,6.2100,48.9600,0.000064
PHY_EDGE_ROW_13_Left_61,VGND,li1,6.2100,48.9600,0.000064
PHY_EDGE_ROW_12_Left_60,VGND,li1,6.2100,43.5200,0.000075
PHY_EDGE_ROW_11_Left_59,VGND,li1,6.2100,43.5200,0.000075
PHY_EDGE_ROW_10_Left_58,VGND,li1,6.2100,38.0800,0.000059
PHY_EDGE_ROW_9_Left_57,VGND,li1,6.2100,38.0800,0.000059
PHY_EDGE_ROW_8_Left_56,VGND,li1,6.2100,32.6400,0.000031
PHY_EDGE_ROW_7_Left_55,VGND,li1,6.2100,32.6400,0.000031
PHY_EDGE_ROW_6_Left_54,VGND,li1,6.2100,27.2000,0.000071
PHY_EDGE_ROW_5_Left_53,VGND,li1,6.2100,27.2000,0.000071
PHY_EDGE_ROW_4_Left_52,VGND,li1,6.2100,21.7600,0.000097
PHY_EDGE_ROW_3_Left_51,VGND,li1,6.2100,21.7600,0.000097
PHY_EDGE_ROW_2_Left_50,VGND,li1,6.2100,16.3200,0.000067
PHY_EDGE_ROW_1_Left_49,VGND,li1,6.2100,16.3200,0.000067
PHY_EDGE_ROW_0_Left_48,VGND,li1,6.2100,10.8800,0.000009
PHY_EDGE_ROW_47_Right_47,VGND,li1,136.8500,141.4400,0.000222
PHY_EDGE_ROW_46_Right_46,VGND,li1,136.8500,136.0000,0.000549
PHY_EDGE_ROW_45_Right_45,VGND,li1,136.8500,136.0000,0.000549
PHY_EDGE_ROW_44_Right_44,VGND,li1,136.8500,130.5600,0.000683
PHY_EDGE_ROW_43_Right_43,VGND,li1,136.8500,130.5600,0.000683
PHY_EDGE_ROW_42_Right_42,VGND,li1,136.8500,125.1200,0.000735
PHY_EDGE_ROW_41_Right_41,VGND,li1,136.8500,125.1200,0.000735
PHY_EDGE_ROW_40_Right_40,VGND,li1,136.8500,119.6800,0.000742
PHY_EDGE_ROW_39_Right_39,VGND,li1,136.8500,119.6800,0.000742
PHY_EDGE_ROW_38_Right_38,VGND,li1,136.8500,114.2400,0.001110
PHY_EDGE_ROW_37_Right_37,VGND,li1,136.8500,114.2400,0.001110
PHY_EDGE_ROW_36_Right_36,VGND,li1,136.8500,108.8000,0.000632
PHY_EDGE_ROW_35_Right_35,VGND,li1,136.8500,108.8000,0.000632
PHY_EDGE_ROW_34_Right_34,VGND,li1,136.8500,103.3600,0.000313
PHY_EDGE_ROW_33_Right_33,VGND,li1,136.8500,103.3600,0.000313
PHY_EDGE_ROW_32_Right_32,VGND,li1,136.8500,97.9200,0.000461
PHY_EDGE_ROW_31_Right_31,VGND,li1,136.8500,97.9200,0.000461
PHY_EDGE_ROW_30_Right_30,VGND,li1,136.8500,92.4800,0.000755
PHY_EDGE_ROW_29_Right_29,VGND,li1,136.8500,92.4800,0.000755
PHY_EDGE_ROW_28_Right_28,VGND,li1,136.8500,87.0400,0.000361
PHY_EDGE_ROW_27_Right_27,VGND,li1,136.8500,87.0400,0.000361
PHY_EDGE_ROW_26_Right_26,VGND,li1,136.8500,81.6000,0.000299
PHY_EDGE_ROW_25_Right_25,VGND,li1,136.8500,81.6000,0.000299
PHY_EDGE_ROW_24_Right_24,VGND,li1,136.8500,76.1600,0.000286
PHY_EDGE_ROW_23_Right_23,VGND,li1,136.8500,76.1600,0.000286
PHY_EDGE_ROW_22_Right_22,VGND,li1,136.8500,70.7200,0.000496
PHY_EDGE_ROW_21_Right_21,VGND,li1,136.8500,70.7200,0.000496
PHY_EDGE_ROW_20_Right_20,VGND,li1,136.8500,65.2800,0.000531
PHY_EDGE_ROW_19_Right_19,VGND,li1,136.8500,65.2800,0.000531
PHY_EDGE_ROW_18_Right_18,VGND,li1,136.8500,59.8400,0.000392
PHY_EDGE_ROW_17_Right_17,VGND,li1,136.8500,59.8400,0.000392
PHY_EDGE_ROW_16_Right_16,VGND,li1,136.8500,54.4000,0.000553
PHY_EDGE_ROW_15_Right_15,VGND,li1,136.8500,54.4000,0.000553
PHY_EDGE_ROW_14_Right_14,VGND,li1,136.8500,48.9600,0.000309
PHY_EDGE_ROW_13_Right_13,VGND,li1,136.8500,48.9600,0.000309
PHY_EDGE_ROW_12_Right_12,VGND,li1,136.8500,43.5200,0.000448
PHY_EDGE_ROW_11_Right_11,VGND,li1,136.8500,43.5200,0.000448
PHY_EDGE_ROW_10_Right_10,VGND,li1,136.8500,38.0800,0.000321
PHY_EDGE_ROW_9_Right_9,VGND,li1,136.8500,38.0800,0.000321
PHY_EDGE_ROW_8_Right_8,VGND,li1,136.8500,32.6400,0.000178
PHY_EDGE_ROW_7_Right_7,VGND,li1,136.8500,32.6400,0.000178
PHY_EDGE_ROW_6_Right_6,VGND,li1,136.8500,27.2000,0.000350
PHY_EDGE_ROW_5_Right_5,VGND,li1,136.8500,27.2000,0.000350
PHY_EDGE_ROW_4_Right_4,VGND,li1,136.8500,21.7600,0.000586
PHY_EDGE_ROW_3_Right_3,VGND,li1,136.8500,21.7600,0.000586
PHY_EDGE_ROW_2_Right_2,VGND,li1,136.8500,16.3200,0.000413
PHY_EDGE_ROW_1_Right_1,VGND,li1,136.8500,16.3200,0.000413
PHY_EDGE_ROW_0_Right_0,VGND,li1,136.8500,10.8800,0.000076
_1110_,VGND,li1,48.9900,136.0000,0.000207
_1109_,VGND,li1,121.6700,136.0000,0.000531
_1108_,VGND,li1,64.8600,108.8000,0.000384
_1107_,VGND,li1,64.4000,114.2400,0.000676
_1106_,VGND,li1,62.5600,119.6800,0.000453
_1105_,VGND,li1,63.9400,114.2400,0.000676
_1104_,VGND,li1,126.5000,125.1200,0.000732
_1103_,VGND,li1,125.5800,125.1200,0.000732
_1102_,VGND,li1,126.9600,136.0000,0.000543
_1101_,VGND,li1,63.4800,130.5600,0.000405
_1100_,VGND,li1,64.4000,125.1200,0.000436
_1099_,VGND,li1,63.9400,130.5600,0.000405
_1098_,VGND,li1,66.2400,136.0000,0.000317
_1097_,VGND,li1,98.9000,70.7200,0.000451
_1096_,VGND,li1,92.9200,48.9600,0.000280
_1095_,VGND,li1,47.8400,87.0400,0.000188
_1094_,VGND,li1,117.7600,54.4000,0.000542
_1093_,VGND,li1,59.8000,27.2000,0.000235
_1092_,VGND,li1,61.1800,43.5200,0.000291
_1091_,VGND,li1,102.1200,32.6400,0.000165
_1090_,VGND,li1,80.0400,59.8400,0.000286
_1089_,VGND,li1,61.1800,38.0800,0.000214
_1088_,VGND,li1,117.3000,76.1600,0.000279
_1087_,VGND,li1,111.7800,87.0400,0.000352
_1086_,VGND,li1,92.4600,81.6000,0.000280
_1085_,VGND,li1,89.7000,43.5200,0.000392
_1084_,VGND,li1,113.1600,27.2000,0.000344
_1083_,VGND,li1,48.3000,81.6000,0.000162
_1082_,VGND,li1,63.4800,32.6400,0.000117
_1081_,VGND,li1,104.4200,65.2800,0.000507
_1080_,VGND,li1,80.0400,48.9600,0.000262
_1079_,VGND,li1,62.5600,81.6000,0.000221
_1078_,VGND,li1,65.7800,54.4000,0.000379
_1077_,VGND,li1,63.4800,27.2000,0.000250
_1076_,VGND,li1,111.7800,48.9600,0.000300
_1075_,VGND,li1,104.4200,27.2000,0.000336
_1074_,VGND,li1,111.7800,65.2800,0.000523
_1073_,VGND,li1,103.0400,38.0800,0.000302
_1072_,VGND,li1,111.7800,76.1600,0.000274
_1071_,VGND,li1,111.3200,81.6000,0.000292
_1070_,VGND,li1,93.8400,81.6000,0.000280
_1069_,VGND,li1,76.3600,38.0800,0.000259
_1068_,VGND,li1,77.7400,27.2000,0.000290
_1067_,VGND,li1,63.0200,76.1600,0.000190
_1066_,VGND,li1,92.0000,32.6400,0.000154
_1065_,VGND,li1,93.3800,70.7200,0.000436
_1064_,VGND,li1,79.1200,54.4000,0.000438
_1063_,VGND,li1,79.5800,87.0400,0.000299
_1062_,VGND,li1,112.2400,54.4000,0.000534
_1061_,VGND,li1,86.4800,27.2000,0.000309
_1060_,VGND,li1,77.7400,48.9600,0.000256
_1059_,VGND,li1,78.2000,16.3200,0.000316
_1058_,VGND,li1,117.3000,65.2800,0.000528
_1057_,VGND,li1,112.2400,38.0800,0.000311
_1056_,VGND,li1,112.7000,70.7200,0.000481
_1055_,VGND,li1,110.4000,87.0400,0.000352
_1054_,VGND,li1,99.3600,81.6000,0.000286
_1053_,VGND,li1,94.3000,38.0800,0.000290
_1052_,VGND,li1,114.0800,27.2000,0.000344
_1051_,VGND,li1,74.5200,76.1600,0.000218
_1050_,VGND,li1,92.9200,16.3200,0.000358
_1049_,VGND,li1,98.9000,65.2800,0.000490
_1048_,VGND,li1,92.9200,54.4000,0.000482
_1047_,VGND,li1,71.7600,97.9200,0.000336
_1046_,VGND,li1,60.2600,54.4000,0.000349
_1045_,VGND,li1,88.3200,27.2000,0.000313
_1044_,VGND,li1,63.4800,48.9600,0.000227
_1043_,VGND,li1,103.0400,32.6400,0.000165
_1042_,VGND,li1,80.0400,59.8400,0.000286
_1041_,VGND,li1,63.9400,43.5200,0.000307
_1040_,VGND,li1,64.8600,65.2800,0.000355
_1039_,VGND,li1,111.7800,92.4800,0.000731
_1038_,VGND,li1,85.1000,92.4800,0.000648
_1037_,VGND,li1,88.7800,38.0800,0.000283
_1036_,VGND,li1,76.8200,32.6400,0.000138
_1035_,VGND,li1,63.9400,81.6000,0.000221
_1034_,VGND,li1,65.3200,27.2000,0.000255
_1033_,VGND,li1,48.7600,65.2800,0.000249
_1032_,VGND,li1,49.6800,48.9600,0.000180
_1031_,VGND,li1,42.3200,97.9200,0.000187
_1030_,VGND,li1,35.8800,54.4000,0.000176
_1029_,VGND,li1,35.8800,16.3200,0.000126
_1028_,VGND,li1,19.7800,48.9600,0.000064
_1027_,VGND,li1,48.3000,16.3200,0.000185
_1026_,VGND,li1,38.6400,65.2800,0.000181
_1025_,VGND,li1,23.4600,38.0800,0.000059
_1024_,VGND,li1,14.2600,76.1600,0.000051
_1023_,VGND,li1,28.9800,92.4800,0.000195
_1022_,VGND,li1,36.8000,92.4800,0.000279
_1021_,VGND,li1,48.3000,43.5200,0.000219
_1020_,VGND,li1,34.5000,21.7600,0.000197
_1019_,VGND,li1,42.3200,87.0400,0.000162
_1018_,VGND,li1,15.6400,16.3200,0.000067
_1017_,VGND,li1,47.3800,65.2800,0.000249
_1016_,VGND,li1,46.9200,54.4000,0.000259
_1015_,VGND,li1,45.0800,92.4800,0.000355
_1014_,VGND,li1,32.6600,59.8400,0.000094
_1013_,VGND,li1,39.1000,32.6400,0.000067
_1012_,VGND,li1,34.5000,48.9600,0.000108
_1011_,VGND,li1,47.3800,16.3200,0.000185
_1010_,VGND,li1,37.7200,65.2800,0.000181
_1009_,VGND,li1,34.5000,38.0800,0.000107
_1008_,VGND,li1,25.3000,76.1600,0.000057
_1007_,VGND,li1,22.5400,87.0400,0.000065
_1006_,VGND,li1,34.0400,81.6000,0.000091
_1005_,VGND,li1,48.7600,38.0800,0.000170
_1004_,VGND,li1,26.2200,16.3200,0.000065
_1003_,VGND,li1,41.4000,81.6000,0.000134
_1002_,VGND,li1,20.7000,16.3200,0.000067
_1001_,VGND,li1,46.4600,70.7200,0.000271
_1000_,VGND,li1,45.5400,59.8400,0.000148
_0999_,VGND,li1,41.4000,97.9200,0.000187
_0998_,VGND,li1,23.0000,59.8400,0.000056
_0997_,VGND,li1,40.9400,21.7600,0.000244
_0996_,VGND,li1,18.4000,54.4000,0.000090
_0995_,VGND,li1,49.6800,21.7600,0.000303
_0994_,VGND,li1,37.2600,76.1600,0.000102
_0993_,VGND,li1,20.2400,43.5200,0.000075
_0992_,VGND,li1,22.5400,81.6000,0.000053
_0991_,VGND,li1,23.0000,97.9200,0.000076
_0990_,VGND,li1,35.4200,97.9200,0.000148
_0989_,VGND,li1,42.7800,43.5200,0.000192
_0988_,VGND,li1,15.6400,27.2000,0.000071
_0987_,VGND,li1,47.3800,81.6000,0.000162
_0986_,VGND,li1,14.7200,27.2000,0.000071
_0985_,VGND,li1,50.6000,70.7200,0.000290
_0984_,VGND,li1,47.3800,48.9600,0.000168
_0983_,VGND,li1,47.3800,87.0400,0.000188
_0982_,VGND,li1,21.6200,54.4000,0.000090
_0981_,VGND,li1,41.4000,27.2000,0.000158
_0980_,VGND,li1,28.5200,48.9600,0.000082
_0979_,VGND,li1,51.0600,32.6400,0.000093
_0978_,VGND,li1,38.6400,70.7200,0.000219
_0977_,VGND,li1,34.5000,43.5200,0.000140
_0976_,VGND,li1,22.5400,70.7200,0.000098
_0975_,VGND,li1,30.8200,87.0400,0.000097
_0974_,VGND,li1,34.9600,87.0400,0.000121
_0973_,VGND,li1,35.8800,38.0800,0.000107
_0972_,VGND,li1,20.2400,27.2000,0.000070
_0971_,VGND,li1,53.8200,81.6000,0.000190
_0970_,VGND,li1,27.1400,27.2000,0.000080
_0969_,VGND,li1,102.1200,59.8400,0.000352
_0968_,VGND,li1,80.0400,54.4000,0.000438
_0967_,VGND,li1,66.7000,87.0400,0.000263
_0966_,VGND,li1,113.1600,54.4000,0.000534
_0965_,VGND,li1,92.0000,27.2000,0.000319
_0964_,VGND,li1,111.7800,43.5200,0.000436
_0963_,VGND,li1,108.5600,32.6400,0.000169
_0962_,VGND,li1,115.0000,65.2800,0.000526
_0961_,VGND,li1,117.7600,38.0800,0.000315
_0960_,VGND,li1,66.2400,59.8400,0.000239
_0959_,VGND,li1,115.9200,87.0400,0.000357
_0958_,VGND,li1,80.0400,87.0400,0.000299
_0957_,VGND,li1,83.2600,38.0800,0.000271
_0956_,VGND,li1,118.6800,27.2000,0.000347
_0955_,VGND,li1,63.4800,76.1600,0.000190
_0954_,VGND,li1,98.9000,27.2000,0.000330
_0953_,VGND,li1,98.9000,65.2800,0.000490
_0952_,VGND,li1,98.9000,48.9600,0.000288
_0951_,VGND,li1,78.2000,92.4800,0.000607
_0950_,VGND,li1,65.7800,48.9600,0.000233
_0949_,VGND,li1,69.0000,27.2000,0.000266
_0948_,VGND,li1,104.4200,48.9600,0.000294
_0947_,VGND,li1,74.9800,21.7600,0.000452
_0946_,VGND,li1,86.0200,65.2800,0.000447
_0945_,VGND,li1,102.5800,38.0800,0.000302
_0944_,VGND,li1,66.2400,65.2800,0.000355
_0943_,VGND,li1,97.5200,97.9200,0.000416
_0942_,VGND,li1,98.9000,81.6000,0.000286
_0941_,VGND,li1,77.7400,38.0800,0.000259
_0940_,VGND,li1,79.1200,27.2000,0.000290
_0939_,VGND,li1,69.0000,76.1600,0.000202
_0938_,VGND,li1,64.4000,16.3200,0.000262
_0937_,VGND,li1,104.4200,65.2800,0.000507
_0936_,VGND,li1,98.4400,54.4000,0.000503
_0935_,VGND,li1,85.1000,87.0400,0.000311
_0934_,VGND,li1,116.3800,59.8400,0.000385
_0933_,VGND,li1,63.9400,21.7600,0.000398
_0932_,VGND,li1,104.4200,48.9600,0.000294
_0931_,VGND,li1,78.2000,16.3200,0.000316
_0930_,VGND,li1,116.8400,70.7200,0.000486
_0929_,VGND,li1,64.4000,38.0800,0.000225
_0928_,VGND,li1,115.9200,76.1600,0.000279
_0927_,VGND,li1,117.3000,87.0400,0.000357
_0926_,VGND,li1,98.9000,76.1600,0.000257
_0925_,VGND,li1,75.9000,43.5200,0.000346
_0924_,VGND,li1,119.6000,27.2000,0.000347
_0923_,VGND,li1,61.6400,70.7200,0.000335
_0922_,VGND,li1,64.4000,16.3200,0.000262
_0921_,VGND,li1,98.9000,70.7200,0.000451
_0920_,VGND,li1,85.5600,48.9600,0.000271
_0919_,VGND,li1,73.6000,97.9200,0.000348
_0918_,VGND,li1,67.1600,54.4000,0.000379
_0917_,VGND,li1,91.0800,21.7600,0.000517
_0916_,VGND,li1,77.7400,43.5200,0.000357
_0915_,VGND,li1,76.3600,21.7600,0.000452
_0914_,VGND,li1,80.9600,65.2800,0.000424
_0913_,VGND,li1,66.7000,38.0800,0.000232
_0912_,VGND,li1,71.7600,65.2800,0.000388
_0911_,VGND,li1,98.9000,92.4800,0.000703
_0910_,VGND,li1,95.6800,87.0400,0.000330
_0909_,VGND,li1,88.7800,38.0800,0.000283
_0908_,VGND,li1,77.7400,32.6400,0.000138
_0907_,VGND,li1,78.6600,70.7200,0.000393
_0906_,VGND,li1,98.9000,16.3200,0.000378
_0905_,VGND,li1,54.2800,65.2800,0.000286
_0904_,VGND,li1,41.4000,54.4000,0.000222
_0903_,VGND,li1,60.7200,87.0400,0.000240
_0902_,VGND,li1,24.3800,59.8400,0.000056
_0901_,VGND,li1,39.5600,16.3200,0.000146
_0900_,VGND,li1,23.0000,48.9600,0.000063
_0899_,VGND,li1,52.9000,16.3200,0.000210
_0898_,VGND,li1,80.0400,65.2800,0.000424
_0897_,VGND,li1,30.3600,38.0800,0.000079
_0896_,VGND,li1,23.9200,70.7200,0.000097
_0895_,VGND,li1,25.3000,87.0400,0.000064
_0894_,VGND,li1,80.9600,81.6000,0.000266
_0893_,VGND,li1,50.6000,38.0800,0.000177
_0892_,VGND,li1,21.6200,27.2000,0.000069
_0891_,VGND,li1,65.3200,70.7200,0.000349
_0890_,VGND,li1,23.4600,21.7600,0.000097
_0889_,VGND,li1,52.9000,65.2800,0.000286
_0888_,VGND,li1,49.2200,54.4000,0.000283
_0887_,VGND,li1,79.5800,97.9200,0.000365
_0886_,VGND,li1,22.0800,65.2800,0.000084
_0885_,VGND,li1,40.0200,27.2000,0.000158
_0884_,VGND,li1,25.3000,48.9600,0.000062
_0883_,VGND,li1,51.5200,27.2000,0.000207
_0882_,VGND,li1,85.5600,59.8400,0.000304
_0881_,VGND,li1,22.0800,38.0800,0.000059
_0880_,VGND,li1,23.4600,76.1600,0.000049
_0879_,VGND,li1,23.4600,92.4800,0.000128
_0878_,VGND,li1,86.0200,97.9200,0.000392
_0877_,VGND,li1,43.2400,38.0800,0.000147
_0876_,VGND,li1,23.9200,32.6400,0.000030
_0875_,VGND,li1,57.5000,76.1600,0.000172
_0874_,VGND,li1,18.4000,32.6400,0.000031
_0873_,VGND,li1,51.9800,70.7200,0.000290
_0872_,VGND,li1,52.4400,54.4000,0.000304
_0871_,VGND,li1,66.2400,87.0400,0.000263
_0870_,VGND,li1,34.5000,59.8400,0.000104
_0869_,VGND,li1,41.4000,16.3200,0.000155
_0868_,VGND,li1,23.9200,54.4000,0.000089
_0867_,VGND,li1,52.9000,27.2000,0.000207
_0866_,VGND,li1,38.1800,70.7200,0.000219
_0865_,VGND,li1,25.7600,43.5200,0.000074
_0864_,VGND,li1,19.7800,76.1600,0.000051
_0863_,VGND,li1,24.8400,92.4800,0.000128
_0862_,VGND,li1,35.8800,97.9200,0.000148
_0861_,VGND,li1,41.4000,38.0800,0.000139
_0860_,VGND,li1,28.5200,16.3200,0.000084
_0859_,VGND,li1,67.1600,70.7200,0.000355
_0858_,VGND,li1,23.0000,16.3200,0.000066
_0857_,VGND,li1,107.6400,59.8400,0.000367
_0856_,VGND,li1,98.9000,54.4000,0.000503
_0855_,VGND,li1,86.0200,92.4800,0.000648
_0854_,VGND,li1,120.0600,54.4000,0.000547
_0853_,VGND,li1,96.6000,21.7600,0.000536
_0852_,VGND,li1,117.3000,43.5200,0.000444
_0851_,VGND,li1,105.8000,21.7600,0.000563
_0850_,VGND,li1,120.5200,65.2800,0.000529
_0849_,VGND,li1,117.7600,38.0800,0.000315
_0848_,VGND,li1,122.8200,76.1600,0.000283
_0847_,VGND,li1,117.3000,92.4800,0.000741
_0846_,VGND,li1,96.1400,92.4800,0.000694
_0845_,VGND,li1,95.2200,43.5200,0.000407
_0844_,VGND,li1,118.6800,21.7600,0.000579
_0843_,VGND,li1,78.6600,76.1600,0.000227
_0842_,VGND,li1,98.9000,16.3200,0.000378
_0841_,VGND,li1,76.8200,119.6800,0.000564
_0840_,VGND,li1,128.8000,103.3600,0.000313
_0839_,VGND,li1,128.8000,97.9200,0.000460
_0838_,VGND,li1,126.5000,97.9200,0.000459
_0837_,VGND,li1,132.0200,97.9200,0.000461
_0836_,VGND,li1,126.5000,108.8000,0.000626
_0835_,VGND,li1,127.4200,114.2400,0.001101
_0834_,VGND,li1,131.5600,43.5200,0.000448
_0833_,VGND,li1,131.5600,59.8400,0.000392
_0832_,VGND,li1,131.1000,81.6000,0.000299
_0831_,VGND,li1,131.5600,38.0800,0.000321
_0830_,VGND,li1,131.5600,21.7600,0.000586
_0829_,VGND,li1,131.5600,32.6400,0.000178
_0828_,VGND,li1,131.5600,27.2000,0.000350
_0827_,VGND,li1,131.5600,65.2800,0.000531
_0826_,VGND,li1,131.5600,48.9600,0.000309
_0825_,VGND,li1,131.5600,54.4000,0.000553
_0824_,VGND,li1,131.1000,76.1600,0.000286
_0823_,VGND,li1,131.5600,81.6000,0.000299
_0822_,VGND,li1,131.5600,59.8400,0.000392
_0821_,VGND,li1,131.5600,21.7600,0.000586
_0820_,VGND,li1,131.5600,76.1600,0.000286
_0819_,VGND,li1,131.5600,16.3200,0.000413
_0818_,VGND,li1,114.0800,16.3200,0.000403
_0817_,VGND,li1,131.5600,43.5200,0.000448
_0816_,VGND,li1,117.3000,97.9200,0.000451
_0815_,VGND,li1,115.9200,16.3200,0.000406
_0814_,VGND,li1,131.5600,10.8800,0.000076
_0813_,VGND,li1,129.7200,32.6400,0.000178
_0812_,VGND,li1,108.5600,16.3200,0.000397
_0811_,VGND,li1,124.6600,16.3200,0.000411
_0810_,VGND,li1,124.6600,21.7600,0.000584
_0809_,VGND,li1,122.8200,16.3200,0.000410
_0808_,VGND,li1,113.6200,97.9200,0.000447
_0807_,VGND,li1,130.1800,92.4800,0.000754
_0806_,VGND,li1,127.8800,38.0800,0.000320
_0805_,VGND,li1,117.3000,21.7600,0.000579
_0804_,VGND,li1,80.0400,76.1600,0.000227
_0803_,VGND,li1,131.5600,16.3200,0.000413
_0802_,VGND,li1,108.1000,125.1200,0.000700
_0801_,VGND,li1,114.5400,136.0000,0.000518
_0800_,VGND,li1,113.6200,130.5600,0.000657
_0799_,VGND,li1,101.2000,136.0000,0.000475
_0798_,VGND,li1,100.7400,103.3600,0.000297
_0797_,VGND,li1,96.1400,108.8000,0.000548
_0796_,VGND,li1,113.6200,108.8000,0.000608
_0795_,VGND,li1,83.2600,108.8000,0.000490
_0794_,VGND,li1,55.4300,114.2400,0.000573
_0793_,VGND,li1,49.4500,108.8000,0.000273
_0792_,VGND,li1,46.2300,114.2400,0.000448
_0791_,VGND,li1,49.6800,114.2400,0.000496
_0790_,VGND,li1,58.6500,108.8000,0.000334
_0789_,VGND,li1,50.3700,114.2400,0.000496
_0788_,VGND,li1,43.9300,114.2400,0.000392
_0787_,VGND,li1,52.6700,114.2400,0.000537
_0786_,VGND,li1,49.9100,108.8000,0.000273
_0785_,VGND,li1,54.7400,119.6800,0.000384
_0784_,VGND,li1,53.5900,114.2400,0.000537
_0783_,VGND,li1,51.7500,119.6800,0.000356
_0782_,VGND,li1,48.9900,119.6800,0.000329
_0781_,VGND,li1,53.1300,108.8000,0.000294
_0780_,VGND,li1,47.3800,114.2400,0.000448
_0779_,VGND,li1,78.4300,108.8000,0.000464
_0778_,VGND,li1,57.2700,114.2400,0.000596
_0777_,VGND,li1,70.3800,114.2400,0.000735
_0776_,VGND,li1,83.4900,114.2400,0.000855
_0775_,VGND,li1,80.5000,114.2400,0.000838
_0774_,VGND,li1,85.7900,119.6800,0.000626
_0773_,VGND,li1,80.0400,114.2400,0.000838
_0772_,VGND,li1,123.5100,130.5600,0.000675
_0771_,VGND,li1,128.8000,136.0000,0.000545
_0770_,VGND,li1,132.4800,130.5600,0.000682
_0769_,VGND,li1,125.3500,119.6800,0.000738
_0768_,VGND,li1,128.1100,119.6800,0.000740
_0767_,VGND,li1,126.5000,130.5600,0.000678
_0766_,VGND,li1,120.7500,125.1200,0.000722
_0765_,VGND,li1,132.4800,125.1200,0.000734
_0764_,VGND,li1,128.5700,130.5600,0.000681
_0763_,VGND,li1,132.4800,136.0000,0.000548
_0762_,VGND,li1,125.8100,130.5600,0.000678
_0761_,VGND,li1,114.5400,119.6800,0.000721
_0760_,VGND,li1,124.6600,103.3600,0.000310
_0759_,VGND,li1,71.5300,125.1200,0.000495
_0758_,VGND,li1,92.9200,130.5600,0.000581
_0757_,VGND,li1,94.7600,136.0000,0.000452
_0756_,VGND,li1,91.7700,130.5600,0.000570
_0755_,VGND,li1,79.1200,130.5600,0.000505
_0754_,VGND,li1,78.4300,125.1200,0.000548
_0753_,VGND,li1,81.8800,130.5600,0.000525
_0752_,VGND,li1,89.2400,130.5600,0.000559
_0751_,VGND,li1,89.7000,136.0000,0.000430
_0750_,VGND,li1,94.0700,136.0000,0.000452
_0749_,VGND,li1,81.6500,130.5600,0.000525
_0748_,VGND,li1,78.2000,130.5600,0.000505
_0747_,VGND,li1,86.4800,136.0000,0.000417
_0746_,VGND,li1,87.8600,136.0000,0.000417
_0745_,VGND,li1,83.2600,125.1200,0.000575
_0744_,VGND,li1,72.9100,136.0000,0.000349
_0743_,VGND,li1,84.1800,130.5600,0.000538
_0742_,VGND,li1,84.8700,130.5600,0.000538
_0741_,VGND,li1,74.5200,130.5600,0.000482
_0740_,VGND,li1,85.3300,125.1200,0.000589
_0739_,VGND,li1,81.6500,136.0000,0.000397
_0738_,VGND,li1,84.8700,125.1200,0.000589
_0737_,VGND,li1,76.1300,136.0000,0.000371
_0736_,VGND,li1,76.1300,125.1200,0.000530
_0735_,VGND,li1,103.2700,130.5600,0.000624
_0734_,VGND,li1,95.6800,130.5600,0.000591
_0733_,VGND,li1,91.7700,136.0000,0.000442
_0732_,VGND,li1,110.8600,125.1200,0.000707
_0731_,VGND,li1,113.8500,136.0000,0.000518
_0730_,VGND,li1,117.3000,130.5600,0.000665
_0729_,VGND,li1,119.1400,130.5600,0.000668
_0728_,VGND,li1,106.4900,136.0000,0.000496
_0727_,VGND,li1,102.8100,130.5600,0.000617
_0726_,VGND,li1,91.7700,136.0000,0.000442
_0725_,VGND,li1,89.0100,136.0000,0.000430
_0724_,VGND,li1,86.4800,130.5600,0.000550
_0723_,VGND,li1,113.3900,130.5600,0.000657
_0722_,VGND,li1,113.1600,141.4400,0.000211
_0721_,VGND,li1,105.8000,130.5600,0.000633
_0720_,VGND,li1,107.8700,136.0000,0.000496
_0719_,VGND,li1,79.3500,136.0000,0.000386
_0718_,VGND,li1,100.0500,130.5600,0.000609
_0717_,VGND,li1,97.0600,130.5600,0.000599
_0716_,VGND,li1,99.3600,130.5600,0.000609
_0715_,VGND,li1,102.1200,119.6800,0.000698
_0714_,VGND,li1,103.5000,119.6800,0.000698
_0713_,VGND,li1,80.7300,119.6800,0.000588
_0712_,VGND,li1,97.9800,119.6800,0.000684
_0711_,VGND,li1,100.7400,108.8000,0.000571
_0710_,VGND,li1,97.7500,108.8000,0.000559
_0709_,VGND,li1,94.3000,114.2400,0.000944
_0708_,VGND,li1,100.7400,119.6800,0.000691
_0707_,VGND,li1,108.5600,114.2400,0.001026
_0706_,VGND,li1,107.4100,114.2400,0.001026
_0705_,VGND,li1,114.5400,125.1200,0.000713
_0704_,VGND,li1,106.9500,119.6800,0.000708
_0703_,VGND,li1,122.5900,108.8000,0.000621
_0702_,VGND,li1,89.2400,114.2400,0.000904
_0701_,VGND,li1,97.9800,114.2400,0.000959
_0700_,VGND,li1,94.5300,119.6800,0.000672
_0699_,VGND,li1,92.0000,114.2400,0.000918
_0698_,VGND,li1,84.8700,114.2400,0.000876
_0697_,VGND,li1,89.4700,108.8000,0.000522
_0696_,VGND,li1,90.6200,114.2400,0.000918
_0695_,VGND,li1,86.7100,114.2400,0.000890
_0694_,VGND,li1,94.9900,108.8000,0.000548
_0693_,VGND,li1,94.5300,114.2400,0.000944
_0692_,VGND,li1,100.9700,114.2400,0.000979
_0691_,VGND,li1,114.3100,119.6800,0.000721
_0690_,VGND,li1,75.6700,114.2400,0.000800
_0689_,VGND,li1,72.9100,125.1200,0.000495
_0688_,VGND,li1,120.2900,108.8000,0.000617
_0687_,VGND,li1,99.5900,125.1200,0.000663
_0686_,VGND,li1,119.3700,103.3600,0.000308
_0685_,VGND,li1,123.0500,114.2400,0.001091
_0684_,VGND,li1,120.2900,114.2400,0.001085
_0683_,VGND,li1,118.2200,114.2400,0.001078
_0682_,VGND,li1,117.7600,125.1200,0.000719
_0681_,VGND,li1,113.8500,125.1200,0.000713
_0680_,VGND,li1,110.1700,130.5600,0.000647
_0679_,VGND,li1,107.8700,130.5600,0.000640
_0678_,VGND,li1,76.5900,108.8000,0.000454
_0677_,VGND,li1,112.0100,114.2400,0.001052
_0676_,VGND,li1,104.4200,114.2400,0.001008
_0675_,VGND,li1,127.6500,92.4800,0.000752
_0674_,VGND,li1,123.9700,97.9200,0.000457
_0673_,VGND,li1,131.7900,103.3600,0.000313
_0672_,VGND,li1,131.7900,92.4800,0.000754
_0671_,VGND,li1,131.7900,119.6800,0.000742
_0670_,VGND,li1,105.1100,43.5200,0.000427
_0669_,VGND,li1,59.5700,16.3200,0.000241
_0668_,VGND,li1,54.9700,136.0000,0.000255
_0667_,VGND,li1,123.9700,38.0800,0.000319
_0666_,VGND,li1,73.3700,16.3200,0.000297
_0665_,VGND,li1,69.2300,16.3200,0.000279
_0664_,VGND,li1,93.6100,16.3200,0.000364
_0663_,VGND,li1,103.7300,16.3200,0.000389
_0662_,VGND,li1,87.1700,16.3200,0.000346
_0661_,VGND,li1,121.2100,59.8400,0.000389
_0660_,VGND,li1,123.9700,87.0400,0.000361
_0659_,VGND,li1,60.4900,136.0000,0.000283
_0658_,VGND,li1,83.0300,16.3200,0.000329
_0657_,VGND,li1,59.5700,16.3200,0.000241
_0656_,VGND,li1,59.5700,136.0000,0.000283
_0655_,VGND,li1,85.3300,16.3200,0.000341
_0654_,VGND,li1,111.0900,21.7600,0.000571
_0653_,VGND,li1,125.8100,48.9600,0.000307
_0652_,VGND,li1,117.0700,97.9200,0.000451
_0651_,VGND,li1,120.7500,21.7600,0.000582
_0650_,VGND,li1,128.1100,16.3200,0.000412
_0649_,VGND,li1,126.7300,32.6400,0.000177
_0648_,VGND,li1,109.7100,21.7600,0.000568
_0647_,VGND,li1,122.5900,59.8400,0.000390
_0646_,VGND,li1,123.5100,38.0800,0.000319
_0645_,VGND,li1,123.0500,48.9600,0.000306
_0644_,VGND,li1,120.2900,92.4800,0.000745
_0643_,VGND,li1,126.7300,87.0400,0.000361
_0642_,VGND,li1,126.7300,38.0800,0.000320
_0641_,VGND,li1,113.8500,21.7600,0.000575
_0640_,VGND,li1,82.1100,70.7200,0.000400
_0639_,VGND,li1,128.1100,27.2000,0.000349
_0638_,VGND,li1,127.1900,48.9600,0.000307
_0637_,VGND,li1,112.7000,59.8400,0.000379
_0636_,VGND,li1,60.4900,65.2800,0.000332
_0635_,VGND,li1,58.6500,65.2800,0.000320
_0634_,VGND,li1,54.0500,59.8400,0.000193
_0633_,VGND,li1,59.3400,70.7200,0.000323
_0632_,VGND,li1,54.9700,70.7200,0.000308
_0631_,VGND,li1,103.5000,70.7200,0.000459
_0630_,VGND,li1,94.0700,65.2800,0.000474
_0629_,VGND,li1,104.8800,70.7200,0.000465
_0628_,VGND,li1,106.9500,70.7200,0.000470
_0627_,VGND,li1,128.5700,54.4000,0.000553
_0626_,VGND,li1,103.5000,54.4000,0.000517
_0625_,VGND,li1,59.5700,48.9600,0.000217
_0624_,VGND,li1,54.0500,48.9600,0.000197
_0623_,VGND,li1,52.2100,48.9600,0.000190
_0622_,VGND,li1,53.8200,54.4000,0.000304
_0621_,VGND,li1,49.9100,59.8400,0.000176
_0620_,VGND,li1,85.1000,54.4000,0.000460
_0619_,VGND,li1,83.4900,54.4000,0.000453
_0618_,VGND,li1,97.9800,48.9600,0.000288
_0617_,VGND,li1,94.0700,54.4000,0.000490
_0616_,VGND,li1,125.8100,87.0400,0.000361
_0615_,VGND,li1,80.5000,92.4800,0.000625
_0614_,VGND,li1,75.6700,92.4800,0.000587
_0613_,VGND,li1,70.3800,92.4800,0.000560
_0612_,VGND,li1,66.4700,92.4800,0.000533
_0611_,VGND,li1,48.9900,92.4800,0.000403
_0610_,VGND,li1,51.9800,87.0400,0.000210
_0609_,VGND,li1,46.2300,103.3600,0.000160
_0608_,VGND,li1,77.9700,97.9200,0.000365
_0607_,VGND,li1,90.6200,92.4800,0.000674
_0606_,VGND,li1,81.6500,97.9200,0.000378
_0605_,VGND,li1,126.2700,43.5200,0.000447
_0604_,VGND,li1,125.1200,54.4000,0.000552
_0603_,VGND,li1,43.0100,54.4000,0.000242
_0602_,VGND,li1,40.2500,54.4000,0.000222
_0601_,VGND,li1,38.8700,59.8400,0.000121
_0600_,VGND,li1,28.5200,59.8400,0.000073
_0599_,VGND,li1,26.4500,65.2800,0.000083
_0598_,VGND,li1,72.2200,54.4000,0.000406
_0597_,VGND,li1,67.8500,59.8400,0.000239
_0596_,VGND,li1,117.7600,48.9600,0.000303
_0595_,VGND,li1,116.6100,59.8400,0.000385
_0594_,VGND,li1,128.1100,21.7600,0.000585
_0593_,VGND,li1,98.4400,21.7600,0.000545
_0592_,VGND,li1,49.9100,21.7600,0.000303
_0591_,VGND,li1,46.2300,27.2000,0.000185
_0590_,VGND,li1,43.4700,32.6400,0.000075
_0589_,VGND,li1,46.4600,21.7600,0.000288
_0588_,VGND,li1,43.9300,16.3200,0.000168
_0587_,VGND,li1,69.4600,21.7600,0.000420
_0586_,VGND,li1,71.9900,27.2000,0.000273
_0585_,VGND,li1,96.6000,27.2000,0.000325
_0584_,VGND,li1,90.8500,21.7600,0.000517
_0583_,VGND,li1,131.3300,38.0800,0.000321
_0582_,VGND,li1,117.9900,43.5200,0.000444
_0581_,VGND,li1,38.4100,48.9600,0.000130
_0580_,VGND,li1,33.3500,48.9600,0.000108
_0579_,VGND,li1,29.6700,48.9600,0.000082
_0578_,VGND,li1,28.5200,54.4000,0.000127
_0577_,VGND,li1,25.9900,54.4000,0.000106
_0576_,VGND,li1,68.0800,48.9600,0.000238
_0575_,VGND,li1,82.1100,43.5200,0.000365
_0574_,VGND,li1,116.3800,48.9600,0.000303
_0573_,VGND,li1,108.7900,48.9600,0.000297
_0572_,VGND,li1,126.7300,27.2000,0.000349
_0571_,VGND,li1,107.4100,21.7600,0.000563
_0570_,VGND,li1,60.0300,21.7600,0.000376
_0569_,VGND,li1,59.1100,27.2000,0.000235
_0568_,VGND,li1,55.4300,32.6400,0.000102
_0567_,VGND,li1,54.7400,21.7600,0.000343
_0566_,VGND,li1,52.6700,16.3200,0.000210
_0565_,VGND,li1,80.9600,21.7600,0.000471
_0564_,VGND,li1,79.3500,21.7600,0.000471
_0563_,VGND,li1,110.8600,32.6400,0.000170
_0562_,VGND,li1,106.4900,32.6400,0.000168
_0561_,VGND,li1,126.7300,65.2800,0.000530
_0560_,VGND,li1,120.7500,70.7200,0.000493
_0559_,VGND,li1,123.7400,65.2800,0.000530
_0558_,VGND,li1,112.4700,70.7200,0.000481
_0557_,VGND,li1,89.0100,65.2800,0.000458
_0556_,VGND,li1,42.5500,70.7200,0.000250
_0555_,VGND,li1,34.0400,70.7200,0.000179
_0554_,VGND,li1,41.6300,76.1600,0.000118
_0553_,VGND,li1,84.8700,70.7200,0.000412
_0552_,VGND,li1,86.0200,65.2800,0.000447
_0551_,VGND,li1,90.3900,65.2800,0.000458
_0550_,VGND,li1,126.7300,43.5200,0.000447
_0549_,VGND,li1,120.2900,43.5200,0.000446
_0548_,VGND,li1,38.4100,43.5200,0.000166
_0547_,VGND,li1,38.8700,38.0800,0.000128
_0546_,VGND,li1,34.7300,32.6400,0.000054
_0545_,VGND,li1,28.9800,38.0800,0.000079
_0544_,VGND,li1,25.0700,43.5200,0.000074
_0543_,VGND,li1,69.0000,38.0800,0.000239
_0542_,VGND,li1,65.5500,32.6400,0.000120
_0541_,VGND,li1,115.0000,43.5200,0.000441
_0540_,VGND,li1,106.9500,38.0800,0.000306
_0539_,VGND,li1,126.2700,59.8400,0.000391
_0538_,VGND,li1,123.0500,70.7200,0.000495
_0537_,VGND,li1,32.8900,70.7200,0.000179
_0536_,VGND,li1,29.6700,76.1600,0.000068
_0535_,VGND,li1,28.2900,70.7200,0.000125
_0534_,VGND,li1,28.0600,76.1600,0.000068
_0533_,VGND,li1,26.9100,70.7200,0.000125
_0532_,VGND,li1,72.2200,65.2800,0.000388
_0531_,VGND,li1,71.9900,59.8400,0.000257
_0530_,VGND,li1,117.7600,70.7200,0.000489
_0529_,VGND,li1,114.7700,81.6000,0.000294
_0528_,VGND,li1,127.1900,87.0400,0.000361
_0527_,VGND,li1,121.2100,92.4800,0.000745
_0526_,VGND,li1,36.1100,92.4800,0.000279
_0525_,VGND,li1,33.3500,92.4800,0.000247
_0524_,VGND,li1,27.3700,97.9200,0.000090
_0523_,VGND,li1,29.4400,92.4800,0.000195
_0522_,VGND,li1,20.9300,87.0400,0.000065
_0521_,VGND,li1,103.5000,92.4800,0.000715
_0520_,VGND,li1,117.9900,92.4800,0.000741
_0519_,VGND,li1,114.5400,92.4800,0.000736
_0518_,VGND,li1,115.6900,81.6000,0.000294
_0517_,VGND,li1,128.5700,87.0400,0.000361
_0516_,VGND,li1,101.2000,92.4800,0.000710
_0515_,VGND,li1,94.3000,87.0400,0.000330
_0514_,VGND,li1,38.8700,92.4800,0.000308
_0513_,VGND,li1,41.4000,92.4800,0.000334
_0512_,VGND,li1,39.7900,87.0400,0.000142
_0511_,VGND,li1,84.8700,87.0400,0.000311
_0510_,VGND,li1,100.2800,87.0400,0.000338
_0509_,VGND,li1,103.2700,81.6000,0.000288
_0508_,VGND,li1,91.3100,87.0400,0.000321
_0507_,VGND,li1,88.5500,97.9200,0.000399
_0506_,VGND,li1,129.9500,54.4000,0.000553
_0505_,VGND,li1,100.2800,43.5200,0.000416
_0504_,VGND,li1,58.6500,43.5200,0.000282
_0503_,VGND,li1,52.6700,43.5200,0.000249
_0502_,VGND,li1,46.2300,38.0800,0.000159
_0501_,VGND,li1,55.2000,38.0800,0.000190
_0500_,VGND,li1,48.0700,32.6400,0.000087
_0499_,VGND,li1,80.5000,43.5200,0.000365
_0498_,VGND,li1,73.3700,38.0800,0.000251
_0497_,VGND,li1,93.3800,38.0800,0.000290
_0496_,VGND,li1,97.7500,38.0800,0.000296
_0495_,VGND,li1,125.3500,21.7600,0.000585
_0494_,VGND,li1,123.0500,21.7600,0.000584
_0493_,VGND,li1,36.1100,27.2000,0.000139
_0492_,VGND,li1,32.8900,21.7600,0.000171
_0491_,VGND,li1,29.6700,21.7600,0.000155
_0490_,VGND,li1,28.5200,32.6400,0.000042
_0489_,VGND,li1,24.1500,32.6400,0.000030
_0488_,VGND,li1,83.7200,27.2000,0.000303
_0487_,VGND,li1,81.1900,32.6400,0.000143
_0486_,VGND,li1,124.2000,27.2000,0.000349
_0485_,VGND,li1,116.6100,32.6400,0.000173
_0484_,VGND,li1,126.7300,76.1600,0.000285
_0483_,VGND,li1,79.1200,81.6000,0.000263
_0482_,VGND,li1,71.0700,81.6000,0.000243
_0481_,VGND,li1,52.2100,87.0400,0.000210
_0480_,VGND,li1,51.9800,81.6000,0.000182
_0479_,VGND,li1,68.3100,81.6000,0.000236
_0478_,VGND,li1,72.2200,76.1600,0.000212
_0477_,VGND,li1,67.3900,76.1600,0.000202
_0476_,VGND,li1,74.0600,70.7200,0.000379
_0475_,VGND,li1,84.8700,76.1600,0.000236
_0474_,VGND,li1,48.0700,76.1600,0.000140
_0473_,VGND,li1,135.4700,21.7600,0.000586
_0472_,VGND,li1,103.0400,21.7600,0.000558
_0471_,VGND,li1,36.5700,21.7600,0.000214
_0470_,VGND,li1,31.5100,27.2000,0.000112
_0469_,VGND,li1,25.5300,27.2000,0.000080
_0468_,VGND,li1,28.5200,21.7600,0.000132
_0467_,VGND,li1,25.5300,10.8800,0.000009
_0466_,VGND,li1,68.0800,32.6400,0.000124
_0465_,VGND,li1,68.3100,21.7600,0.000420
_0464_,VGND,li1,101.2000,21.7600,0.000553
_0463_,VGND,li1,94.0700,27.2000,0.000322
_0462_,VGND,li1,110.8600,108.8000,0.000601
_0461_,VGND,li1,104.4200,114.2400,0.001008
_0460_,VGND,li1,129.4900,114.2400,0.001104
_0459_,VGND,li1,113.8500,103.3600,0.000306
_0458_,VGND,li1,131.3300,119.6800,0.000742
_0457_,VGND,li1,135.0100,125.1200,0.000735
_0456_,VGND,li1,135.0100,119.6800,0.000742
_0455_,VGND,li1,84.4100,136.0000,0.000409
_0454_,VGND,li1,78.8900,114.2400,0.000816
_0453_,VGND,li1,115.6900,108.8000,0.000612
_0452_,VGND,li1,103.2700,108.8000,0.000580
_0451_,VGND,li1,125.8100,108.8000,0.000626
_0450_,VGND,li1,132.7100,103.3600,0.000313
_0449_,VGND,li1,132.7100,97.9200,0.000461
_0448_,VGND,li1,131.3300,108.8000,0.000631
_0447_,VGND,li1,128.1100,103.3600,0.000313
_0446_,VGND,li1,131.5600,114.2400,0.001107
_0445_,VGND,li1,133.6300,108.8000,0.000632
_0444_,VGND,li1,93.1500,130.5600,0.000581
_0443_,VGND,li1,124.4300,119.6800,0.000738
_0442_,VGND,li1,115.4600,114.2400,0.001064
_0441_,VGND,li1,112.2400,114.2400,0.001052
_0440_,VGND,li1,94.5300,103.3600,0.000292
_0439_,VGND,li1,93.6100,125.1200,0.000627
_0438_,VGND,li1,99.5900,114.2400,0.000979
_0437_,VGND,li1,104.1900,81.6000,0.000288
_0436_,VGND,li1,55.4300,97.9200,0.000261
_0435_,VGND,li1,104.1900,87.0400,0.000344
_0434_,VGND,li1,62.1000,97.9200,0.000293
_0433_,VGND,li1,105.5700,81.6000,0.000290
_0432_,VGND,li1,72.2200,92.4800,0.000574
_0431_,VGND,li1,102.8100,97.9200,0.000427
_0430_,VGND,li1,65.7800,103.3600,0.000239
_0429_,VGND,li1,37.9500,103.3600,0.000122
_0428_,VGND,li1,51.9800,97.9200,0.000240
_0427_,VGND,li1,35.6500,81.6000,0.000106
_0426_,VGND,li1,52.9000,92.4800,0.000423
_0425_,VGND,li1,36.1100,103.3600,0.000112
_0424_,VGND,li1,52.4400,103.3600,0.000181
_0423_,VGND,li1,30.5900,81.6000,0.000081
_0422_,VGND,li1,50.3700,97.9200,0.000240
_0421_,VGND,li1,102.8100,87.0400,0.000342
_0420_,VGND,li1,66.2400,92.4800,0.000533
_0419_,VGND,li1,101.4300,97.9200,0.000427
_0418_,VGND,li1,66.7000,97.9200,0.000318
_0417_,VGND,li1,102.8100,81.6000,0.000288
_0416_,VGND,li1,66.2400,97.9200,0.000318
_0415_,VGND,li1,93.6100,97.9200,0.000411
_0414_,VGND,li1,62.7900,97.9200,0.000303
_0413_,VGND,li1,37.4900,81.6000,0.000115
_0412_,VGND,li1,54.2800,97.9200,0.000261
_0411_,VGND,li1,32.4300,97.9200,0.000122
_0410_,VGND,li1,58.6500,97.9200,0.000284
_0409_,VGND,li1,34.2700,81.6000,0.000091
_0408_,VGND,li1,48.5300,97.9200,0.000229
_0407_,VGND,li1,56.3500,87.0400,0.000228
_0406_,VGND,li1,80.9600,108.8000,0.000479
_0405_,VGND,li1,87.1700,119.6800,0.000626
_0404_,VGND,li1,75.6700,125.1200,0.000515
_0403_,VGND,li1,81.1900,125.1200,0.000562
_0402_,VGND,li1,71.9900,130.5600,0.000457
_0401_,VGND,li1,82.1100,114.2400,0.000855
_0400_,VGND,li1,122.5900,108.8000,0.000621
_0399_,VGND,li1,119.3700,108.8000,0.000617
_0398_,VGND,li1,69.9200,103.3600,0.000253
_0397_,VGND,li1,55.8900,103.3600,0.000201
_0396_,VGND,li1,82.1100,119.6800,0.000604
_0395_,VGND,li1,92.6900,108.8000,0.000537
_0394_,VGND,li1,106.7200,108.8000,0.000586
_0393_,VGND,li1,112.9300,119.6800,0.000721
_0392_,VGND,li1,92.6900,119.6800,0.000657
_0391_,VGND,li1,73.8300,136.0000,0.000360
_0390_,VGND,li1,98.2100,125.1200,0.000653
