
===========================================================================
report_checks -path_delay max (Setup)
============================================================================
======================= nom_ff_n40C_1v95 Corner ===================================

Startpoint: _0796_ (rising edge-triggered flip-flop clocked by clk)
Endpoint: PSEL1 (output port clocked by clk)
Path Group: clk
Path Type: max

Fanout         Cap        Slew       Delay        Time   Description
---------------------------------------------------------------------------------------------
                      0.150000    0.000000    0.000000   clock clk (rise edge)
                                  0.000000    0.000000   clock network delay (ideal)
                      0.150000    0.000000    0.000000 ^ _0796_/CLK (sky130_fd_sc_hd__dfrtp_2)
    14    0.029689    0.072803    0.319118    0.319118 v _0796_/Q (sky130_fd_sc_hd__dfrtp_2)
                                                         current_state[1] (net)
                      0.072803    0.000000    0.319118 v _0438_/A (sky130_fd_sc_hd__or4b_2)
     6    0.019204    0.107850    0.441517    0.760636 v _0438_/X (sky130_fd_sc_hd__or4b_2)
                                                         _0125_ (net)
                      0.107850    0.000000    0.760636 v _0439_/A (sky130_fd_sc_hd__inv_2)
    17    0.084647    0.290937    0.250647    1.011283 ^ _0439_/Y (sky130_fd_sc_hd__inv_2)
                                                         arready (net)
                      0.290937    0.000000    1.011283 ^ _0443_/A (sky130_fd_sc_hd__nor2_2)
     6    0.017469    0.084481    0.061605    1.072888 v _0443_/Y (sky130_fd_sc_hd__nor2_2)
                                                         _0129_ (net)
                      0.084481    0.000000    1.072888 v _0446_/A2 (sky130_fd_sc_hd__a211oi_2)
     1    0.033442    0.444182    0.401503    1.474391 ^ _0446_/Y (sky130_fd_sc_hd__a211oi_2)
                                                         PSEL1 (net)
                      0.444182    0.000000    1.474391 ^ PSEL1 (out)
                                              1.474391   data arrival time

                      0.150000   20.000000   20.000000   clock clk (rise edge)
                                  0.000000   20.000000   clock network delay (ideal)
                                 -0.250000   19.750002   clock uncertainty
                                  0.000000   19.750002   clock reconvergence pessimism
                                 -4.000000   15.750001   output external delay
                                             15.750001   data required time
---------------------------------------------------------------------------------------------
                                             15.750001   data required time
                                             -1.474391   data arrival time
---------------------------------------------------------------------------------------------
                                             14.275610   slack (MET)


Startpoint: _0796_ (rising edge-triggered flip-flop clocked by clk)
Endpoint: PSEL3 (output port clocked by clk)
Path Group: clk
Path Type: max

Fanout         Cap        Slew       Delay        Time   Description
---------------------------------------------------------------------------------------------
                      0.150000    0.000000    0.000000   clock clk (rise edge)
                                  0.000000    0.000000   clock network delay (ideal)
                      0.150000    0.000000    0.000000 ^ _0796_/CLK (sky130_fd_sc_hd__dfrtp_2)
    14    0.029689    0.072803    0.319118    0.319118 v _0796_/Q (sky130_fd_sc_hd__dfrtp_2)
                                                         current_state[1] (net)
                      0.072803    0.000000    0.319118 v _0438_/A (sky130_fd_sc_hd__or4b_2)
     6    0.019204    0.107850    0.441517    0.760636 v _0438_/X (sky130_fd_sc_hd__or4b_2)
                                                         _0125_ (net)
                      0.107850    0.000000    0.760636 v _0439_/A (sky130_fd_sc_hd__inv_2)
    17    0.084647    0.290937    0.250647    1.011283 ^ _0439_/Y (sky130_fd_sc_hd__inv_2)
                                                         arready (net)
                      0.290937    0.000000    1.011283 ^ _0443_/A (sky130_fd_sc_hd__nor2_2)
     6    0.017469    0.084481    0.061605    1.072888 v _0443_/Y (sky130_fd_sc_hd__nor2_2)
                                                         _0129_ (net)
                      0.084481    0.000000    1.072888 v _0445_/B (sky130_fd_sc_hd__nand2_2)
     4    0.006629    0.048294    0.071461    1.144349 ^ _0445_/Y (sky130_fd_sc_hd__nand2_2)
                                                         _0131_ (net)
                      0.048294    0.000000    1.144349 ^ _0448_/C (sky130_fd_sc_hd__and3b_2)
     1    0.033442    0.134410    0.188082    1.332431 ^ _0448_/X (sky130_fd_sc_hd__and3b_2)
                                                         PSEL3 (net)
                      0.134410    0.000000    1.332431 ^ PSEL3 (out)
                                              1.332431   data arrival time

                      0.150000   20.000000   20.000000   clock clk (rise edge)
                                  0.000000   20.000000   clock network delay (ideal)
                                 -0.250000   19.750002   clock uncertainty
                                  0.000000   19.750002   clock reconvergence pessimism
                                 -4.000000   15.750001   output external delay
                                             15.750001   data required time
---------------------------------------------------------------------------------------------
                                             15.750001   data required time
                                             -1.332431   data arrival time
---------------------------------------------------------------------------------------------
                                             14.417570   slack (MET)


Startpoint: _0796_ (rising edge-triggered flip-flop clocked by clk)
Endpoint: PSEL4 (output port clocked by clk)
Path Group: clk
Path Type: max

Fanout         Cap        Slew       Delay        Time   Description
---------------------------------------------------------------------------------------------
                      0.150000    0.000000    0.000000   clock clk (rise edge)
                                  0.000000    0.000000   clock network delay (ideal)
                      0.150000    0.000000    0.000000 ^ _0796_/CLK (sky130_fd_sc_hd__dfrtp_2)
    14    0.029689    0.072803    0.319118    0.319118 v _0796_/Q (sky130_fd_sc_hd__dfrtp_2)
                                                         current_state[1] (net)
                      0.072803    0.000000    0.319118 v _0438_/A (sky130_fd_sc_hd__or4b_2)
     6    0.019204    0.107850    0.441517    0.760636 v _0438_/X (sky130_fd_sc_hd__or4b_2)
                                                         _0125_ (net)
                      0.107850    0.000000    0.760636 v _0439_/A (sky130_fd_sc_hd__inv_2)
    17    0.084647    0.290937    0.250647    1.011283 ^ _0439_/Y (sky130_fd_sc_hd__inv_2)
                                                         arready (net)
                      0.290937    0.000000    1.011283 ^ _0443_/A (sky130_fd_sc_hd__nor2_2)
     6    0.017469    0.084481    0.061605    1.072888 v _0443_/Y (sky130_fd_sc_hd__nor2_2)
                                                         _0129_ (net)
                      0.084481    0.000000    1.072888 v _0445_/B (sky130_fd_sc_hd__nand2_2)
     4    0.006629    0.048294    0.071461    1.144349 ^ _0445_/Y (sky130_fd_sc_hd__nand2_2)
                                                         _0131_ (net)
                      0.048294    0.000000    1.144349 ^ _0449_/C (sky130_fd_sc_hd__and3_2)
     1    0.033442    0.134351    0.185927    1.330276 ^ _0449_/X (sky130_fd_sc_hd__and3_2)
                                                         PSEL4 (net)
                      0.134351    0.000000    1.330276 ^ PSEL4 (out)
                                              1.330276   data arrival time

                      0.150000   20.000000   20.000000   clock clk (rise edge)
                                  0.000000   20.000000   clock network delay (ideal)
                                 -0.250000   19.750002   clock uncertainty
                                  0.000000   19.750002   clock reconvergence pessimism
                                 -4.000000   15.750001   output external delay
                                             15.750001   data required time
---------------------------------------------------------------------------------------------
                                             15.750001   data required time
                                             -1.330276   data arrival time
---------------------------------------------------------------------------------------------
                                             14.419725   slack (MET)


Startpoint: _0796_ (rising edge-triggered flip-flop clocked by clk)
Endpoint: PSEL2 (output port clocked by clk)
Path Group: clk
Path Type: max

Fanout         Cap        Slew       Delay        Time   Description
---------------------------------------------------------------------------------------------
                      0.150000    0.000000    0.000000   clock clk (rise edge)
                                  0.000000    0.000000   clock network delay (ideal)
                      0.150000    0.000000    0.000000 ^ _0796_/CLK (sky130_fd_sc_hd__dfrtp_2)
    14    0.029689    0.072803    0.319118    0.319118 v _0796_/Q (sky130_fd_sc_hd__dfrtp_2)
                                                         current_state[1] (net)
                      0.072803    0.000000    0.319118 v _0438_/A (sky130_fd_sc_hd__or4b_2)
     6    0.019204    0.107850    0.441517    0.760636 v _0438_/X (sky130_fd_sc_hd__or4b_2)
                                                         _0125_ (net)
                      0.107850    0.000000    0.760636 v _0439_/A (sky130_fd_sc_hd__inv_2)
    17    0.084647    0.290937    0.250647    1.011283 ^ _0439_/Y (sky130_fd_sc_hd__inv_2)
                                                         arready (net)
                      0.290937    0.000000    1.011283 ^ _0443_/A (sky130_fd_sc_hd__nor2_2)
     6    0.017469    0.084481    0.061605    1.072888 v _0443_/Y (sky130_fd_sc_hd__nor2_2)
                                                         _0129_ (net)
                      0.084481    0.000000    1.072888 v _0445_/B (sky130_fd_sc_hd__nand2_2)
     4    0.006629    0.048294    0.071461    1.144349 ^ _0445_/Y (sky130_fd_sc_hd__nand2_2)
                                                         _0131_ (net)
                      0.048294    0.000000    1.144349 ^ _0447_/B (sky130_fd_sc_hd__and3b_2)
     1    0.033442    0.134502    0.185254    1.329603 ^ _0447_/X (sky130_fd_sc_hd__and3b_2)
                                                         PSEL2 (net)
                      0.134502    0.000000    1.329603 ^ PSEL2 (out)
                                              1.329603   data arrival time

                      0.150000   20.000000   20.000000   clock clk (rise edge)
                                  0.000000   20.000000   clock network delay (ideal)
                                 -0.250000   19.750002   clock uncertainty
                                  0.000000   19.750002   clock reconvergence pessimism
                                 -4.000000   15.750001   output external delay
                                             15.750001   data required time
---------------------------------------------------------------------------------------------
                                             15.750001   data required time
                                             -1.329603   data arrival time
---------------------------------------------------------------------------------------------
                                             14.420398   slack (MET)


Startpoint: _0796_ (rising edge-triggered flip-flop clocked by clk)
Endpoint: PWRITE (output port clocked by clk)
Path Group: clk
Path Type: max

Fanout         Cap        Slew       Delay        Time   Description
---------------------------------------------------------------------------------------------
                      0.150000    0.000000    0.000000   clock clk (rise edge)
                                  0.000000    0.000000   clock network delay (ideal)
                      0.150000    0.000000    0.000000 ^ _0796_/CLK (sky130_fd_sc_hd__dfrtp_2)
    14    0.029689    0.072803    0.319118    0.319118 v _0796_/Q (sky130_fd_sc_hd__dfrtp_2)
                                                         current_state[1] (net)
                      0.072803    0.000000    0.319118 v _0438_/A (sky130_fd_sc_hd__or4b_2)
     6    0.019204    0.107850    0.441517    0.760636 v _0438_/X (sky130_fd_sc_hd__or4b_2)
                                                         _0125_ (net)
                      0.107850    0.000000    0.760636 v _0439_/A (sky130_fd_sc_hd__inv_2)
    17    0.084647    0.290937    0.250647    1.011283 ^ _0439_/Y (sky130_fd_sc_hd__inv_2)
                                                         arready (net)
                      0.290937    0.000000    1.011283 ^ _0443_/A (sky130_fd_sc_hd__nor2_2)
     6    0.017469    0.084481    0.061605    1.072888 v _0443_/Y (sky130_fd_sc_hd__nor2_2)
                                                         _0129_ (net)
                      0.084481    0.000000    1.072888 v _0445_/B (sky130_fd_sc_hd__nand2_2)
     4    0.006629    0.048294    0.071461    1.144349 ^ _0445_/Y (sky130_fd_sc_hd__nand2_2)
                                                         _0131_ (net)
                      0.048294    0.000000    1.144349 ^ _0450_/B (sky130_fd_sc_hd__and2_2)
     1    0.033442    0.134827    0.165201    1.309550 ^ _0450_/X (sky130_fd_sc_hd__and2_2)
                                                         PWRITE (net)
                      0.134827    0.000000    1.309550 ^ PWRITE (out)
                                              1.309550   data arrival time

                      0.150000   20.000000   20.000000   clock clk (rise edge)
                                  0.000000   20.000000   clock network delay (ideal)
                                 -0.250000   19.750002   clock uncertainty
                                  0.000000   19.750002   clock reconvergence pessimism
                                 -4.000000   15.750001   output external delay
                                             15.750001   data required time
---------------------------------------------------------------------------------------------
                                             15.750001   data required time
                                             -1.309550   data arrival time
---------------------------------------------------------------------------------------------
                                             14.440451   slack (MET)


Startpoint: _0796_ (rising edge-triggered flip-flop clocked by clk)
Endpoint: rlast (output port clocked by clk)
Path Group: clk
Path Type: max

Fanout         Cap        Slew       Delay        Time   Description
---------------------------------------------------------------------------------------------
                      0.150000    0.000000    0.000000   clock clk (rise edge)
                                  0.000000    0.000000   clock network delay (ideal)
                      0.150000    0.000000    0.000000 ^ _0796_/CLK (sky130_fd_sc_hd__dfrtp_2)
    14    0.029689    0.072803    0.319118    0.319118 v _0796_/Q (sky130_fd_sc_hd__dfrtp_2)
                                                         current_state[1] (net)
                      0.072803    0.000000    0.319118 v _0453_/A (sky130_fd_sc_hd__or4bb_2)
    19    0.079133    0.203406    0.538350    0.857468 v _0453_/X (sky130_fd_sc_hd__or4bb_2)
                                                         _0133_ (net)
                      0.203406    0.000000    0.857468 v _0454_/A (sky130_fd_sc_hd__inv_2)
    10    0.054721    0.199210    0.222367    1.079835 ^ _0454_/Y (sky130_fd_sc_hd__inv_2)
                                                         rresp (net)
                      0.199210    0.000000    1.079835 ^ _0455_/B (sky130_fd_sc_hd__and2_2)
     1    0.033442    0.135534    0.190644    1.270479 ^ _0455_/X (sky130_fd_sc_hd__and2_2)
                                                         rlast (net)
                      0.135534    0.000000    1.270479 ^ rlast (out)
                                              1.270479   data arrival time

                      0.150000   20.000000   20.000000   clock clk (rise edge)
                                  0.000000   20.000000   clock network delay (ideal)
                                 -0.250000   19.750002   clock uncertainty
                                  0.000000   19.750002   clock reconvergence pessimism
                                 -4.000000   15.750001   output external delay
                                             15.750001   data required time
---------------------------------------------------------------------------------------------
                                             15.750001   data required time
                                             -1.270479   data arrival time
---------------------------------------------------------------------------------------------
                                             14.479522   slack (MET)


Startpoint: _0796_ (rising edge-triggered flip-flop clocked by clk)
Endpoint: rvalid (output port clocked by clk)
Path Group: clk
Path Type: max

Fanout         Cap        Slew       Delay        Time   Description
---------------------------------------------------------------------------------------------
                      0.150000    0.000000    0.000000   clock clk (rise edge)
                                  0.000000    0.000000   clock network delay (ideal)
                      0.150000    0.000000    0.000000 ^ _0796_/CLK (sky130_fd_sc_hd__dfrtp_2)
    14    0.029689    0.072803    0.319118    0.319118 v _0796_/Q (sky130_fd_sc_hd__dfrtp_2)
                                                         current_state[1] (net)
                      0.072803    0.000000    0.319118 v _0453_/A (sky130_fd_sc_hd__or4bb_2)
    19    0.079133    0.203406    0.538350    0.857468 v _0453_/X (sky130_fd_sc_hd__or4bb_2)
                                                         _0133_ (net)
                      0.203406    0.000000    0.857468 v _0454_/A (sky130_fd_sc_hd__inv_2)
    10    0.054721    0.199210    0.222367    1.079835 ^ _0454_/Y (sky130_fd_sc_hd__inv_2)
                                                         rresp (net)
                      0.199210    0.000000    1.079835 ^ _1110_/A (sky130_fd_sc_hd__buf_2)
     1    0.033442    0.127944    0.166188    1.246024 ^ _1110_/X (sky130_fd_sc_hd__buf_2)
                                                         rvalid (net)
                      0.127944    0.000000    1.246024 ^ rvalid (out)
                                              1.246024   data arrival time

                      0.150000   20.000000   20.000000   clock clk (rise edge)
                                  0.000000   20.000000   clock network delay (ideal)
                                 -0.250000   19.750002   clock uncertainty
                                  0.000000   19.750002   clock reconvergence pessimism
                                 -4.000000   15.750001   output external delay
                                             15.750001   data required time
---------------------------------------------------------------------------------------------
                                             15.750001   data required time
                                             -1.246024   data arrival time
---------------------------------------------------------------------------------------------
                                             14.503977   slack (MET)


Startpoint: _0795_ (rising edge-triggered flip-flop clocked by clk)
Endpoint: PENABLE (output port clocked by clk)
Path Group: clk
Path Type: max

Fanout         Cap        Slew       Delay        Time   Description
---------------------------------------------------------------------------------------------
                      0.150000    0.000000    0.000000   clock clk (rise edge)
                                  0.000000    0.000000   clock network delay (ideal)
                      0.150000    0.000000    0.000000 ^ _0795_/CLK (sky130_fd_sc_hd__dfrtp_2)
    15    0.033759    0.078785    0.325745    0.325745 v _0795_/Q (sky130_fd_sc_hd__dfrtp_2)
                                                         current_state[0] (net)
                      0.078785    0.000000    0.325745 v _0399_/A (sky130_fd_sc_hd__or3b_2)
     4    0.014207    0.079051    0.313953    0.639698 v _0399_/X (sky130_fd_sc_hd__or3b_2)
                                                         _0102_ (net)
                      0.079051    0.000000    0.639698 v _0400_/B (sky130_fd_sc_hd__nor2_2)
    18    0.065259    0.503675    0.394609    1.034307 ^ _0400_/Y (sky130_fd_sc_hd__nor2_2)
                                                         _0103_ (net)
                      0.503675    0.000000    1.034307 ^ _0451_/A (sky130_fd_sc_hd__or2_2)
     1    0.033442    0.138624    0.185763    1.220070 ^ _0451_/X (sky130_fd_sc_hd__or2_2)
                                                         PENABLE (net)
                      0.138624    0.000000    1.220070 ^ PENABLE (out)
                                              1.220070   data arrival time

                      0.150000   20.000000   20.000000   clock clk (rise edge)
                                  0.000000   20.000000   clock network delay (ideal)
                                 -0.250000   19.750002   clock uncertainty
                                  0.000000   19.750002   clock reconvergence pessimism
                                 -4.000000   15.750001   output external delay
                                             15.750001   data required time
---------------------------------------------------------------------------------------------
                                             15.750001   data required time
                                             -1.220070   data arrival time
---------------------------------------------------------------------------------------------
                                             14.529930   slack (MET)


Startpoint: _0796_ (rising edge-triggered flip-flop clocked by clk)
Endpoint: rresp (output port clocked by clk)
Path Group: clk
Path Type: max

Fanout         Cap        Slew       Delay        Time   Description
---------------------------------------------------------------------------------------------
                      0.150000    0.000000    0.000000   clock clk (rise edge)
                                  0.000000    0.000000   clock network delay (ideal)
                      0.150000    0.000000    0.000000 ^ _0796_/CLK (sky130_fd_sc_hd__dfrtp_2)
    14    0.029689    0.072803    0.319118    0.319118 v _0796_/Q (sky130_fd_sc_hd__dfrtp_2)
                                                         current_state[1] (net)
                      0.072803    0.000000    0.319118 v _0453_/A (sky130_fd_sc_hd__or4bb_2)
    19    0.079133    0.203406    0.538350    0.857468 v _0453_/X (sky130_fd_sc_hd__or4bb_2)
                                                         _0133_ (net)
                      0.203406    0.000000    0.857468 v _0454_/A (sky130_fd_sc_hd__inv_2)
    10    0.054721    0.199210    0.222367    1.079835 ^ _0454_/Y (sky130_fd_sc_hd__inv_2)
                                                         rresp (net)
                      0.199210    0.000000    1.079835 ^ rresp (out)
                                              1.079835   data arrival time

                      0.150000   20.000000   20.000000   clock clk (rise edge)
                                  0.000000   20.000000   clock network delay (ideal)
                                 -0.250000   19.750002   clock uncertainty
                                  0.000000   19.750002   clock reconvergence pessimism
                                 -4.000000   15.750001   output external delay
                                             15.750001   data required time
---------------------------------------------------------------------------------------------
                                             15.750001   data required time
                                             -1.079835   data arrival time
---------------------------------------------------------------------------------------------
                                             14.670165   slack (MET)


Startpoint: _0796_ (rising edge-triggered flip-flop clocked by clk)
Endpoint: arready (output port clocked by clk)
Path Group: clk
Path Type: max

Fanout         Cap        Slew       Delay        Time   Description
---------------------------------------------------------------------------------------------
                      0.150000    0.000000    0.000000   clock clk (rise edge)
                                  0.000000    0.000000   clock network delay (ideal)
                      0.150000    0.000000    0.000000 ^ _0796_/CLK (sky130_fd_sc_hd__dfrtp_2)
    14    0.029689    0.072803    0.319118    0.319118 v _0796_/Q (sky130_fd_sc_hd__dfrtp_2)
                                                         current_state[1] (net)
                      0.072803    0.000000    0.319118 v _0438_/A (sky130_fd_sc_hd__or4b_2)
     6    0.019204    0.107850    0.441517    0.760636 v _0438_/X (sky130_fd_sc_hd__or4b_2)
                                                         _0125_ (net)
                      0.107850    0.000000    0.760636 v _0439_/A (sky130_fd_sc_hd__inv_2)
    17    0.084647    0.290937    0.250647    1.011283 ^ _0439_/Y (sky130_fd_sc_hd__inv_2)
                                                         arready (net)
                      0.290937    0.000000    1.011283 ^ arready (out)
                                              1.011283   data arrival time

                      0.150000   20.000000   20.000000   clock clk (rise edge)
                                  0.000000   20.000000   clock network delay (ideal)
                                 -0.250000   19.750002   clock uncertainty
                                  0.000000   19.750002   clock reconvergence pessimism
                                 -4.000000   15.750001   output external delay
                                             15.750001   data required time
---------------------------------------------------------------------------------------------
                                             15.750001   data required time
                                             -1.011283   data arrival time
---------------------------------------------------------------------------------------------
                                             14.738717   slack (MET)


Startpoint: _0797_ (rising edge-triggered flip-flop clocked by clk)
Endpoint: wready (output port clocked by clk)
Path Group: clk
Path Type: max

Fanout         Cap        Slew       Delay        Time   Description
---------------------------------------------------------------------------------------------
                      0.150000    0.000000    0.000000   clock clk (rise edge)
                                  0.000000    0.000000   clock network delay (ideal)
                      0.150000    0.000000    0.000000 ^ _0797_/CLK (sky130_fd_sc_hd__dfrtp_2)
    11    0.019562    0.057920    0.302629    0.302629 v _0797_/Q (sky130_fd_sc_hd__dfrtp_2)
                                                         current_state[2] (net)
                      0.057920    0.000000    0.302629 v _0394_/A_N (sky130_fd_sc_hd__and2b_2)
     4    0.007325    0.040013    0.149083    0.451712 ^ _0394_/X (sky130_fd_sc_hd__and2b_2)
                                                         _0098_ (net)
                      0.040013    0.000000    0.451712 ^ _0395_/C_N (sky130_fd_sc_hd__or3b_2)
     4    0.017170    0.084339    0.291746    0.743458 v _0395_/X (sky130_fd_sc_hd__or3b_2)
                                                         _0099_ (net)
                      0.084339    0.000000    0.743458 v _0396_/A (sky130_fd_sc_hd__inv_2)
     3    0.039733    0.140682    0.136732    0.880190 ^ _0396_/Y (sky130_fd_sc_hd__inv_2)
                                                         wready (net)
                      0.140682    0.000000    0.880190 ^ wready (out)
                                              0.880190   data arrival time

                      0.150000   20.000000   20.000000   clock clk (rise edge)
                                  0.000000   20.000000   clock network delay (ideal)
                                 -0.250000   19.750002   clock uncertainty
                                  0.000000   19.750002   clock reconvergence pessimism
                                 -4.000000   15.750001   output external delay
                                             15.750001   data required time
---------------------------------------------------------------------------------------------
                                             15.750001   data required time
                                             -0.880190   data arrival time
---------------------------------------------------------------------------------------------
                                             14.869811   slack (MET)


Startpoint: _0797_ (rising edge-triggered flip-flop clocked by clk)
Endpoint: bvalid (output port clocked by clk)
Path Group: clk
Path Type: max

Fanout         Cap        Slew       Delay        Time   Description
---------------------------------------------------------------------------------------------
                      0.150000    0.000000    0.000000   clock clk (rise edge)
                                  0.000000    0.000000   clock network delay (ideal)
                      0.150000    0.000000    0.000000 ^ _0797_/CLK (sky130_fd_sc_hd__dfrtp_2)
    11    0.019562    0.057920    0.302629    0.302629 v _0797_/Q (sky130_fd_sc_hd__dfrtp_2)
                                                         current_state[2] (net)
                      0.057920    0.000000    0.302629 v _0394_/A_N (sky130_fd_sc_hd__and2b_2)
     4    0.007325    0.040013    0.149083    0.451712 ^ _0394_/X (sky130_fd_sc_hd__and2b_2)
                                                         _0098_ (net)
                      0.040013    0.000000    0.451712 ^ _0459_/B (sky130_fd_sc_hd__and3b_2)
     5    0.043473    0.169682    0.209076    0.660788 ^ _0459_/X (sky130_fd_sc_hd__and3b_2)
                                                         bresp (net)
                      0.169682    0.000000    0.660788 ^ _1109_/A (sky130_fd_sc_hd__buf_2)
     1    0.033442    0.127752    0.163138    0.823926 ^ _1109_/X (sky130_fd_sc_hd__buf_2)
                                                         bvalid (net)
                      0.127752    0.000000    0.823926 ^ bvalid (out)
                                              0.823926   data arrival time

                      0.150000   20.000000   20.000000   clock clk (rise edge)
                                  0.000000   20.000000   clock network delay (ideal)
                                 -0.250000   19.750002   clock uncertainty
                                  0.000000   19.750002   clock reconvergence pessimism
                                 -4.000000   15.750001   output external delay
                                             15.750001   data required time
---------------------------------------------------------------------------------------------
                                             15.750001   data required time
                                             -0.823926   data arrival time
---------------------------------------------------------------------------------------------
                                             14.926075   slack (MET)


Startpoint: PREADY (input port clocked by clk)
Endpoint: _1105_ (rising edge-triggered flip-flop clocked by clk)
Path Group: clk
Path Type: max

Fanout         Cap        Slew       Delay        Time   Description
---------------------------------------------------------------------------------------------
                      0.150000    0.000000    0.000000   clock clk (rise edge)
                                  0.000000    0.000000   clock network delay (ideal)
                                  4.000000    4.000000 v input external delay
     7    0.021043    0.033622    0.022139    4.022139 v PREADY (in)
                                                         PREADY (net)
                      0.033622    0.000000    4.022139 v _0773_/A1 (sky130_fd_sc_hd__a32o_2)
     1    0.001688    0.022198    0.113153    4.135292 v _0773_/X (sky130_fd_sc_hd__a32o_2)
                                                         _0372_ (net)
                      0.022198    0.000000    4.135292 v _0776_/B (sky130_fd_sc_hd__or4_2)
     5    0.010265    0.086235    0.385897    4.521189 v _0776_/X (sky130_fd_sc_hd__or4_2)
                                                         _0375_ (net)
                      0.086235    0.000000    4.521189 v _0777_/A_N (sky130_fd_sc_hd__and2b_2)
     4    0.009363    0.046453    0.165979    4.687169 ^ _0777_/X (sky130_fd_sc_hd__and2b_2)
                                                         _0376_ (net)
                      0.046453    0.000000    4.687169 ^ _0778_/A0 (sky130_fd_sc_hd__mux2_1)
     1    0.002087    0.028770    0.071930    4.759098 ^ _0778_/X (sky130_fd_sc_hd__mux2_1)
                                                         _0090_ (net)
                      0.028770    0.000000    4.759098 ^ _1105_/D (sky130_fd_sc_hd__dfrtp_2)
                                              4.759098   data arrival time

                      0.150000   20.000000   20.000000   clock clk (rise edge)
                                  0.000000   20.000000   clock network delay (ideal)
                                 -0.250000   19.750002   clock uncertainty
                                  0.000000   19.750002   clock reconvergence pessimism
                                             19.750002 ^ _1105_/CLK (sky130_fd_sc_hd__dfrtp_2)
                                 -0.031697   19.718304   library setup time
                                             19.718304   data required time
---------------------------------------------------------------------------------------------
                                             19.718304   data required time
                                             -4.759098   data arrival time
---------------------------------------------------------------------------------------------
                                             14.959206   slack (MET)


Startpoint: PREADY (input port clocked by clk)
Endpoint: _1108_ (rising edge-triggered flip-flop clocked by clk)
Path Group: clk
Path Type: max

Fanout         Cap        Slew       Delay        Time   Description
---------------------------------------------------------------------------------------------
                      0.150000    0.000000    0.000000   clock clk (rise edge)
                                  0.000000    0.000000   clock network delay (ideal)
                                  4.000000    4.000000 v input external delay
     7    0.021043    0.033622    0.022139    4.022139 v PREADY (in)
                                                         PREADY (net)
                      0.033622    0.000000    4.022139 v _0773_/A1 (sky130_fd_sc_hd__a32o_2)
     1    0.001688    0.022198    0.113153    4.135292 v _0773_/X (sky130_fd_sc_hd__a32o_2)
                                                         _0372_ (net)
                      0.022198    0.000000    4.135292 v _0776_/B (sky130_fd_sc_hd__or4_2)
     5    0.010265    0.086235    0.385897    4.521189 v _0776_/X (sky130_fd_sc_hd__or4_2)
                                                         _0375_ (net)
                      0.086235    0.000000    4.521189 v _0777_/A_N (sky130_fd_sc_hd__and2b_2)
     4    0.009363    0.046453    0.165979    4.687169 ^ _0777_/X (sky130_fd_sc_hd__and2b_2)
                                                         _0376_ (net)
                      0.046453    0.000000    4.687169 ^ _0794_/B1 (sky130_fd_sc_hd__a22o_2)
     1    0.002087    0.023423    0.066717    4.753885 ^ _0794_/X (sky130_fd_sc_hd__a22o_2)
                                                         _0093_ (net)
                      0.023423    0.000000    4.753885 ^ _1108_/D (sky130_fd_sc_hd__dfrtp_2)
                                              4.753885   data arrival time

                      0.150000   20.000000   20.000000   clock clk (rise edge)
                                  0.000000   20.000000   clock network delay (ideal)
                                 -0.250000   19.750002   clock uncertainty
                                  0.000000   19.750002   clock reconvergence pessimism
                                             19.750002 ^ _1108_/CLK (sky130_fd_sc_hd__dfrtp_2)
                                 -0.031187   19.718815   library setup time
                                             19.718815   data required time
---------------------------------------------------------------------------------------------
                                             19.718815   data required time
                                             -4.753885   data arrival time
---------------------------------------------------------------------------------------------
                                             14.964930   slack (MET)


Startpoint: PREADY (input port clocked by clk)
Endpoint: _1106_ (rising edge-triggered flip-flop clocked by clk)
Path Group: clk
Path Type: max

Fanout         Cap        Slew       Delay        Time   Description
---------------------------------------------------------------------------------------------
                      0.150000    0.000000    0.000000   clock clk (rise edge)
                                  0.000000    0.000000   clock network delay (ideal)
                                  4.000000    4.000000 v input external delay
     7    0.021043    0.033622    0.022139    4.022139 v PREADY (in)
                                                         PREADY (net)
                      0.033622    0.000000    4.022139 v _0773_/A1 (sky130_fd_sc_hd__a32o_2)
     1    0.001688    0.022198    0.113153    4.135292 v _0773_/X (sky130_fd_sc_hd__a32o_2)
                                                         _0372_ (net)
                      0.022198    0.000000    4.135292 v _0776_/B (sky130_fd_sc_hd__or4_2)
     5    0.010265    0.086235    0.385897    4.521189 v _0776_/X (sky130_fd_sc_hd__or4_2)
                                                         _0375_ (net)
                      0.086235    0.000000    4.521189 v _0777_/A_N (sky130_fd_sc_hd__and2b_2)
     4    0.009363    0.046453    0.165979    4.687169 ^ _0777_/X (sky130_fd_sc_hd__and2b_2)
                                                         _0376_ (net)
                      0.046453    0.000000    4.687169 ^ _0784_/B1 (sky130_fd_sc_hd__a22o_2)
     1    0.002087    0.023074    0.066717    4.753885 ^ _0784_/X (sky130_fd_sc_hd__a22o_2)
                                                         _0091_ (net)
                      0.023074    0.000000    4.753885 ^ _1106_/D (sky130_fd_sc_hd__dfrtp_2)
                                              4.753885   data arrival time

                      0.150000   20.000000   20.000000   clock clk (rise edge)
                                  0.000000   20.000000   clock network delay (ideal)
                                 -0.250000   19.750002   clock uncertainty
                                  0.000000   19.750002   clock reconvergence pessimism
                                             19.750002 ^ _1106_/CLK (sky130_fd_sc_hd__dfrtp_2)
                                 -0.031153   19.718847   library setup time
                                             19.718847   data required time
---------------------------------------------------------------------------------------------
                                             19.718847   data required time
                                             -4.753885   data arrival time
---------------------------------------------------------------------------------------------
                                             14.964961   slack (MET)


Startpoint: PREADY (input port clocked by clk)
Endpoint: _1107_ (rising edge-triggered flip-flop clocked by clk)
Path Group: clk
Path Type: max

Fanout         Cap        Slew       Delay        Time   Description
---------------------------------------------------------------------------------------------
                      0.150000    0.000000    0.000000   clock clk (rise edge)
                                  0.000000    0.000000   clock network delay (ideal)
                                  4.000000    4.000000 v input external delay
     7    0.021043    0.033622    0.022139    4.022139 v PREADY (in)
                                                         PREADY (net)
                      0.033622    0.000000    4.022139 v _0773_/A1 (sky130_fd_sc_hd__a32o_2)
     1    0.001688    0.022198    0.113153    4.135292 v _0773_/X (sky130_fd_sc_hd__a32o_2)
                                                         _0372_ (net)
                      0.022198    0.000000    4.135292 v _0776_/B (sky130_fd_sc_hd__or4_2)
     5    0.010265    0.086235    0.385897    4.521189 v _0776_/X (sky130_fd_sc_hd__or4_2)
                                                         _0375_ (net)
                      0.086235    0.000000    4.521189 v _0777_/A_N (sky130_fd_sc_hd__and2b_2)
     4    0.009363    0.046453    0.165979    4.687169 ^ _0777_/X (sky130_fd_sc_hd__and2b_2)
                                                         _0376_ (net)
                      0.046453    0.000000    4.687169 ^ _0790_/B1 (sky130_fd_sc_hd__a22o_2)
     1    0.002087    0.023208    0.066717    4.753885 ^ _0790_/X (sky130_fd_sc_hd__a22o_2)
                                                         _0092_ (net)
                      0.023208    0.000000    4.753885 ^ _1107_/D (sky130_fd_sc_hd__dfrtp_2)
                                              4.753885   data arrival time

                      0.150000   20.000000   20.000000   clock clk (rise edge)
                                  0.000000   20.000000   clock network delay (ideal)
                                 -0.250000   19.750002   clock uncertainty
                                  0.000000   19.750002   clock reconvergence pessimism
                                             19.750002 ^ _1107_/CLK (sky130_fd_sc_hd__dfrtp_2)
                                 -0.031166   19.718836   library setup time
                                             19.718836   data required time
---------------------------------------------------------------------------------------------
                                             19.718836   data required time
                                             -4.753885   data arrival time
---------------------------------------------------------------------------------------------
                                             14.964951   slack (MET)


Startpoint: awvalid (input port clocked by clk)
Endpoint: _1103_ (rising edge-triggered flip-flop clocked by clk)
Path Group: clk
Path Type: max

Fanout         Cap        Slew       Delay        Time   Description
---------------------------------------------------------------------------------------------
                      0.150000    0.000000    0.000000   clock clk (rise edge)
                                  0.000000    0.000000   clock network delay (ideal)
                                  4.000000    4.000000 ^ input external delay
     2    0.009233    0.036852    0.023173    4.023173 ^ awvalid (in)
                                                         awvalid (net)
                      0.036852    0.000000    4.023173 ^ _0392_/A (sky130_fd_sc_hd__inv_2)
     2    0.003361    0.012959    0.015576    4.038749 v _0392_/Y (sky130_fd_sc_hd__inv_2)
                                                         _0096_ (net)
                      0.012959    0.000000    4.038749 v _0712_/A2_N (sky130_fd_sc_hd__o2bb2a_2)
     2    0.004934    0.034674    0.123989    4.162738 ^ _0712_/X (sky130_fd_sc_hd__o2bb2a_2)
                                                         _0322_ (net)
                      0.034674    0.000000    4.162738 ^ _0715_/B1 (sky130_fd_sc_hd__o211a_2)
     6    0.017539    0.089542    0.126926    4.289664 ^ _0715_/X (sky130_fd_sc_hd__o211a_2)
                                                         _0325_ (net)
                      0.089542    0.000000    4.289664 ^ _0761_/B1 (sky130_fd_sc_hd__o41a_2)
     5    0.015061    0.066445    0.095821    4.385486 ^ _0761_/X (sky130_fd_sc_hd__o41a_2)
                                                         _0363_ (net)
                      0.066445    0.000000    4.385486 ^ _0767_/A1_N (sky130_fd_sc_hd__o2bb2a_2)
     1    0.002337    0.029985    0.125294    4.510779 v _0767_/X (sky130_fd_sc_hd__o2bb2a_2)
                                                         _0368_ (net)
                      0.029985    0.000000    4.510779 v _0769_/B1 (sky130_fd_sc_hd__o22a_2)
     1    0.002059    0.024272    0.112302    4.623082 v _0769_/X (sky130_fd_sc_hd__o22a_2)
                                                         _0088_ (net)
                      0.024272    0.000000    4.623082 v _1103_/D (sky130_fd_sc_hd__dfrtp_2)
                                              4.623082   data arrival time

                      0.150000   20.000000   20.000000   clock clk (rise edge)
                                  0.000000   20.000000   clock network delay (ideal)
                                 -0.250000   19.750002   clock uncertainty
                                  0.000000   19.750002   clock reconvergence pessimism
                                             19.750002 ^ _1103_/CLK (sky130_fd_sc_hd__dfrtp_2)
                                 -0.059564   19.690437   library setup time
                                             19.690437   data required time
---------------------------------------------------------------------------------------------
                                             19.690437   data required time
                                             -4.623082   data arrival time
---------------------------------------------------------------------------------------------
                                             15.067354   slack (MET)


Startpoint: wlast (input port clocked by clk)
Endpoint: _0798_ (rising edge-triggered flip-flop clocked by clk)
Path Group: clk
Path Type: max

Fanout         Cap        Slew       Delay        Time   Description
---------------------------------------------------------------------------------------------
                      0.150000    0.000000    0.000000   clock clk (rise edge)
                                  0.000000    0.000000   clock network delay (ideal)
                                  4.000000    4.000000 v input external delay
     2    0.005664    0.009368    0.004973    4.004973 v wlast (in)
                                                         wlast (net)
                      0.009368    0.000000    4.004973 v _0699_/A (sky130_fd_sc_hd__or4_2)
     1    0.002260    0.063393    0.362579    4.367552 v _0699_/X (sky130_fd_sc_hd__or4_2)
                                                         _0312_ (net)
                      0.063393    0.000000    4.367552 v _0710_/A3 (sky130_fd_sc_hd__a31o_2)
     1    0.002289    0.026928    0.158837    4.526389 v _0710_/X (sky130_fd_sc_hd__a31o_2)
                                                         _0321_ (net)
                      0.026928    0.000000    4.526389 v _0711_/B1 (sky130_fd_sc_hd__a21o_2)
     1    0.002059    0.023341    0.076510    4.602899 v _0711_/X (sky130_fd_sc_hd__a21o_2)
                                                         _0078_ (net)
                      0.023341    0.000000    4.602899 v _0798_/D (sky130_fd_sc_hd__dfrtp_2)
                                              4.602899   data arrival time

                      0.150000   20.000000   20.000000   clock clk (rise edge)
                                  0.000000   20.000000   clock network delay (ideal)
                                 -0.250000   19.750002   clock uncertainty
                                  0.000000   19.750002   clock reconvergence pessimism
                                             19.750002 ^ _0798_/CLK (sky130_fd_sc_hd__dfrtp_2)
                                 -0.059233   19.690769   library setup time
                                             19.690769   data required time
---------------------------------------------------------------------------------------------
                                             19.690769   data required time
                                             -4.602899   data arrival time
---------------------------------------------------------------------------------------------
                                             15.087871   slack (MET)


Startpoint: _0797_ (rising edge-triggered flip-flop clocked by clk)
Endpoint: bresp (output port clocked by clk)
Path Group: clk
Path Type: max

Fanout         Cap        Slew       Delay        Time   Description
---------------------------------------------------------------------------------------------
                      0.150000    0.000000    0.000000   clock clk (rise edge)
                                  0.000000    0.000000   clock network delay (ideal)
                      0.150000    0.000000    0.000000 ^ _0797_/CLK (sky130_fd_sc_hd__dfrtp_2)
    11    0.019562    0.057920    0.302629    0.302629 v _0797_/Q (sky130_fd_sc_hd__dfrtp_2)
                                                         current_state[2] (net)
                      0.057920    0.000000    0.302629 v _0394_/A_N (sky130_fd_sc_hd__and2b_2)
     4    0.007325    0.040013    0.149083    0.451712 ^ _0394_/X (sky130_fd_sc_hd__and2b_2)
                                                         _0098_ (net)
                      0.040013    0.000000    0.451712 ^ _0459_/B (sky130_fd_sc_hd__and3b_2)
     5    0.043473    0.169682    0.209076    0.660788 ^ _0459_/X (sky130_fd_sc_hd__and3b_2)
                                                         bresp (net)
                      0.169682    0.000000    0.660788 ^ bresp (out)
                                              0.660788   data arrival time

                      0.150000   20.000000   20.000000   clock clk (rise edge)
                                  0.000000   20.000000   clock network delay (ideal)
                                 -0.250000   19.750002   clock uncertainty
                                  0.000000   19.750002   clock reconvergence pessimism
                                 -4.000000   15.750001   output external delay
                                             15.750001   data required time
---------------------------------------------------------------------------------------------
                                             15.750001   data required time
                                             -0.660788   data arrival time
---------------------------------------------------------------------------------------------
                                             15.089212   slack (MET)


Startpoint: arvalid (input port clocked by clk)
Endpoint: _0796_ (rising edge-triggered flip-flop clocked by clk)
Path Group: clk
Path Type: max

Fanout         Cap        Slew       Delay        Time   Description
---------------------------------------------------------------------------------------------
                      0.150000    0.000000    0.000000   clock clk (rise edge)
                                  0.000000    0.000000   clock network delay (ideal)
                                  4.000000    4.000000 ^ input external delay
     5    0.014497    0.054741    0.035919    4.035919 ^ arvalid (in)
                                                         arvalid (net)
                      0.054741    0.000000    4.035919 ^ _0700_/A (sky130_fd_sc_hd__or3_2)
     1    0.002497    0.020325    0.072494    4.108412 ^ _0700_/X (sky130_fd_sc_hd__or3_2)
                                                         _0313_ (net)
                      0.020325    0.000000    4.108412 ^ _0701_/C1 (sky130_fd_sc_hd__o311a_2)
     1    0.004705    0.034184    0.070977    4.179389 ^ _0701_/X (sky130_fd_sc_hd__o311a_2)
                                                         _0314_ (net)
                      0.034184    0.000000    4.179389 ^ _0702_/B1 (sky130_fd_sc_hd__o31ai_2)
     2    0.002924    0.061068    0.019889    4.199278 v _0702_/Y (sky130_fd_sc_hd__o31ai_2)
                                                         _0315_ (net)
                      0.061068    0.000000    4.199278 v _0707_/A (sky130_fd_sc_hd__or4b_2)
     1    0.002059    0.063211    0.374885    4.574163 v _0707_/X (sky130_fd_sc_hd__or4b_2)
                                                         _0076_ (net)
                      0.063211    0.000000    4.574163 v _0796_/D (sky130_fd_sc_hd__dfrtp_2)
                                              4.574163   data arrival time

                      0.150000   20.000000   20.000000   clock clk (rise edge)
                                  0.000000   20.000000   clock network delay (ideal)
                                 -0.250000   19.750002   clock uncertainty
                                  0.000000   19.750002   clock reconvergence pessimism
                                             19.750002 ^ _0796_/CLK (sky130_fd_sc_hd__dfrtp_2)
                                 -0.073400   19.676601   library setup time
                                             19.676601   data required time
---------------------------------------------------------------------------------------------
                                             19.676601   data required time
                                             -4.574163   data arrival time
---------------------------------------------------------------------------------------------
                                             15.102437   slack (MET)


Startpoint: awlen[0] (input port clocked by clk)
Endpoint: _0801_ (rising edge-triggered flip-flop clocked by clk)
Path Group: clk
Path Type: max

Fanout         Cap        Slew       Delay        Time   Description
---------------------------------------------------------------------------------------------
                      0.150000    0.000000    0.000000   clock clk (rise edge)
                                  0.000000    0.000000   clock network delay (ideal)
                                  4.000000    4.000000 ^ input external delay
     5    0.025678    0.092011    0.061914    4.061913 ^ awlen[0] (in)
                                                         awlen[0] (net)
                      0.092011    0.000000    4.061913 ^ _0725_/A (sky130_fd_sc_hd__and3_2)
     2    0.009982    0.053064    0.128562    4.190475 ^ _0725_/X (sky130_fd_sc_hd__and3_2)
                                                         _0333_ (net)
                      0.053064    0.000000    4.190475 ^ _0726_/B (sky130_fd_sc_hd__or2_2)
     2    0.007059    0.036763    0.080093    4.270568 ^ _0726_/X (sky130_fd_sc_hd__or2_2)
                                                         _0334_ (net)
                      0.036763    0.000000    4.270568 ^ _0727_/A (sky130_fd_sc_hd__inv_2)
     1    0.002231    0.011336    0.013286    4.283854 v _0727_/Y (sky130_fd_sc_hd__inv_2)
                                                         _0335_ (net)
                      0.011336    0.000000    4.283854 v _0730_/B2 (sky130_fd_sc_hd__a221o_2)
     1    0.001896    0.029685    0.156657    4.440512 v _0730_/X (sky130_fd_sc_hd__a221o_2)
                                                         _0338_ (net)
                      0.029685    0.000000    4.440512 v _0731_/A1 (sky130_fd_sc_hd__mux2_1)
     1    0.002059    0.035947    0.141459    4.581971 v _0731_/X (sky130_fd_sc_hd__mux2_1)
                                                         _0081_ (net)
                      0.035947    0.000000    4.581971 v _0801_/D (sky130_fd_sc_hd__dfrtp_2)
                                              4.581971   data arrival time

                      0.150000   20.000000   20.000000   clock clk (rise edge)
                                  0.000000   20.000000   clock network delay (ideal)
                                 -0.250000   19.750002   clock uncertainty
                                  0.000000   19.750002   clock reconvergence pessimism
                                             19.750002 ^ _0801_/CLK (sky130_fd_sc_hd__dfrtp_2)
                                 -0.063713   19.686289   library setup time
                                             19.686289   data required time
---------------------------------------------------------------------------------------------
                                             19.686289   data required time
                                             -4.581971   data arrival time
---------------------------------------------------------------------------------------------
                                             15.104319   slack (MET)


Startpoint: _0795_ (rising edge-triggered flip-flop clocked by clk)
Endpoint: awready (output port clocked by clk)
Path Group: clk
Path Type: max

Fanout         Cap        Slew       Delay        Time   Description
---------------------------------------------------------------------------------------------
                      0.150000    0.000000    0.000000   clock clk (rise edge)
                                  0.000000    0.000000   clock network delay (ideal)
                      0.150000    0.000000    0.000000 ^ _0795_/CLK (sky130_fd_sc_hd__dfrtp_2)
    15    0.033759    0.078785    0.325745    0.325745 v _0795_/Q (sky130_fd_sc_hd__dfrtp_2)
                                                         current_state[0] (net)
                      0.078785    0.000000    0.325745 v _0676_/A_N (sky130_fd_sc_hd__and4bb_2)
     5    0.044810    0.202966    0.315396    0.641141 ^ _0676_/X (sky130_fd_sc_hd__and4bb_2)
                                                         awready (net)
                      0.202966    0.000000    0.641141 ^ awready (out)
                                              0.641141   data arrival time

                      0.150000   20.000000   20.000000   clock clk (rise edge)
                                  0.000000   20.000000   clock network delay (ideal)
                                 -0.250000   19.750002   clock uncertainty
                                  0.000000   19.750002   clock reconvergence pessimism
                                 -4.000000   15.750001   output external delay
                                             15.750001   data required time
---------------------------------------------------------------------------------------------
                                             15.750001   data required time
                                             -0.641141   data arrival time
---------------------------------------------------------------------------------------------
                                             15.108860   slack (MET)


Startpoint: awvalid (input port clocked by clk)
Endpoint: _1102_ (rising edge-triggered flip-flop clocked by clk)
Path Group: clk
Path Type: max

Fanout         Cap        Slew       Delay        Time   Description
---------------------------------------------------------------------------------------------
                      0.150000    0.000000    0.000000   clock clk (rise edge)
                                  0.000000    0.000000   clock network delay (ideal)
                                  4.000000    4.000000 ^ input external delay
     2    0.009233    0.036852    0.023173    4.023173 ^ awvalid (in)
                                                         awvalid (net)
                      0.036852    0.000000    4.023173 ^ _0392_/A (sky130_fd_sc_hd__inv_2)
     2    0.003361    0.012959    0.015576    4.038749 v _0392_/Y (sky130_fd_sc_hd__inv_2)
                                                         _0096_ (net)
                      0.012959    0.000000    4.038749 v _0712_/A2_N (sky130_fd_sc_hd__o2bb2a_2)
     2    0.004934    0.034674    0.123989    4.162738 ^ _0712_/X (sky130_fd_sc_hd__o2bb2a_2)
                                                         _0322_ (net)
                      0.034674    0.000000    4.162738 ^ _0715_/B1 (sky130_fd_sc_hd__o211a_2)
     6    0.017539    0.089542    0.126926    4.289664 ^ _0715_/X (sky130_fd_sc_hd__o211a_2)
                                                         _0325_ (net)
                      0.089542    0.000000    4.289664 ^ _0761_/B1 (sky130_fd_sc_hd__o41a_2)
     5    0.015061    0.066445    0.095821    4.385486 ^ _0761_/X (sky130_fd_sc_hd__o41a_2)
                                                         _0363_ (net)
                      0.066445    0.000000    4.385486 ^ _0764_/S (sky130_fd_sc_hd__mux2_1)
     1    0.002059    0.035915    0.182122    4.567608 v _0764_/X (sky130_fd_sc_hd__mux2_1)
                                                         _0087_ (net)
                      0.035915    0.000000    4.567608 v _1102_/D (sky130_fd_sc_hd__dfrtp_2)
                                              4.567608   data arrival time

                      0.150000   20.000000   20.000000   clock clk (rise edge)
                                  0.000000   20.000000   clock network delay (ideal)
                                 -0.250000   19.750002   clock uncertainty
                                  0.000000   19.750002   clock reconvergence pessimism
                                             19.750002 ^ _1102_/CLK (sky130_fd_sc_hd__dfrtp_2)
                                 -0.063701   19.686300   library setup time
                                             19.686300   data required time
---------------------------------------------------------------------------------------------
                                             19.686300   data required time
                                             -4.567608   data arrival time
---------------------------------------------------------------------------------------------
                                             15.118690   slack (MET)


Startpoint: arvalid (input port clocked by clk)
Endpoint: _0797_ (rising edge-triggered flip-flop clocked by clk)
Path Group: clk
Path Type: max

Fanout         Cap        Slew       Delay        Time   Description
---------------------------------------------------------------------------------------------
                      0.150000    0.000000    0.000000   clock clk (rise edge)
                                  0.000000    0.000000   clock network delay (ideal)
                                  4.000000    4.000000 ^ input external delay
     5    0.014497    0.054741    0.035919    4.035919 ^ arvalid (in)
                                                         arvalid (net)
                      0.054741    0.000000    4.035919 ^ _0700_/A (sky130_fd_sc_hd__or3_2)
     1    0.002497    0.020325    0.072494    4.108412 ^ _0700_/X (sky130_fd_sc_hd__or3_2)
                                                         _0313_ (net)
                      0.020325    0.000000    4.108412 ^ _0701_/C1 (sky130_fd_sc_hd__o311a_2)
     1    0.004705    0.034184    0.070977    4.179389 ^ _0701_/X (sky130_fd_sc_hd__o311a_2)
                                                         _0314_ (net)
                      0.034184    0.000000    4.179389 ^ _0702_/B1 (sky130_fd_sc_hd__o31ai_2)
     2    0.002924    0.061068    0.019889    4.199278 v _0702_/Y (sky130_fd_sc_hd__o31ai_2)
                                                         _0315_ (net)
                      0.061068    0.000000    4.199278 v _0709_/B (sky130_fd_sc_hd__or4b_2)
     1    0.002059    0.063405    0.355734    4.555012 v _0709_/X (sky130_fd_sc_hd__or4b_2)
                                                         _0077_ (net)
                      0.063405    0.000000    4.555012 v _0797_/D (sky130_fd_sc_hd__dfrtp_2)
                                              4.555012   data arrival time

                      0.150000   20.000000   20.000000   clock clk (rise edge)
                                  0.000000   20.000000   clock network delay (ideal)
                                 -0.250000   19.750002   clock uncertainty
                                  0.000000   19.750002   clock reconvergence pessimism
                                             19.750002 ^ _0797_/CLK (sky130_fd_sc_hd__dfrtp_2)
                                 -0.073470   19.676531   library setup time
                                             19.676531   data required time
---------------------------------------------------------------------------------------------
                                             19.676531   data required time
                                             -4.555012   data arrival time
---------------------------------------------------------------------------------------------
                                             15.121519   slack (MET)


Startpoint: awvalid (input port clocked by clk)
Endpoint: _1104_ (rising edge-triggered flip-flop clocked by clk)
Path Group: clk
Path Type: max

Fanout         Cap        Slew       Delay        Time   Description
---------------------------------------------------------------------------------------------
                      0.150000    0.000000    0.000000   clock clk (rise edge)
                                  0.000000    0.000000   clock network delay (ideal)
                                  4.000000    4.000000 ^ input external delay
     2    0.009233    0.036852    0.023173    4.023173 ^ awvalid (in)
                                                         awvalid (net)
                      0.036852    0.000000    4.023173 ^ _0392_/A (sky130_fd_sc_hd__inv_2)
     2    0.003361    0.012959    0.015576    4.038749 v _0392_/Y (sky130_fd_sc_hd__inv_2)
                                                         _0096_ (net)
                      0.012959    0.000000    4.038749 v _0712_/A2_N (sky130_fd_sc_hd__o2bb2a_2)
     2    0.004934    0.034674    0.123989    4.162738 ^ _0712_/X (sky130_fd_sc_hd__o2bb2a_2)
                                                         _0322_ (net)
                      0.034674    0.000000    4.162738 ^ _0715_/B1 (sky130_fd_sc_hd__o211a_2)
     6    0.017539    0.089542    0.126926    4.289664 ^ _0715_/X (sky130_fd_sc_hd__o211a_2)
                                                         _0325_ (net)
                      0.089542    0.000000    4.289664 ^ _0761_/B1 (sky130_fd_sc_hd__o41a_2)
     5    0.015061    0.066445    0.095821    4.385486 ^ _0761_/X (sky130_fd_sc_hd__o41a_2)
                                                         _0363_ (net)
                      0.066445    0.000000    4.385486 ^ _0766_/A (sky130_fd_sc_hd__nand2_2)
     1    0.002260    0.022018    0.021935    4.407420 v _0766_/Y (sky130_fd_sc_hd__nand2_2)
                                                         _0367_ (net)
                      0.022018    0.000000    4.407420 v _0772_/A2 (sky130_fd_sc_hd__a22o_2)
     1    0.002059    0.022572    0.119967    4.527387 v _0772_/X (sky130_fd_sc_hd__a22o_2)
                                                         _0089_ (net)
                      0.022572    0.000000    4.527387 v _1104_/D (sky130_fd_sc_hd__dfrtp_2)
                                              4.527387   data arrival time

                      0.150000   20.000000   20.000000   clock clk (rise edge)
                                  0.000000   20.000000   clock network delay (ideal)
                                 -0.250000   19.750002   clock uncertainty
                                  0.000000   19.750002   clock reconvergence pessimism
                                             19.750002 ^ _1104_/CLK (sky130_fd_sc_hd__dfrtp_2)
                                 -0.058960   19.691042   library setup time
                                             19.691042   data required time
---------------------------------------------------------------------------------------------
                                             19.691042   data required time
                                             -4.527387   data arrival time
---------------------------------------------------------------------------------------------
                                             15.163655   slack (MET)


Startpoint: awvalid (input port clocked by clk)
Endpoint: _0802_ (rising edge-triggered flip-flop clocked by clk)
Path Group: clk
Path Type: max

Fanout         Cap        Slew       Delay        Time   Description
---------------------------------------------------------------------------------------------
                      0.150000    0.000000    0.000000   clock clk (rise edge)
                                  0.000000    0.000000   clock network delay (ideal)
                                  4.000000    4.000000 ^ input external delay
     2    0.009233    0.036852    0.023173    4.023173 ^ awvalid (in)
                                                         awvalid (net)
                      0.036852    0.000000    4.023173 ^ _0392_/A (sky130_fd_sc_hd__inv_2)
     2    0.003361    0.012959    0.015576    4.038749 v _0392_/Y (sky130_fd_sc_hd__inv_2)
                                                         _0096_ (net)
                      0.012959    0.000000    4.038749 v _0712_/A2_N (sky130_fd_sc_hd__o2bb2a_2)
     2    0.004934    0.034674    0.123989    4.162738 ^ _0712_/X (sky130_fd_sc_hd__o2bb2a_2)
                                                         _0322_ (net)
                      0.034674    0.000000    4.162738 ^ _0715_/B1 (sky130_fd_sc_hd__o211a_2)
     6    0.017539    0.089542    0.126926    4.289664 ^ _0715_/X (sky130_fd_sc_hd__o211a_2)
                                                         _0325_ (net)
                      0.089542    0.000000    4.289664 ^ _0732_/B1_N (sky130_fd_sc_hd__a21bo_2)
     1    0.002260    0.024586    0.106626    4.396291 v _0732_/X (sky130_fd_sc_hd__a21bo_2)
                                                         _0339_ (net)
                      0.024586    0.000000    4.396291 v _0735_/A2 (sky130_fd_sc_hd__a22o_2)
     1    0.002059    0.022572    0.120955    4.517246 v _0735_/X (sky130_fd_sc_hd__a22o_2)
                                                         _0082_ (net)
                      0.022572    0.000000    4.517246 v _0802_/D (sky130_fd_sc_hd__dfrtp_2)
                                              4.517246   data arrival time

                      0.150000   20.000000   20.000000   clock clk (rise edge)
                                  0.000000   20.000000   clock network delay (ideal)
                                 -0.250000   19.750002   clock uncertainty
                                  0.000000   19.750002   clock reconvergence pessimism
                                             19.750002 ^ _0802_/CLK (sky130_fd_sc_hd__dfrtp_2)
                                 -0.058960   19.691042   library setup time
                                             19.691042   data required time
---------------------------------------------------------------------------------------------
                                             19.691042   data required time
                                             -4.517246   data arrival time
---------------------------------------------------------------------------------------------
                                             15.173797   slack (MET)


Startpoint: awlen[0] (input port clocked by clk)
Endpoint: _1100_ (rising edge-triggered flip-flop clocked by clk)
Path Group: clk
Path Type: max

Fanout         Cap        Slew       Delay        Time   Description
---------------------------------------------------------------------------------------------
                      0.150000    0.000000    0.000000   clock clk (rise edge)
                                  0.000000    0.000000   clock network delay (ideal)
                                  4.000000    4.000000 v input external delay
     5    0.023535    0.037354    0.024898    4.024899 v awlen[0] (in)
                                                         awlen[0] (net)
                      0.037354    0.000000    4.024899 v _0725_/A (sky130_fd_sc_hd__and3_2)
     2    0.009397    0.040533    0.121923    4.146821 v _0725_/X (sky130_fd_sc_hd__and3_2)
                                                         _0333_ (net)
                      0.040533    0.000000    4.146821 v _0726_/B (sky130_fd_sc_hd__or2_2)
     2    0.006512    0.045345    0.169747    4.316568 v _0726_/X (sky130_fd_sc_hd__or2_2)
                                                         _0334_ (net)
                      0.045345    0.000000    4.316568 v _0752_/B1 (sky130_fd_sc_hd__o32a_2)
     1    0.004267    0.041453    0.120188    4.436757 v _0752_/X (sky130_fd_sc_hd__o32a_2)
                                                         _0356_ (net)
                      0.041453    0.000000    4.436757 v _0753_/B1 (sky130_fd_sc_hd__o21ai_2)
     1    0.002556    0.061299    0.036064    4.472821 ^ _0753_/Y (sky130_fd_sc_hd__o21ai_2)
                                                         _0357_ (net)
                      0.061299    0.000000    4.472821 ^ _0754_/B1 (sky130_fd_sc_hd__a22o_2)
     1    0.002087    0.020614    0.070020    4.542841 ^ _0754_/X (sky130_fd_sc_hd__a22o_2)
                                                         _0085_ (net)
                      0.020614    0.000000    4.542841 ^ _1100_/D (sky130_fd_sc_hd__dfrtp_2)
                                              4.542841   data arrival time

                      0.150000   20.000000   20.000000   clock clk (rise edge)
                                  0.000000   20.000000   clock network delay (ideal)
                                 -0.250000   19.750002   clock uncertainty
                                  0.000000   19.750002   clock reconvergence pessimism
                                             19.750002 ^ _1100_/CLK (sky130_fd_sc_hd__dfrtp_2)
                                 -0.030918   19.719084   library setup time
                                             19.719084   data required time
---------------------------------------------------------------------------------------------
                                             19.719084   data required time
                                             -4.542841   data arrival time
---------------------------------------------------------------------------------------------
                                             15.176243   slack (MET)


Startpoint: awvalid (input port clocked by clk)
Endpoint: _1099_ (rising edge-triggered flip-flop clocked by clk)
Path Group: clk
Path Type: max

Fanout         Cap        Slew       Delay        Time   Description
---------------------------------------------------------------------------------------------
                      0.150000    0.000000    0.000000   clock clk (rise edge)
                                  0.000000    0.000000   clock network delay (ideal)
                                  4.000000    4.000000 ^ input external delay
     2    0.009233    0.036852    0.023173    4.023173 ^ awvalid (in)
                                                         awvalid (net)
                      0.036852    0.000000    4.023173 ^ _0392_/A (sky130_fd_sc_hd__inv_2)
     2    0.003361    0.012959    0.015576    4.038749 v _0392_/Y (sky130_fd_sc_hd__inv_2)
                                                         _0096_ (net)
                      0.012959    0.000000    4.038749 v _0712_/A2_N (sky130_fd_sc_hd__o2bb2a_2)
     2    0.004934    0.034674    0.123989    4.162738 ^ _0712_/X (sky130_fd_sc_hd__o2bb2a_2)
                                                         _0322_ (net)
                      0.034674    0.000000    4.162738 ^ _0740_/C1 (sky130_fd_sc_hd__o221a_2)
     7    0.018734    0.089273    0.117866    4.280603 ^ _0740_/X (sky130_fd_sc_hd__o221a_2)
                                                         _0346_ (net)
                      0.089273    0.000000    4.280603 ^ _0741_/B1_N (sky130_fd_sc_hd__a21bo_2)
     1    0.002260    0.024594    0.106593    4.387197 v _0741_/X (sky130_fd_sc_hd__a21bo_2)
                                                         _0347_ (net)
                      0.024594    0.000000    4.387197 v _0749_/A2 (sky130_fd_sc_hd__a22o_2)
     1    0.002059    0.022572    0.120958    4.508155 v _0749_/X (sky130_fd_sc_hd__a22o_2)
                                                         _0084_ (net)
                      0.022572    0.000000    4.508155 v _1099_/D (sky130_fd_sc_hd__dfrtp_2)
                                              4.508155   data arrival time

                      0.150000   20.000000   20.000000   clock clk (rise edge)
                                  0.000000   20.000000   clock network delay (ideal)
                                 -0.250000   19.750002   clock uncertainty
                                  0.000000   19.750002   clock reconvergence pessimism
                                             19.750002 ^ _1099_/CLK (sky130_fd_sc_hd__dfrtp_2)
                                 -0.058960   19.691042   library setup time
                                             19.691042   data required time
---------------------------------------------------------------------------------------------
                                             19.691042   data required time
                                             -4.508155   data arrival time
---------------------------------------------------------------------------------------------
                                             15.182886   slack (MET)


Startpoint: awvalid (input port clocked by clk)
Endpoint: _1101_ (rising edge-triggered flip-flop clocked by clk)
Path Group: clk
Path Type: max

Fanout         Cap        Slew       Delay        Time   Description
---------------------------------------------------------------------------------------------
                      0.150000    0.000000    0.000000   clock clk (rise edge)
                                  0.000000    0.000000   clock network delay (ideal)
                                  4.000000    4.000000 ^ input external delay
     2    0.009233    0.036852    0.023173    4.023173 ^ awvalid (in)
                                                         awvalid (net)
                      0.036852    0.000000    4.023173 ^ _0392_/A (sky130_fd_sc_hd__inv_2)
     2    0.003361    0.012959    0.015576    4.038749 v _0392_/Y (sky130_fd_sc_hd__inv_2)
                                                         _0096_ (net)
                      0.012959    0.000000    4.038749 v _0712_/A2_N (sky130_fd_sc_hd__o2bb2a_2)
     2    0.004934    0.034674    0.123989    4.162738 ^ _0712_/X (sky130_fd_sc_hd__o2bb2a_2)
                                                         _0322_ (net)
                      0.034674    0.000000    4.162738 ^ _0740_/C1 (sky130_fd_sc_hd__o221a_2)
     7    0.018734    0.089273    0.117866    4.280603 ^ _0740_/X (sky130_fd_sc_hd__o221a_2)
                                                         _0346_ (net)
                      0.089273    0.000000    4.280603 ^ _0755_/B1_N (sky130_fd_sc_hd__a21bo_2)
     1    0.002260    0.024594    0.106593    4.387197 v _0755_/X (sky130_fd_sc_hd__a21bo_2)
                                                         _0358_ (net)
                      0.024594    0.000000    4.387197 v _0759_/A2 (sky130_fd_sc_hd__a22o_2)
     1    0.002059    0.022572    0.120958    4.508155 v _0759_/X (sky130_fd_sc_hd__a22o_2)
                                                         _0086_ (net)
                      0.022572    0.000000    4.508155 v _1101_/D (sky130_fd_sc_hd__dfrtp_2)
                                              4.508155   data arrival time

                      0.150000   20.000000   20.000000   clock clk (rise edge)
                                  0.000000   20.000000   clock network delay (ideal)
                                 -0.250000   19.750002   clock uncertainty
                                  0.000000   19.750002   clock reconvergence pessimism
                                             19.750002 ^ _1101_/CLK (sky130_fd_sc_hd__dfrtp_2)
                                 -0.058960   19.691042   library setup time
                                             19.691042   data required time
---------------------------------------------------------------------------------------------
                                             19.691042   data required time
                                             -4.508155   data arrival time
---------------------------------------------------------------------------------------------
                                             15.182886   slack (MET)


Startpoint: bready (input port clocked by clk)
Endpoint: _0795_ (rising edge-triggered flip-flop clocked by clk)
Path Group: clk
Path Type: max

Fanout         Cap        Slew       Delay        Time   Description
---------------------------------------------------------------------------------------------
                      0.150000    0.000000    0.000000   clock clk (rise edge)
                                  0.000000    0.000000   clock network delay (ideal)
                                  4.000000    4.000000 ^ input external delay
     2    0.009162    0.036611    0.023001    4.023001 ^ bready (in)
                                                         bready (net)
                      0.036611    0.000000    4.023001 ^ _0691_/A (sky130_fd_sc_hd__nand2_2)
     1    0.001548    0.028988    0.018615    4.041616 v _0691_/Y (sky130_fd_sc_hd__nand2_2)
                                                         _0305_ (net)
                      0.028988    0.000000    4.041616 v _0692_/C (sky130_fd_sc_hd__and3_2)
     1    0.001469    0.024816    0.119941    4.161558 v _0692_/X (sky130_fd_sc_hd__and3_2)
                                                         _0306_ (net)
                      0.024816    0.000000    4.161558 v _0697_/A (sky130_fd_sc_hd__or3b_2)
     1    0.002268    0.049132    0.256524    4.418081 v _0697_/X (sky130_fd_sc_hd__or3b_2)
                                                         _0311_ (net)
                      0.049132    0.000000    4.418081 v _0698_/B1 (sky130_fd_sc_hd__a31o_2)
     1    0.002059    0.026347    0.082311    4.500392 v _0698_/X (sky130_fd_sc_hd__a31o_2)
                                                         _0075_ (net)
                      0.026347    0.000000    4.500392 v _0795_/D (sky130_fd_sc_hd__dfrtp_2)
                                              4.500392   data arrival time

                      0.150000   20.000000   20.000000   clock clk (rise edge)
                                  0.000000   20.000000   clock network delay (ideal)
                                 -0.250000   19.750002   clock uncertainty
                                  0.000000   19.750002   clock reconvergence pessimism
                                             19.750002 ^ _0795_/CLK (sky130_fd_sc_hd__dfrtp_2)
                                 -0.060301   19.689699   library setup time
                                             19.689699   data required time
---------------------------------------------------------------------------------------------
                                             19.689699   data required time
                                             -4.500392   data arrival time
---------------------------------------------------------------------------------------------
                                             15.189308   slack (MET)


Startpoint: awvalid (input port clocked by clk)
Endpoint: _0799_ (rising edge-triggered flip-flop clocked by clk)
Path Group: clk
Path Type: max

Fanout         Cap        Slew       Delay        Time   Description
---------------------------------------------------------------------------------------------
                      0.150000    0.000000    0.000000   clock clk (rise edge)
                                  0.000000    0.000000   clock network delay (ideal)
                                  4.000000    4.000000 ^ input external delay
     2    0.009233    0.036852    0.023173    4.023173 ^ awvalid (in)
                                                         awvalid (net)
                      0.036852    0.000000    4.023173 ^ _0392_/A (sky130_fd_sc_hd__inv_2)
     2    0.003361    0.012959    0.015576    4.038749 v _0392_/Y (sky130_fd_sc_hd__inv_2)
                                                         _0096_ (net)
                      0.012959    0.000000    4.038749 v _0712_/A2_N (sky130_fd_sc_hd__o2bb2a_2)
     2    0.004934    0.034674    0.123989    4.162738 ^ _0712_/X (sky130_fd_sc_hd__o2bb2a_2)
                                                         _0322_ (net)
                      0.034674    0.000000    4.162738 ^ _0715_/B1 (sky130_fd_sc_hd__o211a_2)
     6    0.017539    0.089542    0.126926    4.289664 ^ _0715_/X (sky130_fd_sc_hd__o211a_2)
                                                         _0325_ (net)
                      0.089542    0.000000    4.289664 ^ _0718_/S (sky130_fd_sc_hd__mux2_1)
     1    0.002059    0.035947    0.184038    4.473702 v _0718_/X (sky130_fd_sc_hd__mux2_1)
                                                         _0079_ (net)
                      0.035947    0.000000    4.473702 v _0799_/D (sky130_fd_sc_hd__dfrtp_2)
                                              4.473702   data arrival time

                      0.150000   20.000000   20.000000   clock clk (rise edge)
                                  0.000000   20.000000   clock network delay (ideal)
                                 -0.250000   19.750002   clock uncertainty
                                  0.000000   19.750002   clock reconvergence pessimism
                                             19.750002 ^ _0799_/CLK (sky130_fd_sc_hd__dfrtp_2)
                                 -0.063713   19.686289   library setup time
                                             19.686289   data required time
---------------------------------------------------------------------------------------------
                                             19.686289   data required time
                                             -4.473702   data arrival time
---------------------------------------------------------------------------------------------
                                             15.212587   slack (MET)


Startpoint: awvalid (input port clocked by clk)
Endpoint: _0800_ (rising edge-triggered flip-flop clocked by clk)
Path Group: clk
Path Type: max

Fanout         Cap        Slew       Delay        Time   Description
---------------------------------------------------------------------------------------------
                      0.150000    0.000000    0.000000   clock clk (rise edge)
                                  0.000000    0.000000   clock network delay (ideal)
                                  4.000000    4.000000 ^ input external delay
     2    0.009233    0.036852    0.023173    4.023173 ^ awvalid (in)
                                                         awvalid (net)
                      0.036852    0.000000    4.023173 ^ _0392_/A (sky130_fd_sc_hd__inv_2)
     2    0.003361    0.012959    0.015576    4.038749 v _0392_/Y (sky130_fd_sc_hd__inv_2)
                                                         _0096_ (net)
                      0.012959    0.000000    4.038749 v _0712_/A2_N (sky130_fd_sc_hd__o2bb2a_2)
     2    0.004934    0.034674    0.123989    4.162738 ^ _0712_/X (sky130_fd_sc_hd__o2bb2a_2)
                                                         _0322_ (net)
                      0.034674    0.000000    4.162738 ^ _0715_/B1 (sky130_fd_sc_hd__o211a_2)
     6    0.017539    0.089542    0.126926    4.289664 ^ _0715_/X (sky130_fd_sc_hd__o211a_2)
                                                         _0325_ (net)
                      0.089542    0.000000    4.289664 ^ _0723_/S (sky130_fd_sc_hd__mux2_1)
     1    0.002059    0.035947    0.184038    4.473702 v _0723_/X (sky130_fd_sc_hd__mux2_1)
                                                         _0080_ (net)
                      0.035947    0.000000    4.473702 v _0800_/D (sky130_fd_sc_hd__dfrtp_2)
                                              4.473702   data arrival time

                      0.150000   20.000000   20.000000   clock clk (rise edge)
                                  0.000000   20.000000   clock network delay (ideal)
                                 -0.250000   19.750002   clock uncertainty
                                  0.000000   19.750002   clock reconvergence pessimism
                                             19.750002 ^ _0800_/CLK (sky130_fd_sc_hd__dfrtp_2)
                                 -0.063713   19.686289   library setup time
                                             19.686289   data required time
---------------------------------------------------------------------------------------------
                                             19.686289   data required time
                                             -4.473702   data arrival time
---------------------------------------------------------------------------------------------
                                             15.212587   slack (MET)


Startpoint: awvalid (input port clocked by clk)
Endpoint: _1098_ (rising edge-triggered flip-flop clocked by clk)
Path Group: clk
Path Type: max

Fanout         Cap        Slew       Delay        Time   Description
---------------------------------------------------------------------------------------------
                      0.150000    0.000000    0.000000   clock clk (rise edge)
                                  0.000000    0.000000   clock network delay (ideal)
                                  4.000000    4.000000 ^ input external delay
     2    0.009233    0.036852    0.023173    4.023173 ^ awvalid (in)
                                                         awvalid (net)
                      0.036852    0.000000    4.023173 ^ _0392_/A (sky130_fd_sc_hd__inv_2)
     2    0.003361    0.012959    0.015576    4.038749 v _0392_/Y (sky130_fd_sc_hd__inv_2)
                                                         _0096_ (net)
                      0.012959    0.000000    4.038749 v _0712_/A2_N (sky130_fd_sc_hd__o2bb2a_2)
     2    0.004934    0.034674    0.123989    4.162738 ^ _0712_/X (sky130_fd_sc_hd__o2bb2a_2)
                                                         _0322_ (net)
                      0.034674    0.000000    4.162738 ^ _0740_/C1 (sky130_fd_sc_hd__o221a_2)
     7    0.018734    0.089273    0.117866    4.280603 ^ _0740_/X (sky130_fd_sc_hd__o221a_2)
                                                         _0346_ (net)
                      0.089273    0.000000    4.280603 ^ _0744_/S (sky130_fd_sc_hd__mux2_1)
     1    0.002059    0.035947    0.184015    4.464619 v _0744_/X (sky130_fd_sc_hd__mux2_1)
                                                         _0083_ (net)
                      0.035947    0.000000    4.464619 v _1098_/D (sky130_fd_sc_hd__dfrtp_2)
                                              4.464619   data arrival time

                      0.150000   20.000000   20.000000   clock clk (rise edge)
                                  0.000000   20.000000   clock network delay (ideal)
                                 -0.250000   19.750002   clock uncertainty
                                  0.000000   19.750002   clock reconvergence pessimism
                                             19.750002 ^ _1098_/CLK (sky130_fd_sc_hd__dfrtp_2)
                                 -0.063713   19.686289   library setup time
                                             19.686289   data required time
---------------------------------------------------------------------------------------------
                                             19.686289   data required time
                                             -4.464619   data arrival time
---------------------------------------------------------------------------------------------
                                             15.221670   slack (MET)


Startpoint: _1102_ (rising edge-triggered flip-flop clocked by clk)
Endpoint: PADDR[0] (output port clocked by clk)
Path Group: clk
Path Type: max

Fanout         Cap        Slew       Delay        Time   Description
---------------------------------------------------------------------------------------------
                      0.150000    0.000000    0.000000   clock clk (rise edge)
                                  0.000000    0.000000   clock network delay (ideal)
                      0.150000    0.000000    0.000000 ^ _1102_/CLK (sky130_fd_sc_hd__dfrtp_2)
     6    0.012843    0.047447    0.290220    0.290220 v _1102_/Q (sky130_fd_sc_hd__dfrtp_2)
                                                         DADDR[0] (net)
                      0.047447    0.000000    0.290220 v _0456_/B (sky130_fd_sc_hd__and2_2)
     1    0.033442    0.072741    0.174048    0.464269 v _0456_/X (sky130_fd_sc_hd__and2_2)
                                                         PADDR[0] (net)
                      0.072741    0.000000    0.464269 v PADDR[0] (out)
                                              0.464269   data arrival time

                      0.150000   20.000000   20.000000   clock clk (rise edge)
                                  0.000000   20.000000   clock network delay (ideal)
                                 -0.250000   19.750002   clock uncertainty
                                  0.000000   19.750002   clock reconvergence pessimism
                                 -4.000000   15.750001   output external delay
                                             15.750001   data required time
---------------------------------------------------------------------------------------------
                                             15.750001   data required time
                                             -0.464269   data arrival time
---------------------------------------------------------------------------------------------
                                             15.285732   slack (MET)


Startpoint: _1103_ (rising edge-triggered flip-flop clocked by clk)
Endpoint: PADDR[1] (output port clocked by clk)
Path Group: clk
Path Type: max

Fanout         Cap        Slew       Delay        Time   Description
---------------------------------------------------------------------------------------------
                      0.150000    0.000000    0.000000   clock clk (rise edge)
                                  0.000000    0.000000   clock network delay (ideal)
                      0.150000    0.000000    0.000000 ^ _1103_/CLK (sky130_fd_sc_hd__dfrtp_2)
     5    0.009350    0.041115    0.281596    0.281596 v _1103_/Q (sky130_fd_sc_hd__dfrtp_2)
                                                         DADDR[1] (net)
                      0.041115    0.000000    0.281596 v _0457_/B (sky130_fd_sc_hd__and2_2)
     1    0.033442    0.072704    0.171604    0.453200 v _0457_/X (sky130_fd_sc_hd__and2_2)
                                                         PADDR[1] (net)
                      0.072704    0.000000    0.453200 v PADDR[1] (out)
                                              0.453200   data arrival time

                      0.150000   20.000000   20.000000   clock clk (rise edge)
                                  0.000000   20.000000   clock network delay (ideal)
                                 -0.250000   19.750002   clock uncertainty
                                  0.000000   19.750002   clock reconvergence pessimism
                                 -4.000000   15.750001   output external delay
                                             15.750001   data required time
---------------------------------------------------------------------------------------------
                                             15.750001   data required time
                                             -0.453200   data arrival time
---------------------------------------------------------------------------------------------
                                             15.296801   slack (MET)


Startpoint: _1104_ (rising edge-triggered flip-flop clocked by clk)
Endpoint: PADDR[2] (output port clocked by clk)
Path Group: clk
Path Type: max

Fanout         Cap        Slew       Delay        Time   Description
---------------------------------------------------------------------------------------------
                      0.150000    0.000000    0.000000   clock clk (rise edge)
                                  0.000000    0.000000   clock network delay (ideal)
                      0.150000    0.000000    0.000000 ^ _1104_/CLK (sky130_fd_sc_hd__dfrtp_2)
     3    0.005321    0.033812    0.271648    0.271648 v _1104_/Q (sky130_fd_sc_hd__dfrtp_2)
                                                         DADDR[2] (net)
                      0.033812    0.000000    0.271648 v _0458_/B (sky130_fd_sc_hd__and2_2)
     1    0.033442    0.072662    0.168784    0.440432 v _0458_/X (sky130_fd_sc_hd__and2_2)
                                                         PADDR[2] (net)
                      0.072662    0.000000    0.440432 v PADDR[2] (out)
                                              0.440432   data arrival time

                      0.150000   20.000000   20.000000   clock clk (rise edge)
                                  0.000000   20.000000   clock network delay (ideal)
                                 -0.250000   19.750002   clock uncertainty
                                  0.000000   19.750002   clock reconvergence pessimism
                                 -4.000000   15.750001   output external delay
                                             15.750001   data required time
---------------------------------------------------------------------------------------------
                                             15.750001   data required time
                                             -0.440432   data arrival time
---------------------------------------------------------------------------------------------
                                             15.309569   slack (MET)


Startpoint: res_n (input port clocked by clk)
Endpoint: _0795_ (recovery check against rising-edge clock clk)
Path Group: asynchronous
Path Type: max

Fanout         Cap        Slew       Delay        Time   Description
---------------------------------------------------------------------------------------------
                      0.150000    0.000000    0.000000   clock clk (rise edge)
                                  0.000000    0.000000   clock network delay (ideal)
                                  4.000000    4.000000 ^ input external delay
    19    0.068723    0.235698    0.161428    4.161428 ^ res_n (in)
                                                         res_n (net)
                      0.235698    0.000000    4.161428 ^ _0795_/RESET_B (sky130_fd_sc_hd__dfrtp_2)
                                              4.161428   data arrival time

                      0.150000   20.000000   20.000000   clock clk (rise edge)
                                  0.000000   20.000000   clock network delay (ideal)
                                 -0.250000   19.750002   clock uncertainty
                                  0.000000   19.750002   clock reconvergence pessimism
                                             19.750002 ^ _0795_/CLK (sky130_fd_sc_hd__dfrtp_2)
                                  0.100454   19.850454   library recovery time
                                             19.850454   data required time
---------------------------------------------------------------------------------------------
                                             19.850454   data required time
                                             -4.161428   data arrival time
---------------------------------------------------------------------------------------------
                                             15.689026   slack (MET)


Startpoint: res_n (input port clocked by clk)
Endpoint: _0796_ (recovery check against rising-edge clock clk)
Path Group: asynchronous
Path Type: max

Fanout         Cap        Slew       Delay        Time   Description
---------------------------------------------------------------------------------------------
                      0.150000    0.000000    0.000000   clock clk (rise edge)
                                  0.000000    0.000000   clock network delay (ideal)
                                  4.000000    4.000000 ^ input external delay
    19    0.068723    0.235698    0.161428    4.161428 ^ res_n (in)
                                                         res_n (net)
                      0.235698    0.000000    4.161428 ^ _0796_/RESET_B (sky130_fd_sc_hd__dfrtp_2)
                                              4.161428   data arrival time

                      0.150000   20.000000   20.000000   clock clk (rise edge)
                                  0.000000   20.000000   clock network delay (ideal)
                                 -0.250000   19.750002   clock uncertainty
                                  0.000000   19.750002   clock reconvergence pessimism
                                             19.750002 ^ _0796_/CLK (sky130_fd_sc_hd__dfrtp_2)
                                  0.100454   19.850454   library recovery time
                                             19.850454   data required time
---------------------------------------------------------------------------------------------
                                             19.850454   data required time
                                             -4.161428   data arrival time
---------------------------------------------------------------------------------------------
                                             15.689026   slack (MET)


Startpoint: res_n (input port clocked by clk)
Endpoint: _0797_ (recovery check against rising-edge clock clk)
Path Group: asynchronous
Path Type: max

Fanout         Cap        Slew       Delay        Time   Description
---------------------------------------------------------------------------------------------
                      0.150000    0.000000    0.000000   clock clk (rise edge)
                                  0.000000    0.000000   clock network delay (ideal)
                                  4.000000    4.000000 ^ input external delay
    19    0.068723    0.235698    0.161428    4.161428 ^ res_n (in)
                                                         res_n (net)
                      0.235698    0.000000    4.161428 ^ _0797_/RESET_B (sky130_fd_sc_hd__dfrtp_2)
                                              4.161428   data arrival time

                      0.150000   20.000000   20.000000   clock clk (rise edge)
                                  0.000000   20.000000   clock network delay (ideal)
                                 -0.250000   19.750002   clock uncertainty
                                  0.000000   19.750002   clock reconvergence pessimism
                                             19.750002 ^ _0797_/CLK (sky130_fd_sc_hd__dfrtp_2)
                                  0.100454   19.850454   library recovery time
                                             19.850454   data required time
---------------------------------------------------------------------------------------------
                                             19.850454   data required time
                                             -4.161428   data arrival time
---------------------------------------------------------------------------------------------
                                             15.689026   slack (MET)


Startpoint: res_n (input port clocked by clk)
Endpoint: _0798_ (recovery check against rising-edge clock clk)
Path Group: asynchronous
Path Type: max

Fanout         Cap        Slew       Delay        Time   Description
---------------------------------------------------------------------------------------------
                      0.150000    0.000000    0.000000   clock clk (rise edge)
                                  0.000000    0.000000   clock network delay (ideal)
                                  4.000000    4.000000 ^ input external delay
    19    0.068723    0.235698    0.161428    4.161428 ^ res_n (in)
                                                         res_n (net)
                      0.235698    0.000000    4.161428 ^ _0798_/RESET_B (sky130_fd_sc_hd__dfrtp_2)
                                              4.161428   data arrival time

                      0.150000   20.000000   20.000000   clock clk (rise edge)
                                  0.000000   20.000000   clock network delay (ideal)
                                 -0.250000   19.750002   clock uncertainty
                                  0.000000   19.750002   clock reconvergence pessimism
                                             19.750002 ^ _0798_/CLK (sky130_fd_sc_hd__dfrtp_2)
                                  0.100454   19.850454   library recovery time
                                             19.850454   data required time
---------------------------------------------------------------------------------------------
                                             19.850454   data required time
                                             -4.161428   data arrival time
---------------------------------------------------------------------------------------------
                                             15.689026   slack (MET)


Startpoint: res_n (input port clocked by clk)
Endpoint: _0799_ (recovery check against rising-edge clock clk)
Path Group: asynchronous
Path Type: max

Fanout         Cap        Slew       Delay        Time   Description
---------------------------------------------------------------------------------------------
                      0.150000    0.000000    0.000000   clock clk (rise edge)
                                  0.000000    0.000000   clock network delay (ideal)
                                  4.000000    4.000000 ^ input external delay
    19    0.068723    0.235698    0.161428    4.161428 ^ res_n (in)
                                                         res_n (net)
                      0.235698    0.000000    4.161428 ^ _0799_/RESET_B (sky130_fd_sc_hd__dfrtp_2)
                                              4.161428   data arrival time

                      0.150000   20.000000   20.000000   clock clk (rise edge)
                                  0.000000   20.000000   clock network delay (ideal)
                                 -0.250000   19.750002   clock uncertainty
                                  0.000000   19.750002   clock reconvergence pessimism
                                             19.750002 ^ _0799_/CLK (sky130_fd_sc_hd__dfrtp_2)
                                  0.100454   19.850454   library recovery time
                                             19.850454   data required time
---------------------------------------------------------------------------------------------
                                             19.850454   data required time
                                             -4.161428   data arrival time
---------------------------------------------------------------------------------------------
                                             15.689026   slack (MET)


Startpoint: res_n (input port clocked by clk)
Endpoint: _0800_ (recovery check against rising-edge clock clk)
Path Group: asynchronous
Path Type: max

Fanout         Cap        Slew       Delay        Time   Description
---------------------------------------------------------------------------------------------
                      0.150000    0.000000    0.000000   clock clk (rise edge)
                                  0.000000    0.000000   clock network delay (ideal)
                                  4.000000    4.000000 ^ input external delay
    19    0.068723    0.235698    0.161428    4.161428 ^ res_n (in)
                                                         res_n (net)
                      0.235698    0.000000    4.161428 ^ _0800_/RESET_B (sky130_fd_sc_hd__dfrtp_2)
                                              4.161428   data arrival time

                      0.150000   20.000000   20.000000   clock clk (rise edge)
                                  0.000000   20.000000   clock network delay (ideal)
                                 -0.250000   19.750002   clock uncertainty
                                  0.000000   19.750002   clock reconvergence pessimism
                                             19.750002 ^ _0800_/CLK (sky130_fd_sc_hd__dfrtp_2)
                                  0.100454   19.850454   library recovery time
                                             19.850454   data required time
---------------------------------------------------------------------------------------------
                                             19.850454   data required time
                                             -4.161428   data arrival time
---------------------------------------------------------------------------------------------
                                             15.689026   slack (MET)


Startpoint: res_n (input port clocked by clk)
Endpoint: _0801_ (recovery check against rising-edge clock clk)
Path Group: asynchronous
Path Type: max

Fanout         Cap        Slew       Delay        Time   Description
---------------------------------------------------------------------------------------------
                      0.150000    0.000000    0.000000   clock clk (rise edge)
                                  0.000000    0.000000   clock network delay (ideal)
                                  4.000000    4.000000 ^ input external delay
    19    0.068723    0.235698    0.161428    4.161428 ^ res_n (in)
                                                         res_n (net)
                      0.235698    0.000000    4.161428 ^ _0801_/RESET_B (sky130_fd_sc_hd__dfrtp_2)
                                              4.161428   data arrival time

                      0.150000   20.000000   20.000000   clock clk (rise edge)
                                  0.000000   20.000000   clock network delay (ideal)
                                 -0.250000   19.750002   clock uncertainty
                                  0.000000   19.750002   clock reconvergence pessimism
                                             19.750002 ^ _0801_/CLK (sky130_fd_sc_hd__dfrtp_2)
                                  0.100454   19.850454   library recovery time
                                             19.850454   data required time
---------------------------------------------------------------------------------------------
                                             19.850454   data required time
                                             -4.161428   data arrival time
---------------------------------------------------------------------------------------------
                                             15.689026   slack (MET)


Startpoint: res_n (input port clocked by clk)
Endpoint: _0802_ (recovery check against rising-edge clock clk)
Path Group: asynchronous
Path Type: max

Fanout         Cap        Slew       Delay        Time   Description
---------------------------------------------------------------------------------------------
                      0.150000    0.000000    0.000000   clock clk (rise edge)
                                  0.000000    0.000000   clock network delay (ideal)
                                  4.000000    4.000000 ^ input external delay
    19    0.068723    0.235698    0.161428    4.161428 ^ res_n (in)
                                                         res_n (net)
                      0.235698    0.000000    4.161428 ^ _0802_/RESET_B (sky130_fd_sc_hd__dfrtp_2)
                                              4.161428   data arrival time

                      0.150000   20.000000   20.000000   clock clk (rise edge)
                                  0.000000   20.000000   clock network delay (ideal)
                                 -0.250000   19.750002   clock uncertainty
                                  0.000000   19.750002   clock reconvergence pessimism
                                             19.750002 ^ _0802_/CLK (sky130_fd_sc_hd__dfrtp_2)
                                  0.100454   19.850454   library recovery time
                                             19.850454   data required time
---------------------------------------------------------------------------------------------
                                             19.850454   data required time
                                             -4.161428   data arrival time
---------------------------------------------------------------------------------------------
                                             15.689026   slack (MET)


Startpoint: res_n (input port clocked by clk)
Endpoint: _1098_ (recovery check against rising-edge clock clk)
Path Group: asynchronous
Path Type: max

Fanout         Cap        Slew       Delay        Time   Description
---------------------------------------------------------------------------------------------
                      0.150000    0.000000    0.000000   clock clk (rise edge)
                                  0.000000    0.000000   clock network delay (ideal)
                                  4.000000    4.000000 ^ input external delay
    19    0.068723    0.235698    0.161428    4.161428 ^ res_n (in)
                                                         res_n (net)
                      0.235698    0.000000    4.161428 ^ _1098_/RESET_B (sky130_fd_sc_hd__dfrtp_2)
                                              4.161428   data arrival time

                      0.150000   20.000000   20.000000   clock clk (rise edge)
                                  0.000000   20.000000   clock network delay (ideal)
                                 -0.250000   19.750002   clock uncertainty
                                  0.000000   19.750002   clock reconvergence pessimism
                                             19.750002 ^ _1098_/CLK (sky130_fd_sc_hd__dfrtp_2)
                                  0.100454   19.850454   library recovery time
                                             19.850454   data required time
---------------------------------------------------------------------------------------------
                                             19.850454   data required time
                                             -4.161428   data arrival time
---------------------------------------------------------------------------------------------
                                             15.689026   slack (MET)


Startpoint: res_n (input port clocked by clk)
Endpoint: _1099_ (recovery check against rising-edge clock clk)
Path Group: asynchronous
Path Type: max

Fanout         Cap        Slew       Delay        Time   Description
---------------------------------------------------------------------------------------------
                      0.150000    0.000000    0.000000   clock clk (rise edge)
                                  0.000000    0.000000   clock network delay (ideal)
                                  4.000000    4.000000 ^ input external delay
    19    0.068723    0.235698    0.161428    4.161428 ^ res_n (in)
                                                         res_n (net)
                      0.235698    0.000000    4.161428 ^ _1099_/RESET_B (sky130_fd_sc_hd__dfrtp_2)
                                              4.161428   data arrival time

                      0.150000   20.000000   20.000000   clock clk (rise edge)
                                  0.000000   20.000000   clock network delay (ideal)
                                 -0.250000   19.750002   clock uncertainty
                                  0.000000   19.750002   clock reconvergence pessimism
                                             19.750002 ^ _1099_/CLK (sky130_fd_sc_hd__dfrtp_2)
                                  0.100454   19.850454   library recovery time
                                             19.850454   data required time
---------------------------------------------------------------------------------------------
                                             19.850454   data required time
                                             -4.161428   data arrival time
---------------------------------------------------------------------------------------------
                                             15.689026   slack (MET)


Startpoint: res_n (input port clocked by clk)
Endpoint: _1100_ (recovery check against rising-edge clock clk)
Path Group: asynchronous
Path Type: max

Fanout         Cap        Slew       Delay        Time   Description
---------------------------------------------------------------------------------------------
                      0.150000    0.000000    0.000000   clock clk (rise edge)
                                  0.000000    0.000000   clock network delay (ideal)
                                  4.000000    4.000000 ^ input external delay
    19    0.068723    0.235698    0.161428    4.161428 ^ res_n (in)
                                                         res_n (net)
                      0.235698    0.000000    4.161428 ^ _1100_/RESET_B (sky130_fd_sc_hd__dfrtp_2)
                                              4.161428   data arrival time

                      0.150000   20.000000   20.000000   clock clk (rise edge)
                                  0.000000   20.000000   clock network delay (ideal)
                                 -0.250000   19.750002   clock uncertainty
                                  0.000000   19.750002   clock reconvergence pessimism
                                             19.750002 ^ _1100_/CLK (sky130_fd_sc_hd__dfrtp_2)
                                  0.100454   19.850454   library recovery time
                                             19.850454   data required time
---------------------------------------------------------------------------------------------
                                             19.850454   data required time
                                             -4.161428   data arrival time
---------------------------------------------------------------------------------------------
                                             15.689026   slack (MET)


Startpoint: res_n (input port clocked by clk)
Endpoint: _1101_ (recovery check against rising-edge clock clk)
Path Group: asynchronous
Path Type: max

Fanout         Cap        Slew       Delay        Time   Description
---------------------------------------------------------------------------------------------
                      0.150000    0.000000    0.000000   clock clk (rise edge)
                                  0.000000    0.000000   clock network delay (ideal)
                                  4.000000    4.000000 ^ input external delay
    19    0.068723    0.235698    0.161428    4.161428 ^ res_n (in)
                                                         res_n (net)
                      0.235698    0.000000    4.161428 ^ _1101_/RESET_B (sky130_fd_sc_hd__dfrtp_2)
                                              4.161428   data arrival time

                      0.150000   20.000000   20.000000   clock clk (rise edge)
                                  0.000000   20.000000   clock network delay (ideal)
                                 -0.250000   19.750002   clock uncertainty
                                  0.000000   19.750002   clock reconvergence pessimism
                                             19.750002 ^ _1101_/CLK (sky130_fd_sc_hd__dfrtp_2)
                                  0.100454   19.850454   library recovery time
                                             19.850454   data required time
---------------------------------------------------------------------------------------------
                                             19.850454   data required time
                                             -4.161428   data arrival time
---------------------------------------------------------------------------------------------
                                             15.689026   slack (MET)


Startpoint: res_n (input port clocked by clk)
Endpoint: _1102_ (recovery check against rising-edge clock clk)
Path Group: asynchronous
Path Type: max

Fanout         Cap        Slew       Delay        Time   Description
---------------------------------------------------------------------------------------------
                      0.150000    0.000000    0.000000   clock clk (rise edge)
                                  0.000000    0.000000   clock network delay (ideal)
                                  4.000000    4.000000 ^ input external delay
    19    0.068723    0.235698    0.161428    4.161428 ^ res_n (in)
                                                         res_n (net)
                      0.235698    0.000000    4.161428 ^ _1102_/RESET_B (sky130_fd_sc_hd__dfrtp_2)
                                              4.161428   data arrival time

                      0.150000   20.000000   20.000000   clock clk (rise edge)
                                  0.000000   20.000000   clock network delay (ideal)
                                 -0.250000   19.750002   clock uncertainty
                                  0.000000   19.750002   clock reconvergence pessimism
                                             19.750002 ^ _1102_/CLK (sky130_fd_sc_hd__dfrtp_2)
                                  0.100454   19.850454   library recovery time
                                             19.850454   data required time
---------------------------------------------------------------------------------------------
                                             19.850454   data required time
                                             -4.161428   data arrival time
---------------------------------------------------------------------------------------------
                                             15.689026   slack (MET)


Startpoint: res_n (input port clocked by clk)
Endpoint: _1103_ (recovery check against rising-edge clock clk)
Path Group: asynchronous
Path Type: max

Fanout         Cap        Slew       Delay        Time   Description
---------------------------------------------------------------------------------------------
                      0.150000    0.000000    0.000000   clock clk (rise edge)
                                  0.000000    0.000000   clock network delay (ideal)
                                  4.000000    4.000000 ^ input external delay
    19    0.068723    0.235698    0.161428    4.161428 ^ res_n (in)
                                                         res_n (net)
                      0.235698    0.000000    4.161428 ^ _1103_/RESET_B (sky130_fd_sc_hd__dfrtp_2)
                                              4.161428   data arrival time

                      0.150000   20.000000   20.000000   clock clk (rise edge)
                                  0.000000   20.000000   clock network delay (ideal)
                                 -0.250000   19.750002   clock uncertainty
                                  0.000000   19.750002   clock reconvergence pessimism
                                             19.750002 ^ _1103_/CLK (sky130_fd_sc_hd__dfrtp_2)
                                  0.100454   19.850454   library recovery time
                                             19.850454   data required time
---------------------------------------------------------------------------------------------
                                             19.850454   data required time
                                             -4.161428   data arrival time
---------------------------------------------------------------------------------------------
                                             15.689026   slack (MET)


Startpoint: res_n (input port clocked by clk)
Endpoint: _1104_ (recovery check against rising-edge clock clk)
Path Group: asynchronous
Path Type: max

Fanout         Cap        Slew       Delay        Time   Description
---------------------------------------------------------------------------------------------
                      0.150000    0.000000    0.000000   clock clk (rise edge)
                                  0.000000    0.000000   clock network delay (ideal)
                                  4.000000    4.000000 ^ input external delay
    19    0.068723    0.235698    0.161428    4.161428 ^ res_n (in)
                                                         res_n (net)
                      0.235698    0.000000    4.161428 ^ _1104_/RESET_B (sky130_fd_sc_hd__dfrtp_2)
                                              4.161428   data arrival time

                      0.150000   20.000000   20.000000   clock clk (rise edge)
                                  0.000000   20.000000   clock network delay (ideal)
                                 -0.250000   19.750002   clock uncertainty
                                  0.000000   19.750002   clock reconvergence pessimism
                                             19.750002 ^ _1104_/CLK (sky130_fd_sc_hd__dfrtp_2)
                                  0.100454   19.850454   library recovery time
                                             19.850454   data required time
---------------------------------------------------------------------------------------------
                                             19.850454   data required time
                                             -4.161428   data arrival time
---------------------------------------------------------------------------------------------
                                             15.689026   slack (MET)


Startpoint: res_n (input port clocked by clk)
Endpoint: _1105_ (recovery check against rising-edge clock clk)
Path Group: asynchronous
Path Type: max

Fanout         Cap        Slew       Delay        Time   Description
---------------------------------------------------------------------------------------------
                      0.150000    0.000000    0.000000   clock clk (rise edge)
                                  0.000000    0.000000   clock network delay (ideal)
                                  4.000000    4.000000 ^ input external delay
    19    0.068723    0.235698    0.161428    4.161428 ^ res_n (in)
                                                         res_n (net)
                      0.235698    0.000000    4.161428 ^ _1105_/RESET_B (sky130_fd_sc_hd__dfrtp_2)
                                              4.161428   data arrival time

                      0.150000   20.000000   20.000000   clock clk (rise edge)
                                  0.000000   20.000000   clock network delay (ideal)
                                 -0.250000   19.750002   clock uncertainty
                                  0.000000   19.750002   clock reconvergence pessimism
                                             19.750002 ^ _1105_/CLK (sky130_fd_sc_hd__dfrtp_2)
                                  0.100454   19.850454   library recovery time
                                             19.850454   data required time
---------------------------------------------------------------------------------------------
                                             19.850454   data required time
                                             -4.161428   data arrival time
---------------------------------------------------------------------------------------------
                                             15.689026   slack (MET)


Startpoint: res_n (input port clocked by clk)
Endpoint: _1106_ (recovery check against rising-edge clock clk)
Path Group: asynchronous
Path Type: max

Fanout         Cap        Slew       Delay        Time   Description
---------------------------------------------------------------------------------------------
                      0.150000    0.000000    0.000000   clock clk (rise edge)
                                  0.000000    0.000000   clock network delay (ideal)
                                  4.000000    4.000000 ^ input external delay
    19    0.068723    0.235698    0.161428    4.161428 ^ res_n (in)
                                                         res_n (net)
                      0.235698    0.000000    4.161428 ^ _1106_/RESET_B (sky130_fd_sc_hd__dfrtp_2)
                                              4.161428   data arrival time

                      0.150000   20.000000   20.000000   clock clk (rise edge)
                                  0.000000   20.000000   clock network delay (ideal)
                                 -0.250000   19.750002   clock uncertainty
                                  0.000000   19.750002   clock reconvergence pessimism
                                             19.750002 ^ _1106_/CLK (sky130_fd_sc_hd__dfrtp_2)
                                  0.100454   19.850454   library recovery time
                                             19.850454   data required time
---------------------------------------------------------------------------------------------
                                             19.850454   data required time
                                             -4.161428   data arrival time
---------------------------------------------------------------------------------------------
                                             15.689026   slack (MET)


Startpoint: res_n (input port clocked by clk)
Endpoint: _1107_ (recovery check against rising-edge clock clk)
Path Group: asynchronous
Path Type: max

Fanout         Cap        Slew       Delay        Time   Description
---------------------------------------------------------------------------------------------
                      0.150000    0.000000    0.000000   clock clk (rise edge)
                                  0.000000    0.000000   clock network delay (ideal)
                                  4.000000    4.000000 ^ input external delay
    19    0.068723    0.235698    0.161428    4.161428 ^ res_n (in)
                                                         res_n (net)
                      0.235698    0.000000    4.161428 ^ _1107_/RESET_B (sky130_fd_sc_hd__dfrtp_2)
                                              4.161428   data arrival time

                      0.150000   20.000000   20.000000   clock clk (rise edge)
                                  0.000000   20.000000   clock network delay (ideal)
                                 -0.250000   19.750002   clock uncertainty
                                  0.000000   19.750002   clock reconvergence pessimism
                                             19.750002 ^ _1107_/CLK (sky130_fd_sc_hd__dfrtp_2)
                                  0.100454   19.850454   library recovery time
                                             19.850454   data required time
---------------------------------------------------------------------------------------------
                                             19.850454   data required time
                                             -4.161428   data arrival time
---------------------------------------------------------------------------------------------
                                             15.689026   slack (MET)


Startpoint: res_n (input port clocked by clk)
Endpoint: _1108_ (recovery check against rising-edge clock clk)
Path Group: asynchronous
Path Type: max

Fanout         Cap        Slew       Delay        Time   Description
---------------------------------------------------------------------------------------------
                      0.150000    0.000000    0.000000   clock clk (rise edge)
                                  0.000000    0.000000   clock network delay (ideal)
                                  4.000000    4.000000 ^ input external delay
    19    0.068723    0.235698    0.161428    4.161428 ^ res_n (in)
                                                         res_n (net)
                      0.235698    0.000000    4.161428 ^ _1108_/RESET_B (sky130_fd_sc_hd__dfrtp_2)
                                              4.161428   data arrival time

                      0.150000   20.000000   20.000000   clock clk (rise edge)
                                  0.000000   20.000000   clock network delay (ideal)
                                 -0.250000   19.750002   clock uncertainty
                                  0.000000   19.750002   clock reconvergence pessimism
                                             19.750002 ^ _1108_/CLK (sky130_fd_sc_hd__dfrtp_2)
                                  0.100454   19.850454   library recovery time
                                             19.850454   data required time
---------------------------------------------------------------------------------------------
                                             19.850454   data required time
                                             -4.161428   data arrival time
---------------------------------------------------------------------------------------------
                                             15.689026   slack (MET)



