
===========================================================================
report_checks -path_delay max (Setup)
============================================================================
======================= nom_tt_025C_1v80 Corner ===================================

Startpoint: _300_ (rising edge-triggered flip-flop clocked by clk)
Endpoint: arready (output port clocked by clk)
Path Group: clk
Path Type: max

Fanout         Cap        Slew       Delay        Time   Description
---------------------------------------------------------------------------------------------
                                  0.000000    0.000000   clock clk (rise edge)
                                  0.000000    0.000000   clock source latency
     1    0.011467    0.057956    0.038764    0.038764 ^ clk (in)
                                                         clk (net)
                      0.057957    0.000000    0.038764 ^ clkbuf_0_clk/A (sky130_fd_sc_hd__clkbuf_16)
     4    0.037315    0.057438    0.144764    0.183528 ^ clkbuf_0_clk/X (sky130_fd_sc_hd__clkbuf_16)
                                                         clknet_0_clk (net)
                      0.057438    0.000073    0.183601 ^ clkbuf_2_3__f_clk/A (sky130_fd_sc_hd__clkbuf_16)
     8    0.029378    0.050558    0.138663    0.322263 ^ clkbuf_2_3__f_clk/X (sky130_fd_sc_hd__clkbuf_16)
                                                         clknet_2_3__leaf_clk (net)
                      0.050558    0.000052    0.322315 ^ _300_/CLK (sky130_fd_sc_hd__dfrtp_1)
     3    0.009781    0.069379    0.392978    0.715293 v _300_/Q (sky130_fd_sc_hd__dfrtp_1)
                                                         current_state[1] (net)
                      0.069379    0.000001    0.715294 v fanout50/A (sky130_fd_sc_hd__buf_2)
    10    0.028173    0.076205    0.180062    0.895356 v fanout50/X (sky130_fd_sc_hd__buf_2)
                                                         net50 (net)
                      0.076205    0.000035    0.895391 v _147_/B (sky130_fd_sc_hd__or4b_4)
     4    0.015382    0.104384    0.557638    1.453029 v _147_/X (sky130_fd_sc_hd__or4b_4)
                                                         _124_ (net)
                      0.104384    0.000135    1.453164 v _148_/A (sky130_fd_sc_hd__inv_2)
     8    0.033745    0.157063    0.164479    1.617643 ^ _148_/Y (sky130_fd_sc_hd__inv_2)
                                                         net32 (net)
                      0.157063    0.000232    1.617874 ^ output32/A (sky130_fd_sc_hd__buf_2)
     1    0.034296    0.170674    0.236411    1.854285 ^ output32/X (sky130_fd_sc_hd__buf_2)
                                                         arready (net)
                      0.170674    0.000191    1.854476 ^ arready (out)
                                              1.854476   data arrival time

                                  5.000000    5.000000   clock clk (rise edge)
                                  0.000000    5.000000   clock network delay (propagated)
                                 -0.250000    4.750000   clock uncertainty
                                  0.000000    4.750000   clock reconvergence pessimism
                                 -1.000000    3.750000   output external delay
                                              3.750000   data required time
---------------------------------------------------------------------------------------------
                                              3.750000   data required time
                                             -1.854476   data arrival time
---------------------------------------------------------------------------------------------
                                              1.895524   slack (MET)


Startpoint: _302_ (rising edge-triggered flip-flop clocked by clk)
Endpoint: wready (output port clocked by clk)
Path Group: clk
Path Type: max

Fanout         Cap        Slew       Delay        Time   Description
---------------------------------------------------------------------------------------------
                                  0.000000    0.000000   clock clk (rise edge)
                                  0.000000    0.000000   clock source latency
     1    0.011467    0.057956    0.038764    0.038764 ^ clk (in)
                                                         clk (net)
                      0.057957    0.000000    0.038764 ^ clkbuf_0_clk/A (sky130_fd_sc_hd__clkbuf_16)
     4    0.037315    0.057438    0.144764    0.183528 ^ clkbuf_0_clk/X (sky130_fd_sc_hd__clkbuf_16)
                                                         clknet_0_clk (net)
                      0.057438    0.000073    0.183601 ^ clkbuf_2_3__f_clk/A (sky130_fd_sc_hd__clkbuf_16)
     8    0.029378    0.050558    0.138663    0.322263 ^ clkbuf_2_3__f_clk/X (sky130_fd_sc_hd__clkbuf_16)
                                                         clknet_2_3__leaf_clk (net)
                      0.050558    0.000060    0.322323 ^ _302_/CLK (sky130_fd_sc_hd__dfrtp_1)
     4    0.012645    0.121900    0.381318    0.703642 ^ _302_/Q (sky130_fd_sc_hd__dfrtp_1)
                                                         current_state[3] (net)
                      0.121900    0.000017    0.703659 ^ fanout48/A (sky130_fd_sc_hd__clkbuf_2)
    10    0.027204    0.152198    0.209686    0.913345 ^ fanout48/X (sky130_fd_sc_hd__clkbuf_2)
                                                         net48 (net)
                      0.152198    0.000004    0.913349 ^ _146_/D_N (sky130_fd_sc_hd__nor4b_2)
     5    0.014025    0.418518    0.384212    1.297561 ^ _146_/Y (sky130_fd_sc_hd__nor4b_2)
                                                         net39 (net)
                      0.418518    0.000103    1.297665 ^ wire45/A (sky130_fd_sc_hd__clkbuf_2)
     6    0.018772    0.111632    0.241816    1.539481 ^ wire45/X (sky130_fd_sc_hd__clkbuf_2)
                                                         net45 (net)
                      0.111632    0.000121    1.539603 ^ output39/A (sky130_fd_sc_hd__buf_2)
     1    0.034041    0.169358    0.222284    1.761887 ^ output39/X (sky130_fd_sc_hd__buf_2)
                                                         wready (net)
                      0.169358    0.000095    1.761981 ^ wready (out)
                                              1.761981   data arrival time

                                  5.000000    5.000000   clock clk (rise edge)
                                  0.000000    5.000000   clock network delay (propagated)
                                 -0.250000    4.750000   clock uncertainty
                                  0.000000    4.750000   clock reconvergence pessimism
                                 -1.000000    3.750000   output external delay
                                              3.750000   data required time
---------------------------------------------------------------------------------------------
                                              3.750000   data required time
                                             -1.761981   data arrival time
---------------------------------------------------------------------------------------------
                                              1.988019   slack (MET)


Startpoint: _299_ (rising edge-triggered flip-flop clocked by clk)
Endpoint: awready (output port clocked by clk)
Path Group: clk
Path Type: max

Fanout         Cap        Slew       Delay        Time   Description
---------------------------------------------------------------------------------------------
                                  0.000000    0.000000   clock clk (rise edge)
                                  0.000000    0.000000   clock source latency
     1    0.011467    0.057956    0.038764    0.038764 ^ clk (in)
                                                         clk (net)
                      0.057957    0.000000    0.038764 ^ clkbuf_0_clk/A (sky130_fd_sc_hd__clkbuf_16)
     4    0.037315    0.057438    0.144764    0.183528 ^ clkbuf_0_clk/X (sky130_fd_sc_hd__clkbuf_16)
                                                         clknet_0_clk (net)
                      0.057438    0.000096    0.183624 ^ clkbuf_2_2__f_clk/A (sky130_fd_sc_hd__clkbuf_16)
    10    0.029850    0.050963    0.139009    0.322633 ^ clkbuf_2_2__f_clk/X (sky130_fd_sc_hd__clkbuf_16)
                                                         clknet_2_2__leaf_clk (net)
                      0.050963    0.000029    0.322662 ^ _299_/CLK (sky130_fd_sc_hd__dfrtp_1)
     3    0.010955    0.074430    0.397847    0.720509 v _299_/Q (sky130_fd_sc_hd__dfrtp_1)
                                                         current_state[0] (net)
                      0.074430    0.000043    0.720552 v fanout51/A (sky130_fd_sc_hd__clkbuf_4)
    10    0.028076    0.068438    0.186646    0.907198 v fanout51/X (sky130_fd_sc_hd__clkbuf_4)
                                                         net51 (net)
                      0.068438    0.000042    0.907240 v _142_/B (sky130_fd_sc_hd__or4bb_4)
     4    0.018119    0.111293    0.563424    1.470664 v _142_/X (sky130_fd_sc_hd__or4bb_4)
                                                         _122_ (net)
                      0.111293    0.000092    1.470756 v _143_/A (sky130_fd_sc_hd__inv_2)
     3    0.008759    0.055597    0.087209    1.557965 ^ _143_/Y (sky130_fd_sc_hd__inv_2)
                                                         net33 (net)
                      0.055597    0.000024    1.557990 ^ output33/A (sky130_fd_sc_hd__buf_2)
     1    0.034033    0.168995    0.201613    1.759602 ^ output33/X (sky130_fd_sc_hd__buf_2)
                                                         awready (net)
                      0.168995    0.000090    1.759693 ^ awready (out)
                                              1.759693   data arrival time

                                  5.000000    5.000000   clock clk (rise edge)
                                  0.000000    5.000000   clock network delay (propagated)
                                 -0.250000    4.750000   clock uncertainty
                                  0.000000    4.750000   clock reconvergence pessimism
                                 -1.000000    3.750000   output external delay
                                              3.750000   data required time
---------------------------------------------------------------------------------------------
                                              3.750000   data required time
                                             -1.759693   data arrival time
---------------------------------------------------------------------------------------------
                                              1.990308   slack (MET)


Startpoint: _302_ (rising edge-triggered flip-flop clocked by clk)
Endpoint: rlast (output port clocked by clk)
Path Group: clk
Path Type: max

Fanout         Cap        Slew       Delay        Time   Description
---------------------------------------------------------------------------------------------
                                  0.000000    0.000000   clock clk (rise edge)
                                  0.000000    0.000000   clock source latency
     1    0.011467    0.057956    0.038764    0.038764 ^ clk (in)
                                                         clk (net)
                      0.057957    0.000000    0.038764 ^ clkbuf_0_clk/A (sky130_fd_sc_hd__clkbuf_16)
     4    0.037315    0.057438    0.144764    0.183528 ^ clkbuf_0_clk/X (sky130_fd_sc_hd__clkbuf_16)
                                                         clknet_0_clk (net)
                      0.057438    0.000073    0.183601 ^ clkbuf_2_3__f_clk/A (sky130_fd_sc_hd__clkbuf_16)
     8    0.029378    0.050558    0.138663    0.322263 ^ clkbuf_2_3__f_clk/X (sky130_fd_sc_hd__clkbuf_16)
                                                         clknet_2_3__leaf_clk (net)
                      0.050558    0.000060    0.322323 ^ _302_/CLK (sky130_fd_sc_hd__dfrtp_1)
     4    0.011771    0.077942    0.401018    0.723341 v _302_/Q (sky130_fd_sc_hd__dfrtp_1)
                                                         current_state[3] (net)
                      0.077942    0.000016    0.723357 v fanout48/A (sky130_fd_sc_hd__clkbuf_2)
    10    0.025598    0.101572    0.179469    0.902826 v fanout48/X (sky130_fd_sc_hd__clkbuf_2)
                                                         net48 (net)
                      0.101572    0.000024    0.902851 v _144_/B_N (sky130_fd_sc_hd__and4bb_1)
     2    0.007144    0.094495    0.316178    1.219029 ^ _144_/X (sky130_fd_sc_hd__and4bb_1)
                                                         net37 (net)
                      0.094495    0.000031    1.219060 ^ fanout46/A (sky130_fd_sc_hd__buf_2)
    10    0.030491    0.152715    0.204128    1.423187 ^ fanout46/X (sky130_fd_sc_hd__buf_2)
                                                         net46 (net)
                      0.152715    0.000086    1.423273 ^ _153_/B (sky130_fd_sc_hd__and2_1)
     1    0.002046    0.042020    0.137242    1.560515 ^ _153_/X (sky130_fd_sc_hd__and2_1)
                                                         net36 (net)
                      0.042020    0.000003    1.560518 ^ output36/A (sky130_fd_sc_hd__buf_2)
     1    0.034496    0.171170    0.197884    1.758402 ^ output36/X (sky130_fd_sc_hd__buf_2)
                                                         rlast (net)
                      0.171170    0.000233    1.758635 ^ rlast (out)
                                              1.758635   data arrival time

                                  5.000000    5.000000   clock clk (rise edge)
                                  0.000000    5.000000   clock network delay (propagated)
                                 -0.250000    4.750000   clock uncertainty
                                  0.000000    4.750000   clock reconvergence pessimism
                                 -1.000000    3.750000   output external delay
                                              3.750000   data required time
---------------------------------------------------------------------------------------------
                                              3.750000   data required time
                                             -1.758635   data arrival time
---------------------------------------------------------------------------------------------
                                              1.991365   slack (MET)


Startpoint: _299_ (rising edge-triggered flip-flop clocked by clk)
Endpoint: PENABLE (output port clocked by clk)
Path Group: clk
Path Type: max

Fanout         Cap        Slew       Delay        Time   Description
---------------------------------------------------------------------------------------------
                                  0.000000    0.000000   clock clk (rise edge)
                                  0.000000    0.000000   clock source latency
     1    0.011467    0.057956    0.038764    0.038764 ^ clk (in)
                                                         clk (net)
                      0.057957    0.000000    0.038764 ^ clkbuf_0_clk/A (sky130_fd_sc_hd__clkbuf_16)
     4    0.037315    0.057438    0.144764    0.183528 ^ clkbuf_0_clk/X (sky130_fd_sc_hd__clkbuf_16)
                                                         clknet_0_clk (net)
                      0.057438    0.000096    0.183624 ^ clkbuf_2_2__f_clk/A (sky130_fd_sc_hd__clkbuf_16)
    10    0.029850    0.050963    0.139009    0.322633 ^ clkbuf_2_2__f_clk/X (sky130_fd_sc_hd__clkbuf_16)
                                                         clknet_2_2__leaf_clk (net)
                      0.050963    0.000029    0.322662 ^ _299_/CLK (sky130_fd_sc_hd__dfrtp_1)
     3    0.010955    0.074430    0.397847    0.720509 v _299_/Q (sky130_fd_sc_hd__dfrtp_1)
                                                         current_state[0] (net)
                      0.074430    0.000043    0.720552 v fanout51/A (sky130_fd_sc_hd__clkbuf_4)
    10    0.028076    0.068438    0.186646    0.907198 v fanout51/X (sky130_fd_sc_hd__clkbuf_4)
                                                         net51 (net)
                      0.068438    0.000015    0.907212 v _150_/A (sky130_fd_sc_hd__or3b_1)
     2    0.005372    0.082478    0.394669    1.301882 v _150_/X (sky130_fd_sc_hd__or3b_1)
                                                         _125_ (net)
                      0.082478    0.000006    1.301888 v _151_/B (sky130_fd_sc_hd__nor2_1)
     2    0.004946    0.115403    0.122076    1.423964 ^ _151_/Y (sky130_fd_sc_hd__nor2_1)
                                                         _019_ (net)
                      0.115403    0.000002    1.423966 ^ _152_/B (sky130_fd_sc_hd__or2_1)
     1    0.002112    0.035719    0.106336    1.530302 ^ _152_/X (sky130_fd_sc_hd__or2_1)
                                                         net30 (net)
                      0.035719    0.000003    1.530304 ^ output30/A (sky130_fd_sc_hd__buf_2)
     1    0.033964    0.171247    0.193865    1.724170 ^ output30/X (sky130_fd_sc_hd__buf_2)
                                                         PENABLE (net)
                      0.171247    0.000074    1.724244 ^ PENABLE (out)
                                              1.724244   data arrival time

                                  5.000000    5.000000   clock clk (rise edge)
                                  0.000000    5.000000   clock network delay (propagated)
                                 -0.250000    4.750000   clock uncertainty
                                  0.000000    4.750000   clock reconvergence pessimism
                                 -1.000000    3.750000   output external delay
                                              3.750000   data required time
---------------------------------------------------------------------------------------------
                                              3.750000   data required time
                                             -1.724244   data arrival time
---------------------------------------------------------------------------------------------
                                              2.025756   slack (MET)


Startpoint: _302_ (rising edge-triggered flip-flop clocked by clk)
Endpoint: rresp (output port clocked by clk)
Path Group: clk
Path Type: max

Fanout         Cap        Slew       Delay        Time   Description
---------------------------------------------------------------------------------------------
                                  0.000000    0.000000   clock clk (rise edge)
                                  0.000000    0.000000   clock source latency
     1    0.011467    0.057956    0.038764    0.038764 ^ clk (in)
                                                         clk (net)
                      0.057957    0.000000    0.038764 ^ clkbuf_0_clk/A (sky130_fd_sc_hd__clkbuf_16)
     4    0.037315    0.057438    0.144764    0.183528 ^ clkbuf_0_clk/X (sky130_fd_sc_hd__clkbuf_16)
                                                         clknet_0_clk (net)
                      0.057438    0.000073    0.183601 ^ clkbuf_2_3__f_clk/A (sky130_fd_sc_hd__clkbuf_16)
     8    0.029378    0.050558    0.138663    0.322263 ^ clkbuf_2_3__f_clk/X (sky130_fd_sc_hd__clkbuf_16)
                                                         clknet_2_3__leaf_clk (net)
                      0.050558    0.000060    0.322323 ^ _302_/CLK (sky130_fd_sc_hd__dfrtp_1)
     4    0.011771    0.077942    0.401018    0.723341 v _302_/Q (sky130_fd_sc_hd__dfrtp_1)
                                                         current_state[3] (net)
                      0.077942    0.000016    0.723357 v fanout48/A (sky130_fd_sc_hd__clkbuf_2)
    10    0.025598    0.101572    0.179469    0.902826 v fanout48/X (sky130_fd_sc_hd__clkbuf_2)
                                                         net48 (net)
                      0.101572    0.000024    0.902851 v _144_/B_N (sky130_fd_sc_hd__and4bb_1)
     2    0.007144    0.094495    0.316178    1.219029 ^ _144_/X (sky130_fd_sc_hd__and4bb_1)
                                                         net37 (net)
                      0.094495    0.000031    1.219060 ^ fanout46/A (sky130_fd_sc_hd__buf_2)
    10    0.030491    0.152715    0.204128    1.423187 ^ fanout46/X (sky130_fd_sc_hd__buf_2)
                                                         net46 (net)
                      0.152715    0.000259    1.423447 ^ output37/A (sky130_fd_sc_hd__buf_2)
     1    0.034447    0.171383    0.235714    1.659160 ^ output37/X (sky130_fd_sc_hd__buf_2)
                                                         rresp (net)
                      0.171383    0.000226    1.659386 ^ rresp (out)
                                              1.659386   data arrival time

                                  5.000000    5.000000   clock clk (rise edge)
                                  0.000000    5.000000   clock network delay (propagated)
                                 -0.250000    4.750000   clock uncertainty
                                  0.000000    4.750000   clock reconvergence pessimism
                                 -1.000000    3.750000   output external delay
                                              3.750000   data required time
---------------------------------------------------------------------------------------------
                                              3.750000   data required time
                                             -1.659386   data arrival time
---------------------------------------------------------------------------------------------
                                              2.090614   slack (MET)


Startpoint: _302_ (rising edge-triggered flip-flop clocked by clk)
Endpoint: rvalid (output port clocked by clk)
Path Group: clk
Path Type: max

Fanout         Cap        Slew       Delay        Time   Description
---------------------------------------------------------------------------------------------
                                  0.000000    0.000000   clock clk (rise edge)
                                  0.000000    0.000000   clock source latency
     1    0.011467    0.057956    0.038764    0.038764 ^ clk (in)
                                                         clk (net)
                      0.057957    0.000000    0.038764 ^ clkbuf_0_clk/A (sky130_fd_sc_hd__clkbuf_16)
     4    0.037315    0.057438    0.144764    0.183528 ^ clkbuf_0_clk/X (sky130_fd_sc_hd__clkbuf_16)
                                                         clknet_0_clk (net)
                      0.057438    0.000073    0.183601 ^ clkbuf_2_3__f_clk/A (sky130_fd_sc_hd__clkbuf_16)
     8    0.029378    0.050558    0.138663    0.322263 ^ clkbuf_2_3__f_clk/X (sky130_fd_sc_hd__clkbuf_16)
                                                         clknet_2_3__leaf_clk (net)
                      0.050558    0.000060    0.322323 ^ _302_/CLK (sky130_fd_sc_hd__dfrtp_1)
     4    0.011771    0.077942    0.401018    0.723341 v _302_/Q (sky130_fd_sc_hd__dfrtp_1)
                                                         current_state[3] (net)
                      0.077942    0.000016    0.723357 v fanout48/A (sky130_fd_sc_hd__clkbuf_2)
    10    0.025598    0.101572    0.179469    0.902826 v fanout48/X (sky130_fd_sc_hd__clkbuf_2)
                                                         net48 (net)
                      0.101572    0.000024    0.902851 v _144_/B_N (sky130_fd_sc_hd__and4bb_1)
     2    0.007144    0.094495    0.316178    1.219029 ^ _144_/X (sky130_fd_sc_hd__and4bb_1)
                                                         net37 (net)
                      0.094495    0.000075    1.219105 ^ _340_/A (sky130_fd_sc_hd__clkbuf_1)
     1    0.002081    0.038233    0.088301    1.307405 ^ _340_/X (sky130_fd_sc_hd__clkbuf_1)
                                                         net38 (net)
                      0.038233    0.000003    1.307409 ^ output38/A (sky130_fd_sc_hd__buf_2)
     1    0.034496    0.171178    0.196432    1.503841 ^ output38/X (sky130_fd_sc_hd__buf_2)
                                                         rvalid (net)
                      0.171178    0.000233    1.504074 ^ rvalid (out)
                                              1.504074   data arrival time

                                  5.000000    5.000000   clock clk (rise edge)
                                  0.000000    5.000000   clock network delay (propagated)
                                 -0.250000    4.750000   clock uncertainty
                                  0.000000    4.750000   clock reconvergence pessimism
                                 -1.000000    3.750000   output external delay
                                              3.750000   data required time
---------------------------------------------------------------------------------------------
                                              3.750000   data required time
                                             -1.504074   data arrival time
---------------------------------------------------------------------------------------------
                                              2.245926   slack (MET)


Startpoint: _300_ (rising edge-triggered flip-flop clocked by clk)
Endpoint: bvalid (output port clocked by clk)
Path Group: clk
Path Type: max

Fanout         Cap        Slew       Delay        Time   Description
---------------------------------------------------------------------------------------------
                                  0.000000    0.000000   clock clk (rise edge)
                                  0.000000    0.000000   clock source latency
     1    0.011467    0.057956    0.038764    0.038764 ^ clk (in)
                                                         clk (net)
                      0.057957    0.000000    0.038764 ^ clkbuf_0_clk/A (sky130_fd_sc_hd__clkbuf_16)
     4    0.037315    0.057438    0.144764    0.183528 ^ clkbuf_0_clk/X (sky130_fd_sc_hd__clkbuf_16)
                                                         clknet_0_clk (net)
                      0.057438    0.000073    0.183601 ^ clkbuf_2_3__f_clk/A (sky130_fd_sc_hd__clkbuf_16)
     8    0.029378    0.050558    0.138663    0.322263 ^ clkbuf_2_3__f_clk/X (sky130_fd_sc_hd__clkbuf_16)
                                                         clknet_2_3__leaf_clk (net)
                      0.050558    0.000052    0.322315 ^ _300_/CLK (sky130_fd_sc_hd__dfrtp_1)
     3    0.009781    0.069379    0.392978    0.715293 v _300_/Q (sky130_fd_sc_hd__dfrtp_1)
                                                         current_state[1] (net)
                      0.069379    0.000001    0.715294 v fanout50/A (sky130_fd_sc_hd__buf_2)
    10    0.028173    0.076205    0.180062    0.895356 v fanout50/X (sky130_fd_sc_hd__buf_2)
                                                         net50 (net)
                      0.076205    0.000112    0.895467 v _149_/A_N (sky130_fd_sc_hd__and4bb_1)
     3    0.006453    0.091157    0.282234    1.177701 ^ _149_/X (sky130_fd_sc_hd__and4bb_1)
                                                         net34 (net)
                      0.091157    0.000013    1.177714 ^ _339_/A (sky130_fd_sc_hd__clkbuf_1)
     1    0.001851    0.035651    0.085525    1.263240 ^ _339_/X (sky130_fd_sc_hd__clkbuf_1)
                                                         net35 (net)
                      0.035651    0.000000    1.263240 ^ output35/A (sky130_fd_sc_hd__buf_2)
     1    0.034120    0.169419    0.194282    1.457522 ^ output35/X (sky130_fd_sc_hd__buf_2)
                                                         bvalid (net)
                      0.169419    0.000111    1.457633 ^ bvalid (out)
                                              1.457633   data arrival time

                                  5.000000    5.000000   clock clk (rise edge)
                                  0.000000    5.000000   clock network delay (propagated)
                                 -0.250000    4.750000   clock uncertainty
                                  0.000000    4.750000   clock reconvergence pessimism
                                 -1.000000    3.750000   output external delay
                                              3.750000   data required time
---------------------------------------------------------------------------------------------
                                              3.750000   data required time
                                             -1.457633   data arrival time
---------------------------------------------------------------------------------------------
                                              2.292367   slack (MET)


Startpoint: _301_ (rising edge-triggered flip-flop clocked by clk)
Endpoint: PWRITE (output port clocked by clk)
Path Group: clk
Path Type: max

Fanout         Cap        Slew       Delay        Time   Description
---------------------------------------------------------------------------------------------
                                  0.000000    0.000000   clock clk (rise edge)
                                  0.000000    0.000000   clock source latency
     1    0.011467    0.057956    0.038764    0.038764 ^ clk (in)
                                                         clk (net)
                      0.057957    0.000000    0.038764 ^ clkbuf_0_clk/A (sky130_fd_sc_hd__clkbuf_16)
     4    0.037315    0.057438    0.144764    0.183528 ^ clkbuf_0_clk/X (sky130_fd_sc_hd__clkbuf_16)
                                                         clknet_0_clk (net)
                      0.057438    0.000073    0.183601 ^ clkbuf_2_3__f_clk/A (sky130_fd_sc_hd__clkbuf_16)
     8    0.029378    0.050558    0.138663    0.322263 ^ clkbuf_2_3__f_clk/X (sky130_fd_sc_hd__clkbuf_16)
                                                         clknet_2_3__leaf_clk (net)
                      0.050558    0.000067    0.322331 ^ _301_/CLK (sky130_fd_sc_hd__dfrtp_1)
     2    0.007243    0.059672    0.379864    0.702195 v _301_/Q (sky130_fd_sc_hd__dfrtp_1)
                                                         current_state[2] (net)
                      0.059672    0.000040    0.702235 v fanout49/A (sky130_fd_sc_hd__clkbuf_2)
    10    0.023758    0.095063    0.166177    0.868412 v fanout49/X (sky130_fd_sc_hd__clkbuf_2)
                                                         net49 (net)
                      0.095063    0.000091    0.868503 v _139_/A_N (sky130_fd_sc_hd__nand3b_4)
     6    0.022016    0.097010    0.210128    1.078632 v _139_/Y (sky130_fd_sc_hd__nand3b_4)
                                                         _120_ (net)
                      0.097010    0.000063    1.078694 v _140_/B (sky130_fd_sc_hd__nor2_1)
     2    0.005790    0.129404    0.137976    1.216671 ^ _140_/Y (sky130_fd_sc_hd__nor2_1)
                                                         net31 (net)
                      0.129404    0.000021    1.216692 ^ output31/A (sky130_fd_sc_hd__buf_2)
     1    0.034033    0.169392    0.228129    1.444821 ^ output31/X (sky130_fd_sc_hd__buf_2)
                                                         PWRITE (net)
                      0.169392    0.000090    1.444911 ^ PWRITE (out)
                                              1.444911   data arrival time

                                  5.000000    5.000000   clock clk (rise edge)
                                  0.000000    5.000000   clock network delay (propagated)
                                 -0.250000    4.750000   clock uncertainty
                                  0.000000    4.750000   clock reconvergence pessimism
                                 -1.000000    3.750000   output external delay
                                              3.750000   data required time
---------------------------------------------------------------------------------------------
                                              3.750000   data required time
                                             -1.444911   data arrival time
---------------------------------------------------------------------------------------------
                                              2.305089   slack (MET)


Startpoint: _300_ (rising edge-triggered flip-flop clocked by clk)
Endpoint: bresp (output port clocked by clk)
Path Group: clk
Path Type: max

Fanout         Cap        Slew       Delay        Time   Description
---------------------------------------------------------------------------------------------
                                  0.000000    0.000000   clock clk (rise edge)
                                  0.000000    0.000000   clock source latency
     1    0.011467    0.057956    0.038764    0.038764 ^ clk (in)
                                                         clk (net)
                      0.057957    0.000000    0.038764 ^ clkbuf_0_clk/A (sky130_fd_sc_hd__clkbuf_16)
     4    0.037315    0.057438    0.144764    0.183528 ^ clkbuf_0_clk/X (sky130_fd_sc_hd__clkbuf_16)
                                                         clknet_0_clk (net)
                      0.057438    0.000073    0.183601 ^ clkbuf_2_3__f_clk/A (sky130_fd_sc_hd__clkbuf_16)
     8    0.029378    0.050558    0.138663    0.322263 ^ clkbuf_2_3__f_clk/X (sky130_fd_sc_hd__clkbuf_16)
                                                         clknet_2_3__leaf_clk (net)
                      0.050558    0.000052    0.322315 ^ _300_/CLK (sky130_fd_sc_hd__dfrtp_1)
     3    0.009781    0.069379    0.392978    0.715293 v _300_/Q (sky130_fd_sc_hd__dfrtp_1)
                                                         current_state[1] (net)
                      0.069379    0.000001    0.715294 v fanout50/A (sky130_fd_sc_hd__buf_2)
    10    0.028173    0.076205    0.180062    0.895356 v fanout50/X (sky130_fd_sc_hd__buf_2)
                                                         net50 (net)
                      0.076205    0.000112    0.895467 v _149_/A_N (sky130_fd_sc_hd__and4bb_1)
     3    0.006453    0.091157    0.282234    1.177701 ^ _149_/X (sky130_fd_sc_hd__and4bb_1)
                                                         net34 (net)
                      0.091157    0.000013    1.177714 ^ output34/A (sky130_fd_sc_hd__buf_2)
     1    0.034016    0.169121    0.214662    1.392377 ^ output34/X (sky130_fd_sc_hd__buf_2)
                                                         bresp (net)
                      0.169121    0.000086    1.392463 ^ bresp (out)
                                              1.392463   data arrival time

                                  5.000000    5.000000   clock clk (rise edge)
                                  0.000000    5.000000   clock network delay (propagated)
                                 -0.250000    4.750000   clock uncertainty
                                  0.000000    4.750000   clock reconvergence pessimism
                                 -1.000000    3.750000   output external delay
                                              3.750000   data required time
---------------------------------------------------------------------------------------------
                                              3.750000   data required time
                                             -1.392463   data arrival time
---------------------------------------------------------------------------------------------
                                              2.357537   slack (MET)


Startpoint: _300_ (rising edge-triggered flip-flop clocked by clk)
Endpoint: _271_ (rising edge-triggered flip-flop clocked by clk)
Path Group: clk
Path Type: max

Fanout         Cap        Slew       Delay        Time   Description
---------------------------------------------------------------------------------------------
                                  0.000000    0.000000   clock clk (rise edge)
                                  0.000000    0.000000   clock source latency
     1    0.011467    0.057956    0.038764    0.038764 ^ clk (in)
                                                         clk (net)
                      0.057957    0.000000    0.038764 ^ clkbuf_0_clk/A (sky130_fd_sc_hd__clkbuf_16)
     4    0.037315    0.057438    0.144764    0.183528 ^ clkbuf_0_clk/X (sky130_fd_sc_hd__clkbuf_16)
                                                         clknet_0_clk (net)
                      0.057438    0.000073    0.183601 ^ clkbuf_2_3__f_clk/A (sky130_fd_sc_hd__clkbuf_16)
     8    0.029378    0.050558    0.138663    0.322263 ^ clkbuf_2_3__f_clk/X (sky130_fd_sc_hd__clkbuf_16)
                                                         clknet_2_3__leaf_clk (net)
                      0.050558    0.000052    0.322315 ^ _300_/CLK (sky130_fd_sc_hd__dfrtp_1)
     3    0.009781    0.069379    0.392978    0.715293 v _300_/Q (sky130_fd_sc_hd__dfrtp_1)
                                                         current_state[1] (net)
                      0.069379    0.000001    0.715294 v fanout50/A (sky130_fd_sc_hd__buf_2)
    10    0.028173    0.076205    0.180062    0.895356 v fanout50/X (sky130_fd_sc_hd__buf_2)
                                                         net50 (net)
                      0.076205    0.000035    0.895391 v _147_/B (sky130_fd_sc_hd__or4b_4)
     4    0.015382    0.104384    0.557638    1.453029 v _147_/X (sky130_fd_sc_hd__or4b_4)
                                                         _124_ (net)
                      0.104384    0.000135    1.453164 v _148_/A (sky130_fd_sc_hd__inv_2)
     8    0.033745    0.157063    0.164479    1.617643 ^ _148_/Y (sky130_fd_sc_hd__inv_2)
                                                         net32 (net)
                      0.157064    0.000284    1.617927 ^ fanout41/A (sky130_fd_sc_hd__buf_6)
    10    0.030329    0.070258    0.153385    1.771312 ^ fanout41/X (sky130_fd_sc_hd__buf_6)
                                                         net41 (net)
                      0.070258    0.000207    1.771520 ^ _198_/C (sky130_fd_sc_hd__nor3_1)
     2    0.004833    0.059008    0.054560    1.826080 v _198_/Y (sky130_fd_sc_hd__nor3_1)
                                                         _053_ (net)
                      0.059008    0.000005    1.826085 v max_cap40/A (sky130_fd_sc_hd__buf_1)
     3    0.008596    0.056788    0.120566    1.946650 v max_cap40/X (sky130_fd_sc_hd__buf_1)
                                                         net40 (net)
                      0.056788    0.000038    1.946688 v _204_/B1 (sky130_fd_sc_hd__a221o_1)
     1    0.003038    0.053364    0.292192    2.238880 v _204_/X (sky130_fd_sc_hd__a221o_1)
                                                         _059_ (net)
                      0.053364    0.000020    2.238900 v _205_/A0 (sky130_fd_sc_hd__mux2_1)
     1    0.002272    0.053542    0.274141    2.513041 v _205_/X (sky130_fd_sc_hd__mux2_1)
                                                         _008_ (net)
                      0.053542    0.000004    2.513045 v _271_/D (sky130_fd_sc_hd__dfrtp_2)
                                              2.513045   data arrival time

                                  5.000000    5.000000   clock clk (rise edge)
                                  0.000000    5.000000   clock source latency
     1    0.011467    0.057956    0.038764    5.038764 ^ clk (in)
                                                         clk (net)
                      0.057957    0.000000    5.038764 ^ clkbuf_0_clk/A (sky130_fd_sc_hd__clkbuf_16)
     4    0.037315    0.057438    0.144765    5.183528 ^ clkbuf_0_clk/X (sky130_fd_sc_hd__clkbuf_16)
                                                         clknet_0_clk (net)
                      0.057438    0.000166    5.183694 ^ clkbuf_2_1__f_clk/A (sky130_fd_sc_hd__clkbuf_16)
    12    0.032280    0.053055    0.140803    5.324497 ^ clkbuf_2_1__f_clk/X (sky130_fd_sc_hd__clkbuf_16)
                                                         clknet_2_1__leaf_clk (net)
                      0.053055    0.000123    5.324620 ^ _271_/CLK (sky130_fd_sc_hd__dfrtp_2)
                                 -0.250000    5.074620   clock uncertainty
                                  0.000000    5.074620   clock reconvergence pessimism
                                 -0.117377    4.957243   library setup time
                                              4.957243   data required time
---------------------------------------------------------------------------------------------
                                              4.957243   data required time
                                             -2.513045   data arrival time
---------------------------------------------------------------------------------------------
                                              2.444199   slack (MET)


Startpoint: _300_ (rising edge-triggered flip-flop clocked by clk)
Endpoint: _272_ (rising edge-triggered flip-flop clocked by clk)
Path Group: clk
Path Type: max

Fanout         Cap        Slew       Delay        Time   Description
---------------------------------------------------------------------------------------------
                                  0.000000    0.000000   clock clk (rise edge)
                                  0.000000    0.000000   clock source latency
     1    0.011467    0.057956    0.038764    0.038764 ^ clk (in)
                                                         clk (net)
                      0.057957    0.000000    0.038764 ^ clkbuf_0_clk/A (sky130_fd_sc_hd__clkbuf_16)
     4    0.037315    0.057438    0.144764    0.183528 ^ clkbuf_0_clk/X (sky130_fd_sc_hd__clkbuf_16)
                                                         clknet_0_clk (net)
                      0.057438    0.000073    0.183601 ^ clkbuf_2_3__f_clk/A (sky130_fd_sc_hd__clkbuf_16)
     8    0.029378    0.050558    0.138663    0.322263 ^ clkbuf_2_3__f_clk/X (sky130_fd_sc_hd__clkbuf_16)
                                                         clknet_2_3__leaf_clk (net)
                      0.050558    0.000052    0.322315 ^ _300_/CLK (sky130_fd_sc_hd__dfrtp_1)
     3    0.009781    0.069379    0.392978    0.715293 v _300_/Q (sky130_fd_sc_hd__dfrtp_1)
                                                         current_state[1] (net)
                      0.069379    0.000001    0.715294 v fanout50/A (sky130_fd_sc_hd__buf_2)
    10    0.028173    0.076205    0.180062    0.895356 v fanout50/X (sky130_fd_sc_hd__buf_2)
                                                         net50 (net)
                      0.076205    0.000035    0.895391 v _147_/B (sky130_fd_sc_hd__or4b_4)
     4    0.015382    0.104384    0.557638    1.453029 v _147_/X (sky130_fd_sc_hd__or4b_4)
                                                         _124_ (net)
                      0.104384    0.000135    1.453164 v _148_/A (sky130_fd_sc_hd__inv_2)
     8    0.033745    0.157063    0.164479    1.617643 ^ _148_/Y (sky130_fd_sc_hd__inv_2)
                                                         net32 (net)
                      0.157064    0.000284    1.617927 ^ fanout41/A (sky130_fd_sc_hd__buf_6)
    10    0.030329    0.070258    0.153385    1.771312 ^ fanout41/X (sky130_fd_sc_hd__buf_6)
                                                         net41 (net)
                      0.070258    0.000207    1.771520 ^ _198_/C (sky130_fd_sc_hd__nor3_1)
     2    0.004833    0.059008    0.054560    1.826080 v _198_/Y (sky130_fd_sc_hd__nor3_1)
                                                         _053_ (net)
                      0.059008    0.000005    1.826085 v max_cap40/A (sky130_fd_sc_hd__buf_1)
     3    0.008596    0.056788    0.120566    1.946650 v max_cap40/X (sky130_fd_sc_hd__buf_1)
                                                         net40 (net)
                      0.056788    0.000041    1.946692 v _212_/A2 (sky130_fd_sc_hd__a211o_1)
     1    0.002600    0.045753    0.285991    2.232682 v _212_/X (sky130_fd_sc_hd__a211o_1)
                                                         _066_ (net)
                      0.045753    0.000013    2.232695 v _213_/A0 (sky130_fd_sc_hd__mux2_1)
     1    0.002326    0.053846    0.272314    2.505010 v _213_/X (sky130_fd_sc_hd__mux2_1)
                                                         _009_ (net)
                      0.053846    0.000005    2.505014 v _272_/D (sky130_fd_sc_hd__dfrtp_2)
                                              2.505014   data arrival time

                                  5.000000    5.000000   clock clk (rise edge)
                                  0.000000    5.000000   clock source latency
     1    0.011467    0.057956    0.038764    5.038764 ^ clk (in)
                                                         clk (net)
                      0.057957    0.000000    5.038764 ^ clkbuf_0_clk/A (sky130_fd_sc_hd__clkbuf_16)
     4    0.037315    0.057438    0.144765    5.183528 ^ clkbuf_0_clk/X (sky130_fd_sc_hd__clkbuf_16)
                                                         clknet_0_clk (net)
                      0.057438    0.000166    5.183694 ^ clkbuf_2_1__f_clk/A (sky130_fd_sc_hd__clkbuf_16)
    12    0.032280    0.053055    0.140803    5.324497 ^ clkbuf_2_1__f_clk/X (sky130_fd_sc_hd__clkbuf_16)
                                                         clknet_2_1__leaf_clk (net)
                      0.053055    0.000109    5.324606 ^ _272_/CLK (sky130_fd_sc_hd__dfrtp_2)
                                 -0.250000    5.074606   clock uncertainty
                                  0.000000    5.074606   clock reconvergence pessimism
                                 -0.117511    4.957095   library setup time
                                              4.957095   data required time
---------------------------------------------------------------------------------------------
                                              4.957095   data required time
                                             -2.505014   data arrival time
---------------------------------------------------------------------------------------------
                                              2.452081   slack (MET)


Startpoint: _299_ (rising edge-triggered flip-flop clocked by clk)
Endpoint: _277_ (rising edge-triggered flip-flop clocked by clk)
Path Group: clk
Path Type: max

Fanout         Cap        Slew       Delay        Time   Description
---------------------------------------------------------------------------------------------
                                  0.000000    0.000000   clock clk (rise edge)
                                  0.000000    0.000000   clock source latency
     1    0.011467    0.057956    0.038764    0.038764 ^ clk (in)
                                                         clk (net)
                      0.057957    0.000000    0.038764 ^ clkbuf_0_clk/A (sky130_fd_sc_hd__clkbuf_16)
     4    0.037315    0.057438    0.144764    0.183528 ^ clkbuf_0_clk/X (sky130_fd_sc_hd__clkbuf_16)
                                                         clknet_0_clk (net)
                      0.057438    0.000096    0.183624 ^ clkbuf_2_2__f_clk/A (sky130_fd_sc_hd__clkbuf_16)
    10    0.029850    0.050963    0.139009    0.322633 ^ clkbuf_2_2__f_clk/X (sky130_fd_sc_hd__clkbuf_16)
                                                         clknet_2_2__leaf_clk (net)
                      0.050963    0.000029    0.322662 ^ _299_/CLK (sky130_fd_sc_hd__dfrtp_1)
     3    0.010955    0.074430    0.397847    0.720509 v _299_/Q (sky130_fd_sc_hd__dfrtp_1)
                                                         current_state[0] (net)
                      0.074430    0.000043    0.720552 v fanout51/A (sky130_fd_sc_hd__clkbuf_4)
    10    0.028076    0.068438    0.186646    0.907198 v fanout51/X (sky130_fd_sc_hd__clkbuf_4)
                                                         net51 (net)
                      0.068438    0.000042    0.907240 v _142_/B (sky130_fd_sc_hd__or4bb_4)
     4    0.018119    0.111293    0.563424    1.470664 v _142_/X (sky130_fd_sc_hd__or4bb_4)
                                                         _122_ (net)
                      0.111293    0.000037    1.470701 v _167_/C1 (sky130_fd_sc_hd__o211a_4)
     3    0.010282    0.045846    0.171775    1.642477 v _167_/X (sky130_fd_sc_hd__o211a_4)
                                                         _028_ (net)
                      0.045846    0.000048    1.642525 v _229_/B (sky130_fd_sc_hd__or4_4)
     3    0.013298    0.099975    0.537170    2.179695 v _229_/X (sky130_fd_sc_hd__or4_4)
                                                         _080_ (net)
                      0.099975    0.000052    2.179747 v _242_/S (sky130_fd_sc_hd__mux2_1)
     1    0.002445    0.054479    0.320113    2.499860 v _242_/X (sky130_fd_sc_hd__mux2_1)
                                                         _014_ (net)
                      0.054479    0.000006    2.499866 v _277_/D (sky130_fd_sc_hd__dfrtp_1)
                                              2.499866   data arrival time

                                  5.000000    5.000000   clock clk (rise edge)
                                  0.000000    5.000000   clock source latency
     1    0.011467    0.057956    0.038764    5.038764 ^ clk (in)
                                                         clk (net)
                      0.057957    0.000000    5.038764 ^ clkbuf_0_clk/A (sky130_fd_sc_hd__clkbuf_16)
     4    0.037315    0.057438    0.144765    5.183528 ^ clkbuf_0_clk/X (sky130_fd_sc_hd__clkbuf_16)
                                                         clknet_0_clk (net)
                      0.057438    0.000095    5.183624 ^ clkbuf_2_2__f_clk/A (sky130_fd_sc_hd__clkbuf_16)
    10    0.029850    0.050963    0.139009    5.322633 ^ clkbuf_2_2__f_clk/X (sky130_fd_sc_hd__clkbuf_16)
                                                         clknet_2_2__leaf_clk (net)
                      0.050963    0.000145    5.322778 ^ _277_/CLK (sky130_fd_sc_hd__dfrtp_1)
                                 -0.250000    5.072778   clock uncertainty
                                  0.000000    5.072778   clock reconvergence pessimism
                                 -0.117043    4.955735   library setup time
                                              4.955735   data required time
---------------------------------------------------------------------------------------------
                                              4.955735   data required time
                                             -2.499866   data arrival time
---------------------------------------------------------------------------------------------
                                              2.455869   slack (MET)


Startpoint: _300_ (rising edge-triggered flip-flop clocked by clk)
Endpoint: _273_ (rising edge-triggered flip-flop clocked by clk)
Path Group: clk
Path Type: max

Fanout         Cap        Slew       Delay        Time   Description
---------------------------------------------------------------------------------------------
                                  0.000000    0.000000   clock clk (rise edge)
                                  0.000000    0.000000   clock source latency
     1    0.011467    0.057956    0.038764    0.038764 ^ clk (in)
                                                         clk (net)
                      0.057957    0.000000    0.038764 ^ clkbuf_0_clk/A (sky130_fd_sc_hd__clkbuf_16)
     4    0.037315    0.057438    0.144764    0.183528 ^ clkbuf_0_clk/X (sky130_fd_sc_hd__clkbuf_16)
                                                         clknet_0_clk (net)
                      0.057438    0.000073    0.183601 ^ clkbuf_2_3__f_clk/A (sky130_fd_sc_hd__clkbuf_16)
     8    0.029378    0.050558    0.138663    0.322263 ^ clkbuf_2_3__f_clk/X (sky130_fd_sc_hd__clkbuf_16)
                                                         clknet_2_3__leaf_clk (net)
                      0.050558    0.000052    0.322315 ^ _300_/CLK (sky130_fd_sc_hd__dfrtp_1)
     3    0.009781    0.069379    0.392978    0.715293 v _300_/Q (sky130_fd_sc_hd__dfrtp_1)
                                                         current_state[1] (net)
                      0.069379    0.000001    0.715294 v fanout50/A (sky130_fd_sc_hd__buf_2)
    10    0.028173    0.076205    0.180062    0.895356 v fanout50/X (sky130_fd_sc_hd__buf_2)
                                                         net50 (net)
                      0.076205    0.000035    0.895391 v _147_/B (sky130_fd_sc_hd__or4b_4)
     4    0.015382    0.104384    0.557638    1.453029 v _147_/X (sky130_fd_sc_hd__or4b_4)
                                                         _124_ (net)
                      0.104384    0.000135    1.453164 v _148_/A (sky130_fd_sc_hd__inv_2)
     8    0.033745    0.157063    0.164479    1.617643 ^ _148_/Y (sky130_fd_sc_hd__inv_2)
                                                         net32 (net)
                      0.157064    0.000284    1.617927 ^ fanout41/A (sky130_fd_sc_hd__buf_6)
    10    0.030329    0.070258    0.153385    1.771312 ^ fanout41/X (sky130_fd_sc_hd__buf_6)
                                                         net41 (net)
                      0.070258    0.000207    1.771520 ^ _198_/C (sky130_fd_sc_hd__nor3_1)
     2    0.004833    0.059008    0.054560    1.826080 v _198_/Y (sky130_fd_sc_hd__nor3_1)
                                                         _053_ (net)
                      0.059008    0.000005    1.826085 v max_cap40/A (sky130_fd_sc_hd__buf_1)
     3    0.008596    0.056788    0.120566    1.946650 v max_cap40/X (sky130_fd_sc_hd__buf_1)
                                                         net40 (net)
                      0.056788    0.000044    1.946694 v _220_/A2 (sky130_fd_sc_hd__a211o_1)
     1    0.002072    0.044227    0.281605    2.228299 v _220_/X (sky130_fd_sc_hd__a211o_1)
                                                         _073_ (net)
                      0.044227    0.000006    2.228305 v _221_/A0 (sky130_fd_sc_hd__mux2_1)
     1    0.002508    0.054991    0.273552    2.501857 v _221_/X (sky130_fd_sc_hd__mux2_1)
                                                         _010_ (net)
                      0.054991    0.000006    2.501864 v _273_/D (sky130_fd_sc_hd__dfrtp_1)
                                              2.501864   data arrival time

                                  5.000000    5.000000   clock clk (rise edge)
                                  0.000000    5.000000   clock source latency
     1    0.011467    0.057956    0.038764    5.038764 ^ clk (in)
                                                         clk (net)
                      0.057957    0.000000    5.038764 ^ clkbuf_0_clk/A (sky130_fd_sc_hd__clkbuf_16)
     4    0.037315    0.057438    0.144765    5.183528 ^ clkbuf_0_clk/X (sky130_fd_sc_hd__clkbuf_16)
                                                         clknet_0_clk (net)
                      0.057438    0.000166    5.183694 ^ clkbuf_2_1__f_clk/A (sky130_fd_sc_hd__clkbuf_16)
    12    0.032280    0.053055    0.140803    5.324497 ^ clkbuf_2_1__f_clk/X (sky130_fd_sc_hd__clkbuf_16)
                                                         clknet_2_1__leaf_clk (net)
                      0.053055    0.000105    5.324603 ^ _273_/CLK (sky130_fd_sc_hd__dfrtp_1)
                                 -0.250000    5.074603   clock uncertainty
                                  0.000000    5.074603   clock reconvergence pessimism
                                 -0.116788    4.957815   library setup time
                                              4.957815   data required time
---------------------------------------------------------------------------------------------
                                              4.957815   data required time
                                             -2.501864   data arrival time
---------------------------------------------------------------------------------------------
                                              2.455951   slack (MET)


Startpoint: _299_ (rising edge-triggered flip-flop clocked by clk)
Endpoint: _276_ (rising edge-triggered flip-flop clocked by clk)
Path Group: clk
Path Type: max

Fanout         Cap        Slew       Delay        Time   Description
---------------------------------------------------------------------------------------------
                                  0.000000    0.000000   clock clk (rise edge)
                                  0.000000    0.000000   clock source latency
     1    0.011467    0.057956    0.038764    0.038764 ^ clk (in)
                                                         clk (net)
                      0.057957    0.000000    0.038764 ^ clkbuf_0_clk/A (sky130_fd_sc_hd__clkbuf_16)
     4    0.037315    0.057438    0.144764    0.183528 ^ clkbuf_0_clk/X (sky130_fd_sc_hd__clkbuf_16)
                                                         clknet_0_clk (net)
                      0.057438    0.000096    0.183624 ^ clkbuf_2_2__f_clk/A (sky130_fd_sc_hd__clkbuf_16)
    10    0.029850    0.050963    0.139009    0.322633 ^ clkbuf_2_2__f_clk/X (sky130_fd_sc_hd__clkbuf_16)
                                                         clknet_2_2__leaf_clk (net)
                      0.050963    0.000029    0.322662 ^ _299_/CLK (sky130_fd_sc_hd__dfrtp_1)
     3    0.010955    0.074430    0.397847    0.720509 v _299_/Q (sky130_fd_sc_hd__dfrtp_1)
                                                         current_state[0] (net)
                      0.074430    0.000043    0.720552 v fanout51/A (sky130_fd_sc_hd__clkbuf_4)
    10    0.028076    0.068438    0.186646    0.907198 v fanout51/X (sky130_fd_sc_hd__clkbuf_4)
                                                         net51 (net)
                      0.068438    0.000042    0.907240 v _142_/B (sky130_fd_sc_hd__or4bb_4)
     4    0.018119    0.111293    0.563424    1.470664 v _142_/X (sky130_fd_sc_hd__or4bb_4)
                                                         _122_ (net)
                      0.111293    0.000037    1.470701 v _167_/C1 (sky130_fd_sc_hd__o211a_4)
     3    0.010282    0.045846    0.171775    1.642477 v _167_/X (sky130_fd_sc_hd__o211a_4)
                                                         _028_ (net)
                      0.045846    0.000048    1.642525 v _229_/B (sky130_fd_sc_hd__or4_4)
     3    0.013298    0.099975    0.537170    2.179695 v _229_/X (sky130_fd_sc_hd__or4_4)
                                                         _080_ (net)
                      0.099975    0.000105    2.179800 v _237_/S (sky130_fd_sc_hd__mux2_1)
     1    0.002484    0.054901    0.320485    2.500285 v _237_/X (sky130_fd_sc_hd__mux2_1)
                                                         _013_ (net)
                      0.054901    0.000006    2.500291 v _276_/D (sky130_fd_sc_hd__dfrtp_1)
                                              2.500291   data arrival time

                                  5.000000    5.000000   clock clk (rise edge)
                                  0.000000    5.000000   clock source latency
     1    0.011467    0.057956    0.038764    5.038764 ^ clk (in)
                                                         clk (net)
                      0.057957    0.000000    5.038764 ^ clkbuf_0_clk/A (sky130_fd_sc_hd__clkbuf_16)
     4    0.037315    0.057438    0.144765    5.183528 ^ clkbuf_0_clk/X (sky130_fd_sc_hd__clkbuf_16)
                                                         clknet_0_clk (net)
                      0.057438    0.000171    5.183700 ^ clkbuf_2_0__f_clk/A (sky130_fd_sc_hd__clkbuf_16)
    13    0.034127    0.054652    0.142187    5.325887 ^ clkbuf_2_0__f_clk/X (sky130_fd_sc_hd__clkbuf_16)
                                                         clknet_2_0__leaf_clk (net)
                      0.054653    0.000189    5.326076 ^ _276_/CLK (sky130_fd_sc_hd__dfrtp_1)
                                 -0.250000    5.076076   clock uncertainty
                                  0.000000    5.076076   clock reconvergence pessimism
                                 -0.116382    4.959694   library setup time
                                              4.959694   data required time
---------------------------------------------------------------------------------------------
                                              4.959694   data required time
                                             -2.500291   data arrival time
---------------------------------------------------------------------------------------------
                                              2.459403   slack (MET)


Startpoint: _299_ (rising edge-triggered flip-flop clocked by clk)
Endpoint: _275_ (rising edge-triggered flip-flop clocked by clk)
Path Group: clk
Path Type: max

Fanout         Cap        Slew       Delay        Time   Description
---------------------------------------------------------------------------------------------
                                  0.000000    0.000000   clock clk (rise edge)
                                  0.000000    0.000000   clock source latency
     1    0.011467    0.057956    0.038764    0.038764 ^ clk (in)
                                                         clk (net)
                      0.057957    0.000000    0.038764 ^ clkbuf_0_clk/A (sky130_fd_sc_hd__clkbuf_16)
     4    0.037315    0.057438    0.144764    0.183528 ^ clkbuf_0_clk/X (sky130_fd_sc_hd__clkbuf_16)
                                                         clknet_0_clk (net)
                      0.057438    0.000096    0.183624 ^ clkbuf_2_2__f_clk/A (sky130_fd_sc_hd__clkbuf_16)
    10    0.029850    0.050963    0.139009    0.322633 ^ clkbuf_2_2__f_clk/X (sky130_fd_sc_hd__clkbuf_16)
                                                         clknet_2_2__leaf_clk (net)
                      0.050963    0.000029    0.322662 ^ _299_/CLK (sky130_fd_sc_hd__dfrtp_1)
     3    0.010955    0.074430    0.397847    0.720509 v _299_/Q (sky130_fd_sc_hd__dfrtp_1)
                                                         current_state[0] (net)
                      0.074430    0.000043    0.720552 v fanout51/A (sky130_fd_sc_hd__clkbuf_4)
    10    0.028076    0.068438    0.186646    0.907198 v fanout51/X (sky130_fd_sc_hd__clkbuf_4)
                                                         net51 (net)
                      0.068438    0.000042    0.907240 v _142_/B (sky130_fd_sc_hd__or4bb_4)
     4    0.018119    0.111293    0.563424    1.470664 v _142_/X (sky130_fd_sc_hd__or4bb_4)
                                                         _122_ (net)
                      0.111293    0.000037    1.470701 v _167_/C1 (sky130_fd_sc_hd__o211a_4)
     3    0.010282    0.045846    0.171775    1.642477 v _167_/X (sky130_fd_sc_hd__o211a_4)
                                                         _028_ (net)
                      0.045846    0.000048    1.642525 v _229_/B (sky130_fd_sc_hd__or4_4)
     3    0.013298    0.099975    0.537170    2.179695 v _229_/X (sky130_fd_sc_hd__or4_4)
                                                         _080_ (net)
                      0.099975    0.000084    2.179780 v _232_/S (sky130_fd_sc_hd__mux2_1)
     1    0.002349    0.054002    0.319219    2.498998 v _232_/X (sky130_fd_sc_hd__mux2_1)
                                                         _012_ (net)
                      0.054002    0.000005    2.499003 v _275_/D (sky130_fd_sc_hd__dfrtp_2)
                                              2.499003   data arrival time

                                  5.000000    5.000000   clock clk (rise edge)
                                  0.000000    5.000000   clock source latency
     1    0.011467    0.057956    0.038764    5.038764 ^ clk (in)
                                                         clk (net)
                      0.057957    0.000000    5.038764 ^ clkbuf_0_clk/A (sky130_fd_sc_hd__clkbuf_16)
     4    0.037315    0.057438    0.144765    5.183528 ^ clkbuf_0_clk/X (sky130_fd_sc_hd__clkbuf_16)
                                                         clknet_0_clk (net)
                      0.057438    0.000171    5.183700 ^ clkbuf_2_0__f_clk/A (sky130_fd_sc_hd__clkbuf_16)
    13    0.034127    0.054652    0.142187    5.325887 ^ clkbuf_2_0__f_clk/X (sky130_fd_sc_hd__clkbuf_16)
                                                         clknet_2_0__leaf_clk (net)
                      0.054652    0.000118    5.326005 ^ _275_/CLK (sky130_fd_sc_hd__dfrtp_2)
                                 -0.250000    5.076005   clock uncertainty
                                  0.000000    5.076005   clock reconvergence pessimism
                                 -0.117209    4.958795   library setup time
                                              4.958795   data required time
---------------------------------------------------------------------------------------------
                                              4.958795   data required time
                                             -2.499003   data arrival time
---------------------------------------------------------------------------------------------
                                              2.459792   slack (MET)


Startpoint: _300_ (rising edge-triggered flip-flop clocked by clk)
Endpoint: _274_ (rising edge-triggered flip-flop clocked by clk)
Path Group: clk
Path Type: max

Fanout         Cap        Slew       Delay        Time   Description
---------------------------------------------------------------------------------------------
                                  0.000000    0.000000   clock clk (rise edge)
                                  0.000000    0.000000   clock source latency
     1    0.011467    0.057956    0.038764    0.038764 ^ clk (in)
                                                         clk (net)
                      0.057957    0.000000    0.038764 ^ clkbuf_0_clk/A (sky130_fd_sc_hd__clkbuf_16)
     4    0.037315    0.057438    0.144764    0.183528 ^ clkbuf_0_clk/X (sky130_fd_sc_hd__clkbuf_16)
                                                         clknet_0_clk (net)
                      0.057438    0.000073    0.183601 ^ clkbuf_2_3__f_clk/A (sky130_fd_sc_hd__clkbuf_16)
     8    0.029378    0.050558    0.138663    0.322263 ^ clkbuf_2_3__f_clk/X (sky130_fd_sc_hd__clkbuf_16)
                                                         clknet_2_3__leaf_clk (net)
                      0.050558    0.000052    0.322315 ^ _300_/CLK (sky130_fd_sc_hd__dfrtp_1)
     3    0.009781    0.069379    0.392978    0.715293 v _300_/Q (sky130_fd_sc_hd__dfrtp_1)
                                                         current_state[1] (net)
                      0.069379    0.000001    0.715294 v fanout50/A (sky130_fd_sc_hd__buf_2)
    10    0.028173    0.076205    0.180062    0.895356 v fanout50/X (sky130_fd_sc_hd__buf_2)
                                                         net50 (net)
                      0.076205    0.000035    0.895391 v _147_/B (sky130_fd_sc_hd__or4b_4)
     4    0.015382    0.104384    0.557638    1.453029 v _147_/X (sky130_fd_sc_hd__or4b_4)
                                                         _124_ (net)
                      0.104384    0.000135    1.453164 v _148_/A (sky130_fd_sc_hd__inv_2)
     8    0.033745    0.157063    0.164479    1.617643 ^ _148_/Y (sky130_fd_sc_hd__inv_2)
                                                         net32 (net)
                      0.157064    0.000284    1.617927 ^ fanout41/A (sky130_fd_sc_hd__buf_6)
    10    0.030329    0.070258    0.153385    1.771312 ^ fanout41/X (sky130_fd_sc_hd__buf_6)
                                                         net41 (net)
                      0.070258    0.000207    1.771520 ^ _198_/C (sky130_fd_sc_hd__nor3_1)
     2    0.004833    0.059008    0.054560    1.826080 v _198_/Y (sky130_fd_sc_hd__nor3_1)
                                                         _053_ (net)
                      0.059008    0.000004    1.826084 v _226_/A2 (sky130_fd_sc_hd__a2111o_1)
     1    0.001853    0.053633    0.393289    2.219373 v _226_/X (sky130_fd_sc_hd__a2111o_1)
                                                         _078_ (net)
                      0.053633    0.000002    2.219375 v _227_/B2 (sky130_fd_sc_hd__o2bb2a_1)
     1    0.002331    0.051761    0.270461    2.489836 v _227_/X (sky130_fd_sc_hd__o2bb2a_1)
                                                         _011_ (net)
                      0.051761    0.000005    2.489841 v _274_/D (sky130_fd_sc_hd__dfrtp_1)
                                              2.489841   data arrival time

                                  5.000000    5.000000   clock clk (rise edge)
                                  0.000000    5.000000   clock source latency
     1    0.011467    0.057956    0.038764    5.038764 ^ clk (in)
                                                         clk (net)
                      0.057957    0.000000    5.038764 ^ clkbuf_0_clk/A (sky130_fd_sc_hd__clkbuf_16)
     4    0.037315    0.057438    0.144765    5.183528 ^ clkbuf_0_clk/X (sky130_fd_sc_hd__clkbuf_16)
                                                         clknet_0_clk (net)
                      0.057438    0.000166    5.183694 ^ clkbuf_2_1__f_clk/A (sky130_fd_sc_hd__clkbuf_16)
    12    0.032280    0.053055    0.140803    5.324497 ^ clkbuf_2_1__f_clk/X (sky130_fd_sc_hd__clkbuf_16)
                                                         clknet_2_1__leaf_clk (net)
                      0.053055    0.000012    5.324509 ^ _274_/CLK (sky130_fd_sc_hd__dfrtp_1)
                                 -0.250000    5.074509   clock uncertainty
                                  0.000000    5.074509   clock reconvergence pessimism
                                 -0.115379    4.959130   library setup time
                                              4.959130   data required time
---------------------------------------------------------------------------------------------
                                              4.959130   data required time
                                             -2.489841   data arrival time
---------------------------------------------------------------------------------------------
                                              2.469290   slack (MET)


Startpoint: _300_ (rising edge-triggered flip-flop clocked by clk)
Endpoint: _264_ (rising edge-triggered flip-flop clocked by clk)
Path Group: clk
Path Type: max

Fanout         Cap        Slew       Delay        Time   Description
---------------------------------------------------------------------------------------------
                                  0.000000    0.000000   clock clk (rise edge)
                                  0.000000    0.000000   clock source latency
     1    0.011467    0.057956    0.038764    0.038764 ^ clk (in)
                                                         clk (net)
                      0.057957    0.000000    0.038764 ^ clkbuf_0_clk/A (sky130_fd_sc_hd__clkbuf_16)
     4    0.037315    0.057438    0.144764    0.183528 ^ clkbuf_0_clk/X (sky130_fd_sc_hd__clkbuf_16)
                                                         clknet_0_clk (net)
                      0.057438    0.000073    0.183601 ^ clkbuf_2_3__f_clk/A (sky130_fd_sc_hd__clkbuf_16)
     8    0.029378    0.050558    0.138663    0.322263 ^ clkbuf_2_3__f_clk/X (sky130_fd_sc_hd__clkbuf_16)
                                                         clknet_2_3__leaf_clk (net)
                      0.050558    0.000052    0.322315 ^ _300_/CLK (sky130_fd_sc_hd__dfrtp_1)
     3    0.009781    0.069379    0.392978    0.715293 v _300_/Q (sky130_fd_sc_hd__dfrtp_1)
                                                         current_state[1] (net)
                      0.069379    0.000001    0.715294 v fanout50/A (sky130_fd_sc_hd__buf_2)
    10    0.028173    0.076205    0.180062    0.895356 v fanout50/X (sky130_fd_sc_hd__buf_2)
                                                         net50 (net)
                      0.076205    0.000035    0.895391 v _147_/B (sky130_fd_sc_hd__or4b_4)
     4    0.015382    0.104384    0.557638    1.453029 v _147_/X (sky130_fd_sc_hd__or4b_4)
                                                         _124_ (net)
                      0.104384    0.000135    1.453164 v _148_/A (sky130_fd_sc_hd__inv_2)
     8    0.033745    0.157063    0.164479    1.617643 ^ _148_/Y (sky130_fd_sc_hd__inv_2)
                                                         net32 (net)
                      0.157064    0.000284    1.617927 ^ fanout41/A (sky130_fd_sc_hd__buf_6)
    10    0.030329    0.070258    0.153385    1.771312 ^ fanout41/X (sky130_fd_sc_hd__buf_6)
                                                         net41 (net)
                      0.070258    0.000041    1.771353 ^ _157_/B1 (sky130_fd_sc_hd__a2bb2o_4)
     6    0.022622    0.081735    0.161676    1.933029 ^ _157_/X (sky130_fd_sc_hd__a2bb2o_4)
                                                         _020_ (net)
                      0.081735    0.000232    1.933261 ^ _158_/B1 (sky130_fd_sc_hd__a21o_1)
     2    0.007936    0.080320    0.116881    2.050142 ^ _158_/X (sky130_fd_sc_hd__a21o_1)
                                                         _021_ (net)
                      0.080320    0.000025    2.050167 ^ _162_/S (sky130_fd_sc_hd__mux2_1)
     1    0.002652    0.055791    0.317321    2.367488 v _162_/X (sky130_fd_sc_hd__mux2_1)
                                                         _001_ (net)
                      0.055791    0.000007    2.367495 v _264_/D (sky130_fd_sc_hd__dfrtp_1)
                                              2.367495   data arrival time

                                  5.000000    5.000000   clock clk (rise edge)
                                  0.000000    5.000000   clock source latency
     1    0.011467    0.057956    0.038764    5.038764 ^ clk (in)
                                                         clk (net)
                      0.057957    0.000000    5.038764 ^ clkbuf_0_clk/A (sky130_fd_sc_hd__clkbuf_16)
     4    0.037315    0.057438    0.144765    5.183528 ^ clkbuf_0_clk/X (sky130_fd_sc_hd__clkbuf_16)
                                                         clknet_0_clk (net)
                      0.057438    0.000095    5.183624 ^ clkbuf_2_2__f_clk/A (sky130_fd_sc_hd__clkbuf_16)
    10    0.029850    0.050963    0.139009    5.322633 ^ clkbuf_2_2__f_clk/X (sky130_fd_sc_hd__clkbuf_16)
                                                         clknet_2_2__leaf_clk (net)
                      0.050963    0.000083    5.322716 ^ _264_/CLK (sky130_fd_sc_hd__dfrtp_1)
                                 -0.250000    5.072716   clock uncertainty
                                  0.000000    5.072716   clock reconvergence pessimism
                                 -0.117615    4.955101   library setup time
                                              4.955101   data required time
---------------------------------------------------------------------------------------------
                                              4.955101   data required time
                                             -2.367495   data arrival time
---------------------------------------------------------------------------------------------
                                              2.587606   slack (MET)


Startpoint: _300_ (rising edge-triggered flip-flop clocked by clk)
Endpoint: _263_ (rising edge-triggered flip-flop clocked by clk)
Path Group: clk
Path Type: max

Fanout         Cap        Slew       Delay        Time   Description
---------------------------------------------------------------------------------------------
                                  0.000000    0.000000   clock clk (rise edge)
                                  0.000000    0.000000   clock source latency
     1    0.011467    0.057956    0.038764    0.038764 ^ clk (in)
                                                         clk (net)
                      0.057957    0.000000    0.038764 ^ clkbuf_0_clk/A (sky130_fd_sc_hd__clkbuf_16)
     4    0.037315    0.057438    0.144764    0.183528 ^ clkbuf_0_clk/X (sky130_fd_sc_hd__clkbuf_16)
                                                         clknet_0_clk (net)
                      0.057438    0.000073    0.183601 ^ clkbuf_2_3__f_clk/A (sky130_fd_sc_hd__clkbuf_16)
     8    0.029378    0.050558    0.138663    0.322263 ^ clkbuf_2_3__f_clk/X (sky130_fd_sc_hd__clkbuf_16)
                                                         clknet_2_3__leaf_clk (net)
                      0.050558    0.000052    0.322315 ^ _300_/CLK (sky130_fd_sc_hd__dfrtp_1)
     3    0.009781    0.069379    0.392978    0.715293 v _300_/Q (sky130_fd_sc_hd__dfrtp_1)
                                                         current_state[1] (net)
                      0.069379    0.000001    0.715294 v fanout50/A (sky130_fd_sc_hd__buf_2)
    10    0.028173    0.076205    0.180062    0.895356 v fanout50/X (sky130_fd_sc_hd__buf_2)
                                                         net50 (net)
                      0.076205    0.000035    0.895391 v _147_/B (sky130_fd_sc_hd__or4b_4)
     4    0.015382    0.104384    0.557638    1.453029 v _147_/X (sky130_fd_sc_hd__or4b_4)
                                                         _124_ (net)
                      0.104384    0.000135    1.453164 v _148_/A (sky130_fd_sc_hd__inv_2)
     8    0.033745    0.157063    0.164479    1.617643 ^ _148_/Y (sky130_fd_sc_hd__inv_2)
                                                         net32 (net)
                      0.157064    0.000284    1.617927 ^ fanout41/A (sky130_fd_sc_hd__buf_6)
    10    0.030329    0.070258    0.153385    1.771312 ^ fanout41/X (sky130_fd_sc_hd__buf_6)
                                                         net41 (net)
                      0.070258    0.000041    1.771353 ^ _157_/B1 (sky130_fd_sc_hd__a2bb2o_4)
     6    0.022622    0.081735    0.161676    1.933029 ^ _157_/X (sky130_fd_sc_hd__a2bb2o_4)
                                                         _020_ (net)
                      0.081735    0.000232    1.933261 ^ _158_/B1 (sky130_fd_sc_hd__a21o_1)
     2    0.007936    0.080320    0.116881    2.050142 ^ _158_/X (sky130_fd_sc_hd__a21o_1)
                                                         _021_ (net)
                      0.080320    0.000031    2.050173 ^ _160_/S (sky130_fd_sc_hd__mux2_1)
     1    0.002405    0.054325    0.314989    2.365161 v _160_/X (sky130_fd_sc_hd__mux2_1)
                                                         _000_ (net)
                      0.054325    0.000005    2.365167 v _263_/D (sky130_fd_sc_hd__dfrtp_1)
                                              2.365167   data arrival time

                                  5.000000    5.000000   clock clk (rise edge)
                                  0.000000    5.000000   clock source latency
     1    0.011467    0.057956    0.038764    5.038764 ^ clk (in)
                                                         clk (net)
                      0.057957    0.000000    5.038764 ^ clkbuf_0_clk/A (sky130_fd_sc_hd__clkbuf_16)
     4    0.037315    0.057438    0.144765    5.183528 ^ clkbuf_0_clk/X (sky130_fd_sc_hd__clkbuf_16)
                                                         clknet_0_clk (net)
                      0.057438    0.000095    5.183624 ^ clkbuf_2_2__f_clk/A (sky130_fd_sc_hd__clkbuf_16)
    10    0.029850    0.050963    0.139009    5.322633 ^ clkbuf_2_2__f_clk/X (sky130_fd_sc_hd__clkbuf_16)
                                                         clknet_2_2__leaf_clk (net)
                      0.050963    0.000091    5.322724 ^ _263_/CLK (sky130_fd_sc_hd__dfrtp_1)
                                 -0.250000    5.072724   clock uncertainty
                                  0.000000    5.072724   clock reconvergence pessimism
                                 -0.116976    4.955749   library setup time
                                              4.955749   data required time
---------------------------------------------------------------------------------------------
                                              4.955749   data required time
                                             -2.365167   data arrival time
---------------------------------------------------------------------------------------------
                                              2.590582   slack (MET)


Startpoint: _300_ (rising edge-triggered flip-flop clocked by clk)
Endpoint: _267_ (rising edge-triggered flip-flop clocked by clk)
Path Group: clk
Path Type: max

Fanout         Cap        Slew       Delay        Time   Description
---------------------------------------------------------------------------------------------
                                  0.000000    0.000000   clock clk (rise edge)
                                  0.000000    0.000000   clock source latency
     1    0.011467    0.057956    0.038764    0.038764 ^ clk (in)
                                                         clk (net)
                      0.057957    0.000000    0.038764 ^ clkbuf_0_clk/A (sky130_fd_sc_hd__clkbuf_16)
     4    0.037315    0.057438    0.144764    0.183528 ^ clkbuf_0_clk/X (sky130_fd_sc_hd__clkbuf_16)
                                                         clknet_0_clk (net)
                      0.057438    0.000073    0.183601 ^ clkbuf_2_3__f_clk/A (sky130_fd_sc_hd__clkbuf_16)
     8    0.029378    0.050558    0.138663    0.322263 ^ clkbuf_2_3__f_clk/X (sky130_fd_sc_hd__clkbuf_16)
                                                         clknet_2_3__leaf_clk (net)
                      0.050558    0.000052    0.322315 ^ _300_/CLK (sky130_fd_sc_hd__dfrtp_1)
     3    0.009781    0.069379    0.392978    0.715293 v _300_/Q (sky130_fd_sc_hd__dfrtp_1)
                                                         current_state[1] (net)
                      0.069379    0.000001    0.715294 v fanout50/A (sky130_fd_sc_hd__buf_2)
    10    0.028173    0.076205    0.180062    0.895356 v fanout50/X (sky130_fd_sc_hd__buf_2)
                                                         net50 (net)
                      0.076205    0.000035    0.895391 v _147_/B (sky130_fd_sc_hd__or4b_4)
     4    0.015382    0.104384    0.557638    1.453029 v _147_/X (sky130_fd_sc_hd__or4b_4)
                                                         _124_ (net)
                      0.104384    0.000135    1.453164 v _148_/A (sky130_fd_sc_hd__inv_2)
     8    0.033745    0.157063    0.164479    1.617643 ^ _148_/Y (sky130_fd_sc_hd__inv_2)
                                                         net32 (net)
                      0.157064    0.000284    1.617927 ^ fanout41/A (sky130_fd_sc_hd__buf_6)
    10    0.030329    0.070258    0.153385    1.771312 ^ fanout41/X (sky130_fd_sc_hd__buf_6)
                                                         net41 (net)
                      0.070258    0.000041    1.771353 ^ _157_/B1 (sky130_fd_sc_hd__a2bb2o_4)
     6    0.022622    0.081735    0.161676    1.933029 ^ _157_/X (sky130_fd_sc_hd__a2bb2o_4)
                                                         _020_ (net)
                      0.081735    0.000273    1.933302 ^ _169_/A (sky130_fd_sc_hd__nor3_2)
     4    0.016195    0.055518    0.075176    2.008478 v _169_/Y (sky130_fd_sc_hd__nor3_2)
                                                         _030_ (net)
                      0.055518    0.000096    2.008574 v _185_/S (sky130_fd_sc_hd__mux2_1)
     1    0.002969    0.057737    0.309000    2.317574 v _185_/X (sky130_fd_sc_hd__mux2_1)
                                                         _004_ (net)
                      0.057737    0.000011    2.317585 v _267_/D (sky130_fd_sc_hd__dfrtp_1)
                                              2.317585   data arrival time

                                  5.000000    5.000000   clock clk (rise edge)
                                  0.000000    5.000000   clock source latency
     1    0.011467    0.057956    0.038764    5.038764 ^ clk (in)
                                                         clk (net)
                      0.057957    0.000000    5.038764 ^ clkbuf_0_clk/A (sky130_fd_sc_hd__clkbuf_16)
     4    0.037315    0.057438    0.144765    5.183528 ^ clkbuf_0_clk/X (sky130_fd_sc_hd__clkbuf_16)
                                                         clknet_0_clk (net)
                      0.057438    0.000171    5.183700 ^ clkbuf_2_0__f_clk/A (sky130_fd_sc_hd__clkbuf_16)
    13    0.034127    0.054652    0.142187    5.325887 ^ clkbuf_2_0__f_clk/X (sky130_fd_sc_hd__clkbuf_16)
                                                         clknet_2_0__leaf_clk (net)
                      0.054652    0.000075    5.325962 ^ _267_/CLK (sky130_fd_sc_hd__dfrtp_1)
                                 -0.250000    5.075962   clock uncertainty
                                  0.000000    5.075962   clock reconvergence pessimism
                                 -0.117619    4.958343   library setup time
                                              4.958343   data required time
---------------------------------------------------------------------------------------------
                                              4.958343   data required time
                                             -2.317585   data arrival time
---------------------------------------------------------------------------------------------
                                              2.640758   slack (MET)


Startpoint: _300_ (rising edge-triggered flip-flop clocked by clk)
Endpoint: _268_ (rising edge-triggered flip-flop clocked by clk)
Path Group: clk
Path Type: max

Fanout         Cap        Slew       Delay        Time   Description
---------------------------------------------------------------------------------------------
                                  0.000000    0.000000   clock clk (rise edge)
                                  0.000000    0.000000   clock source latency
     1    0.011467    0.057956    0.038764    0.038764 ^ clk (in)
                                                         clk (net)
                      0.057957    0.000000    0.038764 ^ clkbuf_0_clk/A (sky130_fd_sc_hd__clkbuf_16)
     4    0.037315    0.057438    0.144764    0.183528 ^ clkbuf_0_clk/X (sky130_fd_sc_hd__clkbuf_16)
                                                         clknet_0_clk (net)
                      0.057438    0.000073    0.183601 ^ clkbuf_2_3__f_clk/A (sky130_fd_sc_hd__clkbuf_16)
     8    0.029378    0.050558    0.138663    0.322263 ^ clkbuf_2_3__f_clk/X (sky130_fd_sc_hd__clkbuf_16)
                                                         clknet_2_3__leaf_clk (net)
                      0.050558    0.000052    0.322315 ^ _300_/CLK (sky130_fd_sc_hd__dfrtp_1)
     3    0.009781    0.069379    0.392978    0.715293 v _300_/Q (sky130_fd_sc_hd__dfrtp_1)
                                                         current_state[1] (net)
                      0.069379    0.000001    0.715294 v fanout50/A (sky130_fd_sc_hd__buf_2)
    10    0.028173    0.076205    0.180062    0.895356 v fanout50/X (sky130_fd_sc_hd__buf_2)
                                                         net50 (net)
                      0.076205    0.000035    0.895391 v _147_/B (sky130_fd_sc_hd__or4b_4)
     4    0.015382    0.104384    0.557638    1.453029 v _147_/X (sky130_fd_sc_hd__or4b_4)
                                                         _124_ (net)
                      0.104384    0.000135    1.453164 v _148_/A (sky130_fd_sc_hd__inv_2)
     8    0.033745    0.157063    0.164479    1.617643 ^ _148_/Y (sky130_fd_sc_hd__inv_2)
                                                         net32 (net)
                      0.157064    0.000284    1.617927 ^ fanout41/A (sky130_fd_sc_hd__buf_6)
    10    0.030329    0.070258    0.153385    1.771312 ^ fanout41/X (sky130_fd_sc_hd__buf_6)
                                                         net41 (net)
                      0.070258    0.000041    1.771353 ^ _157_/B1 (sky130_fd_sc_hd__a2bb2o_4)
     6    0.022622    0.081735    0.161676    1.933029 ^ _157_/X (sky130_fd_sc_hd__a2bb2o_4)
                                                         _020_ (net)
                      0.081735    0.000273    1.933302 ^ _169_/A (sky130_fd_sc_hd__nor3_2)
     4    0.016195    0.055518    0.075176    2.008478 v _169_/Y (sky130_fd_sc_hd__nor3_2)
                                                         _030_ (net)
                      0.055518    0.000087    2.008565 v _190_/S (sky130_fd_sc_hd__mux2_1)
     1    0.002440    0.054515    0.304024    2.312588 v _190_/X (sky130_fd_sc_hd__mux2_1)
                                                         _005_ (net)
                      0.054515    0.000006    2.312594 v _268_/D (sky130_fd_sc_hd__dfrtp_1)
                                              2.312594   data arrival time

                                  5.000000    5.000000   clock clk (rise edge)
                                  0.000000    5.000000   clock source latency
     1    0.011467    0.057956    0.038764    5.038764 ^ clk (in)
                                                         clk (net)
                      0.057957    0.000000    5.038764 ^ clkbuf_0_clk/A (sky130_fd_sc_hd__clkbuf_16)
     4    0.037315    0.057438    0.144765    5.183528 ^ clkbuf_0_clk/X (sky130_fd_sc_hd__clkbuf_16)
                                                         clknet_0_clk (net)
                      0.057438    0.000072    5.183601 ^ clkbuf_2_3__f_clk/A (sky130_fd_sc_hd__clkbuf_16)
     8    0.029378    0.050558    0.138663    5.322264 ^ clkbuf_2_3__f_clk/X (sky130_fd_sc_hd__clkbuf_16)
                                                         clknet_2_3__leaf_clk (net)
                      0.050558    0.000065    5.322329 ^ _268_/CLK (sky130_fd_sc_hd__dfrtp_1)
                                 -0.250000    5.072329   clock uncertainty
                                  0.000000    5.072329   clock reconvergence pessimism
                                 -0.117152    4.955176   library setup time
                                              4.955176   data required time
---------------------------------------------------------------------------------------------
                                              4.955176   data required time
                                             -2.312594   data arrival time
---------------------------------------------------------------------------------------------
                                              2.642582   slack (MET)


Startpoint: _300_ (rising edge-triggered flip-flop clocked by clk)
Endpoint: _265_ (rising edge-triggered flip-flop clocked by clk)
Path Group: clk
Path Type: max

Fanout         Cap        Slew       Delay        Time   Description
---------------------------------------------------------------------------------------------
                                  0.000000    0.000000   clock clk (rise edge)
                                  0.000000    0.000000   clock source latency
     1    0.011467    0.057956    0.038764    0.038764 ^ clk (in)
                                                         clk (net)
                      0.057957    0.000000    0.038764 ^ clkbuf_0_clk/A (sky130_fd_sc_hd__clkbuf_16)
     4    0.037315    0.057438    0.144764    0.183528 ^ clkbuf_0_clk/X (sky130_fd_sc_hd__clkbuf_16)
                                                         clknet_0_clk (net)
                      0.057438    0.000073    0.183601 ^ clkbuf_2_3__f_clk/A (sky130_fd_sc_hd__clkbuf_16)
     8    0.029378    0.050558    0.138663    0.322263 ^ clkbuf_2_3__f_clk/X (sky130_fd_sc_hd__clkbuf_16)
                                                         clknet_2_3__leaf_clk (net)
                      0.050558    0.000052    0.322315 ^ _300_/CLK (sky130_fd_sc_hd__dfrtp_1)
     3    0.009781    0.069379    0.392978    0.715293 v _300_/Q (sky130_fd_sc_hd__dfrtp_1)
                                                         current_state[1] (net)
                      0.069379    0.000001    0.715294 v fanout50/A (sky130_fd_sc_hd__buf_2)
    10    0.028173    0.076205    0.180062    0.895356 v fanout50/X (sky130_fd_sc_hd__buf_2)
                                                         net50 (net)
                      0.076205    0.000035    0.895391 v _147_/B (sky130_fd_sc_hd__or4b_4)
     4    0.015382    0.104384    0.557638    1.453029 v _147_/X (sky130_fd_sc_hd__or4b_4)
                                                         _124_ (net)
                      0.104384    0.000135    1.453164 v _148_/A (sky130_fd_sc_hd__inv_2)
     8    0.033745    0.157063    0.164479    1.617643 ^ _148_/Y (sky130_fd_sc_hd__inv_2)
                                                         net32 (net)
                      0.157064    0.000284    1.617927 ^ fanout41/A (sky130_fd_sc_hd__buf_6)
    10    0.030329    0.070258    0.153385    1.771312 ^ fanout41/X (sky130_fd_sc_hd__buf_6)
                                                         net41 (net)
                      0.070258    0.000041    1.771353 ^ _157_/B1 (sky130_fd_sc_hd__a2bb2o_4)
     6    0.022622    0.081735    0.161676    1.933029 ^ _157_/X (sky130_fd_sc_hd__a2bb2o_4)
                                                         _020_ (net)
                      0.081735    0.000273    1.933302 ^ _169_/A (sky130_fd_sc_hd__nor3_2)
     4    0.016195    0.055518    0.075176    2.008478 v _169_/Y (sky130_fd_sc_hd__nor3_2)
                                                         _030_ (net)
                      0.055518    0.000132    2.008610 v _173_/S (sky130_fd_sc_hd__mux2_1)
     1    0.002270    0.053538    0.302428    2.311038 v _173_/X (sky130_fd_sc_hd__mux2_1)
                                                         _002_ (net)
                      0.053538    0.000004    2.311043 v _265_/D (sky130_fd_sc_hd__dfrtp_4)
                                              2.311043   data arrival time

                                  5.000000    5.000000   clock clk (rise edge)
                                  0.000000    5.000000   clock source latency
     1    0.011467    0.057956    0.038764    5.038764 ^ clk (in)
                                                         clk (net)
                      0.057957    0.000000    5.038764 ^ clkbuf_0_clk/A (sky130_fd_sc_hd__clkbuf_16)
     4    0.037315    0.057438    0.144765    5.183528 ^ clkbuf_0_clk/X (sky130_fd_sc_hd__clkbuf_16)
                                                         clknet_0_clk (net)
                      0.057438    0.000171    5.183700 ^ clkbuf_2_0__f_clk/A (sky130_fd_sc_hd__clkbuf_16)
    13    0.034127    0.054652    0.142187    5.325887 ^ clkbuf_2_0__f_clk/X (sky130_fd_sc_hd__clkbuf_16)
                                                         clknet_2_0__leaf_clk (net)
                      0.054652    0.000070    5.325957 ^ _265_/CLK (sky130_fd_sc_hd__dfrtp_4)
                                 -0.250000    5.075957   clock uncertainty
                                  0.000000    5.075957   clock reconvergence pessimism
                                 -0.115788    4.960169   library setup time
                                              4.960169   data required time
---------------------------------------------------------------------------------------------
                                              4.960169   data required time
                                             -2.311043   data arrival time
---------------------------------------------------------------------------------------------
                                              2.649126   slack (MET)


Startpoint: _271_ (rising edge-triggered flip-flop clocked by clk)
Endpoint: _300_ (rising edge-triggered flip-flop clocked by clk)
Path Group: clk
Path Type: max

Fanout         Cap        Slew       Delay        Time   Description
---------------------------------------------------------------------------------------------
                                  0.000000    0.000000   clock clk (rise edge)
                                  0.000000    0.000000   clock source latency
     1    0.011467    0.057956    0.038764    0.038764 ^ clk (in)
                                                         clk (net)
                      0.057957    0.000000    0.038764 ^ clkbuf_0_clk/A (sky130_fd_sc_hd__clkbuf_16)
     4    0.037315    0.057438    0.144764    0.183528 ^ clkbuf_0_clk/X (sky130_fd_sc_hd__clkbuf_16)
                                                         clknet_0_clk (net)
                      0.057438    0.000166    0.183694 ^ clkbuf_2_1__f_clk/A (sky130_fd_sc_hd__clkbuf_16)
    12    0.032280    0.053055    0.140803    0.324497 ^ clkbuf_2_1__f_clk/X (sky130_fd_sc_hd__clkbuf_16)
                                                         clknet_2_1__leaf_clk (net)
                      0.053055    0.000123    0.324621 ^ _271_/CLK (sky130_fd_sc_hd__dfrtp_2)
     8    0.017354    0.073091    0.431668    0.756288 v _271_/Q (sky130_fd_sc_hd__dfrtp_2)
                                                         lenM[0] (net)
                      0.073091    0.000079    0.756367 v _200_/A (sky130_fd_sc_hd__or4_1)
     3    0.006311    0.109122    0.554242    1.310609 v _200_/X (sky130_fd_sc_hd__or4_1)
                                                         _055_ (net)
                      0.109122    0.000011    1.310620 v _250_/C (sky130_fd_sc_hd__and3b_1)
     1    0.002921    0.037637    0.201695    1.512315 v _250_/X (sky130_fd_sc_hd__and3b_1)
                                                         _097_ (net)
                      0.037637    0.000010    1.512325 v _251_/C1 (sky130_fd_sc_hd__a311o_1)
     2    0.004563    0.061952    0.274745    1.787070 v _251_/X (sky130_fd_sc_hd__a311o_1)
                                                         _098_ (net)
                      0.061952    0.000022    1.787092 v _256_/A (sky130_fd_sc_hd__or4b_1)
     1    0.002229    0.079626    0.507413    2.294505 v _256_/X (sky130_fd_sc_hd__or4b_1)
                                                         _016_ (net)
                      0.079626    0.000004    2.294508 v _300_/D (sky130_fd_sc_hd__dfrtp_1)
                                              2.294508   data arrival time

                                  5.000000    5.000000   clock clk (rise edge)
                                  0.000000    5.000000   clock source latency
     1    0.011467    0.057956    0.038764    5.038764 ^ clk (in)
                                                         clk (net)
                      0.057957    0.000000    5.038764 ^ clkbuf_0_clk/A (sky130_fd_sc_hd__clkbuf_16)
     4    0.037315    0.057438    0.144765    5.183528 ^ clkbuf_0_clk/X (sky130_fd_sc_hd__clkbuf_16)
                                                         clknet_0_clk (net)
                      0.057438    0.000072    5.183601 ^ clkbuf_2_3__f_clk/A (sky130_fd_sc_hd__clkbuf_16)
     8    0.029378    0.050558    0.138663    5.322264 ^ clkbuf_2_3__f_clk/X (sky130_fd_sc_hd__clkbuf_16)
                                                         clknet_2_3__leaf_clk (net)
                      0.050558    0.000052    5.322315 ^ _300_/CLK (sky130_fd_sc_hd__dfrtp_1)
                                 -0.250000    5.072315   clock uncertainty
                                  0.000000    5.072315   clock reconvergence pessimism
                                 -0.128104    4.944211   library setup time
                                              4.944211   data required time
---------------------------------------------------------------------------------------------
                                              4.944211   data required time
                                             -2.294508   data arrival time
---------------------------------------------------------------------------------------------
                                              2.649702   slack (MET)


Startpoint: _275_ (rising edge-triggered flip-flop clocked by clk)
Endpoint: PADDR[0] (output port clocked by clk)
Path Group: clk
Path Type: max

Fanout         Cap        Slew       Delay        Time   Description
---------------------------------------------------------------------------------------------
                                  0.000000    0.000000   clock clk (rise edge)
                                  0.000000    0.000000   clock source latency
     1    0.011467    0.057956    0.038764    0.038764 ^ clk (in)
                                                         clk (net)
                      0.057957    0.000000    0.038764 ^ clkbuf_0_clk/A (sky130_fd_sc_hd__clkbuf_16)
     4    0.037315    0.057438    0.144764    0.183528 ^ clkbuf_0_clk/X (sky130_fd_sc_hd__clkbuf_16)
                                                         clknet_0_clk (net)
                      0.057438    0.000172    0.183700 ^ clkbuf_2_0__f_clk/A (sky130_fd_sc_hd__clkbuf_16)
    13    0.034127    0.054652    0.142187    0.325887 ^ clkbuf_2_0__f_clk/X (sky130_fd_sc_hd__clkbuf_16)
                                                         clknet_2_0__leaf_clk (net)
                      0.054652    0.000118    0.326004 ^ _275_/CLK (sky130_fd_sc_hd__dfrtp_2)
     7    0.016464    0.071150    0.430136    0.756141 v _275_/Q (sky130_fd_sc_hd__dfrtp_2)
                                                         DADDR[0] (net)
                      0.071150    0.000049    0.756190 v _154_/B (sky130_fd_sc_hd__and2_1)
     1    0.002104    0.032983    0.157754    0.913943 v _154_/X (sky130_fd_sc_hd__and2_1)
                                                         net27 (net)
                      0.032983    0.000006    0.913949 v output27/A (sky130_fd_sc_hd__buf_2)
     1    0.034344    0.089552    0.175436    1.089385 v output27/X (sky130_fd_sc_hd__buf_2)
                                                         PADDR[0] (net)
                      0.089552    0.000198    1.089582 v PADDR[0] (out)
                                              1.089582   data arrival time

                                  5.000000    5.000000   clock clk (rise edge)
                                  0.000000    5.000000   clock network delay (propagated)
                                 -0.250000    4.750000   clock uncertainty
                                  0.000000    4.750000   clock reconvergence pessimism
                                 -1.000000    3.750000   output external delay
                                              3.750000   data required time
---------------------------------------------------------------------------------------------
                                              3.750000   data required time
                                             -1.089582   data arrival time
---------------------------------------------------------------------------------------------
                                              2.660418   slack (MET)


Startpoint: _276_ (rising edge-triggered flip-flop clocked by clk)
Endpoint: PADDR[1] (output port clocked by clk)
Path Group: clk
Path Type: max

Fanout         Cap        Slew       Delay        Time   Description
---------------------------------------------------------------------------------------------
                                  0.000000    0.000000   clock clk (rise edge)
                                  0.000000    0.000000   clock source latency
     1    0.011467    0.057956    0.038764    0.038764 ^ clk (in)
                                                         clk (net)
                      0.057957    0.000000    0.038764 ^ clkbuf_0_clk/A (sky130_fd_sc_hd__clkbuf_16)
     4    0.037315    0.057438    0.144764    0.183528 ^ clkbuf_0_clk/X (sky130_fd_sc_hd__clkbuf_16)
                                                         clknet_0_clk (net)
                      0.057438    0.000172    0.183700 ^ clkbuf_2_0__f_clk/A (sky130_fd_sc_hd__clkbuf_16)
    13    0.034127    0.054652    0.142187    0.325887 ^ clkbuf_2_0__f_clk/X (sky130_fd_sc_hd__clkbuf_16)
                                                         clknet_2_0__leaf_clk (net)
                      0.054653    0.000189    0.326076 ^ _276_/CLK (sky130_fd_sc_hd__dfrtp_1)
     6    0.013107    0.083710    0.407952    0.734028 v _276_/Q (sky130_fd_sc_hd__dfrtp_1)
                                                         DADDR[1] (net)
                      0.083710    0.000030    0.734058 v _155_/B (sky130_fd_sc_hd__and2_1)
     1    0.002660    0.034436    0.166819    0.900877 v _155_/X (sky130_fd_sc_hd__and2_1)
                                                         net28 (net)
                      0.034436    0.000013    0.900890 v output28/A (sky130_fd_sc_hd__buf_2)
     1    0.034344    0.089541    0.176062    1.076951 v output28/X (sky130_fd_sc_hd__buf_2)
                                                         PADDR[1] (net)
                      0.089541    0.000198    1.077149 v PADDR[1] (out)
                                              1.077149   data arrival time

                                  5.000000    5.000000   clock clk (rise edge)
                                  0.000000    5.000000   clock network delay (propagated)
                                 -0.250000    4.750000   clock uncertainty
                                  0.000000    4.750000   clock reconvergence pessimism
                                 -1.000000    3.750000   output external delay
                                              3.750000   data required time
---------------------------------------------------------------------------------------------
                                              3.750000   data required time
                                             -1.077149   data arrival time
---------------------------------------------------------------------------------------------
                                              2.672851   slack (MET)


Startpoint: _277_ (rising edge-triggered flip-flop clocked by clk)
Endpoint: PADDR[2] (output port clocked by clk)
Path Group: clk
Path Type: max

Fanout         Cap        Slew       Delay        Time   Description
---------------------------------------------------------------------------------------------
                                  0.000000    0.000000   clock clk (rise edge)
                                  0.000000    0.000000   clock source latency
     1    0.011467    0.057956    0.038764    0.038764 ^ clk (in)
                                                         clk (net)
                      0.057957    0.000000    0.038764 ^ clkbuf_0_clk/A (sky130_fd_sc_hd__clkbuf_16)
     4    0.037315    0.057438    0.144764    0.183528 ^ clkbuf_0_clk/X (sky130_fd_sc_hd__clkbuf_16)
                                                         clknet_0_clk (net)
                      0.057438    0.000096    0.183624 ^ clkbuf_2_2__f_clk/A (sky130_fd_sc_hd__clkbuf_16)
    10    0.029850    0.050963    0.139009    0.322633 ^ clkbuf_2_2__f_clk/X (sky130_fd_sc_hd__clkbuf_16)
                                                         clknet_2_2__leaf_clk (net)
                      0.050963    0.000145    0.322778 ^ _277_/CLK (sky130_fd_sc_hd__dfrtp_1)
     4    0.009284    0.069731    0.391053    0.713831 v _277_/Q (sky130_fd_sc_hd__dfrtp_1)
                                                         DADDR[2] (net)
                      0.069731    0.000004    0.713835 v _156_/B (sky130_fd_sc_hd__and2_1)
     1    0.002116    0.033037    0.157168    0.871003 v _156_/X (sky130_fd_sc_hd__and2_1)
                                                         net29 (net)
                      0.033037    0.000006    0.871009 v output29/A (sky130_fd_sc_hd__buf_2)
     1    0.034296    0.089444    0.175374    1.046382 v output29/X (sky130_fd_sc_hd__buf_2)
                                                         PADDR[2] (net)
                      0.089444    0.000191    1.046573 v PADDR[2] (out)
                                              1.046573   data arrival time

                                  5.000000    5.000000   clock clk (rise edge)
                                  0.000000    5.000000   clock network delay (propagated)
                                 -0.250000    4.750000   clock uncertainty
                                  0.000000    4.750000   clock reconvergence pessimism
                                 -1.000000    3.750000   output external delay
                                              3.750000   data required time
---------------------------------------------------------------------------------------------
                                              3.750000   data required time
                                             -1.046573   data arrival time
---------------------------------------------------------------------------------------------
                                              2.703427   slack (MET)


Startpoint: _299_ (rising edge-triggered flip-flop clocked by clk)
Endpoint: _266_ (rising edge-triggered flip-flop clocked by clk)
Path Group: clk
Path Type: max

Fanout         Cap        Slew       Delay        Time   Description
---------------------------------------------------------------------------------------------
                                  0.000000    0.000000   clock clk (rise edge)
                                  0.000000    0.000000   clock source latency
     1    0.011467    0.057956    0.038764    0.038764 ^ clk (in)
                                                         clk (net)
                      0.057957    0.000000    0.038764 ^ clkbuf_0_clk/A (sky130_fd_sc_hd__clkbuf_16)
     4    0.037315    0.057438    0.144764    0.183528 ^ clkbuf_0_clk/X (sky130_fd_sc_hd__clkbuf_16)
                                                         clknet_0_clk (net)
                      0.057438    0.000096    0.183624 ^ clkbuf_2_2__f_clk/A (sky130_fd_sc_hd__clkbuf_16)
    10    0.029850    0.050963    0.139009    0.322633 ^ clkbuf_2_2__f_clk/X (sky130_fd_sc_hd__clkbuf_16)
                                                         clknet_2_2__leaf_clk (net)
                      0.050963    0.000029    0.322662 ^ _299_/CLK (sky130_fd_sc_hd__dfrtp_1)
     3    0.010955    0.074430    0.397847    0.720509 v _299_/Q (sky130_fd_sc_hd__dfrtp_1)
                                                         current_state[0] (net)
                      0.074430    0.000043    0.720552 v fanout51/A (sky130_fd_sc_hd__clkbuf_4)
    10    0.028076    0.068438    0.186646    0.907198 v fanout51/X (sky130_fd_sc_hd__clkbuf_4)
                                                         net51 (net)
                      0.068438    0.000018    0.907216 v _147_/D_N (sky130_fd_sc_hd__or4b_4)
     4    0.016516    0.062024    0.234896    1.142112 ^ _147_/X (sky130_fd_sc_hd__or4b_4)
                                                         _124_ (net)
                      0.062024    0.000146    1.142258 ^ _148_/A (sky130_fd_sc_hd__inv_2)
     8    0.031071    0.071828    0.081080    1.223338 v _148_/Y (sky130_fd_sc_hd__inv_2)
                                                         net32 (net)
                      0.071828    0.000259    1.223597 v fanout41/A (sky130_fd_sc_hd__buf_6)
    10    0.028206    0.039070    0.144384    1.367982 v fanout41/X (sky130_fd_sc_hd__buf_6)
                                                         net41 (net)
                      0.039070    0.000038    1.368019 v _157_/B1 (sky130_fd_sc_hd__a2bb2o_4)
     6    0.020571    0.054990    0.237885    1.605904 v _157_/X (sky130_fd_sc_hd__a2bb2o_4)
                                                         _020_ (net)
                      0.055022    0.000249    1.606154 v _174_/B1 (sky130_fd_sc_hd__a2111o_1)
     1    0.003145    0.062187    0.379999    1.986152 v _174_/X (sky130_fd_sc_hd__a2111o_1)
                                                         _034_ (net)
                      0.062187    0.000010    1.986162 v _178_/A2 (sky130_fd_sc_hd__a22o_1)
     1    0.002400    0.039130    0.226164    2.212327 v _178_/X (sky130_fd_sc_hd__a22o_1)
                                                         _003_ (net)
                      0.039130    0.000007    2.212333 v _266_/D (sky130_fd_sc_hd__dfrtp_2)
                                              2.212333   data arrival time

                                  5.000000    5.000000   clock clk (rise edge)
                                  0.000000    5.000000   clock source latency
     1    0.011467    0.057956    0.038764    5.038764 ^ clk (in)
                                                         clk (net)
                      0.057957    0.000000    5.038764 ^ clkbuf_0_clk/A (sky130_fd_sc_hd__clkbuf_16)
     4    0.037315    0.057438    0.144765    5.183528 ^ clkbuf_0_clk/X (sky130_fd_sc_hd__clkbuf_16)
                                                         clknet_0_clk (net)
                      0.057438    0.000171    5.183700 ^ clkbuf_2_0__f_clk/A (sky130_fd_sc_hd__clkbuf_16)
    13    0.034127    0.054652    0.142187    5.325887 ^ clkbuf_2_0__f_clk/X (sky130_fd_sc_hd__clkbuf_16)
                                                         clknet_2_0__leaf_clk (net)
                      0.054652    0.000086    5.325973 ^ _266_/CLK (sky130_fd_sc_hd__dfrtp_2)
                                 -0.250000    5.075973   clock uncertainty
                                  0.000000    5.075973   clock reconvergence pessimism
                                 -0.110687    4.965286   library setup time
                                              4.965286   data required time
---------------------------------------------------------------------------------------------
                                              4.965286   data required time
                                             -2.212333   data arrival time
---------------------------------------------------------------------------------------------
                                              2.752952   slack (MET)


Startpoint: _271_ (rising edge-triggered flip-flop clocked by clk)
Endpoint: _301_ (rising edge-triggered flip-flop clocked by clk)
Path Group: clk
Path Type: max

Fanout         Cap        Slew       Delay        Time   Description
---------------------------------------------------------------------------------------------
                                  0.000000    0.000000   clock clk (rise edge)
                                  0.000000    0.000000   clock source latency
     1    0.011467    0.057956    0.038764    0.038764 ^ clk (in)
                                                         clk (net)
                      0.057957    0.000000    0.038764 ^ clkbuf_0_clk/A (sky130_fd_sc_hd__clkbuf_16)
     4    0.037315    0.057438    0.144764    0.183528 ^ clkbuf_0_clk/X (sky130_fd_sc_hd__clkbuf_16)
                                                         clknet_0_clk (net)
                      0.057438    0.000166    0.183694 ^ clkbuf_2_1__f_clk/A (sky130_fd_sc_hd__clkbuf_16)
    12    0.032280    0.053055    0.140803    0.324497 ^ clkbuf_2_1__f_clk/X (sky130_fd_sc_hd__clkbuf_16)
                                                         clknet_2_1__leaf_clk (net)
                      0.053055    0.000123    0.324621 ^ _271_/CLK (sky130_fd_sc_hd__dfrtp_2)
     8    0.017354    0.073091    0.431668    0.756288 v _271_/Q (sky130_fd_sc_hd__dfrtp_2)
                                                         lenM[0] (net)
                      0.073091    0.000079    0.756367 v _200_/A (sky130_fd_sc_hd__or4_1)
     3    0.006311    0.109122    0.554242    1.310609 v _200_/X (sky130_fd_sc_hd__or4_1)
                                                         _055_ (net)
                      0.109122    0.000011    1.310620 v _250_/C (sky130_fd_sc_hd__and3b_1)
     1    0.002921    0.037637    0.201695    1.512315 v _250_/X (sky130_fd_sc_hd__and3b_1)
                                                         _097_ (net)
                      0.037637    0.000010    1.512325 v _251_/C1 (sky130_fd_sc_hd__a311o_1)
     2    0.004563    0.061952    0.274745    1.787070 v _251_/X (sky130_fd_sc_hd__a311o_1)
                                                         _098_ (net)
                      0.061952    0.000003    1.787073 v _259_/A (sky130_fd_sc_hd__or2_1)
     1    0.002264    0.045999    0.221953    2.009026 v _259_/X (sky130_fd_sc_hd__or2_1)
                                                         _017_ (net)
                      0.045999    0.000004    2.009030 v _301_/D (sky130_fd_sc_hd__dfrtp_1)
                                              2.009030   data arrival time

                                  5.000000    5.000000   clock clk (rise edge)
                                  0.000000    5.000000   clock source latency
     1    0.011467    0.057956    0.038764    5.038764 ^ clk (in)
                                                         clk (net)
                      0.057957    0.000000    5.038764 ^ clkbuf_0_clk/A (sky130_fd_sc_hd__clkbuf_16)
     4    0.037315    0.057438    0.144765    5.183528 ^ clkbuf_0_clk/X (sky130_fd_sc_hd__clkbuf_16)
                                                         clknet_0_clk (net)
                      0.057438    0.000072    5.183601 ^ clkbuf_2_3__f_clk/A (sky130_fd_sc_hd__clkbuf_16)
     8    0.029378    0.050558    0.138663    5.322264 ^ clkbuf_2_3__f_clk/X (sky130_fd_sc_hd__clkbuf_16)
                                                         clknet_2_3__leaf_clk (net)
                      0.050558    0.000067    5.322331 ^ _301_/CLK (sky130_fd_sc_hd__dfrtp_1)
                                 -0.250000    5.072330   clock uncertainty
                                  0.000000    5.072330   clock reconvergence pessimism
                                 -0.113438    4.958893   library setup time
                                              4.958893   data required time
---------------------------------------------------------------------------------------------
                                              4.958893   data required time
                                             -2.009030   data arrival time
---------------------------------------------------------------------------------------------
                                              2.949863   slack (MET)


Startpoint: _299_ (rising edge-triggered flip-flop clocked by clk)
Endpoint: _299_ (rising edge-triggered flip-flop clocked by clk)
Path Group: clk
Path Type: max

Fanout         Cap        Slew       Delay        Time   Description
---------------------------------------------------------------------------------------------
                                  0.000000    0.000000   clock clk (rise edge)
                                  0.000000    0.000000   clock source latency
     1    0.011467    0.057956    0.038764    0.038764 ^ clk (in)
                                                         clk (net)
                      0.057957    0.000000    0.038764 ^ clkbuf_0_clk/A (sky130_fd_sc_hd__clkbuf_16)
     4    0.037315    0.057438    0.144764    0.183528 ^ clkbuf_0_clk/X (sky130_fd_sc_hd__clkbuf_16)
                                                         clknet_0_clk (net)
                      0.057438    0.000096    0.183624 ^ clkbuf_2_2__f_clk/A (sky130_fd_sc_hd__clkbuf_16)
    10    0.029850    0.050963    0.139009    0.322633 ^ clkbuf_2_2__f_clk/X (sky130_fd_sc_hd__clkbuf_16)
                                                         clknet_2_2__leaf_clk (net)
                      0.050963    0.000029    0.322662 ^ _299_/CLK (sky130_fd_sc_hd__dfrtp_1)
     3    0.010955    0.074430    0.397847    0.720509 v _299_/Q (sky130_fd_sc_hd__dfrtp_1)
                                                         current_state[0] (net)
                      0.074430    0.000043    0.720552 v fanout51/A (sky130_fd_sc_hd__clkbuf_4)
    10    0.028076    0.068438    0.186646    0.907198 v fanout51/X (sky130_fd_sc_hd__clkbuf_4)
                                                         net51 (net)
                      0.068438    0.000042    0.907240 v _142_/B (sky130_fd_sc_hd__or4bb_4)
     4    0.018119    0.111293    0.563424    1.470664 v _142_/X (sky130_fd_sc_hd__or4bb_4)
                                                         _122_ (net)
                      0.111293    0.000092    1.470756 v _143_/A (sky130_fd_sc_hd__inv_2)
     3    0.008759    0.055597    0.087209    1.557965 ^ _143_/Y (sky130_fd_sc_hd__inv_2)
                                                         net33 (net)
                      0.055597    0.000009    1.557974 ^ _246_/B1 (sky130_fd_sc_hd__a32o_1)
     2    0.006917    0.091590    0.145936    1.703910 ^ _246_/X (sky130_fd_sc_hd__a32o_1)
                                                         _094_ (net)
                      0.091590    0.000024    1.703934 ^ _247_/C1 (sky130_fd_sc_hd__a211o_1)
     1    0.003625    0.046453    0.105177    1.809111 ^ _247_/X (sky130_fd_sc_hd__a211o_1)
                                                         _095_ (net)
                      0.046453    0.000021    1.809131 ^ _248_/B1 (sky130_fd_sc_hd__a21o_1)
     1    0.002513    0.037139    0.074224    1.883355 ^ _248_/X (sky130_fd_sc_hd__a21o_1)
                                                         _015_ (net)
                      0.037139    0.000006    1.883362 ^ _299_/D (sky130_fd_sc_hd__dfrtp_1)
                                              1.883362   data arrival time

                                  5.000000    5.000000   clock clk (rise edge)
                                  0.000000    5.000000   clock source latency
     1    0.011467    0.057956    0.038764    5.038764 ^ clk (in)
                                                         clk (net)
                      0.057957    0.000000    5.038764 ^ clkbuf_0_clk/A (sky130_fd_sc_hd__clkbuf_16)
     4    0.037315    0.057438    0.144765    5.183528 ^ clkbuf_0_clk/X (sky130_fd_sc_hd__clkbuf_16)
                                                         clknet_0_clk (net)
                      0.057438    0.000095    5.183624 ^ clkbuf_2_2__f_clk/A (sky130_fd_sc_hd__clkbuf_16)
    10    0.029850    0.050963    0.139009    5.322633 ^ clkbuf_2_2__f_clk/X (sky130_fd_sc_hd__clkbuf_16)
                                                         clknet_2_2__leaf_clk (net)
                      0.050963    0.000029    5.322662 ^ _299_/CLK (sky130_fd_sc_hd__dfrtp_1)
                                 -0.250000    5.072662   clock uncertainty
                                  0.000000    5.072662   clock reconvergence pessimism
                                 -0.057119    5.015543   library setup time
                                              5.015543   data required time
---------------------------------------------------------------------------------------------
                                              5.015543   data required time
                                             -1.883362   data arrival time
---------------------------------------------------------------------------------------------
                                              3.132181   slack (MET)


Startpoint: res_n (input port clocked by clk)
Endpoint: _265_ (recovery check against rising-edge clock clk)
Path Group: asynchronous
Path Type: max

Fanout         Cap        Slew       Delay        Time   Description
---------------------------------------------------------------------------------------------
                                  0.000000    0.000000   clock clk (rise edge)
                                  0.000000    0.000000   clock network delay (propagated)
                                  1.000000    1.000000 ^ input external delay
     1    0.002206    0.017770    0.008216    1.008216 ^ res_n (in)
                                                         res_n (net)
                      0.017770    0.000000    1.008216 ^ hold4/A (sky130_fd_sc_hd__dlygate4sd3_1)
     1    0.002241    0.050126    0.520588    1.528804 ^ hold4/X (sky130_fd_sc_hd__dlygate4sd3_1)
                                                         net95 (net)
                      0.050126    0.000000    1.528804 ^ input23/A (sky130_fd_sc_hd__buf_1)
     3    0.010221    0.130210    0.141628    1.670432 ^ input23/X (sky130_fd_sc_hd__buf_1)
                                                         net23 (net)
                      0.130210    0.000009    1.670441 ^ fanout54/A (sky130_fd_sc_hd__clkbuf_2)
     5    0.022642    0.128531    0.195301    1.865742 ^ fanout54/X (sky130_fd_sc_hd__clkbuf_2)
                                                         net54 (net)
                      0.128531    0.000028    1.865770 ^ fanout52/A (sky130_fd_sc_hd__clkbuf_4)
    10    0.044861    0.142106    0.237887    2.103658 ^ fanout52/X (sky130_fd_sc_hd__clkbuf_4)
                                                         net52 (net)
                      0.142106    0.000153    2.103811 ^ _265_/RESET_B (sky130_fd_sc_hd__dfrtp_4)
                                              2.103811   data arrival time

                                  5.000000    5.000000   clock clk (rise edge)
                                  0.000000    5.000000   clock source latency
     1    0.011467    0.057956    0.038764    5.038764 ^ clk (in)
                                                         clk (net)
                      0.057957    0.000000    5.038764 ^ clkbuf_0_clk/A (sky130_fd_sc_hd__clkbuf_16)
     4    0.037315    0.057438    0.144765    5.183528 ^ clkbuf_0_clk/X (sky130_fd_sc_hd__clkbuf_16)
                                                         clknet_0_clk (net)
                      0.057438    0.000171    5.183700 ^ clkbuf_2_0__f_clk/A (sky130_fd_sc_hd__clkbuf_16)
    13    0.034127    0.054652    0.142187    5.325887 ^ clkbuf_2_0__f_clk/X (sky130_fd_sc_hd__clkbuf_16)
                                                         clknet_2_0__leaf_clk (net)
                      0.054652    0.000070    5.325957 ^ _265_/CLK (sky130_fd_sc_hd__dfrtp_4)
                                 -0.250000    5.075957   clock uncertainty
                                  0.000000    5.075957   clock reconvergence pessimism
                                  0.188788    5.264744   library recovery time
                                              5.264744   data required time
---------------------------------------------------------------------------------------------
                                              5.264744   data required time
                                             -2.103811   data arrival time
---------------------------------------------------------------------------------------------
                                              3.160933   slack (MET)


Startpoint: res_n (input port clocked by clk)
Endpoint: _266_ (recovery check against rising-edge clock clk)
Path Group: asynchronous
Path Type: max

Fanout         Cap        Slew       Delay        Time   Description
---------------------------------------------------------------------------------------------
                                  0.000000    0.000000   clock clk (rise edge)
                                  0.000000    0.000000   clock network delay (propagated)
                                  1.000000    1.000000 ^ input external delay
     1    0.002206    0.017770    0.008216    1.008216 ^ res_n (in)
                                                         res_n (net)
                      0.017770    0.000000    1.008216 ^ hold4/A (sky130_fd_sc_hd__dlygate4sd3_1)
     1    0.002241    0.050126    0.520588    1.528804 ^ hold4/X (sky130_fd_sc_hd__dlygate4sd3_1)
                                                         net95 (net)
                      0.050126    0.000000    1.528804 ^ input23/A (sky130_fd_sc_hd__buf_1)
     3    0.010221    0.130210    0.141628    1.670432 ^ input23/X (sky130_fd_sc_hd__buf_1)
                                                         net23 (net)
                      0.130210    0.000009    1.670441 ^ fanout54/A (sky130_fd_sc_hd__clkbuf_2)
     5    0.022642    0.128531    0.195301    1.865742 ^ fanout54/X (sky130_fd_sc_hd__clkbuf_2)
                                                         net54 (net)
                      0.128531    0.000028    1.865770 ^ fanout52/A (sky130_fd_sc_hd__clkbuf_4)
    10    0.044861    0.142106    0.237887    2.103658 ^ fanout52/X (sky130_fd_sc_hd__clkbuf_4)
                                                         net52 (net)
                      0.142106    0.000500    2.104157 ^ _266_/RESET_B (sky130_fd_sc_hd__dfrtp_2)
                                              2.104157   data arrival time

                                  5.000000    5.000000   clock clk (rise edge)
                                  0.000000    5.000000   clock source latency
     1    0.011467    0.057956    0.038764    5.038764 ^ clk (in)
                                                         clk (net)
                      0.057957    0.000000    5.038764 ^ clkbuf_0_clk/A (sky130_fd_sc_hd__clkbuf_16)
     4    0.037315    0.057438    0.144765    5.183528 ^ clkbuf_0_clk/X (sky130_fd_sc_hd__clkbuf_16)
                                                         clknet_0_clk (net)
                      0.057438    0.000171    5.183700 ^ clkbuf_2_0__f_clk/A (sky130_fd_sc_hd__clkbuf_16)
    13    0.034127    0.054652    0.142187    5.325887 ^ clkbuf_2_0__f_clk/X (sky130_fd_sc_hd__clkbuf_16)
                                                         clknet_2_0__leaf_clk (net)
                      0.054652    0.000086    5.325973 ^ _266_/CLK (sky130_fd_sc_hd__dfrtp_2)
                                 -0.250000    5.075973   clock uncertainty
                                  0.000000    5.075973   clock reconvergence pessimism
                                  0.193218    5.269191   library recovery time
                                              5.269191   data required time
---------------------------------------------------------------------------------------------
                                              5.269191   data required time
                                             -2.104157   data arrival time
---------------------------------------------------------------------------------------------
                                              3.165034   slack (MET)


Startpoint: res_n (input port clocked by clk)
Endpoint: _275_ (recovery check against rising-edge clock clk)
Path Group: asynchronous
Path Type: max

Fanout         Cap        Slew       Delay        Time   Description
---------------------------------------------------------------------------------------------
                                  0.000000    0.000000   clock clk (rise edge)
                                  0.000000    0.000000   clock network delay (propagated)
                                  1.000000    1.000000 ^ input external delay
     1    0.002206    0.017770    0.008216    1.008216 ^ res_n (in)
                                                         res_n (net)
                      0.017770    0.000000    1.008216 ^ hold4/A (sky130_fd_sc_hd__dlygate4sd3_1)
     1    0.002241    0.050126    0.520588    1.528804 ^ hold4/X (sky130_fd_sc_hd__dlygate4sd3_1)
                                                         net95 (net)
                      0.050126    0.000000    1.528804 ^ input23/A (sky130_fd_sc_hd__buf_1)
     3    0.010221    0.130210    0.141628    1.670432 ^ input23/X (sky130_fd_sc_hd__buf_1)
                                                         net23 (net)
                      0.130210    0.000009    1.670441 ^ fanout54/A (sky130_fd_sc_hd__clkbuf_2)
     5    0.022642    0.128531    0.195301    1.865742 ^ fanout54/X (sky130_fd_sc_hd__clkbuf_2)
                                                         net54 (net)
                      0.128531    0.000028    1.865770 ^ fanout52/A (sky130_fd_sc_hd__clkbuf_4)
    10    0.044861    0.142106    0.237887    2.103658 ^ fanout52/X (sky130_fd_sc_hd__clkbuf_4)
                                                         net52 (net)
                      0.142106    0.000527    2.104185 ^ _275_/RESET_B (sky130_fd_sc_hd__dfrtp_2)
                                              2.104185   data arrival time

                                  5.000000    5.000000   clock clk (rise edge)
                                  0.000000    5.000000   clock source latency
     1    0.011467    0.057956    0.038764    5.038764 ^ clk (in)
                                                         clk (net)
                      0.057957    0.000000    5.038764 ^ clkbuf_0_clk/A (sky130_fd_sc_hd__clkbuf_16)
     4    0.037315    0.057438    0.144765    5.183528 ^ clkbuf_0_clk/X (sky130_fd_sc_hd__clkbuf_16)
                                                         clknet_0_clk (net)
                      0.057438    0.000171    5.183700 ^ clkbuf_2_0__f_clk/A (sky130_fd_sc_hd__clkbuf_16)
    13    0.034127    0.054652    0.142187    5.325887 ^ clkbuf_2_0__f_clk/X (sky130_fd_sc_hd__clkbuf_16)
                                                         clknet_2_0__leaf_clk (net)
                      0.054652    0.000118    5.326005 ^ _275_/CLK (sky130_fd_sc_hd__dfrtp_2)
                                 -0.250000    5.076005   clock uncertainty
                                  0.000000    5.076005   clock reconvergence pessimism
                                  0.193218    5.269223   library recovery time
                                              5.269223   data required time
---------------------------------------------------------------------------------------------
                                              5.269223   data required time
                                             -2.104185   data arrival time
---------------------------------------------------------------------------------------------
                                              3.165038   slack (MET)


Startpoint: res_n (input port clocked by clk)
Endpoint: _269_ (recovery check against rising-edge clock clk)
Path Group: asynchronous
Path Type: max

Fanout         Cap        Slew       Delay        Time   Description
---------------------------------------------------------------------------------------------
                                  0.000000    0.000000   clock clk (rise edge)
                                  0.000000    0.000000   clock network delay (propagated)
                                  1.000000    1.000000 ^ input external delay
     1    0.002206    0.017770    0.008216    1.008216 ^ res_n (in)
                                                         res_n (net)
                      0.017770    0.000000    1.008216 ^ hold4/A (sky130_fd_sc_hd__dlygate4sd3_1)
     1    0.002241    0.050126    0.520588    1.528804 ^ hold4/X (sky130_fd_sc_hd__dlygate4sd3_1)
                                                         net95 (net)
                      0.050126    0.000000    1.528804 ^ input23/A (sky130_fd_sc_hd__buf_1)
     3    0.010221    0.130210    0.141628    1.670432 ^ input23/X (sky130_fd_sc_hd__buf_1)
                                                         net23 (net)
                      0.130210    0.000009    1.670441 ^ fanout54/A (sky130_fd_sc_hd__clkbuf_2)
     5    0.022642    0.128531    0.195301    1.865742 ^ fanout54/X (sky130_fd_sc_hd__clkbuf_2)
                                                         net54 (net)
                      0.128531    0.000223    1.865965 ^ fanout53/A (sky130_fd_sc_hd__clkbuf_4)
    10    0.043388    0.137916    0.235064    2.101029 ^ fanout53/X (sky130_fd_sc_hd__clkbuf_4)
                                                         net53 (net)
                      0.137916    0.000026    2.101055 ^ _269_/RESET_B (sky130_fd_sc_hd__dfrtp_1)
                                              2.101055   data arrival time

                                  5.000000    5.000000   clock clk (rise edge)
                                  0.000000    5.000000   clock source latency
     1    0.011467    0.057956    0.038764    5.038764 ^ clk (in)
                                                         clk (net)
                      0.057957    0.000000    5.038764 ^ clkbuf_0_clk/A (sky130_fd_sc_hd__clkbuf_16)
     4    0.037315    0.057438    0.144765    5.183528 ^ clkbuf_0_clk/X (sky130_fd_sc_hd__clkbuf_16)
                                                         clknet_0_clk (net)
                      0.057438    0.000072    5.183601 ^ clkbuf_2_3__f_clk/A (sky130_fd_sc_hd__clkbuf_16)
     8    0.029378    0.050558    0.138663    5.322264 ^ clkbuf_2_3__f_clk/X (sky130_fd_sc_hd__clkbuf_16)
                                                         clknet_2_3__leaf_clk (net)
                      0.050558    0.000071    5.322335 ^ _269_/CLK (sky130_fd_sc_hd__dfrtp_1)
                                 -0.250000    5.072335   clock uncertainty
                                  0.000000    5.072335   clock reconvergence pessimism
                                  0.208002    5.280337   library recovery time
                                              5.280337   data required time
---------------------------------------------------------------------------------------------
                                              5.280337   data required time
                                             -2.101055   data arrival time
---------------------------------------------------------------------------------------------
                                              3.179282   slack (MET)


Startpoint: res_n (input port clocked by clk)
Endpoint: _299_ (recovery check against rising-edge clock clk)
Path Group: asynchronous
Path Type: max

Fanout         Cap        Slew       Delay        Time   Description
---------------------------------------------------------------------------------------------
                                  0.000000    0.000000   clock clk (rise edge)
                                  0.000000    0.000000   clock network delay (propagated)
                                  1.000000    1.000000 ^ input external delay
     1    0.002206    0.017770    0.008216    1.008216 ^ res_n (in)
                                                         res_n (net)
                      0.017770    0.000000    1.008216 ^ hold4/A (sky130_fd_sc_hd__dlygate4sd3_1)
     1    0.002241    0.050126    0.520588    1.528804 ^ hold4/X (sky130_fd_sc_hd__dlygate4sd3_1)
                                                         net95 (net)
                      0.050126    0.000000    1.528804 ^ input23/A (sky130_fd_sc_hd__buf_1)
     3    0.010221    0.130210    0.141628    1.670432 ^ input23/X (sky130_fd_sc_hd__buf_1)
                                                         net23 (net)
                      0.130210    0.000009    1.670441 ^ fanout54/A (sky130_fd_sc_hd__clkbuf_2)
     5    0.022642    0.128531    0.195301    1.865742 ^ fanout54/X (sky130_fd_sc_hd__clkbuf_2)
                                                         net54 (net)
                      0.128531    0.000223    1.865965 ^ fanout53/A (sky130_fd_sc_hd__clkbuf_4)
    10    0.043388    0.137916    0.235064    2.101029 ^ fanout53/X (sky130_fd_sc_hd__clkbuf_4)
                                                         net53 (net)
                      0.137916    0.000175    2.101204 ^ _299_/RESET_B (sky130_fd_sc_hd__dfrtp_1)
                                              2.101204   data arrival time

                                  5.000000    5.000000   clock clk (rise edge)
                                  0.000000    5.000000   clock source latency
     1    0.011467    0.057956    0.038764    5.038764 ^ clk (in)
                                                         clk (net)
                      0.057957    0.000000    5.038764 ^ clkbuf_0_clk/A (sky130_fd_sc_hd__clkbuf_16)
     4    0.037315    0.057438    0.144765    5.183528 ^ clkbuf_0_clk/X (sky130_fd_sc_hd__clkbuf_16)
                                                         clknet_0_clk (net)
                      0.057438    0.000095    5.183624 ^ clkbuf_2_2__f_clk/A (sky130_fd_sc_hd__clkbuf_16)
    10    0.029850    0.050963    0.139009    5.322633 ^ clkbuf_2_2__f_clk/X (sky130_fd_sc_hd__clkbuf_16)
                                                         clknet_2_2__leaf_clk (net)
                      0.050963    0.000029    5.322662 ^ _299_/CLK (sky130_fd_sc_hd__dfrtp_1)
                                 -0.250000    5.072662   clock uncertainty
                                  0.000000    5.072662   clock reconvergence pessimism
                                  0.208128    5.280790   library recovery time
                                              5.280790   data required time
---------------------------------------------------------------------------------------------
                                              5.280790   data required time
                                             -2.101204   data arrival time
---------------------------------------------------------------------------------------------
                                              3.179585   slack (MET)


Startpoint: res_n (input port clocked by clk)
Endpoint: _288_ (recovery check against rising-edge clock clk)
Path Group: asynchronous
Path Type: max

Fanout         Cap        Slew       Delay        Time   Description
---------------------------------------------------------------------------------------------
                                  0.000000    0.000000   clock clk (rise edge)
                                  0.000000    0.000000   clock network delay (propagated)
                                  1.000000    1.000000 ^ input external delay
     1    0.002206    0.017770    0.008216    1.008216 ^ res_n (in)
                                                         res_n (net)
                      0.017770    0.000000    1.008216 ^ hold4/A (sky130_fd_sc_hd__dlygate4sd3_1)
     1    0.002241    0.050126    0.520588    1.528804 ^ hold4/X (sky130_fd_sc_hd__dlygate4sd3_1)
                                                         net95 (net)
                      0.050126    0.000000    1.528804 ^ input23/A (sky130_fd_sc_hd__buf_1)
     3    0.010221    0.130210    0.141628    1.670432 ^ input23/X (sky130_fd_sc_hd__buf_1)
                                                         net23 (net)
                      0.130210    0.000009    1.670441 ^ fanout54/A (sky130_fd_sc_hd__clkbuf_2)
     5    0.022642    0.128531    0.195301    1.865742 ^ fanout54/X (sky130_fd_sc_hd__clkbuf_2)
                                                         net54 (net)
                      0.128531    0.000223    1.865965 ^ fanout53/A (sky130_fd_sc_hd__clkbuf_4)
    10    0.043388    0.137916    0.235064    2.101029 ^ fanout53/X (sky130_fd_sc_hd__clkbuf_4)
                                                         net53 (net)
                      0.137916    0.000196    2.101225 ^ _288_/RESET_B (sky130_fd_sc_hd__dfrtp_1)
                                              2.101225   data arrival time

                                  5.000000    5.000000   clock clk (rise edge)
                                  0.000000    5.000000   clock source latency
     1    0.011467    0.057956    0.038764    5.038764 ^ clk (in)
                                                         clk (net)
                      0.057957    0.000000    5.038764 ^ clkbuf_0_clk/A (sky130_fd_sc_hd__clkbuf_16)
     4    0.037315    0.057438    0.144765    5.183528 ^ clkbuf_0_clk/X (sky130_fd_sc_hd__clkbuf_16)
                                                         clknet_0_clk (net)
                      0.057438    0.000095    5.183624 ^ clkbuf_2_2__f_clk/A (sky130_fd_sc_hd__clkbuf_16)
    10    0.029850    0.050963    0.139009    5.322633 ^ clkbuf_2_2__f_clk/X (sky130_fd_sc_hd__clkbuf_16)
                                                         clknet_2_2__leaf_clk (net)
                      0.050963    0.000065    5.322699 ^ _288_/CLK (sky130_fd_sc_hd__dfrtp_1)
                                 -0.250000    5.072699   clock uncertainty
                                  0.000000    5.072699   clock reconvergence pessimism
                                  0.208128    5.280826   library recovery time
                                              5.280826   data required time
---------------------------------------------------------------------------------------------
                                              5.280826   data required time
                                             -2.101225   data arrival time
---------------------------------------------------------------------------------------------
                                              3.179601   slack (MET)


Startpoint: res_n (input port clocked by clk)
Endpoint: _285_ (recovery check against rising-edge clock clk)
Path Group: asynchronous
Path Type: max

Fanout         Cap        Slew       Delay        Time   Description
---------------------------------------------------------------------------------------------
                                  0.000000    0.000000   clock clk (rise edge)
                                  0.000000    0.000000   clock network delay (propagated)
                                  1.000000    1.000000 ^ input external delay
     1    0.002206    0.017770    0.008216    1.008216 ^ res_n (in)
                                                         res_n (net)
                      0.017770    0.000000    1.008216 ^ hold4/A (sky130_fd_sc_hd__dlygate4sd3_1)
     1    0.002241    0.050126    0.520588    1.528804 ^ hold4/X (sky130_fd_sc_hd__dlygate4sd3_1)
                                                         net95 (net)
                      0.050126    0.000000    1.528804 ^ input23/A (sky130_fd_sc_hd__buf_1)
     3    0.010221    0.130210    0.141628    1.670432 ^ input23/X (sky130_fd_sc_hd__buf_1)
                                                         net23 (net)
                      0.130210    0.000009    1.670441 ^ fanout54/A (sky130_fd_sc_hd__clkbuf_2)
     5    0.022642    0.128531    0.195301    1.865742 ^ fanout54/X (sky130_fd_sc_hd__clkbuf_2)
                                                         net54 (net)
                      0.128531    0.000223    1.865965 ^ fanout53/A (sky130_fd_sc_hd__clkbuf_4)
    10    0.043388    0.137916    0.235064    2.101029 ^ fanout53/X (sky130_fd_sc_hd__clkbuf_4)
                                                         net53 (net)
                      0.137916    0.000158    2.101187 ^ _285_/RESET_B (sky130_fd_sc_hd__dfrtp_1)
                                              2.101187   data arrival time

                                  5.000000    5.000000   clock clk (rise edge)
                                  0.000000    5.000000   clock source latency
     1    0.011467    0.057956    0.038764    5.038764 ^ clk (in)
                                                         clk (net)
                      0.057957    0.000000    5.038764 ^ clkbuf_0_clk/A (sky130_fd_sc_hd__clkbuf_16)
     4    0.037315    0.057438    0.144765    5.183528 ^ clkbuf_0_clk/X (sky130_fd_sc_hd__clkbuf_16)
                                                         clknet_0_clk (net)
                      0.057438    0.000095    5.183624 ^ clkbuf_2_2__f_clk/A (sky130_fd_sc_hd__clkbuf_16)
    10    0.029850    0.050963    0.139009    5.322633 ^ clkbuf_2_2__f_clk/X (sky130_fd_sc_hd__clkbuf_16)
                                                         clknet_2_2__leaf_clk (net)
                      0.050963    0.000039    5.322672 ^ _285_/CLK (sky130_fd_sc_hd__dfrtp_1)
                                 -0.250000    5.072672   clock uncertainty
                                  0.000000    5.072672   clock reconvergence pessimism
                                  0.208128    5.280799   library recovery time
                                              5.280799   data required time
---------------------------------------------------------------------------------------------
                                              5.280799   data required time
                                             -2.101187   data arrival time
---------------------------------------------------------------------------------------------
                                              3.179612   slack (MET)


Startpoint: res_n (input port clocked by clk)
Endpoint: _287_ (recovery check against rising-edge clock clk)
Path Group: asynchronous
Path Type: max

Fanout         Cap        Slew       Delay        Time   Description
---------------------------------------------------------------------------------------------
                                  0.000000    0.000000   clock clk (rise edge)
                                  0.000000    0.000000   clock network delay (propagated)
                                  1.000000    1.000000 ^ input external delay
     1    0.002206    0.017770    0.008216    1.008216 ^ res_n (in)
                                                         res_n (net)
                      0.017770    0.000000    1.008216 ^ hold4/A (sky130_fd_sc_hd__dlygate4sd3_1)
     1    0.002241    0.050126    0.520588    1.528804 ^ hold4/X (sky130_fd_sc_hd__dlygate4sd3_1)
                                                         net95 (net)
                      0.050126    0.000000    1.528804 ^ input23/A (sky130_fd_sc_hd__buf_1)
     3    0.010221    0.130210    0.141628    1.670432 ^ input23/X (sky130_fd_sc_hd__buf_1)
                                                         net23 (net)
                      0.130210    0.000009    1.670441 ^ fanout54/A (sky130_fd_sc_hd__clkbuf_2)
     5    0.022642    0.128531    0.195301    1.865742 ^ fanout54/X (sky130_fd_sc_hd__clkbuf_2)
                                                         net54 (net)
                      0.128531    0.000223    1.865965 ^ fanout53/A (sky130_fd_sc_hd__clkbuf_4)
    10    0.043388    0.137916    0.235064    2.101029 ^ fanout53/X (sky130_fd_sc_hd__clkbuf_4)
                                                         net53 (net)
                      0.137916    0.000191    2.101221 ^ _287_/RESET_B (sky130_fd_sc_hd__dfrtp_1)
                                              2.101221   data arrival time

                                  5.000000    5.000000   clock clk (rise edge)
                                  0.000000    5.000000   clock source latency
     1    0.011467    0.057956    0.038764    5.038764 ^ clk (in)
                                                         clk (net)
                      0.057957    0.000000    5.038764 ^ clkbuf_0_clk/A (sky130_fd_sc_hd__clkbuf_16)
     4    0.037315    0.057438    0.144765    5.183528 ^ clkbuf_0_clk/X (sky130_fd_sc_hd__clkbuf_16)
                                                         clknet_0_clk (net)
                      0.057438    0.000095    5.183624 ^ clkbuf_2_2__f_clk/A (sky130_fd_sc_hd__clkbuf_16)
    10    0.029850    0.050963    0.139009    5.322633 ^ clkbuf_2_2__f_clk/X (sky130_fd_sc_hd__clkbuf_16)
                                                         clknet_2_2__leaf_clk (net)
                      0.050963    0.000133    5.322766 ^ _287_/CLK (sky130_fd_sc_hd__dfrtp_1)
                                 -0.250000    5.072766   clock uncertainty
                                  0.000000    5.072766   clock reconvergence pessimism
                                  0.208128    5.280894   library recovery time
                                              5.280894   data required time
---------------------------------------------------------------------------------------------
                                              5.280894   data required time
                                             -2.101221   data arrival time
---------------------------------------------------------------------------------------------
                                              3.179673   slack (MET)


Startpoint: res_n (input port clocked by clk)
Endpoint: _289_ (recovery check against rising-edge clock clk)
Path Group: asynchronous
Path Type: max

Fanout         Cap        Slew       Delay        Time   Description
---------------------------------------------------------------------------------------------
                                  0.000000    0.000000   clock clk (rise edge)
                                  0.000000    0.000000   clock network delay (propagated)
                                  1.000000    1.000000 ^ input external delay
     1    0.002206    0.017770    0.008216    1.008216 ^ res_n (in)
                                                         res_n (net)
                      0.017770    0.000000    1.008216 ^ hold4/A (sky130_fd_sc_hd__dlygate4sd3_1)
     1    0.002241    0.050126    0.520588    1.528804 ^ hold4/X (sky130_fd_sc_hd__dlygate4sd3_1)
                                                         net95 (net)
                      0.050126    0.000000    1.528804 ^ input23/A (sky130_fd_sc_hd__buf_1)
     3    0.010221    0.130210    0.141628    1.670432 ^ input23/X (sky130_fd_sc_hd__buf_1)
                                                         net23 (net)
                      0.130210    0.000009    1.670441 ^ fanout54/A (sky130_fd_sc_hd__clkbuf_2)
     5    0.022642    0.128531    0.195301    1.865742 ^ fanout54/X (sky130_fd_sc_hd__clkbuf_2)
                                                         net54 (net)
                      0.128531    0.000223    1.865965 ^ fanout53/A (sky130_fd_sc_hd__clkbuf_4)
    10    0.043388    0.137916    0.235064    2.101029 ^ fanout53/X (sky130_fd_sc_hd__clkbuf_4)
                                                         net53 (net)
                      0.137916    0.000183    2.101212 ^ _289_/RESET_B (sky130_fd_sc_hd__dfrtp_1)
                                              2.101212   data arrival time

                                  5.000000    5.000000   clock clk (rise edge)
                                  0.000000    5.000000   clock source latency
     1    0.011467    0.057956    0.038764    5.038764 ^ clk (in)
                                                         clk (net)
                      0.057957    0.000000    5.038764 ^ clkbuf_0_clk/A (sky130_fd_sc_hd__clkbuf_16)
     4    0.037315    0.057438    0.144765    5.183528 ^ clkbuf_0_clk/X (sky130_fd_sc_hd__clkbuf_16)
                                                         clknet_0_clk (net)
                      0.057438    0.000095    5.183624 ^ clkbuf_2_2__f_clk/A (sky130_fd_sc_hd__clkbuf_16)
    10    0.029850    0.050963    0.139009    5.322633 ^ clkbuf_2_2__f_clk/X (sky130_fd_sc_hd__clkbuf_16)
                                                         clknet_2_2__leaf_clk (net)
                      0.050963    0.000135    5.322768 ^ _289_/CLK (sky130_fd_sc_hd__dfrtp_1)
                                 -0.250000    5.072768   clock uncertainty
                                  0.000000    5.072768   clock reconvergence pessimism
                                  0.208128    5.280896   library recovery time
                                              5.280896   data required time
---------------------------------------------------------------------------------------------
                                              5.280896   data required time
                                             -2.101212   data arrival time
---------------------------------------------------------------------------------------------
                                              3.179684   slack (MET)


Startpoint: res_n (input port clocked by clk)
Endpoint: _263_ (recovery check against rising-edge clock clk)
Path Group: asynchronous
Path Type: max

Fanout         Cap        Slew       Delay        Time   Description
---------------------------------------------------------------------------------------------
                                  0.000000    0.000000   clock clk (rise edge)
                                  0.000000    0.000000   clock network delay (propagated)
                                  1.000000    1.000000 ^ input external delay
     1    0.002206    0.017770    0.008216    1.008216 ^ res_n (in)
                                                         res_n (net)
                      0.017770    0.000000    1.008216 ^ hold4/A (sky130_fd_sc_hd__dlygate4sd3_1)
     1    0.002241    0.050126    0.520588    1.528804 ^ hold4/X (sky130_fd_sc_hd__dlygate4sd3_1)
                                                         net95 (net)
                      0.050126    0.000000    1.528804 ^ input23/A (sky130_fd_sc_hd__buf_1)
     3    0.010221    0.130210    0.141628    1.670432 ^ input23/X (sky130_fd_sc_hd__buf_1)
                                                         net23 (net)
                      0.130210    0.000009    1.670441 ^ fanout54/A (sky130_fd_sc_hd__clkbuf_2)
     5    0.022642    0.128531    0.195301    1.865742 ^ fanout54/X (sky130_fd_sc_hd__clkbuf_2)
                                                         net54 (net)
                      0.128531    0.000223    1.865965 ^ fanout53/A (sky130_fd_sc_hd__clkbuf_4)
    10    0.043388    0.137916    0.235064    2.101029 ^ fanout53/X (sky130_fd_sc_hd__clkbuf_4)
                                                         net53 (net)
                      0.137916    0.000104    2.101133 ^ _263_/RESET_B (sky130_fd_sc_hd__dfrtp_1)
                                              2.101133   data arrival time

                                  5.000000    5.000000   clock clk (rise edge)
                                  0.000000    5.000000   clock source latency
     1    0.011467    0.057956    0.038764    5.038764 ^ clk (in)
                                                         clk (net)
                      0.057957    0.000000    5.038764 ^ clkbuf_0_clk/A (sky130_fd_sc_hd__clkbuf_16)
     4    0.037315    0.057438    0.144765    5.183528 ^ clkbuf_0_clk/X (sky130_fd_sc_hd__clkbuf_16)
                                                         clknet_0_clk (net)
                      0.057438    0.000095    5.183624 ^ clkbuf_2_2__f_clk/A (sky130_fd_sc_hd__clkbuf_16)
    10    0.029850    0.050963    0.139009    5.322633 ^ clkbuf_2_2__f_clk/X (sky130_fd_sc_hd__clkbuf_16)
                                                         clknet_2_2__leaf_clk (net)
                      0.050963    0.000091    5.322724 ^ _263_/CLK (sky130_fd_sc_hd__dfrtp_1)
                                 -0.250000    5.072724   clock uncertainty
                                  0.000000    5.072724   clock reconvergence pessimism
                                  0.208128    5.280852   library recovery time
                                              5.280852   data required time
---------------------------------------------------------------------------------------------
                                              5.280852   data required time
                                             -2.101133   data arrival time
---------------------------------------------------------------------------------------------
                                              3.179719   slack (MET)


Startpoint: res_n (input port clocked by clk)
Endpoint: _290_ (recovery check against rising-edge clock clk)
Path Group: asynchronous
Path Type: max

Fanout         Cap        Slew       Delay        Time   Description
---------------------------------------------------------------------------------------------
                                  0.000000    0.000000   clock clk (rise edge)
                                  0.000000    0.000000   clock network delay (propagated)
                                  1.000000    1.000000 ^ input external delay
     1    0.002206    0.017770    0.008216    1.008216 ^ res_n (in)
                                                         res_n (net)
                      0.017770    0.000000    1.008216 ^ hold4/A (sky130_fd_sc_hd__dlygate4sd3_1)
     1    0.002241    0.050126    0.520588    1.528804 ^ hold4/X (sky130_fd_sc_hd__dlygate4sd3_1)
                                                         net95 (net)
                      0.050126    0.000000    1.528804 ^ input23/A (sky130_fd_sc_hd__buf_1)
     3    0.010221    0.130210    0.141628    1.670432 ^ input23/X (sky130_fd_sc_hd__buf_1)
                                                         net23 (net)
                      0.130210    0.000009    1.670441 ^ fanout54/A (sky130_fd_sc_hd__clkbuf_2)
     5    0.022642    0.128531    0.195301    1.865742 ^ fanout54/X (sky130_fd_sc_hd__clkbuf_2)
                                                         net54 (net)
                      0.128531    0.000223    1.865965 ^ fanout53/A (sky130_fd_sc_hd__clkbuf_4)
    10    0.043388    0.137916    0.235064    2.101029 ^ fanout53/X (sky130_fd_sc_hd__clkbuf_4)
                                                         net53 (net)
                      0.137916    0.000154    2.101183 ^ _290_/RESET_B (sky130_fd_sc_hd__dfrtp_1)
                                              2.101183   data arrival time

                                  5.000000    5.000000   clock clk (rise edge)
                                  0.000000    5.000000   clock source latency
     1    0.011467    0.057956    0.038764    5.038764 ^ clk (in)
                                                         clk (net)
                      0.057957    0.000000    5.038764 ^ clkbuf_0_clk/A (sky130_fd_sc_hd__clkbuf_16)
     4    0.037315    0.057438    0.144765    5.183528 ^ clkbuf_0_clk/X (sky130_fd_sc_hd__clkbuf_16)
                                                         clknet_0_clk (net)
                      0.057438    0.000095    5.183624 ^ clkbuf_2_2__f_clk/A (sky130_fd_sc_hd__clkbuf_16)
    10    0.029850    0.050963    0.139009    5.322633 ^ clkbuf_2_2__f_clk/X (sky130_fd_sc_hd__clkbuf_16)
                                                         clknet_2_2__leaf_clk (net)
                      0.050963    0.000146    5.322779 ^ _290_/CLK (sky130_fd_sc_hd__dfrtp_1)
                                 -0.250000    5.072779   clock uncertainty
                                  0.000000    5.072779   clock reconvergence pessimism
                                  0.208128    5.280907   library recovery time
                                              5.280907   data required time
---------------------------------------------------------------------------------------------
                                              5.280907   data required time
                                             -2.101183   data arrival time
---------------------------------------------------------------------------------------------
                                              3.179724   slack (MET)


Startpoint: res_n (input port clocked by clk)
Endpoint: _264_ (recovery check against rising-edge clock clk)
Path Group: asynchronous
Path Type: max

Fanout         Cap        Slew       Delay        Time   Description
---------------------------------------------------------------------------------------------
                                  0.000000    0.000000   clock clk (rise edge)
                                  0.000000    0.000000   clock network delay (propagated)
                                  1.000000    1.000000 ^ input external delay
     1    0.002206    0.017770    0.008216    1.008216 ^ res_n (in)
                                                         res_n (net)
                      0.017770    0.000000    1.008216 ^ hold4/A (sky130_fd_sc_hd__dlygate4sd3_1)
     1    0.002241    0.050126    0.520588    1.528804 ^ hold4/X (sky130_fd_sc_hd__dlygate4sd3_1)
                                                         net95 (net)
                      0.050126    0.000000    1.528804 ^ input23/A (sky130_fd_sc_hd__buf_1)
     3    0.010221    0.130210    0.141628    1.670432 ^ input23/X (sky130_fd_sc_hd__buf_1)
                                                         net23 (net)
                      0.130210    0.000009    1.670441 ^ fanout54/A (sky130_fd_sc_hd__clkbuf_2)
     5    0.022642    0.128531    0.195301    1.865742 ^ fanout54/X (sky130_fd_sc_hd__clkbuf_2)
                                                         net54 (net)
                      0.128531    0.000223    1.865965 ^ fanout53/A (sky130_fd_sc_hd__clkbuf_4)
    10    0.043388    0.137916    0.235064    2.101029 ^ fanout53/X (sky130_fd_sc_hd__clkbuf_4)
                                                         net53 (net)
                      0.137916    0.000057    2.101086 ^ _264_/RESET_B (sky130_fd_sc_hd__dfrtp_1)
                                              2.101086   data arrival time

                                  5.000000    5.000000   clock clk (rise edge)
                                  0.000000    5.000000   clock source latency
     1    0.011467    0.057956    0.038764    5.038764 ^ clk (in)
                                                         clk (net)
                      0.057957    0.000000    5.038764 ^ clkbuf_0_clk/A (sky130_fd_sc_hd__clkbuf_16)
     4    0.037315    0.057438    0.144765    5.183528 ^ clkbuf_0_clk/X (sky130_fd_sc_hd__clkbuf_16)
                                                         clknet_0_clk (net)
                      0.057438    0.000095    5.183624 ^ clkbuf_2_2__f_clk/A (sky130_fd_sc_hd__clkbuf_16)
    10    0.029850    0.050963    0.139009    5.322633 ^ clkbuf_2_2__f_clk/X (sky130_fd_sc_hd__clkbuf_16)
                                                         clknet_2_2__leaf_clk (net)
                      0.050963    0.000083    5.322716 ^ _264_/CLK (sky130_fd_sc_hd__dfrtp_1)
                                 -0.250000    5.072716   clock uncertainty
                                  0.000000    5.072716   clock reconvergence pessimism
                                  0.208128    5.280843   library recovery time
                                              5.280843   data required time
---------------------------------------------------------------------------------------------
                                              5.280843   data required time
                                             -2.101086   data arrival time
---------------------------------------------------------------------------------------------
                                              3.179757   slack (MET)


Startpoint: res_n (input port clocked by clk)
Endpoint: _277_ (recovery check against rising-edge clock clk)
Path Group: asynchronous
Path Type: max

Fanout         Cap        Slew       Delay        Time   Description
---------------------------------------------------------------------------------------------
                                  0.000000    0.000000   clock clk (rise edge)
                                  0.000000    0.000000   clock network delay (propagated)
                                  1.000000    1.000000 ^ input external delay
     1    0.002206    0.017770    0.008216    1.008216 ^ res_n (in)
                                                         res_n (net)
                      0.017770    0.000000    1.008216 ^ hold4/A (sky130_fd_sc_hd__dlygate4sd3_1)
     1    0.002241    0.050126    0.520588    1.528804 ^ hold4/X (sky130_fd_sc_hd__dlygate4sd3_1)
                                                         net95 (net)
                      0.050126    0.000000    1.528804 ^ input23/A (sky130_fd_sc_hd__buf_1)
     3    0.010221    0.130210    0.141628    1.670432 ^ input23/X (sky130_fd_sc_hd__buf_1)
                                                         net23 (net)
                      0.130210    0.000009    1.670441 ^ fanout54/A (sky130_fd_sc_hd__clkbuf_2)
     5    0.022642    0.128531    0.195301    1.865742 ^ fanout54/X (sky130_fd_sc_hd__clkbuf_2)
                                                         net54 (net)
                      0.128531    0.000223    1.865965 ^ fanout53/A (sky130_fd_sc_hd__clkbuf_4)
    10    0.043388    0.137916    0.235064    2.101029 ^ fanout53/X (sky130_fd_sc_hd__clkbuf_4)
                                                         net53 (net)
                      0.137916    0.000047    2.101076 ^ _277_/RESET_B (sky130_fd_sc_hd__dfrtp_1)
                                              2.101076   data arrival time

                                  5.000000    5.000000   clock clk (rise edge)
                                  0.000000    5.000000   clock source latency
     1    0.011467    0.057956    0.038764    5.038764 ^ clk (in)
                                                         clk (net)
                      0.057957    0.000000    5.038764 ^ clkbuf_0_clk/A (sky130_fd_sc_hd__clkbuf_16)
     4    0.037315    0.057438    0.144765    5.183528 ^ clkbuf_0_clk/X (sky130_fd_sc_hd__clkbuf_16)
                                                         clknet_0_clk (net)
                      0.057438    0.000095    5.183624 ^ clkbuf_2_2__f_clk/A (sky130_fd_sc_hd__clkbuf_16)
    10    0.029850    0.050963    0.139009    5.322633 ^ clkbuf_2_2__f_clk/X (sky130_fd_sc_hd__clkbuf_16)
                                                         clknet_2_2__leaf_clk (net)
                      0.050963    0.000145    5.322778 ^ _277_/CLK (sky130_fd_sc_hd__dfrtp_1)
                                 -0.250000    5.072778   clock uncertainty
                                  0.000000    5.072778   clock reconvergence pessimism
                                  0.208128    5.280906   library recovery time
                                              5.280906   data required time
---------------------------------------------------------------------------------------------
                                              5.280906   data required time
                                             -2.101076   data arrival time
---------------------------------------------------------------------------------------------
                                              3.179830   slack (MET)


Startpoint: res_n (input port clocked by clk)
Endpoint: _283_ (recovery check against rising-edge clock clk)
Path Group: asynchronous
Path Type: max

Fanout         Cap        Slew       Delay        Time   Description
---------------------------------------------------------------------------------------------
                                  0.000000    0.000000   clock clk (rise edge)
                                  0.000000    0.000000   clock network delay (propagated)
                                  1.000000    1.000000 ^ input external delay
     1    0.002206    0.017770    0.008216    1.008216 ^ res_n (in)
                                                         res_n (net)
                      0.017770    0.000000    1.008216 ^ hold4/A (sky130_fd_sc_hd__dlygate4sd3_1)
     1    0.002241    0.050126    0.520588    1.528804 ^ hold4/X (sky130_fd_sc_hd__dlygate4sd3_1)
                                                         net95 (net)
                      0.050126    0.000000    1.528804 ^ input23/A (sky130_fd_sc_hd__buf_1)
     3    0.010221    0.130210    0.141628    1.670432 ^ input23/X (sky130_fd_sc_hd__buf_1)
                                                         net23 (net)
                      0.130210    0.000009    1.670441 ^ fanout54/A (sky130_fd_sc_hd__clkbuf_2)
     5    0.022642    0.128531    0.195301    1.865742 ^ fanout54/X (sky130_fd_sc_hd__clkbuf_2)
                                                         net54 (net)
                      0.128531    0.000028    1.865770 ^ fanout52/A (sky130_fd_sc_hd__clkbuf_4)
    10    0.044861    0.142106    0.237887    2.103658 ^ fanout52/X (sky130_fd_sc_hd__clkbuf_4)
                                                         net52 (net)
                      0.142106    0.000629    2.104287 ^ _283_/RESET_B (sky130_fd_sc_hd__dfrtp_1)
                                              2.104287   data arrival time

                                  5.000000    5.000000   clock clk (rise edge)
                                  0.000000    5.000000   clock source latency
     1    0.011467    0.057956    0.038764    5.038764 ^ clk (in)
                                                         clk (net)
                      0.057957    0.000000    5.038764 ^ clkbuf_0_clk/A (sky130_fd_sc_hd__clkbuf_16)
     4    0.037315    0.057438    0.144765    5.183528 ^ clkbuf_0_clk/X (sky130_fd_sc_hd__clkbuf_16)
                                                         clknet_0_clk (net)
                      0.057438    0.000171    5.183700 ^ clkbuf_2_0__f_clk/A (sky130_fd_sc_hd__clkbuf_16)
    13    0.034127    0.054652    0.142187    5.325887 ^ clkbuf_2_0__f_clk/X (sky130_fd_sc_hd__clkbuf_16)
                                                         clknet_2_0__leaf_clk (net)
                      0.054653    0.000193    5.326080 ^ _283_/CLK (sky130_fd_sc_hd__dfrtp_1)
                                 -0.250000    5.076080   clock uncertainty
                                  0.000000    5.076080   clock reconvergence pessimism
                                  0.208190    5.284270   library recovery time
                                              5.284270   data required time
---------------------------------------------------------------------------------------------
                                              5.284270   data required time
                                             -2.104287   data arrival time
---------------------------------------------------------------------------------------------
                                              3.179983   slack (MET)


Startpoint: res_n (input port clocked by clk)
Endpoint: _280_ (recovery check against rising-edge clock clk)
Path Group: asynchronous
Path Type: max

Fanout         Cap        Slew       Delay        Time   Description
---------------------------------------------------------------------------------------------
                                  0.000000    0.000000   clock clk (rise edge)
                                  0.000000    0.000000   clock network delay (propagated)
                                  1.000000    1.000000 ^ input external delay
     1    0.002206    0.017770    0.008216    1.008216 ^ res_n (in)
                                                         res_n (net)
                      0.017770    0.000000    1.008216 ^ hold4/A (sky130_fd_sc_hd__dlygate4sd3_1)
     1    0.002241    0.050126    0.520588    1.528804 ^ hold4/X (sky130_fd_sc_hd__dlygate4sd3_1)
                                                         net95 (net)
                      0.050126    0.000000    1.528804 ^ input23/A (sky130_fd_sc_hd__buf_1)
     3    0.010221    0.130210    0.141628    1.670432 ^ input23/X (sky130_fd_sc_hd__buf_1)
                                                         net23 (net)
                      0.130210    0.000009    1.670441 ^ fanout54/A (sky130_fd_sc_hd__clkbuf_2)
     5    0.022642    0.128531    0.195301    1.865742 ^ fanout54/X (sky130_fd_sc_hd__clkbuf_2)
                                                         net54 (net)
                      0.128531    0.000028    1.865770 ^ fanout52/A (sky130_fd_sc_hd__clkbuf_4)
    10    0.044861    0.142106    0.237887    2.103658 ^ fanout52/X (sky130_fd_sc_hd__clkbuf_4)
                                                         net52 (net)
                      0.142106    0.000614    2.104272 ^ _280_/RESET_B (sky130_fd_sc_hd__dfrtp_1)
                                              2.104272   data arrival time

                                  5.000000    5.000000   clock clk (rise edge)
                                  0.000000    5.000000   clock source latency
     1    0.011467    0.057956    0.038764    5.038764 ^ clk (in)
                                                         clk (net)
                      0.057957    0.000000    5.038764 ^ clkbuf_0_clk/A (sky130_fd_sc_hd__clkbuf_16)
     4    0.037315    0.057438    0.144765    5.183528 ^ clkbuf_0_clk/X (sky130_fd_sc_hd__clkbuf_16)
                                                         clknet_0_clk (net)
                      0.057438    0.000171    5.183700 ^ clkbuf_2_0__f_clk/A (sky130_fd_sc_hd__clkbuf_16)
    13    0.034127    0.054652    0.142187    5.325887 ^ clkbuf_2_0__f_clk/X (sky130_fd_sc_hd__clkbuf_16)
                                                         clknet_2_0__leaf_clk (net)
                      0.054653    0.000183    5.326070 ^ _280_/CLK (sky130_fd_sc_hd__dfrtp_1)
                                 -0.250000    5.076070   clock uncertainty
                                  0.000000    5.076070   clock reconvergence pessimism
                                  0.208190    5.284260   library recovery time
                                              5.284260   data required time
---------------------------------------------------------------------------------------------
                                              5.284260   data required time
                                             -2.104272   data arrival time
---------------------------------------------------------------------------------------------
                                              3.179988   slack (MET)


Startpoint: res_n (input port clocked by clk)
Endpoint: _282_ (recovery check against rising-edge clock clk)
Path Group: asynchronous
Path Type: max

Fanout         Cap        Slew       Delay        Time   Description
---------------------------------------------------------------------------------------------
                                  0.000000    0.000000   clock clk (rise edge)
                                  0.000000    0.000000   clock network delay (propagated)
                                  1.000000    1.000000 ^ input external delay
     1    0.002206    0.017770    0.008216    1.008216 ^ res_n (in)
                                                         res_n (net)
                      0.017770    0.000000    1.008216 ^ hold4/A (sky130_fd_sc_hd__dlygate4sd3_1)
     1    0.002241    0.050126    0.520588    1.528804 ^ hold4/X (sky130_fd_sc_hd__dlygate4sd3_1)
                                                         net95 (net)
                      0.050126    0.000000    1.528804 ^ input23/A (sky130_fd_sc_hd__buf_1)
     3    0.010221    0.130210    0.141628    1.670432 ^ input23/X (sky130_fd_sc_hd__buf_1)
                                                         net23 (net)
                      0.130210    0.000009    1.670441 ^ fanout54/A (sky130_fd_sc_hd__clkbuf_2)
     5    0.022642    0.128531    0.195301    1.865742 ^ fanout54/X (sky130_fd_sc_hd__clkbuf_2)
                                                         net54 (net)
                      0.128531    0.000028    1.865770 ^ fanout52/A (sky130_fd_sc_hd__clkbuf_4)
    10    0.044861    0.142106    0.237887    2.103658 ^ fanout52/X (sky130_fd_sc_hd__clkbuf_4)
                                                         net52 (net)
                      0.142106    0.000627    2.104285 ^ _282_/RESET_B (sky130_fd_sc_hd__dfrtp_1)
                                              2.104285   data arrival time

                                  5.000000    5.000000   clock clk (rise edge)
                                  0.000000    5.000000   clock source latency
     1    0.011467    0.057956    0.038764    5.038764 ^ clk (in)
                                                         clk (net)
                      0.057957    0.000000    5.038764 ^ clkbuf_0_clk/A (sky130_fd_sc_hd__clkbuf_16)
     4    0.037315    0.057438    0.144765    5.183528 ^ clkbuf_0_clk/X (sky130_fd_sc_hd__clkbuf_16)
                                                         clknet_0_clk (net)
                      0.057438    0.000171    5.183700 ^ clkbuf_2_0__f_clk/A (sky130_fd_sc_hd__clkbuf_16)
    13    0.034127    0.054652    0.142187    5.325887 ^ clkbuf_2_0__f_clk/X (sky130_fd_sc_hd__clkbuf_16)
                                                         clknet_2_0__leaf_clk (net)
                      0.054653    0.000202    5.326089 ^ _282_/CLK (sky130_fd_sc_hd__dfrtp_1)
                                 -0.250000    5.076089   clock uncertainty
                                  0.000000    5.076089   clock reconvergence pessimism
                                  0.208190    5.284278   library recovery time
                                              5.284278   data required time
---------------------------------------------------------------------------------------------
                                              5.284278   data required time
                                             -2.104285   data arrival time
---------------------------------------------------------------------------------------------
                                              3.179993   slack (MET)


Startpoint: res_n (input port clocked by clk)
Endpoint: _276_ (recovery check against rising-edge clock clk)
Path Group: asynchronous
Path Type: max

Fanout         Cap        Slew       Delay        Time   Description
---------------------------------------------------------------------------------------------
                                  0.000000    0.000000   clock clk (rise edge)
                                  0.000000    0.000000   clock network delay (propagated)
                                  1.000000    1.000000 ^ input external delay
     1    0.002206    0.017770    0.008216    1.008216 ^ res_n (in)
                                                         res_n (net)
                      0.017770    0.000000    1.008216 ^ hold4/A (sky130_fd_sc_hd__dlygate4sd3_1)
     1    0.002241    0.050126    0.520588    1.528804 ^ hold4/X (sky130_fd_sc_hd__dlygate4sd3_1)
                                                         net95 (net)
                      0.050126    0.000000    1.528804 ^ input23/A (sky130_fd_sc_hd__buf_1)
     3    0.010221    0.130210    0.141628    1.670432 ^ input23/X (sky130_fd_sc_hd__buf_1)
                                                         net23 (net)
                      0.130210    0.000009    1.670441 ^ fanout54/A (sky130_fd_sc_hd__clkbuf_2)
     5    0.022642    0.128531    0.195301    1.865742 ^ fanout54/X (sky130_fd_sc_hd__clkbuf_2)
                                                         net54 (net)
                      0.128531    0.000028    1.865770 ^ fanout52/A (sky130_fd_sc_hd__clkbuf_4)
    10    0.044861    0.142106    0.237887    2.103658 ^ fanout52/X (sky130_fd_sc_hd__clkbuf_4)
                                                         net52 (net)
                      0.142106    0.000611    2.104268 ^ _276_/RESET_B (sky130_fd_sc_hd__dfrtp_1)
                                              2.104268   data arrival time

                                  5.000000    5.000000   clock clk (rise edge)
                                  0.000000    5.000000   clock source latency
     1    0.011467    0.057956    0.038764    5.038764 ^ clk (in)
                                                         clk (net)
                      0.057957    0.000000    5.038764 ^ clkbuf_0_clk/A (sky130_fd_sc_hd__clkbuf_16)
     4    0.037315    0.057438    0.144765    5.183528 ^ clkbuf_0_clk/X (sky130_fd_sc_hd__clkbuf_16)
                                                         clknet_0_clk (net)
                      0.057438    0.000171    5.183700 ^ clkbuf_2_0__f_clk/A (sky130_fd_sc_hd__clkbuf_16)
    13    0.034127    0.054652    0.142187    5.325887 ^ clkbuf_2_0__f_clk/X (sky130_fd_sc_hd__clkbuf_16)
                                                         clknet_2_0__leaf_clk (net)
                      0.054653    0.000189    5.326076 ^ _276_/CLK (sky130_fd_sc_hd__dfrtp_1)
                                 -0.250000    5.076076   clock uncertainty
                                  0.000000    5.076076   clock reconvergence pessimism
                                  0.208190    5.284266   library recovery time
                                              5.284266   data required time
---------------------------------------------------------------------------------------------
                                              5.284266   data required time
                                             -2.104268   data arrival time
---------------------------------------------------------------------------------------------
                                              3.179997   slack (MET)


Startpoint: res_n (input port clocked by clk)
Endpoint: _278_ (recovery check against rising-edge clock clk)
Path Group: asynchronous
Path Type: max

Fanout         Cap        Slew       Delay        Time   Description
---------------------------------------------------------------------------------------------
                                  0.000000    0.000000   clock clk (rise edge)
                                  0.000000    0.000000   clock network delay (propagated)
                                  1.000000    1.000000 ^ input external delay
     1    0.002206    0.017770    0.008216    1.008216 ^ res_n (in)
                                                         res_n (net)
                      0.017770    0.000000    1.008216 ^ hold4/A (sky130_fd_sc_hd__dlygate4sd3_1)
     1    0.002241    0.050126    0.520588    1.528804 ^ hold4/X (sky130_fd_sc_hd__dlygate4sd3_1)
                                                         net95 (net)
                      0.050126    0.000000    1.528804 ^ input23/A (sky130_fd_sc_hd__buf_1)
     3    0.010221    0.130210    0.141628    1.670432 ^ input23/X (sky130_fd_sc_hd__buf_1)
                                                         net23 (net)
                      0.130210    0.000009    1.670441 ^ fanout54/A (sky130_fd_sc_hd__clkbuf_2)
     5    0.022642    0.128531    0.195301    1.865742 ^ fanout54/X (sky130_fd_sc_hd__clkbuf_2)
                                                         net54 (net)
                      0.128531    0.000028    1.865770 ^ fanout52/A (sky130_fd_sc_hd__clkbuf_4)
    10    0.044861    0.142106    0.237887    2.103658 ^ fanout52/X (sky130_fd_sc_hd__clkbuf_4)
                                                         net52 (net)
                      0.142106    0.000413    2.104070 ^ _278_/RESET_B (sky130_fd_sc_hd__dfrtp_1)
                                              2.104070   data arrival time

                                  5.000000    5.000000   clock clk (rise edge)
                                  0.000000    5.000000   clock source latency
     1    0.011467    0.057956    0.038764    5.038764 ^ clk (in)
                                                         clk (net)
                      0.057957    0.000000    5.038764 ^ clkbuf_0_clk/A (sky130_fd_sc_hd__clkbuf_16)
     4    0.037315    0.057438    0.144765    5.183528 ^ clkbuf_0_clk/X (sky130_fd_sc_hd__clkbuf_16)
                                                         clknet_0_clk (net)
                      0.057438    0.000171    5.183700 ^ clkbuf_2_0__f_clk/A (sky130_fd_sc_hd__clkbuf_16)
    13    0.034127    0.054652    0.142187    5.325887 ^ clkbuf_2_0__f_clk/X (sky130_fd_sc_hd__clkbuf_16)
                                                         clknet_2_0__leaf_clk (net)
                      0.054652    0.000111    5.325998 ^ _278_/CLK (sky130_fd_sc_hd__dfrtp_1)
                                 -0.250000    5.075998   clock uncertainty
                                  0.000000    5.075998   clock reconvergence pessimism
                                  0.208190    5.284187   library recovery time
                                              5.284187   data required time
---------------------------------------------------------------------------------------------
                                              5.284187   data required time
                                             -2.104070   data arrival time
---------------------------------------------------------------------------------------------
                                              3.180117   slack (MET)


Startpoint: res_n (input port clocked by clk)
Endpoint: _267_ (recovery check against rising-edge clock clk)
Path Group: asynchronous
Path Type: max

Fanout         Cap        Slew       Delay        Time   Description
---------------------------------------------------------------------------------------------
                                  0.000000    0.000000   clock clk (rise edge)
                                  0.000000    0.000000   clock network delay (propagated)
                                  1.000000    1.000000 ^ input external delay
     1    0.002206    0.017770    0.008216    1.008216 ^ res_n (in)
                                                         res_n (net)
                      0.017770    0.000000    1.008216 ^ hold4/A (sky130_fd_sc_hd__dlygate4sd3_1)
     1    0.002241    0.050126    0.520588    1.528804 ^ hold4/X (sky130_fd_sc_hd__dlygate4sd3_1)
                                                         net95 (net)
                      0.050126    0.000000    1.528804 ^ input23/A (sky130_fd_sc_hd__buf_1)
     3    0.010221    0.130210    0.141628    1.670432 ^ input23/X (sky130_fd_sc_hd__buf_1)
                                                         net23 (net)
                      0.130210    0.000009    1.670441 ^ fanout54/A (sky130_fd_sc_hd__clkbuf_2)
     5    0.022642    0.128531    0.195301    1.865742 ^ fanout54/X (sky130_fd_sc_hd__clkbuf_2)
                                                         net54 (net)
                      0.128531    0.000028    1.865770 ^ fanout52/A (sky130_fd_sc_hd__clkbuf_4)
    10    0.044861    0.142106    0.237887    2.103658 ^ fanout52/X (sky130_fd_sc_hd__clkbuf_4)
                                                         net52 (net)
                      0.142106    0.000306    2.103964 ^ _267_/RESET_B (sky130_fd_sc_hd__dfrtp_1)
                                              2.103964   data arrival time

                                  5.000000    5.000000   clock clk (rise edge)
                                  0.000000    5.000000   clock source latency
     1    0.011467    0.057956    0.038764    5.038764 ^ clk (in)
                                                         clk (net)
                      0.057957    0.000000    5.038764 ^ clkbuf_0_clk/A (sky130_fd_sc_hd__clkbuf_16)
     4    0.037315    0.057438    0.144765    5.183528 ^ clkbuf_0_clk/X (sky130_fd_sc_hd__clkbuf_16)
                                                         clknet_0_clk (net)
                      0.057438    0.000171    5.183700 ^ clkbuf_2_0__f_clk/A (sky130_fd_sc_hd__clkbuf_16)
    13    0.034127    0.054652    0.142187    5.325887 ^ clkbuf_2_0__f_clk/X (sky130_fd_sc_hd__clkbuf_16)
                                                         clknet_2_0__leaf_clk (net)
                      0.054652    0.000075    5.325962 ^ _267_/CLK (sky130_fd_sc_hd__dfrtp_1)
                                 -0.250000    5.075962   clock uncertainty
                                  0.000000    5.075962   clock reconvergence pessimism
                                  0.208190    5.284152   library recovery time
                                              5.284152   data required time
---------------------------------------------------------------------------------------------
                                              5.284152   data required time
                                             -2.103964   data arrival time
---------------------------------------------------------------------------------------------
                                              3.180187   slack (MET)


Startpoint: res_n (input port clocked by clk)
Endpoint: _279_ (recovery check against rising-edge clock clk)
Path Group: asynchronous
Path Type: max

Fanout         Cap        Slew       Delay        Time   Description
---------------------------------------------------------------------------------------------
                                  0.000000    0.000000   clock clk (rise edge)
                                  0.000000    0.000000   clock network delay (propagated)
                                  1.000000    1.000000 ^ input external delay
     1    0.002206    0.017770    0.008216    1.008216 ^ res_n (in)
                                                         res_n (net)
                      0.017770    0.000000    1.008216 ^ hold4/A (sky130_fd_sc_hd__dlygate4sd3_1)
     1    0.002241    0.050126    0.520588    1.528804 ^ hold4/X (sky130_fd_sc_hd__dlygate4sd3_1)
                                                         net95 (net)
                      0.050126    0.000000    1.528804 ^ input23/A (sky130_fd_sc_hd__buf_1)
     3    0.010221    0.130210    0.141628    1.670432 ^ input23/X (sky130_fd_sc_hd__buf_1)
                                                         net23 (net)
                      0.130210    0.000009    1.670441 ^ fanout54/A (sky130_fd_sc_hd__clkbuf_2)
     5    0.022642    0.128531    0.195301    1.865742 ^ fanout54/X (sky130_fd_sc_hd__clkbuf_2)
                                                         net54 (net)
                      0.128531    0.000028    1.865770 ^ fanout52/A (sky130_fd_sc_hd__clkbuf_4)
    10    0.044861    0.142106    0.237887    2.103658 ^ fanout52/X (sky130_fd_sc_hd__clkbuf_4)
                                                         net52 (net)
                      0.142106    0.000440    2.104098 ^ _279_/RESET_B (sky130_fd_sc_hd__dfrtp_1)
                                              2.104098   data arrival time

                                  5.000000    5.000000   clock clk (rise edge)
                                  0.000000    5.000000   clock source latency
     1    0.011467    0.057956    0.038764    5.038764 ^ clk (in)
                                                         clk (net)
                      0.057957    0.000000    5.038764 ^ clkbuf_0_clk/A (sky130_fd_sc_hd__clkbuf_16)
     4    0.037315    0.057438    0.144765    5.183528 ^ clkbuf_0_clk/X (sky130_fd_sc_hd__clkbuf_16)
                                                         clknet_0_clk (net)
                      0.057438    0.000171    5.183700 ^ clkbuf_2_0__f_clk/A (sky130_fd_sc_hd__clkbuf_16)
    13    0.034127    0.054652    0.142187    5.325887 ^ clkbuf_2_0__f_clk/X (sky130_fd_sc_hd__clkbuf_16)
                                                         clknet_2_0__leaf_clk (net)
                      0.054653    0.000206    5.326093 ^ _279_/CLK (sky130_fd_sc_hd__dfrtp_1)
                                 -0.250000    5.076093   clock uncertainty
                                  0.000000    5.076093   clock reconvergence pessimism
                                  0.208190    5.284283   library recovery time
                                              5.284283   data required time
---------------------------------------------------------------------------------------------
                                              5.284283   data required time
                                             -2.104098   data arrival time
---------------------------------------------------------------------------------------------
                                              3.180184   slack (MET)


Startpoint: _266_ (rising edge-triggered flip-flop clocked by clk)
Endpoint: _302_ (rising edge-triggered flip-flop clocked by clk)
Path Group: clk
Path Type: max

Fanout         Cap        Slew       Delay        Time   Description
---------------------------------------------------------------------------------------------
                                  0.000000    0.000000   clock clk (rise edge)
                                  0.000000    0.000000   clock source latency
     1    0.011467    0.057956    0.038764    0.038764 ^ clk (in)
                                                         clk (net)
                      0.057957    0.000000    0.038764 ^ clkbuf_0_clk/A (sky130_fd_sc_hd__clkbuf_16)
     4    0.037315    0.057438    0.144764    0.183528 ^ clkbuf_0_clk/X (sky130_fd_sc_hd__clkbuf_16)
                                                         clknet_0_clk (net)
                      0.057438    0.000172    0.183700 ^ clkbuf_2_0__f_clk/A (sky130_fd_sc_hd__clkbuf_16)
    13    0.034127    0.054652    0.142187    0.325887 ^ clkbuf_2_0__f_clk/X (sky130_fd_sc_hd__clkbuf_16)
                                                         clknet_2_0__leaf_clk (net)
                      0.054652    0.000086    0.325972 ^ _266_/CLK (sky130_fd_sc_hd__dfrtp_2)
     8    0.018895    0.076571    0.435997    0.761969 v _266_/Q (sky130_fd_sc_hd__dfrtp_2)
                                                         lenS[1] (net)
                      0.076571    0.000116    0.762085 v _253_/A (sky130_fd_sc_hd__or4b_1)
     1    0.002177    0.078822    0.511388    1.273473 v _253_/X (sky130_fd_sc_hd__or4b_1)
                                                         _100_ (net)
                      0.078822    0.000006    1.273479 v _254_/D (sky130_fd_sc_hd__and4_1)
     2    0.006025    0.051817    0.224631    1.498110 v _254_/X (sky130_fd_sc_hd__and4_1)
                                                         _101_ (net)
                      0.051817    0.000035    1.498145 v _262_/B1 (sky130_fd_sc_hd__a211o_1)
     1    0.002249    0.045234    0.257527    1.755671 v _262_/X (sky130_fd_sc_hd__a211o_1)
                                                         _018_ (net)
                      0.045234    0.000004    1.755675 v _302_/D (sky130_fd_sc_hd__dfrtp_1)
                                              1.755675   data arrival time

                                  5.000000    5.000000   clock clk (rise edge)
                                  0.000000    5.000000   clock source latency
     1    0.011467    0.057956    0.038764    5.038764 ^ clk (in)
                                                         clk (net)
                      0.057957    0.000000    5.038764 ^ clkbuf_0_clk/A (sky130_fd_sc_hd__clkbuf_16)
     4    0.037315    0.057438    0.144765    5.183528 ^ clkbuf_0_clk/X (sky130_fd_sc_hd__clkbuf_16)
                                                         clknet_0_clk (net)
                      0.057438    0.000072    5.183601 ^ clkbuf_2_3__f_clk/A (sky130_fd_sc_hd__clkbuf_16)
     8    0.029378    0.050558    0.138663    5.322264 ^ clkbuf_2_3__f_clk/X (sky130_fd_sc_hd__clkbuf_16)
                                                         clknet_2_3__leaf_clk (net)
                      0.050558    0.000060    5.322324 ^ _302_/CLK (sky130_fd_sc_hd__dfrtp_1)
                                 -0.250000    5.072324   clock uncertainty
                                  0.000000    5.072324   clock reconvergence pessimism
                                 -0.113104    4.959219   library setup time
                                              4.959219   data required time
---------------------------------------------------------------------------------------------
                                              4.959219   data required time
                                             -1.755675   data arrival time
---------------------------------------------------------------------------------------------
                                              3.203544   slack (MET)


Startpoint: _302_ (rising edge-triggered flip-flop clocked by clk)
Endpoint: _270_ (rising edge-triggered flip-flop clocked by clk)
Path Group: clk
Path Type: max

Fanout         Cap        Slew       Delay        Time   Description
---------------------------------------------------------------------------------------------
                                  0.000000    0.000000   clock clk (rise edge)
                                  0.000000    0.000000   clock source latency
     1    0.011467    0.057956    0.038764    0.038764 ^ clk (in)
                                                         clk (net)
                      0.057957    0.000000    0.038764 ^ clkbuf_0_clk/A (sky130_fd_sc_hd__clkbuf_16)
     4    0.037315    0.057438    0.144764    0.183528 ^ clkbuf_0_clk/X (sky130_fd_sc_hd__clkbuf_16)
                                                         clknet_0_clk (net)
                      0.057438    0.000073    0.183601 ^ clkbuf_2_3__f_clk/A (sky130_fd_sc_hd__clkbuf_16)
     8    0.029378    0.050558    0.138663    0.322263 ^ clkbuf_2_3__f_clk/X (sky130_fd_sc_hd__clkbuf_16)
                                                         clknet_2_3__leaf_clk (net)
                      0.050558    0.000060    0.322323 ^ _302_/CLK (sky130_fd_sc_hd__dfrtp_1)
     4    0.011771    0.077942    0.401018    0.723341 v _302_/Q (sky130_fd_sc_hd__dfrtp_1)
                                                         current_state[3] (net)
                      0.077942    0.000016    0.723357 v fanout48/A (sky130_fd_sc_hd__clkbuf_2)
    10    0.025598    0.101572    0.179469    0.902826 v fanout48/X (sky130_fd_sc_hd__clkbuf_2)
                                                         net48 (net)
                      0.101572    0.000024    0.902851 v _144_/B_N (sky130_fd_sc_hd__and4bb_1)
     2    0.007144    0.094495    0.316178    1.219029 ^ _144_/X (sky130_fd_sc_hd__and4bb_1)
                                                         net37 (net)
                      0.094495    0.000031    1.219060 ^ fanout46/A (sky130_fd_sc_hd__buf_2)
    10    0.030491    0.152715    0.204128    1.423187 ^ fanout46/X (sky130_fd_sc_hd__buf_2)
                                                         net46 (net)
                      0.152715    0.000185    1.423372 ^ _196_/C1 (sky130_fd_sc_hd__o211a_1)
     1    0.002160    0.041308    0.154616    1.577988 ^ _196_/X (sky130_fd_sc_hd__o211a_1)
                                                         _052_ (net)
                      0.041308    0.000005    1.577993 ^ _197_/B1_N (sky130_fd_sc_hd__o21bai_1)
     1    0.002311    0.099368    0.089840    1.667833 ^ _197_/Y (sky130_fd_sc_hd__o21bai_1)
                                                         _007_ (net)
                      0.099368    0.000004    1.667836 ^ _270_/D (sky130_fd_sc_hd__dfrtp_1)
                                              1.667836   data arrival time

                                  5.000000    5.000000   clock clk (rise edge)
                                  0.000000    5.000000   clock source latency
     1    0.011467    0.057956    0.038764    5.038764 ^ clk (in)
                                                         clk (net)
                      0.057957    0.000000    5.038764 ^ clkbuf_0_clk/A (sky130_fd_sc_hd__clkbuf_16)
     4    0.037315    0.057438    0.144765    5.183528 ^ clkbuf_0_clk/X (sky130_fd_sc_hd__clkbuf_16)
                                                         clknet_0_clk (net)
                      0.057438    0.000072    5.183601 ^ clkbuf_2_3__f_clk/A (sky130_fd_sc_hd__clkbuf_16)
     8    0.029378    0.050558    0.138663    5.322264 ^ clkbuf_2_3__f_clk/X (sky130_fd_sc_hd__clkbuf_16)
                                                         clknet_2_3__leaf_clk (net)
                      0.050558    0.000085    5.322349 ^ _270_/CLK (sky130_fd_sc_hd__dfrtp_1)
                                 -0.250000    5.072349   clock uncertainty
                                  0.000000    5.072349   clock reconvergence pessimism
                                 -0.071533    5.000815   library setup time
                                              5.000815   data required time
---------------------------------------------------------------------------------------------
                                              5.000815   data required time
                                             -1.667836   data arrival time
---------------------------------------------------------------------------------------------
                                              3.332979   slack (MET)


Startpoint: res_n (input port clocked by clk)
Endpoint: _272_ (recovery check against rising-edge clock clk)
Path Group: asynchronous
Path Type: max

Fanout         Cap        Slew       Delay        Time   Description
---------------------------------------------------------------------------------------------
                                  0.000000    0.000000   clock clk (rise edge)
                                  0.000000    0.000000   clock network delay (propagated)
                                  1.000000    1.000000 ^ input external delay
     1    0.002206    0.017770    0.008216    1.008216 ^ res_n (in)
                                                         res_n (net)
                      0.017770    0.000000    1.008216 ^ hold4/A (sky130_fd_sc_hd__dlygate4sd3_1)
     1    0.002241    0.050126    0.520588    1.528804 ^ hold4/X (sky130_fd_sc_hd__dlygate4sd3_1)
                                                         net95 (net)
                      0.050126    0.000000    1.528804 ^ input23/A (sky130_fd_sc_hd__buf_1)
     3    0.010221    0.130210    0.141628    1.670432 ^ input23/X (sky130_fd_sc_hd__buf_1)
                                                         net23 (net)
                      0.130210    0.000030    1.670463 ^ fanout55/A (sky130_fd_sc_hd__clkbuf_4)
    10    0.042316    0.134980    0.233262    1.903725 ^ fanout55/X (sky130_fd_sc_hd__clkbuf_4)
                                                         net55 (net)
                      0.134980    0.000497    1.904222 ^ _272_/RESET_B (sky130_fd_sc_hd__dfrtp_2)
                                              1.904222   data arrival time

                                  5.000000    5.000000   clock clk (rise edge)
                                  0.000000    5.000000   clock source latency
     1    0.011467    0.057956    0.038764    5.038764 ^ clk (in)
                                                         clk (net)
                      0.057957    0.000000    5.038764 ^ clkbuf_0_clk/A (sky130_fd_sc_hd__clkbuf_16)
     4    0.037315    0.057438    0.144765    5.183528 ^ clkbuf_0_clk/X (sky130_fd_sc_hd__clkbuf_16)
                                                         clknet_0_clk (net)
                      0.057438    0.000166    5.183694 ^ clkbuf_2_1__f_clk/A (sky130_fd_sc_hd__clkbuf_16)
    12    0.032280    0.053055    0.140803    5.324497 ^ clkbuf_2_1__f_clk/X (sky130_fd_sc_hd__clkbuf_16)
                                                         clknet_2_1__leaf_clk (net)
                      0.053055    0.000109    5.324606 ^ _272_/CLK (sky130_fd_sc_hd__dfrtp_2)
                                 -0.250000    5.074606   clock uncertainty
                                  0.000000    5.074606   clock reconvergence pessimism
                                  0.194843    5.269449   library recovery time
                                              5.269449   data required time
---------------------------------------------------------------------------------------------
                                              5.269449   data required time
                                             -1.904222   data arrival time
---------------------------------------------------------------------------------------------
                                              3.365227   slack (MET)


Startpoint: res_n (input port clocked by clk)
Endpoint: _271_ (recovery check against rising-edge clock clk)
Path Group: asynchronous
Path Type: max

Fanout         Cap        Slew       Delay        Time   Description
---------------------------------------------------------------------------------------------
                                  0.000000    0.000000   clock clk (rise edge)
                                  0.000000    0.000000   clock network delay (propagated)
                                  1.000000    1.000000 ^ input external delay
     1    0.002206    0.017770    0.008216    1.008216 ^ res_n (in)
                                                         res_n (net)
                      0.017770    0.000000    1.008216 ^ hold4/A (sky130_fd_sc_hd__dlygate4sd3_1)
     1    0.002241    0.050126    0.520588    1.528804 ^ hold4/X (sky130_fd_sc_hd__dlygate4sd3_1)
                                                         net95 (net)
                      0.050126    0.000000    1.528804 ^ input23/A (sky130_fd_sc_hd__buf_1)
     3    0.010221    0.130210    0.141628    1.670432 ^ input23/X (sky130_fd_sc_hd__buf_1)
                                                         net23 (net)
                      0.130210    0.000051    1.670484 ^ fanout56/A (sky130_fd_sc_hd__buf_2)
     7    0.031807    0.159069    0.220766    1.891249 ^ fanout56/X (sky130_fd_sc_hd__buf_2)
                                                         net56 (net)
                      0.159069    0.000486    1.891735 ^ _271_/RESET_B (sky130_fd_sc_hd__dfrtp_2)
                                              1.891735   data arrival time

                                  5.000000    5.000000   clock clk (rise edge)
                                  0.000000    5.000000   clock source latency
     1    0.011467    0.057956    0.038764    5.038764 ^ clk (in)
                                                         clk (net)
                      0.057957    0.000000    5.038764 ^ clkbuf_0_clk/A (sky130_fd_sc_hd__clkbuf_16)
     4    0.037315    0.057438    0.144765    5.183528 ^ clkbuf_0_clk/X (sky130_fd_sc_hd__clkbuf_16)
                                                         clknet_0_clk (net)
                      0.057438    0.000166    5.183694 ^ clkbuf_2_1__f_clk/A (sky130_fd_sc_hd__clkbuf_16)
    12    0.032280    0.053055    0.140803    5.324497 ^ clkbuf_2_1__f_clk/X (sky130_fd_sc_hd__clkbuf_16)
                                                         clknet_2_1__leaf_clk (net)
                      0.053055    0.000123    5.324620 ^ _271_/CLK (sky130_fd_sc_hd__dfrtp_2)
                                 -0.250000    5.074620   clock uncertainty
                                  0.000000    5.074620   clock reconvergence pessimism
                                  0.187665    5.262285   library recovery time
                                              5.262285   data required time
---------------------------------------------------------------------------------------------
                                              5.262285   data required time
                                             -1.891735   data arrival time
---------------------------------------------------------------------------------------------
                                              3.370550   slack (MET)


Startpoint: res_n (input port clocked by clk)
Endpoint: _273_ (recovery check against rising-edge clock clk)
Path Group: asynchronous
Path Type: max

Fanout         Cap        Slew       Delay        Time   Description
---------------------------------------------------------------------------------------------
                                  0.000000    0.000000   clock clk (rise edge)
                                  0.000000    0.000000   clock network delay (propagated)
                                  1.000000    1.000000 ^ input external delay
     1    0.002206    0.017770    0.008216    1.008216 ^ res_n (in)
                                                         res_n (net)
                      0.017770    0.000000    1.008216 ^ hold4/A (sky130_fd_sc_hd__dlygate4sd3_1)
     1    0.002241    0.050126    0.520588    1.528804 ^ hold4/X (sky130_fd_sc_hd__dlygate4sd3_1)
                                                         net95 (net)
                      0.050126    0.000000    1.528804 ^ input23/A (sky130_fd_sc_hd__buf_1)
     3    0.010221    0.130210    0.141628    1.670432 ^ input23/X (sky130_fd_sc_hd__buf_1)
                                                         net23 (net)
                      0.130210    0.000030    1.670463 ^ fanout55/A (sky130_fd_sc_hd__clkbuf_4)
    10    0.042316    0.134980    0.233262    1.903725 ^ fanout55/X (sky130_fd_sc_hd__clkbuf_4)
                                                         net55 (net)
                      0.134980    0.000482    1.904207 ^ _273_/RESET_B (sky130_fd_sc_hd__dfrtp_1)
                                              1.904207   data arrival time

                                  5.000000    5.000000   clock clk (rise edge)
                                  0.000000    5.000000   clock source latency
     1    0.011467    0.057956    0.038764    5.038764 ^ clk (in)
                                                         clk (net)
                      0.057957    0.000000    5.038764 ^ clkbuf_0_clk/A (sky130_fd_sc_hd__clkbuf_16)
     4    0.037315    0.057438    0.144765    5.183528 ^ clkbuf_0_clk/X (sky130_fd_sc_hd__clkbuf_16)
                                                         clknet_0_clk (net)
                      0.057438    0.000166    5.183694 ^ clkbuf_2_1__f_clk/A (sky130_fd_sc_hd__clkbuf_16)
    12    0.032280    0.053055    0.140803    5.324497 ^ clkbuf_2_1__f_clk/X (sky130_fd_sc_hd__clkbuf_16)
                                                         clknet_2_1__leaf_clk (net)
                      0.053055    0.000105    5.324603 ^ _273_/CLK (sky130_fd_sc_hd__dfrtp_1)
                                 -0.250000    5.074603   clock uncertainty
                                  0.000000    5.074603   clock reconvergence pessimism
                                  0.209536    5.284139   library recovery time
                                              5.284139   data required time
---------------------------------------------------------------------------------------------
                                              5.284139   data required time
                                             -1.904207   data arrival time
---------------------------------------------------------------------------------------------
                                              3.379932   slack (MET)


Startpoint: res_n (input port clocked by clk)
Endpoint: _286_ (recovery check against rising-edge clock clk)
Path Group: asynchronous
Path Type: max

Fanout         Cap        Slew       Delay        Time   Description
---------------------------------------------------------------------------------------------
                                  0.000000    0.000000   clock clk (rise edge)
                                  0.000000    0.000000   clock network delay (propagated)
                                  1.000000    1.000000 ^ input external delay
     1    0.002206    0.017770    0.008216    1.008216 ^ res_n (in)
                                                         res_n (net)
                      0.017770    0.000000    1.008216 ^ hold4/A (sky130_fd_sc_hd__dlygate4sd3_1)
     1    0.002241    0.050126    0.520588    1.528804 ^ hold4/X (sky130_fd_sc_hd__dlygate4sd3_1)
                                                         net95 (net)
                      0.050126    0.000000    1.528804 ^ input23/A (sky130_fd_sc_hd__buf_1)
     3    0.010221    0.130210    0.141628    1.670432 ^ input23/X (sky130_fd_sc_hd__buf_1)
                                                         net23 (net)
                      0.130210    0.000030    1.670463 ^ fanout55/A (sky130_fd_sc_hd__clkbuf_4)
    10    0.042316    0.134980    0.233262    1.903725 ^ fanout55/X (sky130_fd_sc_hd__clkbuf_4)
                                                         net55 (net)
                      0.134980    0.000467    1.904192 ^ _286_/RESET_B (sky130_fd_sc_hd__dfrtp_1)
                                              1.904192   data arrival time

                                  5.000000    5.000000   clock clk (rise edge)
                                  0.000000    5.000000   clock source latency
     1    0.011467    0.057956    0.038764    5.038764 ^ clk (in)
                                                         clk (net)
                      0.057957    0.000000    5.038764 ^ clkbuf_0_clk/A (sky130_fd_sc_hd__clkbuf_16)
     4    0.037315    0.057438    0.144765    5.183528 ^ clkbuf_0_clk/X (sky130_fd_sc_hd__clkbuf_16)
                                                         clknet_0_clk (net)
                      0.057438    0.000166    5.183694 ^ clkbuf_2_1__f_clk/A (sky130_fd_sc_hd__clkbuf_16)
    12    0.032280    0.053055    0.140803    5.324497 ^ clkbuf_2_1__f_clk/X (sky130_fd_sc_hd__clkbuf_16)
                                                         clknet_2_1__leaf_clk (net)
                      0.053055    0.000117    5.324614 ^ _286_/CLK (sky130_fd_sc_hd__dfrtp_1)
                                 -0.250000    5.074614   clock uncertainty
                                  0.000000    5.074614   clock reconvergence pessimism
                                  0.209536    5.284150   library recovery time
                                              5.284150   data required time
---------------------------------------------------------------------------------------------
                                              5.284150   data required time
                                             -1.904192   data arrival time
---------------------------------------------------------------------------------------------
                                              3.379958   slack (MET)


Startpoint: res_n (input port clocked by clk)
Endpoint: _293_ (recovery check against rising-edge clock clk)
Path Group: asynchronous
Path Type: max

Fanout         Cap        Slew       Delay        Time   Description
---------------------------------------------------------------------------------------------
                                  0.000000    0.000000   clock clk (rise edge)
                                  0.000000    0.000000   clock network delay (propagated)
                                  1.000000    1.000000 ^ input external delay
     1    0.002206    0.017770    0.008216    1.008216 ^ res_n (in)
                                                         res_n (net)
                      0.017770    0.000000    1.008216 ^ hold4/A (sky130_fd_sc_hd__dlygate4sd3_1)
     1    0.002241    0.050126    0.520588    1.528804 ^ hold4/X (sky130_fd_sc_hd__dlygate4sd3_1)
                                                         net95 (net)
                      0.050126    0.000000    1.528804 ^ input23/A (sky130_fd_sc_hd__buf_1)
     3    0.010221    0.130210    0.141628    1.670432 ^ input23/X (sky130_fd_sc_hd__buf_1)
                                                         net23 (net)
                      0.130210    0.000030    1.670463 ^ fanout55/A (sky130_fd_sc_hd__clkbuf_4)
    10    0.042316    0.134980    0.233262    1.903725 ^ fanout55/X (sky130_fd_sc_hd__clkbuf_4)
                                                         net55 (net)
                      0.134980    0.000448    1.904173 ^ _293_/RESET_B (sky130_fd_sc_hd__dfrtp_1)
                                              1.904173   data arrival time

                                  5.000000    5.000000   clock clk (rise edge)
                                  0.000000    5.000000   clock source latency
     1    0.011467    0.057956    0.038764    5.038764 ^ clk (in)
                                                         clk (net)
                      0.057957    0.000000    5.038764 ^ clkbuf_0_clk/A (sky130_fd_sc_hd__clkbuf_16)
     4    0.037315    0.057438    0.144765    5.183528 ^ clkbuf_0_clk/X (sky130_fd_sc_hd__clkbuf_16)
                                                         clknet_0_clk (net)
                      0.057438    0.000166    5.183694 ^ clkbuf_2_1__f_clk/A (sky130_fd_sc_hd__clkbuf_16)
    12    0.032280    0.053055    0.140803    5.324497 ^ clkbuf_2_1__f_clk/X (sky130_fd_sc_hd__clkbuf_16)
                                                         clknet_2_1__leaf_clk (net)
                      0.053055    0.000232    5.324730 ^ _293_/CLK (sky130_fd_sc_hd__dfrtp_1)
                                 -0.250000    5.074729   clock uncertainty
                                  0.000000    5.074729   clock reconvergence pessimism
                                  0.209536    5.284266   library recovery time
                                              5.284266   data required time
---------------------------------------------------------------------------------------------
                                              5.284266   data required time
                                             -1.904173   data arrival time
---------------------------------------------------------------------------------------------
                                              3.380092   slack (MET)


Startpoint: res_n (input port clocked by clk)
Endpoint: _292_ (recovery check against rising-edge clock clk)
Path Group: asynchronous
Path Type: max

Fanout         Cap        Slew       Delay        Time   Description
---------------------------------------------------------------------------------------------
                                  0.000000    0.000000   clock clk (rise edge)
                                  0.000000    0.000000   clock network delay (propagated)
                                  1.000000    1.000000 ^ input external delay
     1    0.002206    0.017770    0.008216    1.008216 ^ res_n (in)
                                                         res_n (net)
                      0.017770    0.000000    1.008216 ^ hold4/A (sky130_fd_sc_hd__dlygate4sd3_1)
     1    0.002241    0.050126    0.520588    1.528804 ^ hold4/X (sky130_fd_sc_hd__dlygate4sd3_1)
                                                         net95 (net)
                      0.050126    0.000000    1.528804 ^ input23/A (sky130_fd_sc_hd__buf_1)
     3    0.010221    0.130210    0.141628    1.670432 ^ input23/X (sky130_fd_sc_hd__buf_1)
                                                         net23 (net)
                      0.130210    0.000030    1.670463 ^ fanout55/A (sky130_fd_sc_hd__clkbuf_4)
    10    0.042316    0.134980    0.233262    1.903725 ^ fanout55/X (sky130_fd_sc_hd__clkbuf_4)
                                                         net55 (net)
                      0.134980    0.000440    1.904166 ^ _292_/RESET_B (sky130_fd_sc_hd__dfrtp_1)
                                              1.904166   data arrival time

                                  5.000000    5.000000   clock clk (rise edge)
                                  0.000000    5.000000   clock source latency
     1    0.011467    0.057956    0.038764    5.038764 ^ clk (in)
                                                         clk (net)
                      0.057957    0.000000    5.038764 ^ clkbuf_0_clk/A (sky130_fd_sc_hd__clkbuf_16)
     4    0.037315    0.057438    0.144765    5.183528 ^ clkbuf_0_clk/X (sky130_fd_sc_hd__clkbuf_16)
                                                         clknet_0_clk (net)
                      0.057438    0.000166    5.183694 ^ clkbuf_2_1__f_clk/A (sky130_fd_sc_hd__clkbuf_16)
    12    0.032280    0.053055    0.140803    5.324497 ^ clkbuf_2_1__f_clk/X (sky130_fd_sc_hd__clkbuf_16)
                                                         clknet_2_1__leaf_clk (net)
                      0.053055    0.000230    5.324727 ^ _292_/CLK (sky130_fd_sc_hd__dfrtp_1)
                                 -0.250000    5.074727   clock uncertainty
                                  0.000000    5.074727   clock reconvergence pessimism
                                  0.209536    5.284263   library recovery time
                                              5.284263   data required time
---------------------------------------------------------------------------------------------
                                              5.284263   data required time
                                             -1.904166   data arrival time
---------------------------------------------------------------------------------------------
                                              3.380097   slack (MET)


Startpoint: res_n (input port clocked by clk)
Endpoint: _291_ (recovery check against rising-edge clock clk)
Path Group: asynchronous
Path Type: max

Fanout         Cap        Slew       Delay        Time   Description
---------------------------------------------------------------------------------------------
                                  0.000000    0.000000   clock clk (rise edge)
                                  0.000000    0.000000   clock network delay (propagated)
                                  1.000000    1.000000 ^ input external delay
     1    0.002206    0.017770    0.008216    1.008216 ^ res_n (in)
                                                         res_n (net)
                      0.017770    0.000000    1.008216 ^ hold4/A (sky130_fd_sc_hd__dlygate4sd3_1)
     1    0.002241    0.050126    0.520588    1.528804 ^ hold4/X (sky130_fd_sc_hd__dlygate4sd3_1)
                                                         net95 (net)
                      0.050126    0.000000    1.528804 ^ input23/A (sky130_fd_sc_hd__buf_1)
     3    0.010221    0.130210    0.141628    1.670432 ^ input23/X (sky130_fd_sc_hd__buf_1)
                                                         net23 (net)
                      0.130210    0.000030    1.670463 ^ fanout55/A (sky130_fd_sc_hd__clkbuf_4)
    10    0.042316    0.134980    0.233262    1.903725 ^ fanout55/X (sky130_fd_sc_hd__clkbuf_4)
                                                         net55 (net)
                      0.134980    0.000379    1.904104 ^ _291_/RESET_B (sky130_fd_sc_hd__dfrtp_1)
                                              1.904104   data arrival time

                                  5.000000    5.000000   clock clk (rise edge)
                                  0.000000    5.000000   clock source latency
     1    0.011467    0.057956    0.038764    5.038764 ^ clk (in)
                                                         clk (net)
                      0.057957    0.000000    5.038764 ^ clkbuf_0_clk/A (sky130_fd_sc_hd__clkbuf_16)
     4    0.037315    0.057438    0.144765    5.183528 ^ clkbuf_0_clk/X (sky130_fd_sc_hd__clkbuf_16)
                                                         clknet_0_clk (net)
                      0.057438    0.000166    5.183694 ^ clkbuf_2_1__f_clk/A (sky130_fd_sc_hd__clkbuf_16)
    12    0.032280    0.053055    0.140803    5.324497 ^ clkbuf_2_1__f_clk/X (sky130_fd_sc_hd__clkbuf_16)
                                                         clknet_2_1__leaf_clk (net)
                      0.053055    0.000218    5.324716 ^ _291_/CLK (sky130_fd_sc_hd__dfrtp_1)
                                 -0.250000    5.074716   clock uncertainty
                                  0.000000    5.074716   clock reconvergence pessimism
                                  0.209536    5.284251   library recovery time
                                              5.284251   data required time
---------------------------------------------------------------------------------------------
                                              5.284251   data required time
                                             -1.904104   data arrival time
---------------------------------------------------------------------------------------------
                                              3.380147   slack (MET)


Startpoint: res_n (input port clocked by clk)
Endpoint: _294_ (recovery check against rising-edge clock clk)
Path Group: asynchronous
Path Type: max

Fanout         Cap        Slew       Delay        Time   Description
---------------------------------------------------------------------------------------------
                                  0.000000    0.000000   clock clk (rise edge)
                                  0.000000    0.000000   clock network delay (propagated)
                                  1.000000    1.000000 ^ input external delay
     1    0.002206    0.017770    0.008216    1.008216 ^ res_n (in)
                                                         res_n (net)
                      0.017770    0.000000    1.008216 ^ hold4/A (sky130_fd_sc_hd__dlygate4sd3_1)
     1    0.002241    0.050126    0.520588    1.528804 ^ hold4/X (sky130_fd_sc_hd__dlygate4sd3_1)
                                                         net95 (net)
                      0.050126    0.000000    1.528804 ^ input23/A (sky130_fd_sc_hd__buf_1)
     3    0.010221    0.130210    0.141628    1.670432 ^ input23/X (sky130_fd_sc_hd__buf_1)
                                                         net23 (net)
                      0.130210    0.000030    1.670463 ^ fanout55/A (sky130_fd_sc_hd__clkbuf_4)
    10    0.042316    0.134980    0.233262    1.903725 ^ fanout55/X (sky130_fd_sc_hd__clkbuf_4)
                                                         net55 (net)
                      0.134980    0.000257    1.903983 ^ _294_/RESET_B (sky130_fd_sc_hd__dfrtp_1)
                                              1.903983   data arrival time

                                  5.000000    5.000000   clock clk (rise edge)
                                  0.000000    5.000000   clock source latency
     1    0.011467    0.057956    0.038764    5.038764 ^ clk (in)
                                                         clk (net)
                      0.057957    0.000000    5.038764 ^ clkbuf_0_clk/A (sky130_fd_sc_hd__clkbuf_16)
     4    0.037315    0.057438    0.144765    5.183528 ^ clkbuf_0_clk/X (sky130_fd_sc_hd__clkbuf_16)
                                                         clknet_0_clk (net)
                      0.057438    0.000166    5.183694 ^ clkbuf_2_1__f_clk/A (sky130_fd_sc_hd__clkbuf_16)
    12    0.032280    0.053055    0.140803    5.324497 ^ clkbuf_2_1__f_clk/X (sky130_fd_sc_hd__clkbuf_16)
                                                         clknet_2_1__leaf_clk (net)
                      0.053055    0.000190    5.324687 ^ _294_/CLK (sky130_fd_sc_hd__dfrtp_1)
                                 -0.250000    5.074687   clock uncertainty
                                  0.000000    5.074687   clock reconvergence pessimism
                                  0.209536    5.284223   library recovery time
                                              5.284223   data required time
---------------------------------------------------------------------------------------------
                                              5.284223   data required time
                                             -1.903983   data arrival time
---------------------------------------------------------------------------------------------
                                              3.380240   slack (MET)


Startpoint: res_n (input port clocked by clk)
Endpoint: _296_ (recovery check against rising-edge clock clk)
Path Group: asynchronous
Path Type: max

Fanout         Cap        Slew       Delay        Time   Description
---------------------------------------------------------------------------------------------
                                  0.000000    0.000000   clock clk (rise edge)
                                  0.000000    0.000000   clock network delay (propagated)
                                  1.000000    1.000000 ^ input external delay
     1    0.002206    0.017770    0.008216    1.008216 ^ res_n (in)
                                                         res_n (net)
                      0.017770    0.000000    1.008216 ^ hold4/A (sky130_fd_sc_hd__dlygate4sd3_1)
     1    0.002241    0.050126    0.520588    1.528804 ^ hold4/X (sky130_fd_sc_hd__dlygate4sd3_1)
                                                         net95 (net)
                      0.050126    0.000000    1.528804 ^ input23/A (sky130_fd_sc_hd__buf_1)
     3    0.010221    0.130210    0.141628    1.670432 ^ input23/X (sky130_fd_sc_hd__buf_1)
                                                         net23 (net)
                      0.130210    0.000030    1.670463 ^ fanout55/A (sky130_fd_sc_hd__clkbuf_4)
    10    0.042316    0.134980    0.233262    1.903725 ^ fanout55/X (sky130_fd_sc_hd__clkbuf_4)
                                                         net55 (net)
                      0.134980    0.000096    1.903822 ^ _296_/RESET_B (sky130_fd_sc_hd__dfrtp_1)
                                              1.903822   data arrival time

                                  5.000000    5.000000   clock clk (rise edge)
                                  0.000000    5.000000   clock source latency
     1    0.011467    0.057956    0.038764    5.038764 ^ clk (in)
                                                         clk (net)
                      0.057957    0.000000    5.038764 ^ clkbuf_0_clk/A (sky130_fd_sc_hd__clkbuf_16)
     4    0.037315    0.057438    0.144765    5.183528 ^ clkbuf_0_clk/X (sky130_fd_sc_hd__clkbuf_16)
                                                         clknet_0_clk (net)
                      0.057438    0.000166    5.183694 ^ clkbuf_2_1__f_clk/A (sky130_fd_sc_hd__clkbuf_16)
    12    0.032280    0.053055    0.140803    5.324497 ^ clkbuf_2_1__f_clk/X (sky130_fd_sc_hd__clkbuf_16)
                                                         clknet_2_1__leaf_clk (net)
                      0.053055    0.000157    5.324655 ^ _296_/CLK (sky130_fd_sc_hd__dfrtp_1)
                                 -0.250000    5.074655   clock uncertainty
                                  0.000000    5.074655   clock reconvergence pessimism
                                  0.209536    5.284191   library recovery time
                                              5.284191   data required time
---------------------------------------------------------------------------------------------
                                              5.284191   data required time
                                             -1.903822   data arrival time
---------------------------------------------------------------------------------------------
                                              3.380369   slack (MET)


Startpoint: res_n (input port clocked by clk)
Endpoint: _298_ (recovery check against rising-edge clock clk)
Path Group: asynchronous
Path Type: max

Fanout         Cap        Slew       Delay        Time   Description
---------------------------------------------------------------------------------------------
                                  0.000000    0.000000   clock clk (rise edge)
                                  0.000000    0.000000   clock network delay (propagated)
                                  1.000000    1.000000 ^ input external delay
     1    0.002206    0.017770    0.008216    1.008216 ^ res_n (in)
                                                         res_n (net)
                      0.017770    0.000000    1.008216 ^ hold4/A (sky130_fd_sc_hd__dlygate4sd3_1)
     1    0.002241    0.050126    0.520588    1.528804 ^ hold4/X (sky130_fd_sc_hd__dlygate4sd3_1)
                                                         net95 (net)
                      0.050126    0.000000    1.528804 ^ input23/A (sky130_fd_sc_hd__buf_1)
     3    0.010221    0.130210    0.141628    1.670432 ^ input23/X (sky130_fd_sc_hd__buf_1)
                                                         net23 (net)
                      0.130210    0.000030    1.670463 ^ fanout55/A (sky130_fd_sc_hd__clkbuf_4)
    10    0.042316    0.134980    0.233262    1.903725 ^ fanout55/X (sky130_fd_sc_hd__clkbuf_4)
                                                         net55 (net)
                      0.134980    0.000100    1.903826 ^ _298_/RESET_B (sky130_fd_sc_hd__dfrtp_1)
                                              1.903826   data arrival time

                                  5.000000    5.000000   clock clk (rise edge)
                                  0.000000    5.000000   clock source latency
     1    0.011467    0.057956    0.038764    5.038764 ^ clk (in)
                                                         clk (net)
                      0.057957    0.000000    5.038764 ^ clkbuf_0_clk/A (sky130_fd_sc_hd__clkbuf_16)
     4    0.037315    0.057438    0.144765    5.183528 ^ clkbuf_0_clk/X (sky130_fd_sc_hd__clkbuf_16)
                                                         clknet_0_clk (net)
                      0.057438    0.000166    5.183694 ^ clkbuf_2_1__f_clk/A (sky130_fd_sc_hd__clkbuf_16)
    12    0.032280    0.053055    0.140803    5.324497 ^ clkbuf_2_1__f_clk/X (sky130_fd_sc_hd__clkbuf_16)
                                                         clknet_2_1__leaf_clk (net)
                      0.053055    0.000160    5.324658 ^ _298_/CLK (sky130_fd_sc_hd__dfrtp_1)
                                 -0.250000    5.074658   clock uncertainty
                                  0.000000    5.074658   clock reconvergence pessimism
                                  0.209536    5.284194   library recovery time
                                              5.284194   data required time
---------------------------------------------------------------------------------------------
                                              5.284194   data required time
                                             -1.903826   data arrival time
---------------------------------------------------------------------------------------------
                                              3.380368   slack (MET)


Startpoint: res_n (input port clocked by clk)
Endpoint: _295_ (recovery check against rising-edge clock clk)
Path Group: asynchronous
Path Type: max

Fanout         Cap        Slew       Delay        Time   Description
---------------------------------------------------------------------------------------------
                                  0.000000    0.000000   clock clk (rise edge)
                                  0.000000    0.000000   clock network delay (propagated)
                                  1.000000    1.000000 ^ input external delay
     1    0.002206    0.017770    0.008216    1.008216 ^ res_n (in)
                                                         res_n (net)
                      0.017770    0.000000    1.008216 ^ hold4/A (sky130_fd_sc_hd__dlygate4sd3_1)
     1    0.002241    0.050126    0.520588    1.528804 ^ hold4/X (sky130_fd_sc_hd__dlygate4sd3_1)
                                                         net95 (net)
                      0.050126    0.000000    1.528804 ^ input23/A (sky130_fd_sc_hd__buf_1)
     3    0.010221    0.130210    0.141628    1.670432 ^ input23/X (sky130_fd_sc_hd__buf_1)
                                                         net23 (net)
                      0.130210    0.000030    1.670463 ^ fanout55/A (sky130_fd_sc_hd__clkbuf_4)
    10    0.042316    0.134980    0.233262    1.903725 ^ fanout55/X (sky130_fd_sc_hd__clkbuf_4)
                                                         net55 (net)
                      0.134980    0.000013    1.903738 ^ _295_/RESET_B (sky130_fd_sc_hd__dfrtp_1)
                                              1.903738   data arrival time

                                  5.000000    5.000000   clock clk (rise edge)
                                  0.000000    5.000000   clock source latency
     1    0.011467    0.057956    0.038764    5.038764 ^ clk (in)
                                                         clk (net)
                      0.057957    0.000000    5.038764 ^ clkbuf_0_clk/A (sky130_fd_sc_hd__clkbuf_16)
     4    0.037315    0.057438    0.144765    5.183528 ^ clkbuf_0_clk/X (sky130_fd_sc_hd__clkbuf_16)
                                                         clknet_0_clk (net)
                      0.057438    0.000166    5.183694 ^ clkbuf_2_1__f_clk/A (sky130_fd_sc_hd__clkbuf_16)
    12    0.032280    0.053055    0.140803    5.324497 ^ clkbuf_2_1__f_clk/X (sky130_fd_sc_hd__clkbuf_16)
                                                         clknet_2_1__leaf_clk (net)
                      0.053055    0.000119    5.324617 ^ _295_/CLK (sky130_fd_sc_hd__dfrtp_1)
                                 -0.250000    5.074617   clock uncertainty
                                  0.000000    5.074617   clock reconvergence pessimism
                                  0.209536    5.284153   library recovery time
                                              5.284153   data required time
---------------------------------------------------------------------------------------------
                                              5.284153   data required time
                                             -1.903738   data arrival time
---------------------------------------------------------------------------------------------
                                              3.380414   slack (MET)


Startpoint: res_n (input port clocked by clk)
Endpoint: _301_ (recovery check against rising-edge clock clk)
Path Group: asynchronous
Path Type: max

Fanout         Cap        Slew       Delay        Time   Description
---------------------------------------------------------------------------------------------
                                  0.000000    0.000000   clock clk (rise edge)
                                  0.000000    0.000000   clock network delay (propagated)
                                  1.000000    1.000000 ^ input external delay
     1    0.002206    0.017770    0.008216    1.008216 ^ res_n (in)
                                                         res_n (net)
                      0.017770    0.000000    1.008216 ^ hold4/A (sky130_fd_sc_hd__dlygate4sd3_1)
     1    0.002241    0.050126    0.520588    1.528804 ^ hold4/X (sky130_fd_sc_hd__dlygate4sd3_1)
                                                         net95 (net)
                      0.050126    0.000000    1.528804 ^ input23/A (sky130_fd_sc_hd__buf_1)
     3    0.010221    0.130210    0.141628    1.670432 ^ input23/X (sky130_fd_sc_hd__buf_1)
                                                         net23 (net)
                      0.130210    0.000051    1.670484 ^ fanout56/A (sky130_fd_sc_hd__buf_2)
     7    0.031807    0.159069    0.220766    1.891249 ^ fanout56/X (sky130_fd_sc_hd__buf_2)
                                                         net56 (net)
                      0.159069    0.000510    1.891760 ^ _301_/RESET_B (sky130_fd_sc_hd__dfrtp_1)
                                              1.891760   data arrival time

                                  5.000000    5.000000   clock clk (rise edge)
                                  0.000000    5.000000   clock source latency
     1    0.011467    0.057956    0.038764    5.038764 ^ clk (in)
                                                         clk (net)
                      0.057957    0.000000    5.038764 ^ clkbuf_0_clk/A (sky130_fd_sc_hd__clkbuf_16)
     4    0.037315    0.057438    0.144765    5.183528 ^ clkbuf_0_clk/X (sky130_fd_sc_hd__clkbuf_16)
                                                         clknet_0_clk (net)
                      0.057438    0.000072    5.183601 ^ clkbuf_2_3__f_clk/A (sky130_fd_sc_hd__clkbuf_16)
     8    0.029378    0.050558    0.138663    5.322264 ^ clkbuf_2_3__f_clk/X (sky130_fd_sc_hd__clkbuf_16)
                                                         clknet_2_3__leaf_clk (net)
                      0.050558    0.000067    5.322331 ^ _301_/CLK (sky130_fd_sc_hd__dfrtp_1)
                                 -0.250000    5.072330   clock uncertainty
                                  0.000000    5.072330   clock reconvergence pessimism
                                  0.202530    5.274861   library recovery time
                                              5.274861   data required time
---------------------------------------------------------------------------------------------
                                              5.274861   data required time
                                             -1.891760   data arrival time
---------------------------------------------------------------------------------------------
                                              3.383101   slack (MET)


Startpoint: res_n (input port clocked by clk)
Endpoint: _284_ (recovery check against rising-edge clock clk)
Path Group: asynchronous
Path Type: max

Fanout         Cap        Slew       Delay        Time   Description
---------------------------------------------------------------------------------------------
                                  0.000000    0.000000   clock clk (rise edge)
                                  0.000000    0.000000   clock network delay (propagated)
                                  1.000000    1.000000 ^ input external delay
     1    0.002206    0.017770    0.008216    1.008216 ^ res_n (in)
                                                         res_n (net)
                      0.017770    0.000000    1.008216 ^ hold4/A (sky130_fd_sc_hd__dlygate4sd3_1)
     1    0.002241    0.050126    0.520588    1.528804 ^ hold4/X (sky130_fd_sc_hd__dlygate4sd3_1)
                                                         net95 (net)
                      0.050126    0.000000    1.528804 ^ input23/A (sky130_fd_sc_hd__buf_1)
     3    0.010221    0.130210    0.141628    1.670432 ^ input23/X (sky130_fd_sc_hd__buf_1)
                                                         net23 (net)
                      0.130210    0.000051    1.670484 ^ fanout56/A (sky130_fd_sc_hd__buf_2)
     7    0.031807    0.159069    0.220766    1.891249 ^ fanout56/X (sky130_fd_sc_hd__buf_2)
                                                         net56 (net)
                      0.159069    0.000506    1.891756 ^ _284_/RESET_B (sky130_fd_sc_hd__dfrtp_1)
                                              1.891756   data arrival time

                                  5.000000    5.000000   clock clk (rise edge)
                                  0.000000    5.000000   clock source latency
     1    0.011467    0.057956    0.038764    5.038764 ^ clk (in)
                                                         clk (net)
                      0.057957    0.000000    5.038764 ^ clkbuf_0_clk/A (sky130_fd_sc_hd__clkbuf_16)
     4    0.037315    0.057438    0.144765    5.183528 ^ clkbuf_0_clk/X (sky130_fd_sc_hd__clkbuf_16)
                                                         clknet_0_clk (net)
                      0.057438    0.000072    5.183601 ^ clkbuf_2_3__f_clk/A (sky130_fd_sc_hd__clkbuf_16)
     8    0.029378    0.050558    0.138663    5.322264 ^ clkbuf_2_3__f_clk/X (sky130_fd_sc_hd__clkbuf_16)
                                                         clknet_2_3__leaf_clk (net)
                      0.050558    0.000076    5.322340 ^ _284_/CLK (sky130_fd_sc_hd__dfrtp_1)
                                 -0.250000    5.072340   clock uncertainty
                                  0.000000    5.072340   clock reconvergence pessimism
                                  0.202530    5.274870   library recovery time
                                              5.274870   data required time
---------------------------------------------------------------------------------------------
                                              5.274870   data required time
                                             -1.891756   data arrival time
---------------------------------------------------------------------------------------------
                                              3.383114   slack (MET)


Startpoint: res_n (input port clocked by clk)
Endpoint: _270_ (recovery check against rising-edge clock clk)
Path Group: asynchronous
Path Type: max

Fanout         Cap        Slew       Delay        Time   Description
---------------------------------------------------------------------------------------------
                                  0.000000    0.000000   clock clk (rise edge)
                                  0.000000    0.000000   clock network delay (propagated)
                                  1.000000    1.000000 ^ input external delay
     1    0.002206    0.017770    0.008216    1.008216 ^ res_n (in)
                                                         res_n (net)
                      0.017770    0.000000    1.008216 ^ hold4/A (sky130_fd_sc_hd__dlygate4sd3_1)
     1    0.002241    0.050126    0.520588    1.528804 ^ hold4/X (sky130_fd_sc_hd__dlygate4sd3_1)
                                                         net95 (net)
                      0.050126    0.000000    1.528804 ^ input23/A (sky130_fd_sc_hd__buf_1)
     3    0.010221    0.130210    0.141628    1.670432 ^ input23/X (sky130_fd_sc_hd__buf_1)
                                                         net23 (net)
                      0.130210    0.000051    1.670484 ^ fanout56/A (sky130_fd_sc_hd__buf_2)
     7    0.031807    0.159069    0.220766    1.891249 ^ fanout56/X (sky130_fd_sc_hd__buf_2)
                                                         net56 (net)
                      0.159069    0.000471    1.891720 ^ _270_/RESET_B (sky130_fd_sc_hd__dfrtp_1)
                                              1.891720   data arrival time

                                  5.000000    5.000000   clock clk (rise edge)
                                  0.000000    5.000000   clock source latency
     1    0.011467    0.057956    0.038764    5.038764 ^ clk (in)
                                                         clk (net)
                      0.057957    0.000000    5.038764 ^ clkbuf_0_clk/A (sky130_fd_sc_hd__clkbuf_16)
     4    0.037315    0.057438    0.144765    5.183528 ^ clkbuf_0_clk/X (sky130_fd_sc_hd__clkbuf_16)
                                                         clknet_0_clk (net)
                      0.057438    0.000072    5.183601 ^ clkbuf_2_3__f_clk/A (sky130_fd_sc_hd__clkbuf_16)
     8    0.029378    0.050558    0.138663    5.322264 ^ clkbuf_2_3__f_clk/X (sky130_fd_sc_hd__clkbuf_16)
                                                         clknet_2_3__leaf_clk (net)
                      0.050558    0.000085    5.322349 ^ _270_/CLK (sky130_fd_sc_hd__dfrtp_1)
                                 -0.250000    5.072349   clock uncertainty
                                  0.000000    5.072349   clock reconvergence pessimism
                                  0.202530    5.274879   library recovery time
                                              5.274879   data required time
---------------------------------------------------------------------------------------------
                                              5.274879   data required time
                                             -1.891720   data arrival time
---------------------------------------------------------------------------------------------
                                              3.383158   slack (MET)


Startpoint: res_n (input port clocked by clk)
Endpoint: _302_ (recovery check against rising-edge clock clk)
Path Group: asynchronous
Path Type: max

Fanout         Cap        Slew       Delay        Time   Description
---------------------------------------------------------------------------------------------
                                  0.000000    0.000000   clock clk (rise edge)
                                  0.000000    0.000000   clock network delay (propagated)
                                  1.000000    1.000000 ^ input external delay
     1    0.002206    0.017770    0.008216    1.008216 ^ res_n (in)
                                                         res_n (net)
                      0.017770    0.000000    1.008216 ^ hold4/A (sky130_fd_sc_hd__dlygate4sd3_1)
     1    0.002241    0.050126    0.520588    1.528804 ^ hold4/X (sky130_fd_sc_hd__dlygate4sd3_1)
                                                         net95 (net)
                      0.050126    0.000000    1.528804 ^ input23/A (sky130_fd_sc_hd__buf_1)
     3    0.010221    0.130210    0.141628    1.670432 ^ input23/X (sky130_fd_sc_hd__buf_1)
                                                         net23 (net)
                      0.130210    0.000051    1.670484 ^ fanout56/A (sky130_fd_sc_hd__buf_2)
     7    0.031807    0.159069    0.220766    1.891249 ^ fanout56/X (sky130_fd_sc_hd__buf_2)
                                                         net56 (net)
                      0.159069    0.000310    1.891560 ^ _302_/RESET_B (sky130_fd_sc_hd__dfrtp_1)
                                              1.891560   data arrival time

                                  5.000000    5.000000   clock clk (rise edge)
                                  0.000000    5.000000   clock source latency
     1    0.011467    0.057956    0.038764    5.038764 ^ clk (in)
                                                         clk (net)
                      0.057957    0.000000    5.038764 ^ clkbuf_0_clk/A (sky130_fd_sc_hd__clkbuf_16)
     4    0.037315    0.057438    0.144765    5.183528 ^ clkbuf_0_clk/X (sky130_fd_sc_hd__clkbuf_16)
                                                         clknet_0_clk (net)
                      0.057438    0.000072    5.183601 ^ clkbuf_2_3__f_clk/A (sky130_fd_sc_hd__clkbuf_16)
     8    0.029378    0.050558    0.138663    5.322264 ^ clkbuf_2_3__f_clk/X (sky130_fd_sc_hd__clkbuf_16)
                                                         clknet_2_3__leaf_clk (net)
                      0.050558    0.000060    5.322324 ^ _302_/CLK (sky130_fd_sc_hd__dfrtp_1)
                                 -0.250000    5.072324   clock uncertainty
                                  0.000000    5.072324   clock reconvergence pessimism
                                  0.202530    5.274854   library recovery time
                                              5.274854   data required time
---------------------------------------------------------------------------------------------
                                              5.274854   data required time
                                             -1.891560   data arrival time
---------------------------------------------------------------------------------------------
                                              3.383294   slack (MET)


Startpoint: res_n (input port clocked by clk)
Endpoint: _268_ (recovery check against rising-edge clock clk)
Path Group: asynchronous
Path Type: max

Fanout         Cap        Slew       Delay        Time   Description
---------------------------------------------------------------------------------------------
                                  0.000000    0.000000   clock clk (rise edge)
                                  0.000000    0.000000   clock network delay (propagated)
                                  1.000000    1.000000 ^ input external delay
     1    0.002206    0.017770    0.008216    1.008216 ^ res_n (in)
                                                         res_n (net)
                      0.017770    0.000000    1.008216 ^ hold4/A (sky130_fd_sc_hd__dlygate4sd3_1)
     1    0.002241    0.050126    0.520588    1.528804 ^ hold4/X (sky130_fd_sc_hd__dlygate4sd3_1)
                                                         net95 (net)
                      0.050126    0.000000    1.528804 ^ input23/A (sky130_fd_sc_hd__buf_1)
     3    0.010221    0.130210    0.141628    1.670432 ^ input23/X (sky130_fd_sc_hd__buf_1)
                                                         net23 (net)
                      0.130210    0.000051    1.670484 ^ fanout56/A (sky130_fd_sc_hd__buf_2)
     7    0.031807    0.159069    0.220766    1.891249 ^ fanout56/X (sky130_fd_sc_hd__buf_2)
                                                         net56 (net)
                      0.159069    0.000112    1.891361 ^ _268_/RESET_B (sky130_fd_sc_hd__dfrtp_1)
                                              1.891361   data arrival time

                                  5.000000    5.000000   clock clk (rise edge)
                                  0.000000    5.000000   clock source latency
     1    0.011467    0.057956    0.038764    5.038764 ^ clk (in)
                                                         clk (net)
                      0.057957    0.000000    5.038764 ^ clkbuf_0_clk/A (sky130_fd_sc_hd__clkbuf_16)
     4    0.037315    0.057438    0.144765    5.183528 ^ clkbuf_0_clk/X (sky130_fd_sc_hd__clkbuf_16)
                                                         clknet_0_clk (net)
                      0.057438    0.000072    5.183601 ^ clkbuf_2_3__f_clk/A (sky130_fd_sc_hd__clkbuf_16)
     8    0.029378    0.050558    0.138663    5.322264 ^ clkbuf_2_3__f_clk/X (sky130_fd_sc_hd__clkbuf_16)
                                                         clknet_2_3__leaf_clk (net)
                      0.050558    0.000065    5.322329 ^ _268_/CLK (sky130_fd_sc_hd__dfrtp_1)
                                 -0.250000    5.072329   clock uncertainty
                                  0.000000    5.072329   clock reconvergence pessimism
                                  0.202530    5.274858   library recovery time
                                              5.274858   data required time
---------------------------------------------------------------------------------------------
                                              5.274858   data required time
                                             -1.891361   data arrival time
---------------------------------------------------------------------------------------------
                                              3.383497   slack (MET)


Startpoint: res_n (input port clocked by clk)
Endpoint: _274_ (recovery check against rising-edge clock clk)
Path Group: asynchronous
Path Type: max

Fanout         Cap        Slew       Delay        Time   Description
---------------------------------------------------------------------------------------------
                                  0.000000    0.000000   clock clk (rise edge)
                                  0.000000    0.000000   clock network delay (propagated)
                                  1.000000    1.000000 ^ input external delay
     1    0.002206    0.017770    0.008216    1.008216 ^ res_n (in)
                                                         res_n (net)
                      0.017770    0.000000    1.008216 ^ hold4/A (sky130_fd_sc_hd__dlygate4sd3_1)
     1    0.002241    0.050126    0.520588    1.528804 ^ hold4/X (sky130_fd_sc_hd__dlygate4sd3_1)
                                                         net95 (net)
                      0.050126    0.000000    1.528804 ^ input23/A (sky130_fd_sc_hd__buf_1)
     3    0.010221    0.130210    0.141628    1.670432 ^ input23/X (sky130_fd_sc_hd__buf_1)
                                                         net23 (net)
                      0.130210    0.000051    1.670484 ^ fanout56/A (sky130_fd_sc_hd__buf_2)
     7    0.031807    0.159069    0.220766    1.891249 ^ fanout56/X (sky130_fd_sc_hd__buf_2)
                                                         net56 (net)
                      0.159069    0.000250    1.891499 ^ _274_/RESET_B (sky130_fd_sc_hd__dfrtp_1)
                                              1.891499   data arrival time

                                  5.000000    5.000000   clock clk (rise edge)
                                  0.000000    5.000000   clock source latency
     1    0.011467    0.057956    0.038764    5.038764 ^ clk (in)
                                                         clk (net)
                      0.057957    0.000000    5.038764 ^ clkbuf_0_clk/A (sky130_fd_sc_hd__clkbuf_16)
     4    0.037315    0.057438    0.144765    5.183528 ^ clkbuf_0_clk/X (sky130_fd_sc_hd__clkbuf_16)
                                                         clknet_0_clk (net)
                      0.057438    0.000166    5.183694 ^ clkbuf_2_1__f_clk/A (sky130_fd_sc_hd__clkbuf_16)
    12    0.032280    0.053055    0.140803    5.324497 ^ clkbuf_2_1__f_clk/X (sky130_fd_sc_hd__clkbuf_16)
                                                         clknet_2_1__leaf_clk (net)
                      0.053055    0.000012    5.324509 ^ _274_/CLK (sky130_fd_sc_hd__dfrtp_1)
                                 -0.250000    5.074509   clock uncertainty
                                  0.000000    5.074509   clock reconvergence pessimism
                                  0.203307    5.277816   library recovery time
                                              5.277816   data required time
---------------------------------------------------------------------------------------------
                                              5.277816   data required time
                                             -1.891499   data arrival time
---------------------------------------------------------------------------------------------
                                              3.386317   slack (MET)


Startpoint: _299_ (rising edge-triggered flip-flop clocked by clk)
Endpoint: _269_ (rising edge-triggered flip-flop clocked by clk)
Path Group: clk
Path Type: max

Fanout         Cap        Slew       Delay        Time   Description
---------------------------------------------------------------------------------------------
                                  0.000000    0.000000   clock clk (rise edge)
                                  0.000000    0.000000   clock source latency
     1    0.011467    0.057956    0.038764    0.038764 ^ clk (in)
                                                         clk (net)
                      0.057957    0.000000    0.038764 ^ clkbuf_0_clk/A (sky130_fd_sc_hd__clkbuf_16)
     4    0.037315    0.057438    0.144764    0.183528 ^ clkbuf_0_clk/X (sky130_fd_sc_hd__clkbuf_16)
                                                         clknet_0_clk (net)
                      0.057438    0.000096    0.183624 ^ clkbuf_2_2__f_clk/A (sky130_fd_sc_hd__clkbuf_16)
    10    0.029850    0.050963    0.139009    0.322633 ^ clkbuf_2_2__f_clk/X (sky130_fd_sc_hd__clkbuf_16)
                                                         clknet_2_2__leaf_clk (net)
                      0.050963    0.000029    0.322662 ^ _299_/CLK (sky130_fd_sc_hd__dfrtp_1)
     3    0.010955    0.074430    0.397847    0.720509 v _299_/Q (sky130_fd_sc_hd__dfrtp_1)
                                                         current_state[0] (net)
                      0.074430    0.000043    0.720552 v fanout51/A (sky130_fd_sc_hd__clkbuf_4)
    10    0.028076    0.068438    0.186646    0.907198 v fanout51/X (sky130_fd_sc_hd__clkbuf_4)
                                                         net51 (net)
                      0.068438    0.000019    0.907217 v _149_/D (sky130_fd_sc_hd__and4bb_1)
     3    0.005988    0.055787    0.222614    1.129831 v _149_/X (sky130_fd_sc_hd__and4bb_1)
                                                         net34 (net)
                      0.055787    0.000009    1.129840 v _193_/B (sky130_fd_sc_hd__and2_1)
     2    0.007255    0.053663    0.175895    1.305735 v _193_/X (sky130_fd_sc_hd__and2_1)
                                                         _050_ (net)
                      0.053663    0.000058    1.305793 v _194_/A3 (sky130_fd_sc_hd__o31a_1)
     1    0.003917    0.052349    0.240984    1.546777 v _194_/X (sky130_fd_sc_hd__o31a_1)
                                                         _006_ (net)
                      0.052349    0.000037    1.546815 v _269_/D (sky130_fd_sc_hd__dfrtp_1)
                                              1.546815   data arrival time

                                  5.000000    5.000000   clock clk (rise edge)
                                  0.000000    5.000000   clock source latency
     1    0.011467    0.057956    0.038764    5.038764 ^ clk (in)
                                                         clk (net)
                      0.057957    0.000000    5.038764 ^ clkbuf_0_clk/A (sky130_fd_sc_hd__clkbuf_16)
     4    0.037315    0.057438    0.144765    5.183528 ^ clkbuf_0_clk/X (sky130_fd_sc_hd__clkbuf_16)
                                                         clknet_0_clk (net)
                      0.057438    0.000072    5.183601 ^ clkbuf_2_3__f_clk/A (sky130_fd_sc_hd__clkbuf_16)
     8    0.029378    0.050558    0.138663    5.322264 ^ clkbuf_2_3__f_clk/X (sky130_fd_sc_hd__clkbuf_16)
                                                         clknet_2_3__leaf_clk (net)
                      0.050558    0.000071    5.322335 ^ _269_/CLK (sky130_fd_sc_hd__dfrtp_1)
                                 -0.250000    5.072335   clock uncertainty
                                  0.000000    5.072335   clock reconvergence pessimism
                                 -0.116207    4.956127   library setup time
                                              4.956127   data required time
---------------------------------------------------------------------------------------------
                                              4.956127   data required time
                                             -1.546815   data arrival time
---------------------------------------------------------------------------------------------
                                              3.409312   slack (MET)


Startpoint: res_n (input port clocked by clk)
Endpoint: _300_ (recovery check against rising-edge clock clk)
Path Group: asynchronous
Path Type: max

Fanout         Cap        Slew       Delay        Time   Description
---------------------------------------------------------------------------------------------
                                  0.000000    0.000000   clock clk (rise edge)
                                  0.000000    0.000000   clock network delay (propagated)
                                  1.000000    1.000000 ^ input external delay
     1    0.002206    0.017770    0.008216    1.008216 ^ res_n (in)
                                                         res_n (net)
                      0.017770    0.000000    1.008216 ^ hold4/A (sky130_fd_sc_hd__dlygate4sd3_1)
     1    0.002241    0.050126    0.520588    1.528804 ^ hold4/X (sky130_fd_sc_hd__dlygate4sd3_1)
                                                         net95 (net)
                      0.050126    0.000000    1.528804 ^ input23/A (sky130_fd_sc_hd__buf_1)
     3    0.010221    0.130210    0.141628    1.670432 ^ input23/X (sky130_fd_sc_hd__buf_1)
                                                         net23 (net)
                      0.130210    0.000009    1.670441 ^ fanout54/A (sky130_fd_sc_hd__clkbuf_2)
     5    0.022642    0.128531    0.195301    1.865742 ^ fanout54/X (sky130_fd_sc_hd__clkbuf_2)
                                                         net54 (net)
                      0.128531    0.000257    1.865999 ^ _300_/RESET_B (sky130_fd_sc_hd__dfrtp_1)
                                              1.865999   data arrival time

                                  5.000000    5.000000   clock clk (rise edge)
                                  0.000000    5.000000   clock source latency
     1    0.011467    0.057956    0.038764    5.038764 ^ clk (in)
                                                         clk (net)
                      0.057957    0.000000    5.038764 ^ clkbuf_0_clk/A (sky130_fd_sc_hd__clkbuf_16)
     4    0.037315    0.057438    0.144765    5.183528 ^ clkbuf_0_clk/X (sky130_fd_sc_hd__clkbuf_16)
                                                         clknet_0_clk (net)
                      0.057438    0.000072    5.183601 ^ clkbuf_2_3__f_clk/A (sky130_fd_sc_hd__clkbuf_16)
     8    0.029378    0.050558    0.138663    5.322264 ^ clkbuf_2_3__f_clk/X (sky130_fd_sc_hd__clkbuf_16)
                                                         clknet_2_3__leaf_clk (net)
                      0.050558    0.000052    5.322315 ^ _300_/CLK (sky130_fd_sc_hd__dfrtp_1)
                                 -0.250000    5.072315   clock uncertainty
                                  0.000000    5.072315   clock reconvergence pessimism
                                  0.210429    5.282744   library recovery time
                                              5.282744   data required time
---------------------------------------------------------------------------------------------
                                              5.282744   data required time
                                             -1.865999   data arrival time
---------------------------------------------------------------------------------------------
                                              3.416745   slack (MET)


Startpoint: res_n (input port clocked by clk)
Endpoint: _281_ (recovery check against rising-edge clock clk)
Path Group: asynchronous
Path Type: max

Fanout         Cap        Slew       Delay        Time   Description
---------------------------------------------------------------------------------------------
                                  0.000000    0.000000   clock clk (rise edge)
                                  0.000000    0.000000   clock network delay (propagated)
                                  1.000000    1.000000 ^ input external delay
     1    0.002206    0.017770    0.008216    1.008216 ^ res_n (in)
                                                         res_n (net)
                      0.017770    0.000000    1.008216 ^ hold4/A (sky130_fd_sc_hd__dlygate4sd3_1)
     1    0.002241    0.050126    0.520588    1.528804 ^ hold4/X (sky130_fd_sc_hd__dlygate4sd3_1)
                                                         net95 (net)
                      0.050126    0.000000    1.528804 ^ input23/A (sky130_fd_sc_hd__buf_1)
     3    0.010221    0.130210    0.141628    1.670432 ^ input23/X (sky130_fd_sc_hd__buf_1)
                                                         net23 (net)
                      0.130210    0.000009    1.670441 ^ fanout54/A (sky130_fd_sc_hd__clkbuf_2)
     5    0.022642    0.128531    0.195301    1.865742 ^ fanout54/X (sky130_fd_sc_hd__clkbuf_2)
                                                         net54 (net)
                      0.128531    0.000097    1.865839 ^ _281_/RESET_B (sky130_fd_sc_hd__dfrtp_1)
                                              1.865839   data arrival time

                                  5.000000    5.000000   clock clk (rise edge)
                                  0.000000    5.000000   clock source latency
     1    0.011467    0.057956    0.038764    5.038764 ^ clk (in)
                                                         clk (net)
                      0.057957    0.000000    5.038764 ^ clkbuf_0_clk/A (sky130_fd_sc_hd__clkbuf_16)
     4    0.037315    0.057438    0.144765    5.183528 ^ clkbuf_0_clk/X (sky130_fd_sc_hd__clkbuf_16)
                                                         clknet_0_clk (net)
                      0.057438    0.000171    5.183700 ^ clkbuf_2_0__f_clk/A (sky130_fd_sc_hd__clkbuf_16)
    13    0.034127    0.054652    0.142187    5.325887 ^ clkbuf_2_0__f_clk/X (sky130_fd_sc_hd__clkbuf_16)
                                                         clknet_2_0__leaf_clk (net)
                      0.054652    0.000102    5.325989 ^ _281_/CLK (sky130_fd_sc_hd__dfrtp_1)
                                 -0.250000    5.075989   clock uncertainty
                                  0.000000    5.075989   clock reconvergence pessimism
                                  0.211699    5.287688   library recovery time
                                              5.287688   data required time
---------------------------------------------------------------------------------------------
                                              5.287688   data required time
                                             -1.865839   data arrival time
---------------------------------------------------------------------------------------------
                                              3.421849   slack (MET)


Startpoint: res_n (input port clocked by clk)
Endpoint: _297_ (recovery check against rising-edge clock clk)
Path Group: asynchronous
Path Type: max

Fanout         Cap        Slew       Delay        Time   Description
---------------------------------------------------------------------------------------------
                                  0.000000    0.000000   clock clk (rise edge)
                                  0.000000    0.000000   clock network delay (propagated)
                                  1.000000    1.000000 ^ input external delay
     1    0.002206    0.017770    0.008216    1.008216 ^ res_n (in)
                                                         res_n (net)
                      0.017770    0.000000    1.008216 ^ hold4/A (sky130_fd_sc_hd__dlygate4sd3_1)
     1    0.002241    0.050126    0.520588    1.528804 ^ hold4/X (sky130_fd_sc_hd__dlygate4sd3_1)
                                                         net95 (net)
                      0.050126    0.000000    1.528804 ^ input23/A (sky130_fd_sc_hd__buf_1)
     3    0.010221    0.130210    0.141628    1.670432 ^ input23/X (sky130_fd_sc_hd__buf_1)
                                                         net23 (net)
                      0.130210    0.000009    1.670441 ^ fanout54/A (sky130_fd_sc_hd__clkbuf_2)
     5    0.022642    0.128531    0.195301    1.865742 ^ fanout54/X (sky130_fd_sc_hd__clkbuf_2)
                                                         net54 (net)
                      0.128531    0.000012    1.865755 ^ _297_/RESET_B (sky130_fd_sc_hd__dfrtp_1)
                                              1.865755   data arrival time

                                  5.000000    5.000000   clock clk (rise edge)
                                  0.000000    5.000000   clock source latency
     1    0.011467    0.057956    0.038764    5.038764 ^ clk (in)
                                                         clk (net)
                      0.057957    0.000000    5.038764 ^ clkbuf_0_clk/A (sky130_fd_sc_hd__clkbuf_16)
     4    0.037315    0.057438    0.144765    5.183528 ^ clkbuf_0_clk/X (sky130_fd_sc_hd__clkbuf_16)
                                                         clknet_0_clk (net)
                      0.057438    0.000171    5.183700 ^ clkbuf_2_0__f_clk/A (sky130_fd_sc_hd__clkbuf_16)
    13    0.034127    0.054652    0.142187    5.325887 ^ clkbuf_2_0__f_clk/X (sky130_fd_sc_hd__clkbuf_16)
                                                         clknet_2_0__leaf_clk (net)
                      0.054652    0.000120    5.326007 ^ _297_/CLK (sky130_fd_sc_hd__dfrtp_1)
                                 -0.250000    5.076007   clock uncertainty
                                  0.000000    5.076007   clock reconvergence pessimism
                                  0.211699    5.287706   library recovery time
                                              5.287706   data required time
---------------------------------------------------------------------------------------------
                                              5.287706   data required time
                                             -1.865755   data arrival time
---------------------------------------------------------------------------------------------
                                              3.421951   slack (MET)


Startpoint: awvalid (input port clocked by clk)
Endpoint: _284_ (rising edge-triggered flip-flop clocked by clk)
Path Group: clk
Path Type: max

Fanout         Cap        Slew       Delay        Time   Description
---------------------------------------------------------------------------------------------
                                  0.000000    0.000000   clock clk (rise edge)
                                  0.000000    0.000000   clock network delay (propagated)
                                  1.000000    1.000000 v input external delay
     1    0.003050    0.009211    0.004837    1.004837 v awvalid (in)
                                                         awvalid (net)
                      0.009211    0.000000    1.004837 v input21/A (sky130_fd_sc_hd__clkbuf_1)
     1    0.003232    0.028692    0.074776    1.079614 v input21/X (sky130_fd_sc_hd__clkbuf_1)
                                                         net21 (net)
                      0.028692    0.000023    1.079636 v _284_/D (sky130_fd_sc_hd__dfrtp_1)
                                              1.079636   data arrival time

                                  5.000000    5.000000   clock clk (rise edge)
                                  0.000000    5.000000   clock source latency
     1    0.011467    0.057956    0.038764    5.038764 ^ clk (in)
                                                         clk (net)
                      0.057957    0.000000    5.038764 ^ clkbuf_0_clk/A (sky130_fd_sc_hd__clkbuf_16)
     4    0.037315    0.057438    0.144765    5.183528 ^ clkbuf_0_clk/X (sky130_fd_sc_hd__clkbuf_16)
                                                         clknet_0_clk (net)
                      0.057438    0.000072    5.183601 ^ clkbuf_2_3__f_clk/A (sky130_fd_sc_hd__clkbuf_16)
     8    0.029378    0.050558    0.138663    5.322264 ^ clkbuf_2_3__f_clk/X (sky130_fd_sc_hd__clkbuf_16)
                                                         clknet_2_3__leaf_clk (net)
                      0.050558    0.000076    5.322340 ^ _284_/CLK (sky130_fd_sc_hd__dfrtp_1)
                                 -0.250000    5.072340   clock uncertainty
                                  0.000000    5.072340   clock reconvergence pessimism
                                 -0.105889    4.966451   library setup time
                                              4.966451   data required time
---------------------------------------------------------------------------------------------
                                              4.966451   data required time
                                             -1.079636   data arrival time
---------------------------------------------------------------------------------------------
                                              3.886815   slack (MET)


Startpoint: awburst[1] (input port clocked by clk)
Endpoint: _288_ (rising edge-triggered flip-flop clocked by clk)
Path Group: clk
Path Type: max

Fanout         Cap        Slew       Delay        Time   Description
---------------------------------------------------------------------------------------------
                                  0.000000    0.000000   clock clk (rise edge)
                                  0.000000    0.000000   clock network delay (propagated)
                                  1.000000    1.000000 v input external delay
     1    0.003478    0.010206    0.005561    1.005561 v awburst[1] (in)
                                                         awburst[1] (net)
                      0.010206    0.000000    1.005561 v input16/A (sky130_fd_sc_hd__clkbuf_1)
     1    0.002755    0.026259    0.072561    1.078121 v input16/X (sky130_fd_sc_hd__clkbuf_1)
                                                         net16 (net)
                      0.026259    0.000009    1.078131 v _288_/D (sky130_fd_sc_hd__dfrtp_1)
                                              1.078131   data arrival time

                                  5.000000    5.000000   clock clk (rise edge)
                                  0.000000    5.000000   clock source latency
     1    0.011467    0.057956    0.038764    5.038764 ^ clk (in)
                                                         clk (net)
                      0.057957    0.000000    5.038764 ^ clkbuf_0_clk/A (sky130_fd_sc_hd__clkbuf_16)
     4    0.037315    0.057438    0.144765    5.183528 ^ clkbuf_0_clk/X (sky130_fd_sc_hd__clkbuf_16)
                                                         clknet_0_clk (net)
                      0.057438    0.000095    5.183624 ^ clkbuf_2_2__f_clk/A (sky130_fd_sc_hd__clkbuf_16)
    10    0.029850    0.050963    0.139009    5.322633 ^ clkbuf_2_2__f_clk/X (sky130_fd_sc_hd__clkbuf_16)
                                                         clknet_2_2__leaf_clk (net)
                      0.050963    0.000065    5.322699 ^ _288_/CLK (sky130_fd_sc_hd__dfrtp_1)
                                 -0.250000    5.072699   clock uncertainty
                                  0.000000    5.072699   clock reconvergence pessimism
                                 -0.104735    4.967964   library setup time
                                              4.967964   data required time
---------------------------------------------------------------------------------------------
                                              4.967964   data required time
                                             -1.078131   data arrival time
---------------------------------------------------------------------------------------------
                                              3.889833   slack (MET)


Startpoint: arvalid (input port clocked by clk)
Endpoint: _285_ (rising edge-triggered flip-flop clocked by clk)
Path Group: clk
Path Type: max

Fanout         Cap        Slew       Delay        Time   Description
---------------------------------------------------------------------------------------------
                                  0.000000    0.000000   clock clk (rise edge)
                                  0.000000    0.000000   clock network delay (propagated)
                                  1.000000    1.000000 v input external delay
     1    0.002598    0.008166    0.004072    1.004072 v arvalid (in)
                                                         arvalid (net)
                      0.008166    0.000000    1.004072 v input11/A (sky130_fd_sc_hd__clkbuf_1)
     1    0.002914    0.027055    0.072664    1.076736 v input11/X (sky130_fd_sc_hd__clkbuf_1)
                                                         net11 (net)
                      0.027055    0.000011    1.076747 v _285_/D (sky130_fd_sc_hd__dfrtp_1)
                                              1.076747   data arrival time

                                  5.000000    5.000000   clock clk (rise edge)
                                  0.000000    5.000000   clock source latency
     1    0.011467    0.057956    0.038764    5.038764 ^ clk (in)
                                                         clk (net)
                      0.057957    0.000000    5.038764 ^ clkbuf_0_clk/A (sky130_fd_sc_hd__clkbuf_16)
     4    0.037315    0.057438    0.144765    5.183528 ^ clkbuf_0_clk/X (sky130_fd_sc_hd__clkbuf_16)
                                                         clknet_0_clk (net)
                      0.057438    0.000095    5.183624 ^ clkbuf_2_2__f_clk/A (sky130_fd_sc_hd__clkbuf_16)
    10    0.029850    0.050963    0.139009    5.322633 ^ clkbuf_2_2__f_clk/X (sky130_fd_sc_hd__clkbuf_16)
                                                         clknet_2_2__leaf_clk (net)
                      0.050963    0.000039    5.322672 ^ _285_/CLK (sky130_fd_sc_hd__dfrtp_1)
                                 -0.250000    5.072672   clock uncertainty
                                  0.000000    5.072672   clock reconvergence pessimism
                                 -0.105082    4.967589   library setup time
                                              4.967589   data required time
---------------------------------------------------------------------------------------------
                                              4.967589   data required time
                                             -1.076747   data arrival time
---------------------------------------------------------------------------------------------
                                              3.890842   slack (MET)


Startpoint: arlen[0] (input port clocked by clk)
Endpoint: _295_ (rising edge-triggered flip-flop clocked by clk)
Path Group: clk
Path Type: max

Fanout         Cap        Slew       Delay        Time   Description
---------------------------------------------------------------------------------------------
                                  0.000000    0.000000   clock clk (rise edge)
                                  0.000000    0.000000   clock network delay (propagated)
                                  1.000000    1.000000 v input external delay
     1    0.002496    0.007930    0.003899    1.003899 v arlen[0] (in)
                                                         arlen[0] (net)
                      0.007930    0.000000    1.003899 v input7/A (sky130_fd_sc_hd__clkbuf_1)
     1    0.002985    0.027418    0.072967    1.076866 v input7/X (sky130_fd_sc_hd__clkbuf_1)
                                                         net7 (net)
                      0.027418    0.000014    1.076880 v _295_/D (sky130_fd_sc_hd__dfrtp_1)
                                              1.076880   data arrival time

                                  5.000000    5.000000   clock clk (rise edge)
                                  0.000000    5.000000   clock source latency
     1    0.011467    0.057956    0.038764    5.038764 ^ clk (in)
                                                         clk (net)
                      0.057957    0.000000    5.038764 ^ clkbuf_0_clk/A (sky130_fd_sc_hd__clkbuf_16)
     4    0.037315    0.057438    0.144765    5.183528 ^ clkbuf_0_clk/X (sky130_fd_sc_hd__clkbuf_16)
                                                         clknet_0_clk (net)
                      0.057438    0.000166    5.183694 ^ clkbuf_2_1__f_clk/A (sky130_fd_sc_hd__clkbuf_16)
    12    0.032280    0.053055    0.140803    5.324497 ^ clkbuf_2_1__f_clk/X (sky130_fd_sc_hd__clkbuf_16)
                                                         clknet_2_1__leaf_clk (net)
                      0.053055    0.000119    5.324617 ^ _295_/CLK (sky130_fd_sc_hd__dfrtp_1)
                                 -0.250000    5.074617   clock uncertainty
                                  0.000000    5.074617   clock reconvergence pessimism
                                 -0.104763    4.969854   library setup time
                                              4.969854   data required time
---------------------------------------------------------------------------------------------
                                              4.969854   data required time
                                             -1.076880   data arrival time
---------------------------------------------------------------------------------------------
                                              3.892974   slack (MET)


Startpoint: arburst[0] (input port clocked by clk)
Endpoint: _289_ (rising edge-triggered flip-flop clocked by clk)
Path Group: clk
Path Type: max

Fanout         Cap        Slew       Delay        Time   Description
---------------------------------------------------------------------------------------------
                                  0.000000    0.000000   clock clk (rise edge)
                                  0.000000    0.000000   clock network delay (propagated)
                                  1.000000    1.000000 v input external delay
     1    0.002898    0.008859    0.004580    1.004580 v arburst[0] (in)
                                                         arburst[0] (net)
                      0.008859    0.000000    1.004580 v input5/A (sky130_fd_sc_hd__clkbuf_1)
     1    0.002435    0.025519    0.070291    1.074871 v input5/X (sky130_fd_sc_hd__clkbuf_1)
                                                         net5 (net)
                      0.025519    0.000007    1.074878 v _289_/D (sky130_fd_sc_hd__dfrtp_1)
                                              1.074878   data arrival time

                                  5.000000    5.000000   clock clk (rise edge)
                                  0.000000    5.000000   clock source latency
     1    0.011467    0.057956    0.038764    5.038764 ^ clk (in)
                                                         clk (net)
                      0.057957    0.000000    5.038764 ^ clkbuf_0_clk/A (sky130_fd_sc_hd__clkbuf_16)
     4    0.037315    0.057438    0.144765    5.183528 ^ clkbuf_0_clk/X (sky130_fd_sc_hd__clkbuf_16)
                                                         clknet_0_clk (net)
                      0.057438    0.000095    5.183624 ^ clkbuf_2_2__f_clk/A (sky130_fd_sc_hd__clkbuf_16)
    10    0.029850    0.050963    0.139009    5.322633 ^ clkbuf_2_2__f_clk/X (sky130_fd_sc_hd__clkbuf_16)
                                                         clknet_2_2__leaf_clk (net)
                      0.050963    0.000135    5.322768 ^ _289_/CLK (sky130_fd_sc_hd__dfrtp_1)
                                 -0.250000    5.072768   clock uncertainty
                                  0.000000    5.072768   clock reconvergence pessimism
                                 -0.104412    4.968356   library setup time
                                              4.968356   data required time
---------------------------------------------------------------------------------------------
                                              4.968356   data required time
                                             -1.074878   data arrival time
---------------------------------------------------------------------------------------------
                                              3.893478   slack (MET)


Startpoint: arburst[1] (input port clocked by clk)
Endpoint: _290_ (rising edge-triggered flip-flop clocked by clk)
Path Group: clk
Path Type: max

Fanout         Cap        Slew       Delay        Time   Description
---------------------------------------------------------------------------------------------
                                  0.000000    0.000000   clock clk (rise edge)
                                  0.000000    0.000000   clock network delay (propagated)
                                  1.000000    1.000000 v input external delay
     1    0.002898    0.008859    0.004580    1.004580 v arburst[1] (in)
                                                         arburst[1] (net)
                      0.008859    0.000000    1.004580 v input6/A (sky130_fd_sc_hd__clkbuf_1)
     1    0.002396    0.025309    0.070072    1.074652 v input6/X (sky130_fd_sc_hd__clkbuf_1)
                                                         net6 (net)
                      0.025309    0.000007    1.074659 v _290_/D (sky130_fd_sc_hd__dfrtp_1)
                                              1.074659   data arrival time

                                  5.000000    5.000000   clock clk (rise edge)
                                  0.000000    5.000000   clock source latency
     1    0.011467    0.057956    0.038764    5.038764 ^ clk (in)
                                                         clk (net)
                      0.057957    0.000000    5.038764 ^ clkbuf_0_clk/A (sky130_fd_sc_hd__clkbuf_16)
     4    0.037315    0.057438    0.144765    5.183528 ^ clkbuf_0_clk/X (sky130_fd_sc_hd__clkbuf_16)
                                                         clknet_0_clk (net)
                      0.057438    0.000095    5.183624 ^ clkbuf_2_2__f_clk/A (sky130_fd_sc_hd__clkbuf_16)
    10    0.029850    0.050963    0.139009    5.322633 ^ clkbuf_2_2__f_clk/X (sky130_fd_sc_hd__clkbuf_16)
                                                         clknet_2_2__leaf_clk (net)
                      0.050963    0.000146    5.322779 ^ _290_/CLK (sky130_fd_sc_hd__dfrtp_1)
                                 -0.250000    5.072779   clock uncertainty
                                  0.000000    5.072779   clock reconvergence pessimism
                                 -0.104321    4.968458   library setup time
                                              4.968458   data required time
---------------------------------------------------------------------------------------------
                                              4.968458   data required time
                                             -1.074659   data arrival time
---------------------------------------------------------------------------------------------
                                              3.893799   slack (MET)


Startpoint: awburst[0] (input port clocked by clk)
Endpoint: _287_ (rising edge-triggered flip-flop clocked by clk)
Path Group: clk
Path Type: max

Fanout         Cap        Slew       Delay        Time   Description
---------------------------------------------------------------------------------------------
                                  0.000000    0.000000   clock clk (rise edge)
                                  0.000000    0.000000   clock network delay (propagated)
                                  1.000000    1.000000 v input external delay
     1    0.002898    0.008859    0.004580    1.004580 v awburst[0] (in)
                                                         awburst[0] (net)
                      0.008859    0.000000    1.004580 v input15/A (sky130_fd_sc_hd__clkbuf_1)
     1    0.002308    0.024846    0.069589    1.074170 v input15/X (sky130_fd_sc_hd__clkbuf_1)
                                                         net15 (net)
                      0.024846    0.000004    1.074174 v _287_/D (sky130_fd_sc_hd__dfrtp_1)
                                              1.074174   data arrival time

                                  5.000000    5.000000   clock clk (rise edge)
                                  0.000000    5.000000   clock source latency
     1    0.011467    0.057956    0.038764    5.038764 ^ clk (in)
                                                         clk (net)
                      0.057957    0.000000    5.038764 ^ clkbuf_0_clk/A (sky130_fd_sc_hd__clkbuf_16)
     4    0.037315    0.057438    0.144765    5.183528 ^ clkbuf_0_clk/X (sky130_fd_sc_hd__clkbuf_16)
                                                         clknet_0_clk (net)
                      0.057438    0.000095    5.183624 ^ clkbuf_2_2__f_clk/A (sky130_fd_sc_hd__clkbuf_16)
    10    0.029850    0.050963    0.139009    5.322633 ^ clkbuf_2_2__f_clk/X (sky130_fd_sc_hd__clkbuf_16)
                                                         clknet_2_2__leaf_clk (net)
                      0.050963    0.000133    5.322766 ^ _287_/CLK (sky130_fd_sc_hd__dfrtp_1)
                                 -0.250000    5.072766   clock uncertainty
                                  0.000000    5.072766   clock reconvergence pessimism
                                 -0.104119    4.968648   library setup time
                                              4.968648   data required time
---------------------------------------------------------------------------------------------
                                              4.968648   data required time
                                             -1.074174   data arrival time
---------------------------------------------------------------------------------------------
                                              3.894474   slack (MET)


Startpoint: wvalid (input port clocked by clk)
Endpoint: _286_ (rising edge-triggered flip-flop clocked by clk)
Path Group: clk
Path Type: max

Fanout         Cap        Slew       Delay        Time   Description
---------------------------------------------------------------------------------------------
                                  0.000000    0.000000   clock clk (rise edge)
                                  0.000000    0.000000   clock network delay (propagated)
                                  1.000000    1.000000 v input external delay
     1    0.002719    0.008445    0.004276    1.004276 v wvalid (in)
                                                         wvalid (net)
                      0.008445    0.000000    1.004276 v input26/A (sky130_fd_sc_hd__clkbuf_1)
     1    0.002527    0.026003    0.070640    1.074916 v input26/X (sky130_fd_sc_hd__clkbuf_1)
                                                         net26 (net)
                      0.026003    0.000006    1.074922 v _286_/D (sky130_fd_sc_hd__dfrtp_1)
                                              1.074922   data arrival time

                                  5.000000    5.000000   clock clk (rise edge)
                                  0.000000    5.000000   clock source latency
     1    0.011467    0.057956    0.038764    5.038764 ^ clk (in)
                                                         clk (net)
                      0.057957    0.000000    5.038764 ^ clkbuf_0_clk/A (sky130_fd_sc_hd__clkbuf_16)
     4    0.037315    0.057438    0.144765    5.183528 ^ clkbuf_0_clk/X (sky130_fd_sc_hd__clkbuf_16)
                                                         clknet_0_clk (net)
                      0.057438    0.000166    5.183694 ^ clkbuf_2_1__f_clk/A (sky130_fd_sc_hd__clkbuf_16)
    12    0.032280    0.053055    0.140803    5.324497 ^ clkbuf_2_1__f_clk/X (sky130_fd_sc_hd__clkbuf_16)
                                                         clknet_2_1__leaf_clk (net)
                      0.053055    0.000117    5.324614 ^ _286_/CLK (sky130_fd_sc_hd__dfrtp_1)
                                 -0.250000    5.074614   clock uncertainty
                                  0.000000    5.074614   clock reconvergence pessimism
                                 -0.104146    4.970469   library setup time
                                              4.970469   data required time
---------------------------------------------------------------------------------------------
                                              4.970469   data required time
                                             -1.074922   data arrival time
---------------------------------------------------------------------------------------------
                                              3.895547   slack (MET)


Startpoint: awlen[1] (input port clocked by clk)
Endpoint: _292_ (rising edge-triggered flip-flop clocked by clk)
Path Group: clk
Path Type: max

Fanout         Cap        Slew       Delay        Time   Description
---------------------------------------------------------------------------------------------
                                  0.000000    0.000000   clock clk (rise edge)
                                  0.000000    0.000000   clock network delay (propagated)
                                  1.000000    1.000000 v input external delay
     1    0.002862    0.008775    0.004518    1.004518 v awlen[1] (in)
                                                         awlen[1] (net)
                      0.008775    0.000000    1.004518 v input18/A (sky130_fd_sc_hd__clkbuf_1)
     1    0.002431    0.025493    0.070232    1.074749 v input18/X (sky130_fd_sc_hd__clkbuf_1)
                                                         net18 (net)
                      0.025493    0.000007    1.074756 v _292_/D (sky130_fd_sc_hd__dfrtp_1)
                                              1.074756   data arrival time

                                  5.000000    5.000000   clock clk (rise edge)
                                  0.000000    5.000000   clock source latency
     1    0.011467    0.057956    0.038764    5.038764 ^ clk (in)
                                                         clk (net)
                      0.057957    0.000000    5.038764 ^ clkbuf_0_clk/A (sky130_fd_sc_hd__clkbuf_16)
     4    0.037315    0.057438    0.144765    5.183528 ^ clkbuf_0_clk/X (sky130_fd_sc_hd__clkbuf_16)
                                                         clknet_0_clk (net)
                      0.057438    0.000166    5.183694 ^ clkbuf_2_1__f_clk/A (sky130_fd_sc_hd__clkbuf_16)
    12    0.032280    0.053055    0.140803    5.324497 ^ clkbuf_2_1__f_clk/X (sky130_fd_sc_hd__clkbuf_16)
                                                         clknet_2_1__leaf_clk (net)
                      0.053055    0.000230    5.324727 ^ _292_/CLK (sky130_fd_sc_hd__dfrtp_1)
                                 -0.250000    5.074727   clock uncertainty
                                  0.000000    5.074727   clock reconvergence pessimism
                                 -0.103923    4.970804   library setup time
                                              4.970804   data required time
---------------------------------------------------------------------------------------------
                                              4.970804   data required time
                                             -1.074756   data arrival time
---------------------------------------------------------------------------------------------
                                              3.896048   slack (MET)


Startpoint: arlen[3] (input port clocked by clk)
Endpoint: _298_ (rising edge-triggered flip-flop clocked by clk)
Path Group: clk
Path Type: max

Fanout         Cap        Slew       Delay        Time   Description
---------------------------------------------------------------------------------------------
                                  0.000000    0.000000   clock clk (rise edge)
                                  0.000000    0.000000   clock network delay (propagated)
                                  1.000000    1.000000 v input external delay
     1    0.002600    0.008171    0.004076    1.004076 v arlen[3] (in)
                                                         arlen[3] (net)
                      0.008171    0.000000    1.004076 v input10/A (sky130_fd_sc_hd__clkbuf_1)
     1    0.002470    0.025700    0.070222    1.074298 v input10/X (sky130_fd_sc_hd__clkbuf_1)
                                                         net10 (net)
                      0.025700    0.000007    1.074305 v _298_/D (sky130_fd_sc_hd__dfrtp_1)
                                              1.074305   data arrival time

                                  5.000000    5.000000   clock clk (rise edge)
                                  0.000000    5.000000   clock source latency
     1    0.011467    0.057956    0.038764    5.038764 ^ clk (in)
                                                         clk (net)
                      0.057957    0.000000    5.038764 ^ clkbuf_0_clk/A (sky130_fd_sc_hd__clkbuf_16)
     4    0.037315    0.057438    0.144765    5.183528 ^ clkbuf_0_clk/X (sky130_fd_sc_hd__clkbuf_16)
                                                         clknet_0_clk (net)
                      0.057438    0.000166    5.183694 ^ clkbuf_2_1__f_clk/A (sky130_fd_sc_hd__clkbuf_16)
    12    0.032280    0.053055    0.140803    5.324497 ^ clkbuf_2_1__f_clk/X (sky130_fd_sc_hd__clkbuf_16)
                                                         clknet_2_1__leaf_clk (net)
                      0.053055    0.000160    5.324658 ^ _298_/CLK (sky130_fd_sc_hd__dfrtp_1)
                                 -0.250000    5.074658   clock uncertainty
                                  0.000000    5.074658   clock reconvergence pessimism
                                 -0.104014    4.970644   library setup time
                                              4.970644   data required time
---------------------------------------------------------------------------------------------
                                              4.970644   data required time
                                             -1.074305   data arrival time
---------------------------------------------------------------------------------------------
                                              3.896339   slack (MET)


Startpoint: awaddr[2] (input port clocked by clk)
Endpoint: _280_ (rising edge-triggered flip-flop clocked by clk)
Path Group: clk
Path Type: max

Fanout         Cap        Slew       Delay        Time   Description
---------------------------------------------------------------------------------------------
                                  0.000000    0.000000   clock clk (rise edge)
                                  0.000000    0.000000   clock network delay (propagated)
                                  1.000000    1.000000 v input external delay
     1    0.002898    0.008859    0.004580    1.004580 v awaddr[2] (in)
                                                         awaddr[2] (net)
                      0.008859    0.000000    1.004580 v input14/A (sky130_fd_sc_hd__clkbuf_1)
     1    0.002515    0.025939    0.070728    1.075308 v input14/X (sky130_fd_sc_hd__clkbuf_1)
                                                         net14 (net)
                      0.025939    0.000008    1.075316 v _280_/D (sky130_fd_sc_hd__dfrtp_1)
                                              1.075316   data arrival time

                                  5.000000    5.000000   clock clk (rise edge)
                                  0.000000    5.000000   clock source latency
     1    0.011467    0.057956    0.038764    5.038764 ^ clk (in)
                                                         clk (net)
                      0.057957    0.000000    5.038764 ^ clkbuf_0_clk/A (sky130_fd_sc_hd__clkbuf_16)
     4    0.037315    0.057438    0.144765    5.183528 ^ clkbuf_0_clk/X (sky130_fd_sc_hd__clkbuf_16)
                                                         clknet_0_clk (net)
                      0.057438    0.000171    5.183700 ^ clkbuf_2_0__f_clk/A (sky130_fd_sc_hd__clkbuf_16)
    13    0.034127    0.054652    0.142187    5.325887 ^ clkbuf_2_0__f_clk/X (sky130_fd_sc_hd__clkbuf_16)
                                                         clknet_2_0__leaf_clk (net)
                      0.054653    0.000183    5.326070 ^ _280_/CLK (sky130_fd_sc_hd__dfrtp_1)
                                 -0.250000    5.076070   clock uncertainty
                                  0.000000    5.076070   clock reconvergence pessimism
                                 -0.103753    4.972317   library setup time
                                              4.972317   data required time
---------------------------------------------------------------------------------------------
                                              4.972317   data required time
                                             -1.075316   data arrival time
---------------------------------------------------------------------------------------------
                                              3.897001   slack (MET)


Startpoint: araddr[0] (input port clocked by clk)
Endpoint: _281_ (rising edge-triggered flip-flop clocked by clk)
Path Group: clk
Path Type: max

Fanout         Cap        Slew       Delay        Time   Description
---------------------------------------------------------------------------------------------
                                  0.000000    0.000000   clock clk (rise edge)
                                  0.000000    0.000000   clock network delay (propagated)
                                  1.000000    1.000000 v input external delay
     1    0.002496    0.007930    0.003899    1.003899 v araddr[0] (in)
                                                         araddr[0] (net)
                      0.007930    0.000000    1.003899 v input2/A (sky130_fd_sc_hd__clkbuf_1)
     1    0.002606    0.026420    0.070883    1.074782 v input2/X (sky130_fd_sc_hd__clkbuf_1)
                                                         net2 (net)
                      0.026420    0.000006    1.074788 v _281_/D (sky130_fd_sc_hd__dfrtp_1)
                                              1.074788   data arrival time

                                  5.000000    5.000000   clock clk (rise edge)
                                  0.000000    5.000000   clock source latency
     1    0.011467    0.057956    0.038764    5.038764 ^ clk (in)
                                                         clk (net)
                      0.057957    0.000000    5.038764 ^ clkbuf_0_clk/A (sky130_fd_sc_hd__clkbuf_16)
     4    0.037315    0.057438    0.144765    5.183528 ^ clkbuf_0_clk/X (sky130_fd_sc_hd__clkbuf_16)
                                                         clknet_0_clk (net)
                      0.057438    0.000171    5.183700 ^ clkbuf_2_0__f_clk/A (sky130_fd_sc_hd__clkbuf_16)
    13    0.034127    0.054652    0.142187    5.325887 ^ clkbuf_2_0__f_clk/X (sky130_fd_sc_hd__clkbuf_16)
                                                         clknet_2_0__leaf_clk (net)
                      0.054652    0.000102    5.325989 ^ _281_/CLK (sky130_fd_sc_hd__dfrtp_1)
                                 -0.250000    5.075989   clock uncertainty
                                  0.000000    5.075989   clock reconvergence pessimism
                                 -0.103963    4.972026   library setup time
                                              4.972026   data required time
---------------------------------------------------------------------------------------------
                                              4.972026   data required time
                                             -1.074788   data arrival time
---------------------------------------------------------------------------------------------
                                              3.897238   slack (MET)


Startpoint: arlen[1] (input port clocked by clk)
Endpoint: _296_ (rising edge-triggered flip-flop clocked by clk)
Path Group: clk
Path Type: max

Fanout         Cap        Slew       Delay        Time   Description
---------------------------------------------------------------------------------------------
                                  0.000000    0.000000   clock clk (rise edge)
                                  0.000000    0.000000   clock network delay (propagated)
                                  1.000000    1.000000 v input external delay
     1    0.002519    0.007983    0.003938    1.003938 v arlen[1] (in)
                                                         arlen[1] (net)
                      0.007983    0.000000    1.003938 v input8/A (sky130_fd_sc_hd__clkbuf_1)
     1    0.002373    0.025186    0.069617    1.073555 v input8/X (sky130_fd_sc_hd__clkbuf_1)
                                                         net8 (net)
                      0.025186    0.000006    1.073561 v _296_/D (sky130_fd_sc_hd__dfrtp_1)
                                              1.073561   data arrival time

                                  5.000000    5.000000   clock clk (rise edge)
                                  0.000000    5.000000   clock source latency
     1    0.011467    0.057956    0.038764    5.038764 ^ clk (in)
                                                         clk (net)
                      0.057957    0.000000    5.038764 ^ clkbuf_0_clk/A (sky130_fd_sc_hd__clkbuf_16)
     4    0.037315    0.057438    0.144765    5.183528 ^ clkbuf_0_clk/X (sky130_fd_sc_hd__clkbuf_16)
                                                         clknet_0_clk (net)
                      0.057438    0.000166    5.183694 ^ clkbuf_2_1__f_clk/A (sky130_fd_sc_hd__clkbuf_16)
    12    0.032280    0.053055    0.140803    5.324497 ^ clkbuf_2_1__f_clk/X (sky130_fd_sc_hd__clkbuf_16)
                                                         clknet_2_1__leaf_clk (net)
                      0.053055    0.000157    5.324655 ^ _296_/CLK (sky130_fd_sc_hd__dfrtp_1)
                                 -0.250000    5.074655   clock uncertainty
                                  0.000000    5.074655   clock reconvergence pessimism
                                 -0.103789    4.970865   library setup time
                                              4.970865   data required time
---------------------------------------------------------------------------------------------
                                              4.970865   data required time
                                             -1.073561   data arrival time
---------------------------------------------------------------------------------------------
                                              3.897305   slack (MET)


Startpoint: awlen[2] (input port clocked by clk)
Endpoint: _293_ (rising edge-triggered flip-flop clocked by clk)
Path Group: clk
Path Type: max

Fanout         Cap        Slew       Delay        Time   Description
---------------------------------------------------------------------------------------------
                                  0.000000    0.000000   clock clk (rise edge)
                                  0.000000    0.000000   clock network delay (propagated)
                                  1.000000    1.000000 v input external delay
     1    0.002519    0.007983    0.003938    1.003938 v awlen[2] (in)
                                                         awlen[2] (net)
                      0.007983    0.000000    1.003938 v input19/A (sky130_fd_sc_hd__clkbuf_1)
     1    0.002373    0.025186    0.069617    1.073555 v input19/X (sky130_fd_sc_hd__clkbuf_1)
                                                         net19 (net)
                      0.025186    0.000006    1.073561 v _293_/D (sky130_fd_sc_hd__dfrtp_1)
                                              1.073561   data arrival time

                                  5.000000    5.000000   clock clk (rise edge)
                                  0.000000    5.000000   clock source latency
     1    0.011467    0.057956    0.038764    5.038764 ^ clk (in)
                                                         clk (net)
                      0.057957    0.000000    5.038764 ^ clkbuf_0_clk/A (sky130_fd_sc_hd__clkbuf_16)
     4    0.037315    0.057438    0.144765    5.183528 ^ clkbuf_0_clk/X (sky130_fd_sc_hd__clkbuf_16)
                                                         clknet_0_clk (net)
                      0.057438    0.000166    5.183694 ^ clkbuf_2_1__f_clk/A (sky130_fd_sc_hd__clkbuf_16)
    12    0.032280    0.053055    0.140803    5.324497 ^ clkbuf_2_1__f_clk/X (sky130_fd_sc_hd__clkbuf_16)
                                                         clknet_2_1__leaf_clk (net)
                      0.053055    0.000232    5.324730 ^ _293_/CLK (sky130_fd_sc_hd__dfrtp_1)
                                 -0.250000    5.074729   clock uncertainty
                                  0.000000    5.074729   clock reconvergence pessimism
                                 -0.103789    4.970940   library setup time
                                              4.970940   data required time
---------------------------------------------------------------------------------------------
                                              4.970940   data required time
                                             -1.073561   data arrival time
---------------------------------------------------------------------------------------------
                                              3.897379   slack (MET)


Startpoint: awlen[3] (input port clocked by clk)
Endpoint: _294_ (rising edge-triggered flip-flop clocked by clk)
Path Group: clk
Path Type: max

Fanout         Cap        Slew       Delay        Time   Description
---------------------------------------------------------------------------------------------
                                  0.000000    0.000000   clock clk (rise edge)
                                  0.000000    0.000000   clock network delay (propagated)
                                  1.000000    1.000000 v input external delay
     1    0.002653    0.008291    0.004164    1.004164 v awlen[3] (in)
                                                         awlen[3] (net)
                      0.008291    0.000000    1.004164 v input20/A (sky130_fd_sc_hd__clkbuf_1)
     1    0.002185    0.024187    0.068692    1.072856 v input20/X (sky130_fd_sc_hd__clkbuf_1)
                                                         net20 (net)
                      0.024187    0.000003    1.072859 v _294_/D (sky130_fd_sc_hd__dfrtp_1)
                                              1.072859   data arrival time

                                  5.000000    5.000000   clock clk (rise edge)
                                  0.000000    5.000000   clock source latency
     1    0.011467    0.057956    0.038764    5.038764 ^ clk (in)
                                                         clk (net)
                      0.057957    0.000000    5.038764 ^ clkbuf_0_clk/A (sky130_fd_sc_hd__clkbuf_16)
     4    0.037315    0.057438    0.144765    5.183528 ^ clkbuf_0_clk/X (sky130_fd_sc_hd__clkbuf_16)
                                                         clknet_0_clk (net)
                      0.057438    0.000166    5.183694 ^ clkbuf_2_1__f_clk/A (sky130_fd_sc_hd__clkbuf_16)
    12    0.032280    0.053055    0.140803    5.324497 ^ clkbuf_2_1__f_clk/X (sky130_fd_sc_hd__clkbuf_16)
                                                         clknet_2_1__leaf_clk (net)
                      0.053055    0.000190    5.324687 ^ _294_/CLK (sky130_fd_sc_hd__dfrtp_1)
                                 -0.250000    5.074687   clock uncertainty
                                  0.000000    5.074687   clock reconvergence pessimism
                                 -0.103354    4.971333   library setup time
                                              4.971333   data required time
---------------------------------------------------------------------------------------------
                                              4.971333   data required time
                                             -1.072859   data arrival time
---------------------------------------------------------------------------------------------
                                              3.898474   slack (MET)


Startpoint: awlen[0] (input port clocked by clk)
Endpoint: _291_ (rising edge-triggered flip-flop clocked by clk)
Path Group: clk
Path Type: max

Fanout         Cap        Slew       Delay        Time   Description
---------------------------------------------------------------------------------------------
                                  0.000000    0.000000   clock clk (rise edge)
                                  0.000000    0.000000   clock network delay (propagated)
                                  1.000000    1.000000 v input external delay
     1    0.002658    0.008303    0.004172    1.004172 v awlen[0] (in)
                                                         awlen[0] (net)
                      0.008303    0.000000    1.004172 v input17/A (sky130_fd_sc_hd__clkbuf_1)
     1    0.002166    0.024089    0.068594    1.072766 v input17/X (sky130_fd_sc_hd__clkbuf_1)
                                                         net17 (net)
                      0.024089    0.000003    1.072769 v _291_/D (sky130_fd_sc_hd__dfrtp_1)
                                              1.072769   data arrival time

                                  5.000000    5.000000   clock clk (rise edge)
                                  0.000000    5.000000   clock source latency
     1    0.011467    0.057956    0.038764    5.038764 ^ clk (in)
                                                         clk (net)
                      0.057957    0.000000    5.038764 ^ clkbuf_0_clk/A (sky130_fd_sc_hd__clkbuf_16)
     4    0.037315    0.057438    0.144765    5.183528 ^ clkbuf_0_clk/X (sky130_fd_sc_hd__clkbuf_16)
                                                         clknet_0_clk (net)
                      0.057438    0.000166    5.183694 ^ clkbuf_2_1__f_clk/A (sky130_fd_sc_hd__clkbuf_16)
    12    0.032280    0.053055    0.140803    5.324497 ^ clkbuf_2_1__f_clk/X (sky130_fd_sc_hd__clkbuf_16)
                                                         clknet_2_1__leaf_clk (net)
                      0.053055    0.000218    5.324716 ^ _291_/CLK (sky130_fd_sc_hd__dfrtp_1)
                                 -0.250000    5.074716   clock uncertainty
                                  0.000000    5.074716   clock reconvergence pessimism
                                 -0.103311    4.971405   library setup time
                                              4.971405   data required time
---------------------------------------------------------------------------------------------
                                              4.971405   data required time
                                             -1.072769   data arrival time
---------------------------------------------------------------------------------------------
                                              3.898635   slack (MET)


Startpoint: araddr[2] (input port clocked by clk)
Endpoint: _283_ (rising edge-triggered flip-flop clocked by clk)
Path Group: clk
Path Type: max

Fanout         Cap        Slew       Delay        Time   Description
---------------------------------------------------------------------------------------------
                                  0.000000    0.000000   clock clk (rise edge)
                                  0.000000    0.000000   clock network delay (propagated)
                                  1.000000    1.000000 v input external delay
     1    0.002898    0.008859    0.004580    1.004580 v araddr[2] (in)
                                                         araddr[2] (net)
                      0.008859    0.000000    1.004580 v input4/A (sky130_fd_sc_hd__clkbuf_1)
     1    0.002150    0.024006    0.068715    1.073295 v input4/X (sky130_fd_sc_hd__clkbuf_1)
                                                         net4 (net)
                      0.024006    0.000003    1.073298 v _283_/D (sky130_fd_sc_hd__dfrtp_1)
                                              1.073298   data arrival time

                                  5.000000    5.000000   clock clk (rise edge)
                                  0.000000    5.000000   clock source latency
     1    0.011467    0.057956    0.038764    5.038764 ^ clk (in)
                                                         clk (net)
                      0.057957    0.000000    5.038764 ^ clkbuf_0_clk/A (sky130_fd_sc_hd__clkbuf_16)
     4    0.037315    0.057438    0.144765    5.183528 ^ clkbuf_0_clk/X (sky130_fd_sc_hd__clkbuf_16)
                                                         clknet_0_clk (net)
                      0.057438    0.000171    5.183700 ^ clkbuf_2_0__f_clk/A (sky130_fd_sc_hd__clkbuf_16)
    13    0.034127    0.054652    0.142187    5.325887 ^ clkbuf_2_0__f_clk/X (sky130_fd_sc_hd__clkbuf_16)
                                                         clknet_2_0__leaf_clk (net)
                      0.054653    0.000193    5.326080 ^ _283_/CLK (sky130_fd_sc_hd__dfrtp_1)
                                 -0.250000    5.076080   clock uncertainty
                                  0.000000    5.076080   clock reconvergence pessimism
                                 -0.102910    4.973170   library setup time
                                              4.973170   data required time
---------------------------------------------------------------------------------------------
                                              4.973170   data required time
                                             -1.073298   data arrival time
---------------------------------------------------------------------------------------------
                                              3.899872   slack (MET)


Startpoint: araddr[1] (input port clocked by clk)
Endpoint: _282_ (rising edge-triggered flip-flop clocked by clk)
Path Group: clk
Path Type: max

Fanout         Cap        Slew       Delay        Time   Description
---------------------------------------------------------------------------------------------
                                  0.000000    0.000000   clock clk (rise edge)
                                  0.000000    0.000000   clock network delay (propagated)
                                  1.000000    1.000000 v input external delay
     1    0.002898    0.008859    0.004580    1.004580 v araddr[1] (in)
                                                         araddr[1] (net)
                      0.008859    0.000000    1.004580 v input3/A (sky130_fd_sc_hd__clkbuf_1)
     1    0.002150    0.024006    0.068715    1.073295 v input3/X (sky130_fd_sc_hd__clkbuf_1)
                                                         net3 (net)
                      0.024006    0.000003    1.073298 v _282_/D (sky130_fd_sc_hd__dfrtp_1)
                                              1.073298   data arrival time

                                  5.000000    5.000000   clock clk (rise edge)
                                  0.000000    5.000000   clock source latency
     1    0.011467    0.057956    0.038764    5.038764 ^ clk (in)
                                                         clk (net)
                      0.057957    0.000000    5.038764 ^ clkbuf_0_clk/A (sky130_fd_sc_hd__clkbuf_16)
     4    0.037315    0.057438    0.144765    5.183528 ^ clkbuf_0_clk/X (sky130_fd_sc_hd__clkbuf_16)
                                                         clknet_0_clk (net)
                      0.057438    0.000171    5.183700 ^ clkbuf_2_0__f_clk/A (sky130_fd_sc_hd__clkbuf_16)
    13    0.034127    0.054652    0.142187    5.325887 ^ clkbuf_2_0__f_clk/X (sky130_fd_sc_hd__clkbuf_16)
                                                         clknet_2_0__leaf_clk (net)
                      0.054653    0.000202    5.326089 ^ _282_/CLK (sky130_fd_sc_hd__dfrtp_1)
                                 -0.250000    5.076089   clock uncertainty
                                  0.000000    5.076089   clock reconvergence pessimism
                                 -0.102910    4.973179   library setup time
                                              4.973179   data required time
---------------------------------------------------------------------------------------------
                                              4.973179   data required time
                                             -1.073298   data arrival time
---------------------------------------------------------------------------------------------
                                              3.899881   slack (MET)


Startpoint: awaddr[0] (input port clocked by clk)
Endpoint: _278_ (rising edge-triggered flip-flop clocked by clk)
Path Group: clk
Path Type: max

Fanout         Cap        Slew       Delay        Time   Description
---------------------------------------------------------------------------------------------
                                  0.000000    0.000000   clock clk (rise edge)
                                  0.000000    0.000000   clock network delay (propagated)
                                  1.000000    1.000000 v input external delay
     1    0.002653    0.008291    0.004164    1.004164 v awaddr[0] (in)
                                                         awaddr[0] (net)
                      0.008291    0.000000    1.004164 v input12/A (sky130_fd_sc_hd__clkbuf_1)
     1    0.002185    0.024187    0.068692    1.072856 v input12/X (sky130_fd_sc_hd__clkbuf_1)
                                                         net12 (net)
                      0.024187    0.000003    1.072859 v _278_/D (sky130_fd_sc_hd__dfrtp_1)
                                              1.072859   data arrival time

                                  5.000000    5.000000   clock clk (rise edge)
                                  0.000000    5.000000   clock source latency
     1    0.011467    0.057956    0.038764    5.038764 ^ clk (in)
                                                         clk (net)
                      0.057957    0.000000    5.038764 ^ clkbuf_0_clk/A (sky130_fd_sc_hd__clkbuf_16)
     4    0.037315    0.057438    0.144765    5.183528 ^ clkbuf_0_clk/X (sky130_fd_sc_hd__clkbuf_16)
                                                         clknet_0_clk (net)
                      0.057438    0.000171    5.183700 ^ clkbuf_2_0__f_clk/A (sky130_fd_sc_hd__clkbuf_16)
    13    0.034127    0.054652    0.142187    5.325887 ^ clkbuf_2_0__f_clk/X (sky130_fd_sc_hd__clkbuf_16)
                                                         clknet_2_0__leaf_clk (net)
                      0.054652    0.000111    5.325998 ^ _278_/CLK (sky130_fd_sc_hd__dfrtp_1)
                                 -0.250000    5.075998   clock uncertainty
                                  0.000000    5.075998   clock reconvergence pessimism
                                 -0.102989    4.973009   library setup time
                                              4.973009   data required time
---------------------------------------------------------------------------------------------
                                              4.973009   data required time
                                             -1.072859   data arrival time
---------------------------------------------------------------------------------------------
                                              3.900150   slack (MET)


Startpoint: awaddr[1] (input port clocked by clk)
Endpoint: _279_ (rising edge-triggered flip-flop clocked by clk)
Path Group: clk
Path Type: max

Fanout         Cap        Slew       Delay        Time   Description
---------------------------------------------------------------------------------------------
                                  0.000000    0.000000   clock clk (rise edge)
                                  0.000000    0.000000   clock network delay (propagated)
                                  1.000000    1.000000 v input external delay
     1    0.002623    0.008224    0.004115    1.004115 v awaddr[1] (in)
                                                         awaddr[1] (net)
                      0.008224    0.000000    1.004115 v input13/A (sky130_fd_sc_hd__clkbuf_1)
     1    0.002201    0.024273    0.068755    1.072870 v input13/X (sky130_fd_sc_hd__clkbuf_1)
                                                         net13 (net)
                      0.024273    0.000003    1.072873 v _279_/D (sky130_fd_sc_hd__dfrtp_1)
                                              1.072873   data arrival time

                                  5.000000    5.000000   clock clk (rise edge)
                                  0.000000    5.000000   clock source latency
     1    0.011467    0.057956    0.038764    5.038764 ^ clk (in)
                                                         clk (net)
                      0.057957    0.000000    5.038764 ^ clkbuf_0_clk/A (sky130_fd_sc_hd__clkbuf_16)
     4    0.037315    0.057438    0.144765    5.183528 ^ clkbuf_0_clk/X (sky130_fd_sc_hd__clkbuf_16)
                                                         clknet_0_clk (net)
                      0.057438    0.000171    5.183700 ^ clkbuf_2_0__f_clk/A (sky130_fd_sc_hd__clkbuf_16)
    13    0.034127    0.054652    0.142187    5.325887 ^ clkbuf_2_0__f_clk/X (sky130_fd_sc_hd__clkbuf_16)
                                                         clknet_2_0__leaf_clk (net)
                      0.054653    0.000206    5.326093 ^ _279_/CLK (sky130_fd_sc_hd__dfrtp_1)
                                 -0.250000    5.076093   clock uncertainty
                                  0.000000    5.076093   clock reconvergence pessimism
                                 -0.103027    4.973066   library setup time
                                              4.973066   data required time
---------------------------------------------------------------------------------------------
                                              4.973066   data required time
                                             -1.072873   data arrival time
---------------------------------------------------------------------------------------------
                                              3.900193   slack (MET)


Startpoint: arlen[2] (input port clocked by clk)
Endpoint: _297_ (rising edge-triggered flip-flop clocked by clk)
Path Group: clk
Path Type: max

Fanout         Cap        Slew       Delay        Time   Description
---------------------------------------------------------------------------------------------
                                  0.000000    0.000000   clock clk (rise edge)
                                  0.000000    0.000000   clock network delay (propagated)
                                  1.000000    1.000000 v input external delay
     1    0.002600    0.008171    0.004076    1.004076 v arlen[2] (in)
                                                         arlen[2] (net)
                      0.008171    0.000000    1.004076 v input9/A (sky130_fd_sc_hd__clkbuf_1)
     1    0.002185    0.024187    0.068646    1.072722 v input9/X (sky130_fd_sc_hd__clkbuf_1)
                                                         net9 (net)
                      0.024187    0.000003    1.072725 v _297_/D (sky130_fd_sc_hd__dfrtp_1)
                                              1.072725   data arrival time

                                  5.000000    5.000000   clock clk (rise edge)
                                  0.000000    5.000000   clock source latency
     1    0.011467    0.057956    0.038764    5.038764 ^ clk (in)
                                                         clk (net)
                      0.057957    0.000000    5.038764 ^ clkbuf_0_clk/A (sky130_fd_sc_hd__clkbuf_16)
     4    0.037315    0.057438    0.144765    5.183528 ^ clkbuf_0_clk/X (sky130_fd_sc_hd__clkbuf_16)
                                                         clknet_0_clk (net)
                      0.057438    0.000171    5.183700 ^ clkbuf_2_0__f_clk/A (sky130_fd_sc_hd__clkbuf_16)
    13    0.034127    0.054652    0.142187    5.325887 ^ clkbuf_2_0__f_clk/X (sky130_fd_sc_hd__clkbuf_16)
                                                         clknet_2_0__leaf_clk (net)
                      0.054652    0.000120    5.326007 ^ _297_/CLK (sky130_fd_sc_hd__dfrtp_1)
                                 -0.250000    5.076007   clock uncertainty
                                  0.000000    5.076007   clock reconvergence pessimism
                                 -0.102989    4.973018   library setup time
                                              4.973018   data required time
---------------------------------------------------------------------------------------------
                                              4.973018   data required time
                                             -1.072725   data arrival time
---------------------------------------------------------------------------------------------
                                              3.900293   slack (MET)



