
===========================================================================
report_checks -path_delay min (Hold)
============================================================================
======================= max_ss_100C_1v60 Corner ===================================

Startpoint: arlen[2] (input port clocked by clk)
Endpoint: _297_ (rising edge-triggered flip-flop clocked by clk)
Path Group: clk
Path Type: min

Fanout         Cap        Slew       Delay        Time   Description
---------------------------------------------------------------------------------------------
                                  0.000000    0.000000   clock clk (rise edge)
                                  0.000000    0.000000   clock network delay (propagated)
                                  1.000000    1.000000 ^ input external delay
     1    0.002832    0.032461    0.016007    1.016007 ^ arlen[2] (in)
                                                         arlen[2] (net)
                      0.032461    0.000000    1.016007 ^ input9/A (sky130_fd_sc_hd__clkbuf_1)
     1    0.002170    0.061850    0.124902    1.140909 ^ input9/X (sky130_fd_sc_hd__clkbuf_1)
                                                         net9 (net)
                      0.061850    0.000152    1.141061 ^ _297_/D (sky130_fd_sc_hd__dfrtp_1)
                                              1.141061   data arrival time

                                  0.000000    0.000000   clock clk (rise edge)
                                  0.000000    0.000000   clock source latency
     1    0.013990    0.108513    0.072400    0.072400 ^ clk (in)
                                                         clk (net)
                      0.108517    0.000000    0.072400 ^ clkbuf_0_clk/A (sky130_fd_sc_hd__clkbuf_16)
     4    0.043543    0.098411    0.271048    0.343448 ^ clkbuf_0_clk/X (sky130_fd_sc_hd__clkbuf_16)
                                                         clknet_0_clk (net)
                      0.098685    0.003340    0.346788 ^ clkbuf_2_0__f_clk/A (sky130_fd_sc_hd__clkbuf_16)
    13    0.041704    0.095784    0.263337    0.610126 ^ clkbuf_2_0__f_clk/X (sky130_fd_sc_hd__clkbuf_16)
                                                         clknet_2_0__leaf_clk (net)
                      0.096507    0.005540    0.615666 ^ _297_/CLK (sky130_fd_sc_hd__dfrtp_1)
                                  0.250000    0.865666   clock uncertainty
                                  0.000000    0.865666   clock reconvergence pessimism
                                 -0.070731    0.794934   library hold time
                                              0.794934   data required time
---------------------------------------------------------------------------------------------
                                              0.794934   data required time
                                             -1.141061   data arrival time
---------------------------------------------------------------------------------------------
                                              0.346126   slack (MET)


Startpoint: awaddr[1] (input port clocked by clk)
Endpoint: _279_ (rising edge-triggered flip-flop clocked by clk)
Path Group: clk
Path Type: min

Fanout         Cap        Slew       Delay        Time   Description
---------------------------------------------------------------------------------------------
                                  0.000000    0.000000   clock clk (rise edge)
                                  0.000000    0.000000   clock network delay (propagated)
                                  1.000000    1.000000 ^ input external delay
     1    0.002851    0.032583    0.016106    1.016106 ^ awaddr[1] (in)
                                                         awaddr[1] (net)
                      0.032584    0.000000    1.016106 ^ input13/A (sky130_fd_sc_hd__clkbuf_1)
     1    0.002112    0.060898    0.124178    1.140284 ^ input13/X (sky130_fd_sc_hd__clkbuf_1)
                                                         net13 (net)
                      0.060898    0.000154    1.140437 ^ _279_/D (sky130_fd_sc_hd__dfrtp_1)
                                              1.140437   data arrival time

                                  0.000000    0.000000   clock clk (rise edge)
                                  0.000000    0.000000   clock source latency
     1    0.013990    0.108513    0.072400    0.072400 ^ clk (in)
                                                         clk (net)
                      0.108517    0.000000    0.072400 ^ clkbuf_0_clk/A (sky130_fd_sc_hd__clkbuf_16)
     4    0.043543    0.098411    0.271048    0.343448 ^ clkbuf_0_clk/X (sky130_fd_sc_hd__clkbuf_16)
                                                         clknet_0_clk (net)
                      0.098685    0.003340    0.346788 ^ clkbuf_2_0__f_clk/A (sky130_fd_sc_hd__clkbuf_16)
    13    0.041704    0.095784    0.263337    0.610126 ^ clkbuf_2_0__f_clk/X (sky130_fd_sc_hd__clkbuf_16)
                                                         clknet_2_0__leaf_clk (net)
                      0.096359    0.004524    0.614650 ^ _279_/CLK (sky130_fd_sc_hd__dfrtp_1)
                                  0.250000    0.864650   clock uncertainty
                                  0.000000    0.864650   clock reconvergence pessimism
                                 -0.070538    0.794112   library hold time
                                              0.794112   data required time
---------------------------------------------------------------------------------------------
                                              0.794112   data required time
                                             -1.140437   data arrival time
---------------------------------------------------------------------------------------------
                                              0.346325   slack (MET)


Startpoint: awaddr[0] (input port clocked by clk)
Endpoint: _278_ (rising edge-triggered flip-flop clocked by clk)
Path Group: clk
Path Type: min

Fanout         Cap        Slew       Delay        Time   Description
---------------------------------------------------------------------------------------------
                                  0.000000    0.000000   clock clk (rise edge)
                                  0.000000    0.000000   clock network delay (propagated)
                                  1.000000    1.000000 ^ input external delay
     1    0.002865    0.032675    0.016180    1.016180 ^ awaddr[0] (in)
                                                         awaddr[0] (net)
                      0.032675    0.000000    1.016180 ^ input12/A (sky130_fd_sc_hd__clkbuf_1)
     1    0.002166    0.061787    0.124946    1.141126 ^ input12/X (sky130_fd_sc_hd__clkbuf_1)
                                                         net12 (net)
                      0.061787    0.000153    1.141280 ^ _278_/D (sky130_fd_sc_hd__dfrtp_1)
                                              1.141280   data arrival time

                                  0.000000    0.000000   clock clk (rise edge)
                                  0.000000    0.000000   clock source latency
     1    0.013990    0.108513    0.072400    0.072400 ^ clk (in)
                                                         clk (net)
                      0.108517    0.000000    0.072400 ^ clkbuf_0_clk/A (sky130_fd_sc_hd__clkbuf_16)
     4    0.043543    0.098411    0.271048    0.343448 ^ clkbuf_0_clk/X (sky130_fd_sc_hd__clkbuf_16)
                                                         clknet_0_clk (net)
                      0.098685    0.003340    0.346788 ^ clkbuf_2_0__f_clk/A (sky130_fd_sc_hd__clkbuf_16)
    13    0.041704    0.095784    0.263337    0.610126 ^ clkbuf_2_0__f_clk/X (sky130_fd_sc_hd__clkbuf_16)
                                                         clknet_2_0__leaf_clk (net)
                      0.096436    0.005071    0.615197 ^ _278_/CLK (sky130_fd_sc_hd__dfrtp_1)
                                  0.250000    0.865197   clock uncertainty
                                  0.000000    0.865197   clock reconvergence pessimism
                                 -0.070729    0.794469   library hold time
                                              0.794469   data required time
---------------------------------------------------------------------------------------------
                                              0.794469   data required time
                                             -1.141280   data arrival time
---------------------------------------------------------------------------------------------
                                              0.346811   slack (MET)


Startpoint: araddr[1] (input port clocked by clk)
Endpoint: _282_ (rising edge-triggered flip-flop clocked by clk)
Path Group: clk
Path Type: min

Fanout         Cap        Slew       Delay        Time   Description
---------------------------------------------------------------------------------------------
                                  0.000000    0.000000   clock clk (rise edge)
                                  0.000000    0.000000   clock network delay (propagated)
                                  1.000000    1.000000 ^ input external delay
     1    0.003124    0.034392    0.017546    1.017546 ^ araddr[1] (in)
                                                         araddr[1] (net)
                      0.034392    0.000000    1.017546 ^ input3/A (sky130_fd_sc_hd__clkbuf_1)
     1    0.002060    0.060039    0.124291    1.141837 ^ input3/X (sky130_fd_sc_hd__clkbuf_1)
                                                         net3 (net)
                      0.060039    0.000148    1.141986 ^ _282_/D (sky130_fd_sc_hd__dfrtp_1)
                                              1.141986   data arrival time

                                  0.000000    0.000000   clock clk (rise edge)
                                  0.000000    0.000000   clock source latency
     1    0.013990    0.108513    0.072400    0.072400 ^ clk (in)
                                                         clk (net)
                      0.108517    0.000000    0.072400 ^ clkbuf_0_clk/A (sky130_fd_sc_hd__clkbuf_16)
     4    0.043543    0.098411    0.271048    0.343448 ^ clkbuf_0_clk/X (sky130_fd_sc_hd__clkbuf_16)
                                                         clknet_0_clk (net)
                      0.098685    0.003340    0.346788 ^ clkbuf_2_0__f_clk/A (sky130_fd_sc_hd__clkbuf_16)
    13    0.041704    0.095784    0.263337    0.610126 ^ clkbuf_2_0__f_clk/X (sky130_fd_sc_hd__clkbuf_16)
                                                         clknet_2_0__leaf_clk (net)
                      0.096348    0.004443    0.614569 ^ _282_/CLK (sky130_fd_sc_hd__dfrtp_1)
                                  0.250000    0.864569   clock uncertainty
                                  0.000000    0.864569   clock reconvergence pessimism
                                 -0.070344    0.794225   library hold time
                                              0.794225   data required time
---------------------------------------------------------------------------------------------
                                              0.794225   data required time
                                             -1.141986   data arrival time
---------------------------------------------------------------------------------------------
                                              0.347761   slack (MET)


Startpoint: araddr[2] (input port clocked by clk)
Endpoint: _283_ (rising edge-triggered flip-flop clocked by clk)
Path Group: clk
Path Type: min

Fanout         Cap        Slew       Delay        Time   Description
---------------------------------------------------------------------------------------------
                                  0.000000    0.000000   clock clk (rise edge)
                                  0.000000    0.000000   clock network delay (propagated)
                                  1.000000    1.000000 ^ input external delay
     1    0.003124    0.034395    0.017549    1.017549 ^ araddr[2] (in)
                                                         araddr[2] (net)
                      0.034395    0.000000    1.017549 ^ input4/A (sky130_fd_sc_hd__clkbuf_1)
     1    0.002060    0.060039    0.124293    1.141841 ^ input4/X (sky130_fd_sc_hd__clkbuf_1)
                                                         net4 (net)
                      0.060039    0.000148    1.141990 ^ _283_/D (sky130_fd_sc_hd__dfrtp_1)
                                              1.141990   data arrival time

                                  0.000000    0.000000   clock clk (rise edge)
                                  0.000000    0.000000   clock source latency
     1    0.013990    0.108513    0.072400    0.072400 ^ clk (in)
                                                         clk (net)
                      0.108517    0.000000    0.072400 ^ clkbuf_0_clk/A (sky130_fd_sc_hd__clkbuf_16)
     4    0.043543    0.098411    0.271048    0.343448 ^ clkbuf_0_clk/X (sky130_fd_sc_hd__clkbuf_16)
                                                         clknet_0_clk (net)
                      0.098685    0.003340    0.346788 ^ clkbuf_2_0__f_clk/A (sky130_fd_sc_hd__clkbuf_16)
    13    0.041704    0.095784    0.263337    0.610126 ^ clkbuf_2_0__f_clk/X (sky130_fd_sc_hd__clkbuf_16)
                                                         clknet_2_0__leaf_clk (net)
                      0.096098    0.003763    0.613889 ^ _283_/CLK (sky130_fd_sc_hd__dfrtp_1)
                                  0.250000    0.863889   clock uncertainty
                                  0.000000    0.863889   clock reconvergence pessimism
                                 -0.070385    0.793504   library hold time
                                              0.793504   data required time
---------------------------------------------------------------------------------------------
                                              0.793504   data required time
                                             -1.141990   data arrival time
---------------------------------------------------------------------------------------------
                                              0.348486   slack (MET)


Startpoint: araddr[0] (input port clocked by clk)
Endpoint: _281_ (rising edge-triggered flip-flop clocked by clk)
Path Group: clk
Path Type: min

Fanout         Cap        Slew       Delay        Time   Description
---------------------------------------------------------------------------------------------
                                  0.000000    0.000000   clock clk (rise edge)
                                  0.000000    0.000000   clock network delay (propagated)
                                  1.000000    1.000000 ^ input external delay
     1    0.002739    0.031843    0.015515    1.015515 ^ araddr[0] (in)
                                                         araddr[0] (net)
                      0.031843    0.000000    1.015515 ^ input2/A (sky130_fd_sc_hd__clkbuf_1)
     1    0.002834    0.073096    0.133589    1.149104 ^ input2/X (sky130_fd_sc_hd__clkbuf_1)
                                                         net2 (net)
                      0.073096    0.000117    1.149221 ^ _281_/D (sky130_fd_sc_hd__dfrtp_1)
                                              1.149221   data arrival time

                                  0.000000    0.000000   clock clk (rise edge)
                                  0.000000    0.000000   clock source latency
     1    0.013990    0.108513    0.072400    0.072400 ^ clk (in)
                                                         clk (net)
                      0.108517    0.000000    0.072400 ^ clkbuf_0_clk/A (sky130_fd_sc_hd__clkbuf_16)
     4    0.043543    0.098411    0.271048    0.343448 ^ clkbuf_0_clk/X (sky130_fd_sc_hd__clkbuf_16)
                                                         clknet_0_clk (net)
                      0.098685    0.003340    0.346788 ^ clkbuf_2_0__f_clk/A (sky130_fd_sc_hd__clkbuf_16)
    13    0.041704    0.095784    0.263337    0.610126 ^ clkbuf_2_0__f_clk/X (sky130_fd_sc_hd__clkbuf_16)
                                                         clknet_2_0__leaf_clk (net)
                      0.096423    0.004983    0.615109 ^ _281_/CLK (sky130_fd_sc_hd__dfrtp_1)
                                  0.250000    0.865109   clock uncertainty
                                  0.000000    0.865109   clock reconvergence pessimism
                                 -0.073311    0.791798   library hold time
                                              0.791798   data required time
---------------------------------------------------------------------------------------------
                                              0.791798   data required time
                                             -1.149221   data arrival time
---------------------------------------------------------------------------------------------
                                              0.357423   slack (MET)


Startpoint: awlen[0] (input port clocked by clk)
Endpoint: _291_ (rising edge-triggered flip-flop clocked by clk)
Path Group: clk
Path Type: min

Fanout         Cap        Slew       Delay        Time   Description
---------------------------------------------------------------------------------------------
                                  0.000000    0.000000   clock clk (rise edge)
                                  0.000000    0.000000   clock network delay (propagated)
                                  1.000000    1.000000 ^ input external delay
     1    0.003085    0.034133    0.017346    1.017346 ^ awlen[0] (in)
                                                         awlen[0] (net)
                      0.034136    0.000000    1.017346 ^ input17/A (sky130_fd_sc_hd__clkbuf_1)
     1    0.002097    0.060640    0.124666    1.142012 ^ input17/X (sky130_fd_sc_hd__clkbuf_1)
                                                         net17 (net)
                      0.060640    0.000151    1.142163 ^ _291_/D (sky130_fd_sc_hd__dfrtp_1)
                                              1.142163   data arrival time

                                  0.000000    0.000000   clock clk (rise edge)
                                  0.000000    0.000000   clock source latency
     1    0.013990    0.108513    0.072400    0.072400 ^ clk (in)
                                                         clk (net)
                      0.108517    0.000000    0.072400 ^ clkbuf_0_clk/A (sky130_fd_sc_hd__clkbuf_16)
     4    0.043543    0.098411    0.271048    0.343448 ^ clkbuf_0_clk/X (sky130_fd_sc_hd__clkbuf_16)
                                                         clknet_0_clk (net)
                      0.098698    0.003478    0.346926 ^ clkbuf_2_1__f_clk/A (sky130_fd_sc_hd__clkbuf_16)
    12    0.036306    0.089415    0.256910    0.603836 ^ clkbuf_2_1__f_clk/X (sky130_fd_sc_hd__clkbuf_16)
                                                         clknet_2_1__leaf_clk (net)
                      0.089476    0.002145    0.605981 ^ _291_/CLK (sky130_fd_sc_hd__dfrtp_1)
                                  0.250000    0.855981   clock uncertainty
                                  0.000000    0.855981   clock reconvergence pessimism
                                 -0.071608    0.784372   library hold time
                                              0.784372   data required time
---------------------------------------------------------------------------------------------
                                              0.784372   data required time
                                             -1.142163   data arrival time
---------------------------------------------------------------------------------------------
                                              0.357791   slack (MET)


Startpoint: awaddr[2] (input port clocked by clk)
Endpoint: _280_ (rising edge-triggered flip-flop clocked by clk)
Path Group: clk
Path Type: min

Fanout         Cap        Slew       Delay        Time   Description
---------------------------------------------------------------------------------------------
                                  0.000000    0.000000   clock clk (rise edge)
                                  0.000000    0.000000   clock network delay (propagated)
                                  1.000000    1.000000 ^ input external delay
     1    0.003135    0.034464    0.017603    1.017604 ^ awaddr[2] (in)
                                                         awaddr[2] (net)
                      0.034465    0.000000    1.017604 ^ input14/A (sky130_fd_sc_hd__clkbuf_1)
     1    0.002655    0.070010    0.132331    1.149935 ^ input14/X (sky130_fd_sc_hd__clkbuf_1)
                                                         net14 (net)
                      0.070010    0.000171    1.150106 ^ _280_/D (sky130_fd_sc_hd__dfrtp_1)
                                              1.150106   data arrival time

                                  0.000000    0.000000   clock clk (rise edge)
                                  0.000000    0.000000   clock source latency
     1    0.013990    0.108513    0.072400    0.072400 ^ clk (in)
                                                         clk (net)
                      0.108517    0.000000    0.072400 ^ clkbuf_0_clk/A (sky130_fd_sc_hd__clkbuf_16)
     4    0.043543    0.098411    0.271048    0.343448 ^ clkbuf_0_clk/X (sky130_fd_sc_hd__clkbuf_16)
                                                         clknet_0_clk (net)
                      0.098685    0.003340    0.346788 ^ clkbuf_2_0__f_clk/A (sky130_fd_sc_hd__clkbuf_16)
    13    0.041704    0.095784    0.263337    0.610126 ^ clkbuf_2_0__f_clk/X (sky130_fd_sc_hd__clkbuf_16)
                                                         clknet_2_0__leaf_clk (net)
                      0.096087    0.003683    0.613808 ^ _280_/CLK (sky130_fd_sc_hd__dfrtp_1)
                                  0.250000    0.863808   clock uncertainty
                                  0.000000    0.863808   clock reconvergence pessimism
                                 -0.072662    0.791147   library hold time
                                              0.791147   data required time
---------------------------------------------------------------------------------------------
                                              0.791147   data required time
                                             -1.150106   data arrival time
---------------------------------------------------------------------------------------------
                                              0.358959   slack (MET)


Startpoint: awlen[3] (input port clocked by clk)
Endpoint: _294_ (rising edge-triggered flip-flop clocked by clk)
Path Group: clk
Path Type: min

Fanout         Cap        Slew       Delay        Time   Description
---------------------------------------------------------------------------------------------
                                  0.000000    0.000000   clock clk (rise edge)
                                  0.000000    0.000000   clock network delay (propagated)
                                  1.000000    1.000000 ^ input external delay
     1    0.003172    0.034712    0.017799    1.017799 ^ awlen[3] (in)
                                                         awlen[3] (net)
                      0.034712    0.000000    1.017799 ^ input20/A (sky130_fd_sc_hd__clkbuf_1)
     1    0.002214    0.062590    0.126512    1.144311 ^ input20/X (sky130_fd_sc_hd__clkbuf_1)
                                                         net20 (net)
                      0.062590    0.000154    1.144465 ^ _294_/D (sky130_fd_sc_hd__dfrtp_1)
                                              1.144465   data arrival time

                                  0.000000    0.000000   clock clk (rise edge)
                                  0.000000    0.000000   clock source latency
     1    0.013990    0.108513    0.072400    0.072400 ^ clk (in)
                                                         clk (net)
                      0.108517    0.000000    0.072400 ^ clkbuf_0_clk/A (sky130_fd_sc_hd__clkbuf_16)
     4    0.043543    0.098411    0.271048    0.343448 ^ clkbuf_0_clk/X (sky130_fd_sc_hd__clkbuf_16)
                                                         clknet_0_clk (net)
                      0.098698    0.003478    0.346926 ^ clkbuf_2_1__f_clk/A (sky130_fd_sc_hd__clkbuf_16)
    12    0.036306    0.089415    0.256910    0.603836 ^ clkbuf_2_1__f_clk/X (sky130_fd_sc_hd__clkbuf_16)
                                                         clknet_2_1__leaf_clk (net)
                      0.089466    0.001982    0.605818 ^ _294_/CLK (sky130_fd_sc_hd__dfrtp_1)
                                  0.250000    0.855818   clock uncertainty
                                  0.000000    0.855818   clock reconvergence pessimism
                                 -0.072055    0.783763   library hold time
                                              0.783763   data required time
---------------------------------------------------------------------------------------------
                                              0.783763   data required time
                                             -1.144465   data arrival time
---------------------------------------------------------------------------------------------
                                              0.360702   slack (MET)


Startpoint: arlen[1] (input port clocked by clk)
Endpoint: _296_ (rising edge-triggered flip-flop clocked by clk)
Path Group: clk
Path Type: min

Fanout         Cap        Slew       Delay        Time   Description
---------------------------------------------------------------------------------------------
                                  0.000000    0.000000   clock clk (rise edge)
                                  0.000000    0.000000   clock network delay (propagated)
                                  1.000000    1.000000 ^ input external delay
     1    0.002883    0.032793    0.016274    1.016274 ^ arlen[1] (in)
                                                         arlen[1] (net)
                      0.032793    0.000000    1.016274 ^ input8/A (sky130_fd_sc_hd__clkbuf_1)
     1    0.002595    0.068991    0.130769    1.147043 ^ input8/X (sky130_fd_sc_hd__clkbuf_1)
                                                         net8 (net)
                      0.068991    0.000173    1.147216 ^ _296_/D (sky130_fd_sc_hd__dfrtp_1)
                                              1.147216   data arrival time

                                  0.000000    0.000000   clock clk (rise edge)
                                  0.000000    0.000000   clock source latency
     1    0.013990    0.108513    0.072400    0.072400 ^ clk (in)
                                                         clk (net)
                      0.108517    0.000000    0.072400 ^ clkbuf_0_clk/A (sky130_fd_sc_hd__clkbuf_16)
     4    0.043543    0.098411    0.271048    0.343448 ^ clkbuf_0_clk/X (sky130_fd_sc_hd__clkbuf_16)
                                                         clknet_0_clk (net)
                      0.098698    0.003478    0.346926 ^ clkbuf_2_1__f_clk/A (sky130_fd_sc_hd__clkbuf_16)
    12    0.036306    0.089415    0.256910    0.603836 ^ clkbuf_2_1__f_clk/X (sky130_fd_sc_hd__clkbuf_16)
                                                         clknet_2_1__leaf_clk (net)
                      0.089465    0.001975    0.605811 ^ _296_/CLK (sky130_fd_sc_hd__dfrtp_1)
                                  0.250000    0.855811   clock uncertainty
                                  0.000000    0.855811   clock reconvergence pessimism
                                 -0.073516    0.782295   library hold time
                                              0.782295   data required time
---------------------------------------------------------------------------------------------
                                              0.782295   data required time
                                             -1.147216   data arrival time
---------------------------------------------------------------------------------------------
                                              0.364921   slack (MET)


Startpoint: arlen[3] (input port clocked by clk)
Endpoint: _298_ (rising edge-triggered flip-flop clocked by clk)
Path Group: clk
Path Type: min

Fanout         Cap        Slew       Delay        Time   Description
---------------------------------------------------------------------------------------------
                                  0.000000    0.000000   clock clk (rise edge)
                                  0.000000    0.000000   clock network delay (propagated)
                                  1.000000    1.000000 ^ input external delay
     1    0.002843    0.032529    0.016062    1.016062 ^ arlen[3] (in)
                                                         arlen[3] (net)
                      0.032529    0.000000    1.016062 ^ input10/A (sky130_fd_sc_hd__clkbuf_1)
     1    0.002622    0.069458    0.131023    1.147084 ^ input10/X (sky130_fd_sc_hd__clkbuf_1)
                                                         net10 (net)
                      0.069458    0.000171    1.147255 ^ _298_/D (sky130_fd_sc_hd__dfrtp_1)
                                              1.147255   data arrival time

                                  0.000000    0.000000   clock clk (rise edge)
                                  0.000000    0.000000   clock source latency
     1    0.013990    0.108513    0.072400    0.072400 ^ clk (in)
                                                         clk (net)
                      0.108517    0.000000    0.072400 ^ clkbuf_0_clk/A (sky130_fd_sc_hd__clkbuf_16)
     4    0.043543    0.098411    0.271048    0.343448 ^ clkbuf_0_clk/X (sky130_fd_sc_hd__clkbuf_16)
                                                         clknet_0_clk (net)
                      0.098698    0.003478    0.346926 ^ clkbuf_2_1__f_clk/A (sky130_fd_sc_hd__clkbuf_16)
    12    0.036306    0.089415    0.256910    0.603836 ^ clkbuf_2_1__f_clk/X (sky130_fd_sc_hd__clkbuf_16)
                                                         clknet_2_1__leaf_clk (net)
                      0.089466    0.001990    0.605826 ^ _298_/CLK (sky130_fd_sc_hd__dfrtp_1)
                                  0.250000    0.855826   clock uncertainty
                                  0.000000    0.855826   clock reconvergence pessimism
                                 -0.073622    0.782203   library hold time
                                              0.782203   data required time
---------------------------------------------------------------------------------------------
                                              0.782203   data required time
                                             -1.147255   data arrival time
---------------------------------------------------------------------------------------------
                                              0.365052   slack (MET)


Startpoint: awlen[2] (input port clocked by clk)
Endpoint: _293_ (rising edge-triggered flip-flop clocked by clk)
Path Group: clk
Path Type: min

Fanout         Cap        Slew       Delay        Time   Description
---------------------------------------------------------------------------------------------
                                  0.000000    0.000000   clock clk (rise edge)
                                  0.000000    0.000000   clock network delay (propagated)
                                  1.000000    1.000000 ^ input external delay
     1    0.002740    0.031849    0.015520    1.015520 ^ awlen[2] (in)
                                                         awlen[2] (net)
                      0.031849    0.000000    1.015520 ^ input19/A (sky130_fd_sc_hd__clkbuf_1)
     1    0.002762    0.071873    0.132604    1.148124 ^ input19/X (sky130_fd_sc_hd__clkbuf_1)
                                                         net19 (net)
                      0.071873    0.000177    1.148301 ^ _293_/D (sky130_fd_sc_hd__dfrtp_1)
                                              1.148301   data arrival time

                                  0.000000    0.000000   clock clk (rise edge)
                                  0.000000    0.000000   clock source latency
     1    0.013990    0.108513    0.072400    0.072400 ^ clk (in)
                                                         clk (net)
                      0.108517    0.000000    0.072400 ^ clkbuf_0_clk/A (sky130_fd_sc_hd__clkbuf_16)
     4    0.043543    0.098411    0.271048    0.343448 ^ clkbuf_0_clk/X (sky130_fd_sc_hd__clkbuf_16)
                                                         clknet_0_clk (net)
                      0.098698    0.003478    0.346926 ^ clkbuf_2_1__f_clk/A (sky130_fd_sc_hd__clkbuf_16)
    12    0.036306    0.089415    0.256910    0.603836 ^ clkbuf_2_1__f_clk/X (sky130_fd_sc_hd__clkbuf_16)
                                                         clknet_2_1__leaf_clk (net)
                      0.089501    0.002479    0.606315 ^ _293_/CLK (sky130_fd_sc_hd__dfrtp_1)
                                  0.250000    0.856315   clock uncertainty
                                  0.000000    0.856315   clock reconvergence pessimism
                                 -0.074168    0.782147   library hold time
                                              0.782147   data required time
---------------------------------------------------------------------------------------------
                                              0.782147   data required time
                                             -1.148301   data arrival time
---------------------------------------------------------------------------------------------
                                              0.366154   slack (MET)


Startpoint: arburst[1] (input port clocked by clk)
Endpoint: _290_ (rising edge-triggered flip-flop clocked by clk)
Path Group: clk
Path Type: min

Fanout         Cap        Slew       Delay        Time   Description
---------------------------------------------------------------------------------------------
                                  0.000000    0.000000   clock clk (rise edge)
                                  0.000000    0.000000   clock network delay (propagated)
                                  1.000000    1.000000 ^ input external delay
     1    0.003128    0.034419    0.017568    1.017568 ^ arburst[1] (in)
                                                         arburst[1] (net)
                      0.034419    0.000000    1.017568 ^ input6/A (sky130_fd_sc_hd__clkbuf_1)
     1    0.002324    0.064421    0.127855    1.145422 ^ input6/X (sky130_fd_sc_hd__clkbuf_1)
                                                         net6 (net)
                      0.064421    0.000159    1.145581 ^ _290_/D (sky130_fd_sc_hd__dfrtp_1)
                                              1.145581   data arrival time

                                  0.000000    0.000000   clock clk (rise edge)
                                  0.000000    0.000000   clock source latency
     1    0.013990    0.108513    0.072400    0.072400 ^ clk (in)
                                                         clk (net)
                      0.108517    0.000000    0.072400 ^ clkbuf_0_clk/A (sky130_fd_sc_hd__clkbuf_16)
     4    0.043543    0.098411    0.271048    0.343448 ^ clkbuf_0_clk/X (sky130_fd_sc_hd__clkbuf_16)
                                                         clknet_0_clk (net)
                      0.098597    0.002356    0.345804 ^ clkbuf_2_2__f_clk/A (sky130_fd_sc_hd__clkbuf_16)
    10    0.034217    0.086382    0.254128    0.599932 ^ clkbuf_2_2__f_clk/X (sky130_fd_sc_hd__clkbuf_16)
                                                         clknet_2_2__leaf_clk (net)
                      0.086464    0.002365    0.602297 ^ _290_/CLK (sky130_fd_sc_hd__dfrtp_1)
                                  0.250000    0.852297   clock uncertainty
                                  0.000000    0.852297   clock reconvergence pessimism
                                 -0.072965    0.779332   library hold time
                                              0.779332   data required time
---------------------------------------------------------------------------------------------
                                              0.779332   data required time
                                             -1.145581   data arrival time
---------------------------------------------------------------------------------------------
                                              0.366249   slack (MET)


Startpoint: awburst[0] (input port clocked by clk)
Endpoint: _287_ (rising edge-triggered flip-flop clocked by clk)
Path Group: clk
Path Type: min

Fanout         Cap        Slew       Delay        Time   Description
---------------------------------------------------------------------------------------------
                                  0.000000    0.000000   clock clk (rise edge)
                                  0.000000    0.000000   clock network delay (propagated)
                                  1.000000    1.000000 ^ input external delay
     1    0.003127    0.034416    0.017566    1.017566 ^ awburst[0] (in)
                                                         awburst[0] (net)
                      0.034417    0.000000    1.017566 ^ input15/A (sky130_fd_sc_hd__clkbuf_1)
     1    0.002407    0.065824    0.128979    1.146544 ^ input15/X (sky130_fd_sc_hd__clkbuf_1)
                                                         net15 (net)
                      0.065824    0.000160    1.146705 ^ _287_/D (sky130_fd_sc_hd__dfrtp_1)
                                              1.146705   data arrival time

                                  0.000000    0.000000   clock clk (rise edge)
                                  0.000000    0.000000   clock source latency
     1    0.013990    0.108513    0.072400    0.072400 ^ clk (in)
                                                         clk (net)
                      0.108517    0.000000    0.072400 ^ clkbuf_0_clk/A (sky130_fd_sc_hd__clkbuf_16)
     4    0.043543    0.098411    0.271048    0.343448 ^ clkbuf_0_clk/X (sky130_fd_sc_hd__clkbuf_16)
                                                         clknet_0_clk (net)
                      0.098597    0.002356    0.345804 ^ clkbuf_2_2__f_clk/A (sky130_fd_sc_hd__clkbuf_16)
    10    0.034217    0.086382    0.254128    0.599932 ^ clkbuf_2_2__f_clk/X (sky130_fd_sc_hd__clkbuf_16)
                                                         clknet_2_2__leaf_clk (net)
                      0.086473    0.002466    0.602398 ^ _287_/CLK (sky130_fd_sc_hd__dfrtp_1)
                                  0.250000    0.852398   clock uncertainty
                                  0.000000    0.852398   clock reconvergence pessimism
                                 -0.073284    0.779113   library hold time
                                              0.779113   data required time
---------------------------------------------------------------------------------------------
                                              0.779113   data required time
                                             -1.146705   data arrival time
---------------------------------------------------------------------------------------------
                                              0.367591   slack (MET)


Startpoint: wvalid (input port clocked by clk)
Endpoint: _286_ (rising edge-triggered flip-flop clocked by clk)
Path Group: clk
Path Type: min

Fanout         Cap        Slew       Delay        Time   Description
---------------------------------------------------------------------------------------------
                                  0.000000    0.000000   clock clk (rise edge)
                                  0.000000    0.000000   clock network delay (propagated)
                                  1.000000    1.000000 ^ input external delay
     1    0.003082    0.034108    0.017327    1.017327 ^ wvalid (in)
                                                         wvalid (net)
                      0.034111    0.000000    1.017327 ^ input26/A (sky130_fd_sc_hd__clkbuf_1)
     1    0.002882    0.073914    0.135255    1.152582 ^ input26/X (sky130_fd_sc_hd__clkbuf_1)
                                                         net26 (net)
                      0.073914    0.000115    1.152697 ^ _286_/D (sky130_fd_sc_hd__dfrtp_1)
                                              1.152697   data arrival time

                                  0.000000    0.000000   clock clk (rise edge)
                                  0.000000    0.000000   clock source latency
     1    0.013990    0.108513    0.072400    0.072400 ^ clk (in)
                                                         clk (net)
                      0.108517    0.000000    0.072400 ^ clkbuf_0_clk/A (sky130_fd_sc_hd__clkbuf_16)
     4    0.043543    0.098411    0.271048    0.343448 ^ clkbuf_0_clk/X (sky130_fd_sc_hd__clkbuf_16)
                                                         clknet_0_clk (net)
                      0.098698    0.003478    0.346926 ^ clkbuf_2_1__f_clk/A (sky130_fd_sc_hd__clkbuf_16)
    12    0.036306    0.089415    0.256910    0.603836 ^ clkbuf_2_1__f_clk/X (sky130_fd_sc_hd__clkbuf_16)
                                                         clknet_2_1__leaf_clk (net)
                      0.089514    0.002635    0.606471 ^ _286_/CLK (sky130_fd_sc_hd__dfrtp_1)
                                  0.250000    0.856471   clock uncertainty
                                  0.000000    0.856471   clock reconvergence pessimism
                                 -0.074631    0.781840   library hold time
                                              0.781840   data required time
---------------------------------------------------------------------------------------------
                                              0.781840   data required time
                                             -1.152697   data arrival time
---------------------------------------------------------------------------------------------
                                              0.370857   slack (MET)


Startpoint: arburst[0] (input port clocked by clk)
Endpoint: _289_ (rising edge-triggered flip-flop clocked by clk)
Path Group: clk
Path Type: min

Fanout         Cap        Slew       Delay        Time   Description
---------------------------------------------------------------------------------------------
                                  0.000000    0.000000   clock clk (rise edge)
                                  0.000000    0.000000   clock network delay (propagated)
                                  1.000000    1.000000 ^ input external delay
     1    0.003127    0.034416    0.017566    1.017566 ^ arburst[0] (in)
                                                         arburst[0] (net)
                      0.034417    0.000000    1.017566 ^ input5/A (sky130_fd_sc_hd__clkbuf_1)
     1    0.002598    0.069050    0.131547    1.149113 ^ input5/X (sky130_fd_sc_hd__clkbuf_1)
                                                         net5 (net)
                      0.069050    0.000170    1.149283 ^ _289_/D (sky130_fd_sc_hd__dfrtp_1)
                                              1.149283   data arrival time

                                  0.000000    0.000000   clock clk (rise edge)
                                  0.000000    0.000000   clock source latency
     1    0.013990    0.108513    0.072400    0.072400 ^ clk (in)
                                                         clk (net)
                      0.108517    0.000000    0.072400 ^ clkbuf_0_clk/A (sky130_fd_sc_hd__clkbuf_16)
     4    0.043543    0.098411    0.271048    0.343448 ^ clkbuf_0_clk/X (sky130_fd_sc_hd__clkbuf_16)
                                                         clknet_0_clk (net)
                      0.098597    0.002356    0.345804 ^ clkbuf_2_2__f_clk/A (sky130_fd_sc_hd__clkbuf_16)
    10    0.034217    0.086382    0.254128    0.599932 ^ clkbuf_2_2__f_clk/X (sky130_fd_sc_hd__clkbuf_16)
                                                         clknet_2_2__leaf_clk (net)
                      0.086466    0.002385    0.602317 ^ _289_/CLK (sky130_fd_sc_hd__dfrtp_1)
                                  0.250000    0.852317   clock uncertainty
                                  0.000000    0.852317   clock reconvergence pessimism
                                 -0.074021    0.778295   library hold time
                                              0.778295   data required time
---------------------------------------------------------------------------------------------
                                              0.778295   data required time
                                             -1.149283   data arrival time
---------------------------------------------------------------------------------------------
                                              0.370988   slack (MET)


Startpoint: awlen[1] (input port clocked by clk)
Endpoint: _292_ (rising edge-triggered flip-flop clocked by clk)
Path Group: clk
Path Type: min

Fanout         Cap        Slew       Delay        Time   Description
---------------------------------------------------------------------------------------------
                                  0.000000    0.000000   clock clk (rise edge)
                                  0.000000    0.000000   clock network delay (propagated)
                                  1.000000    1.000000 ^ input external delay
     1    0.003708    0.038331    0.020637    1.020637 ^ awlen[1] (in)
                                                         awlen[1] (net)
                      0.038331    0.000000    1.020637 ^ input18/A (sky130_fd_sc_hd__clkbuf_1)
     1    0.002718    0.071089    0.134918    1.155555 ^ input18/X (sky130_fd_sc_hd__clkbuf_1)
                                                         net18 (net)
                      0.071089    0.000183    1.155737 ^ _292_/D (sky130_fd_sc_hd__dfrtp_1)
                                              1.155737   data arrival time

                                  0.000000    0.000000   clock clk (rise edge)
                                  0.000000    0.000000   clock source latency
     1    0.013990    0.108513    0.072400    0.072400 ^ clk (in)
                                                         clk (net)
                      0.108517    0.000000    0.072400 ^ clkbuf_0_clk/A (sky130_fd_sc_hd__clkbuf_16)
     4    0.043543    0.098411    0.271048    0.343448 ^ clkbuf_0_clk/X (sky130_fd_sc_hd__clkbuf_16)
                                                         clknet_0_clk (net)
                      0.098698    0.003478    0.346926 ^ clkbuf_2_1__f_clk/A (sky130_fd_sc_hd__clkbuf_16)
    12    0.036306    0.089415    0.256910    0.603836 ^ clkbuf_2_1__f_clk/X (sky130_fd_sc_hd__clkbuf_16)
                                                         clknet_2_1__leaf_clk (net)
                      0.089483    0.002243    0.606079 ^ _292_/CLK (sky130_fd_sc_hd__dfrtp_1)
                                  0.250000    0.856079   clock uncertainty
                                  0.000000    0.856079   clock reconvergence pessimism
                                 -0.073992    0.782087   library hold time
                                              0.782087   data required time
---------------------------------------------------------------------------------------------
                                              0.782087   data required time
                                             -1.155737   data arrival time
---------------------------------------------------------------------------------------------
                                              0.373650   slack (MET)


Startpoint: arlen[0] (input port clocked by clk)
Endpoint: _295_ (rising edge-triggered flip-flop clocked by clk)
Path Group: clk
Path Type: min

Fanout         Cap        Slew       Delay        Time   Description
---------------------------------------------------------------------------------------------
                                  0.000000    0.000000   clock clk (rise edge)
                                  0.000000    0.000000   clock network delay (propagated)
                                  1.000000    1.000000 ^ input external delay
     1    0.002758    0.031971    0.015617    1.015617 ^ arlen[0] (in)
                                                         arlen[0] (net)
                      0.031971    0.000000    1.015617 ^ input7/A (sky130_fd_sc_hd__clkbuf_1)
     1    0.003690    0.087834    0.145154    1.160771 ^ input7/X (sky130_fd_sc_hd__clkbuf_1)
                                                         net7 (net)
                      0.087834    0.000222    1.160994 ^ _295_/D (sky130_fd_sc_hd__dfrtp_1)
                                              1.160994   data arrival time

                                  0.000000    0.000000   clock clk (rise edge)
                                  0.000000    0.000000   clock source latency
     1    0.013990    0.108513    0.072400    0.072400 ^ clk (in)
                                                         clk (net)
                      0.108517    0.000000    0.072400 ^ clkbuf_0_clk/A (sky130_fd_sc_hd__clkbuf_16)
     4    0.043543    0.098411    0.271048    0.343448 ^ clkbuf_0_clk/X (sky130_fd_sc_hd__clkbuf_16)
                                                         clknet_0_clk (net)
                      0.098698    0.003478    0.346926 ^ clkbuf_2_1__f_clk/A (sky130_fd_sc_hd__clkbuf_16)
    12    0.036306    0.089415    0.256910    0.603836 ^ clkbuf_2_1__f_clk/X (sky130_fd_sc_hd__clkbuf_16)
                                                         clknet_2_1__leaf_clk (net)
                      0.089436    0.001383    0.605219 ^ _295_/CLK (sky130_fd_sc_hd__dfrtp_1)
                                  0.250000    0.855219   clock uncertainty
                                  0.000000    0.855219   clock reconvergence pessimism
                                 -0.077820    0.777399   library hold time
                                              0.777399   data required time
---------------------------------------------------------------------------------------------
                                              0.777399   data required time
                                             -1.160994   data arrival time
---------------------------------------------------------------------------------------------
                                              0.383595   slack (MET)


Startpoint: awburst[1] (input port clocked by clk)
Endpoint: _288_ (rising edge-triggered flip-flop clocked by clk)
Path Group: clk
Path Type: min

Fanout         Cap        Slew       Delay        Time   Description
---------------------------------------------------------------------------------------------
                                  0.000000    0.000000   clock clk (rise edge)
                                  0.000000    0.000000   clock network delay (propagated)
                                  1.000000    1.000000 ^ input external delay
     1    0.004071    0.040807    0.022566    1.022566 ^ awburst[1] (in)
                                                         awburst[1] (net)
                      0.040821    0.000000    1.022566 ^ input16/A (sky130_fd_sc_hd__clkbuf_1)
     1    0.002940    0.074921    0.139011    1.161577 ^ input16/X (sky130_fd_sc_hd__clkbuf_1)
                                                         net16 (net)
                      0.074921    0.000219    1.161796 ^ _288_/D (sky130_fd_sc_hd__dfrtp_1)
                                              1.161796   data arrival time

                                  0.000000    0.000000   clock clk (rise edge)
                                  0.000000    0.000000   clock source latency
     1    0.013990    0.108513    0.072400    0.072400 ^ clk (in)
                                                         clk (net)
                      0.108517    0.000000    0.072400 ^ clkbuf_0_clk/A (sky130_fd_sc_hd__clkbuf_16)
     4    0.043543    0.098411    0.271048    0.343448 ^ clkbuf_0_clk/X (sky130_fd_sc_hd__clkbuf_16)
                                                         clknet_0_clk (net)
                      0.098597    0.002356    0.345804 ^ clkbuf_2_2__f_clk/A (sky130_fd_sc_hd__clkbuf_16)
    10    0.034217    0.086382    0.254128    0.599932 ^ clkbuf_2_2__f_clk/X (sky130_fd_sc_hd__clkbuf_16)
                                                         clknet_2_2__leaf_clk (net)
                      0.086474    0.002487    0.602418 ^ _288_/CLK (sky130_fd_sc_hd__dfrtp_1)
                                  0.250000    0.852418   clock uncertainty
                                  0.000000    0.852418   clock reconvergence pessimism
                                 -0.075360    0.777059   library hold time
                                              0.777059   data required time
---------------------------------------------------------------------------------------------
                                              0.777059   data required time
                                             -1.161796   data arrival time
---------------------------------------------------------------------------------------------
                                              0.384737   slack (MET)


Startpoint: awvalid (input port clocked by clk)
Endpoint: _284_ (rising edge-triggered flip-flop clocked by clk)
Path Group: clk
Path Type: min

Fanout         Cap        Slew       Delay        Time   Description
---------------------------------------------------------------------------------------------
                                  0.000000    0.000000   clock clk (rise edge)
                                  0.000000    0.000000   clock network delay (propagated)
                                  1.000000    1.000000 ^ input external delay
     1    0.003317    0.035690    0.018567    1.018567 ^ awvalid (in)
                                                         awvalid (net)
                      0.035690    0.000000    1.018567 ^ input21/A (sky130_fd_sc_hd__clkbuf_1)
     1    0.003662    0.087346    0.146406    1.164973 ^ input21/X (sky130_fd_sc_hd__clkbuf_1)
                                                         net21 (net)
                      0.087346    0.000272    1.165245 ^ _284_/D (sky130_fd_sc_hd__dfrtp_1)
                                              1.165245   data arrival time

                                  0.000000    0.000000   clock clk (rise edge)
                                  0.000000    0.000000   clock source latency
     1    0.013990    0.108513    0.072400    0.072400 ^ clk (in)
                                                         clk (net)
                      0.108517    0.000000    0.072400 ^ clkbuf_0_clk/A (sky130_fd_sc_hd__clkbuf_16)
     4    0.043543    0.098411    0.271048    0.343448 ^ clkbuf_0_clk/X (sky130_fd_sc_hd__clkbuf_16)
                                                         clknet_0_clk (net)
                      0.098577    0.002108    0.345556 ^ clkbuf_2_3__f_clk/A (sky130_fd_sc_hd__clkbuf_16)
     8    0.035099    0.087618    0.255453    0.601009 ^ clkbuf_2_3__f_clk/X (sky130_fd_sc_hd__clkbuf_16)
                                                         clknet_2_3__leaf_clk (net)
                      0.087635    0.001217    0.602226 ^ _284_/CLK (sky130_fd_sc_hd__dfrtp_1)
                                  0.250000    0.852226   clock uncertainty
                                  0.000000    0.852226   clock reconvergence pessimism
                                 -0.078005    0.774222   library hold time
                                              0.774222   data required time
---------------------------------------------------------------------------------------------
                                              0.774222   data required time
                                             -1.165245   data arrival time
---------------------------------------------------------------------------------------------
                                              0.391023   slack (MET)


Startpoint: arvalid (input port clocked by clk)
Endpoint: _285_ (rising edge-triggered flip-flop clocked by clk)
Path Group: clk
Path Type: min

Fanout         Cap        Slew       Delay        Time   Description
---------------------------------------------------------------------------------------------
                                  0.000000    0.000000   clock clk (rise edge)
                                  0.000000    0.000000   clock network delay (propagated)
                                  1.000000    1.000000 ^ input external delay
     1    0.002794    0.032206    0.015805    1.015805 ^ arvalid (in)
                                                         arvalid (net)
                      0.032207    0.000000    1.015805 ^ input11/A (sky130_fd_sc_hd__clkbuf_1)
     1    0.003941    0.092155    0.148639    1.164445 ^ input11/X (sky130_fd_sc_hd__clkbuf_1)
                                                         net11 (net)
                      0.092155    0.000231    1.164675 ^ _285_/D (sky130_fd_sc_hd__dfrtp_1)
                                              1.164675   data arrival time

                                  0.000000    0.000000   clock clk (rise edge)
                                  0.000000    0.000000   clock source latency
     1    0.013990    0.108513    0.072400    0.072400 ^ clk (in)
                                                         clk (net)
                      0.108517    0.000000    0.072400 ^ clkbuf_0_clk/A (sky130_fd_sc_hd__clkbuf_16)
     4    0.043543    0.098411    0.271048    0.343448 ^ clkbuf_0_clk/X (sky130_fd_sc_hd__clkbuf_16)
                                                         clknet_0_clk (net)
                      0.098597    0.002356    0.345804 ^ clkbuf_2_2__f_clk/A (sky130_fd_sc_hd__clkbuf_16)
    10    0.034217    0.086382    0.254128    0.599932 ^ clkbuf_2_2__f_clk/X (sky130_fd_sc_hd__clkbuf_16)
                                                         clknet_2_2__leaf_clk (net)
                      0.086388    0.000894    0.600826 ^ _285_/CLK (sky130_fd_sc_hd__dfrtp_1)
                                  0.250000    0.850826   clock uncertainty
                                  0.000000    0.850826   clock reconvergence pessimism
                                 -0.079306    0.771519   library hold time
                                              0.771519   data required time
---------------------------------------------------------------------------------------------
                                              0.771519   data required time
                                             -1.164675   data arrival time
---------------------------------------------------------------------------------------------
                                              0.393156   slack (MET)


Startpoint: PREADY (input port clocked by clk)
Endpoint: _299_ (rising edge-triggered flip-flop clocked by clk)
Path Group: clk
Path Type: min

Fanout         Cap        Slew       Delay        Time   Description
---------------------------------------------------------------------------------------------
                                  0.000000    0.000000   clock clk (rise edge)
                                  0.000000    0.000000   clock network delay (propagated)
                                  1.000000    1.000000 ^ input external delay
     1    0.002780    0.032112    0.015729    1.015729 ^ PREADY (in)
                                                         PREADY (net)
                      0.032112    0.000000    1.015729 ^ input1/A (sky130_fd_sc_hd__buf_1)
     3    0.014289    0.278998    0.281918    1.297647 ^ input1/X (sky130_fd_sc_hd__buf_1)
                                                         net1 (net)
                      0.279005    0.001193    1.298840 ^ _248_/A1 (sky130_fd_sc_hd__a21o_1)
     1    0.002829    0.058140    0.282055    1.580895 ^ _248_/X (sky130_fd_sc_hd__a21o_1)
                                                         _015_ (net)
                      0.058140    0.000180    1.581075 ^ _299_/D (sky130_fd_sc_hd__dfrtp_1)
                                              1.581075   data arrival time

                                  0.000000    0.000000   clock clk (rise edge)
                                  0.000000    0.000000   clock source latency
     1    0.013990    0.108513    0.072400    0.072400 ^ clk (in)
                                                         clk (net)
                      0.108517    0.000000    0.072400 ^ clkbuf_0_clk/A (sky130_fd_sc_hd__clkbuf_16)
     4    0.043543    0.098411    0.271048    0.343448 ^ clkbuf_0_clk/X (sky130_fd_sc_hd__clkbuf_16)
                                                         clknet_0_clk (net)
                      0.098597    0.002356    0.345804 ^ clkbuf_2_2__f_clk/A (sky130_fd_sc_hd__clkbuf_16)
    10    0.034217    0.086382    0.254128    0.599932 ^ clkbuf_2_2__f_clk/X (sky130_fd_sc_hd__clkbuf_16)
                                                         clknet_2_2__leaf_clk (net)
                      0.086389    0.000936    0.600868 ^ _299_/CLK (sky130_fd_sc_hd__dfrtp_1)
                                  0.250000    0.850868   clock uncertainty
                                  0.000000    0.850868   clock reconvergence pessimism
                                 -0.071544    0.779323   library hold time
                                              0.779323   data required time
---------------------------------------------------------------------------------------------
                                              0.779323   data required time
                                             -1.581075   data arrival time
---------------------------------------------------------------------------------------------
                                              0.801752   slack (MET)


Startpoint: _273_ (rising edge-triggered flip-flop clocked by clk)
Endpoint: _273_ (rising edge-triggered flip-flop clocked by clk)
Path Group: clk
Path Type: min

Fanout         Cap        Slew       Delay        Time   Description
---------------------------------------------------------------------------------------------
                                  0.000000    0.000000   clock clk (rise edge)
                                  0.000000    0.000000   clock source latency
     1    0.013990    0.108513    0.072400    0.072400 ^ clk (in)
                                                         clk (net)
                      0.108517    0.000000    0.072400 ^ clkbuf_0_clk/A (sky130_fd_sc_hd__clkbuf_16)
     4    0.043543    0.098411    0.271048    0.343448 ^ clkbuf_0_clk/X (sky130_fd_sc_hd__clkbuf_16)
                                                         clknet_0_clk (net)
                      0.098698    0.003478    0.346926 ^ clkbuf_2_1__f_clk/A (sky130_fd_sc_hd__clkbuf_16)
    12    0.036306    0.089415    0.256910    0.603836 ^ clkbuf_2_1__f_clk/X (sky130_fd_sc_hd__clkbuf_16)
                                                         clknet_2_1__leaf_clk (net)
                      0.089520    0.002698    0.606534 ^ _273_/CLK (sky130_fd_sc_hd__dfrtp_1)
     5    0.013839    0.210611    0.765284    1.371817 ^ _273_/Q (sky130_fd_sc_hd__dfrtp_1)
                                                         lenM[2] (net)
                      0.210611    0.000800    1.372617 ^ _221_/A1 (sky130_fd_sc_hd__mux2_1)
     1    0.002658    0.070591    0.286765    1.659382 ^ _221_/X (sky130_fd_sc_hd__mux2_1)
                                                         _010_ (net)
                      0.070591    0.000188    1.659570 ^ _273_/D (sky130_fd_sc_hd__dfrtp_1)
                                              1.659570   data arrival time

                                  0.000000    0.000000   clock clk (rise edge)
                                  0.000000    0.000000   clock source latency
     1    0.013990    0.108513    0.072400    0.072400 ^ clk (in)
                                                         clk (net)
                      0.108517    0.000000    0.072400 ^ clkbuf_0_clk/A (sky130_fd_sc_hd__clkbuf_16)
     4    0.043543    0.098411    0.271048    0.343448 ^ clkbuf_0_clk/X (sky130_fd_sc_hd__clkbuf_16)
                                                         clknet_0_clk (net)
                      0.098698    0.003478    0.346926 ^ clkbuf_2_1__f_clk/A (sky130_fd_sc_hd__clkbuf_16)
    12    0.036306    0.089415    0.256910    0.603836 ^ clkbuf_2_1__f_clk/X (sky130_fd_sc_hd__clkbuf_16)
                                                         clknet_2_1__leaf_clk (net)
                      0.089520    0.002698    0.606534 ^ _273_/CLK (sky130_fd_sc_hd__dfrtp_1)
                                  0.250000    0.856534   clock uncertainty
                                  0.000000    0.856534   clock reconvergence pessimism
                                 -0.073872    0.782662   library hold time
                                              0.782662   data required time
---------------------------------------------------------------------------------------------
                                              0.782662   data required time
                                             -1.659570   data arrival time
---------------------------------------------------------------------------------------------
                                              0.876908   slack (MET)


Startpoint: _272_ (rising edge-triggered flip-flop clocked by clk)
Endpoint: _272_ (rising edge-triggered flip-flop clocked by clk)
Path Group: clk
Path Type: min

Fanout         Cap        Slew       Delay        Time   Description
---------------------------------------------------------------------------------------------
                                  0.000000    0.000000   clock clk (rise edge)
                                  0.000000    0.000000   clock source latency
     1    0.013990    0.108513    0.072400    0.072400 ^ clk (in)
                                                         clk (net)
                      0.108517    0.000000    0.072400 ^ clkbuf_0_clk/A (sky130_fd_sc_hd__clkbuf_16)
     4    0.043543    0.098411    0.271048    0.343448 ^ clkbuf_0_clk/X (sky130_fd_sc_hd__clkbuf_16)
                                                         clknet_0_clk (net)
                      0.098698    0.003478    0.346926 ^ clkbuf_2_1__f_clk/A (sky130_fd_sc_hd__clkbuf_16)
    12    0.036306    0.089415    0.256910    0.603836 ^ clkbuf_2_1__f_clk/X (sky130_fd_sc_hd__clkbuf_16)
                                                         clknet_2_1__leaf_clk (net)
                      0.089519    0.002688    0.606524 ^ _272_/CLK (sky130_fd_sc_hd__dfrtp_2)
     7    0.019278    0.178834    0.801549    1.408073 ^ _272_/Q (sky130_fd_sc_hd__dfrtp_2)
                                                         lenM[1] (net)
                      0.178835    0.000888    1.408961 ^ _213_/A1 (sky130_fd_sc_hd__mux2_1)
     1    0.002430    0.068030    0.270377    1.679338 ^ _213_/X (sky130_fd_sc_hd__mux2_1)
                                                         _009_ (net)
                      0.068030    0.000162    1.679500 ^ _272_/D (sky130_fd_sc_hd__dfrtp_2)
                                              1.679500   data arrival time

                                  0.000000    0.000000   clock clk (rise edge)
                                  0.000000    0.000000   clock source latency
     1    0.013990    0.108513    0.072400    0.072400 ^ clk (in)
                                                         clk (net)
                      0.108517    0.000000    0.072400 ^ clkbuf_0_clk/A (sky130_fd_sc_hd__clkbuf_16)
     4    0.043543    0.098411    0.271048    0.343448 ^ clkbuf_0_clk/X (sky130_fd_sc_hd__clkbuf_16)
                                                         clknet_0_clk (net)
                      0.098698    0.003478    0.346926 ^ clkbuf_2_1__f_clk/A (sky130_fd_sc_hd__clkbuf_16)
    12    0.036306    0.089415    0.256910    0.603836 ^ clkbuf_2_1__f_clk/X (sky130_fd_sc_hd__clkbuf_16)
                                                         clknet_2_1__leaf_clk (net)
                      0.089519    0.002688    0.606524 ^ _272_/CLK (sky130_fd_sc_hd__dfrtp_2)
                                  0.250000    0.856524   clock uncertainty
                                  0.000000    0.856524   clock reconvergence pessimism
                                 -0.073246    0.783277   library hold time
                                              0.783277   data required time
---------------------------------------------------------------------------------------------
                                              0.783277   data required time
                                             -1.679500   data arrival time
---------------------------------------------------------------------------------------------
                                              0.896222   slack (MET)


Startpoint: _276_ (rising edge-triggered flip-flop clocked by clk)
Endpoint: _276_ (rising edge-triggered flip-flop clocked by clk)
Path Group: clk
Path Type: min

Fanout         Cap        Slew       Delay        Time   Description
---------------------------------------------------------------------------------------------
                                  0.000000    0.000000   clock clk (rise edge)
                                  0.000000    0.000000   clock source latency
     1    0.013990    0.108513    0.072400    0.072400 ^ clk (in)
                                                         clk (net)
                      0.108517    0.000000    0.072400 ^ clkbuf_0_clk/A (sky130_fd_sc_hd__clkbuf_16)
     4    0.043543    0.098411    0.271048    0.343448 ^ clkbuf_0_clk/X (sky130_fd_sc_hd__clkbuf_16)
                                                         clknet_0_clk (net)
                      0.098685    0.003340    0.346788 ^ clkbuf_2_0__f_clk/A (sky130_fd_sc_hd__clkbuf_16)
    13    0.041704    0.095784    0.263337    0.610126 ^ clkbuf_2_0__f_clk/X (sky130_fd_sc_hd__clkbuf_16)
                                                         clknet_2_0__leaf_clk (net)
                      0.096326    0.004279    0.614405 ^ _276_/CLK (sky130_fd_sc_hd__dfrtp_1)
     6    0.015493    0.231882    0.784335    1.398740 ^ _276_/Q (sky130_fd_sc_hd__dfrtp_1)
                                                         DADDR[1] (net)
                      0.231882    0.000470    1.399211 ^ _237_/A1 (sky130_fd_sc_hd__mux2_1)
     1    0.002727    0.071402    0.296093    1.695304 ^ _237_/X (sky130_fd_sc_hd__mux2_1)
                                                         _013_ (net)
                      0.071402    0.000170    1.695474 ^ _276_/D (sky130_fd_sc_hd__dfrtp_1)
                                              1.695474   data arrival time

                                  0.000000    0.000000   clock clk (rise edge)
                                  0.000000    0.000000   clock source latency
     1    0.013990    0.108513    0.072400    0.072400 ^ clk (in)
                                                         clk (net)
                      0.108517    0.000000    0.072400 ^ clkbuf_0_clk/A (sky130_fd_sc_hd__clkbuf_16)
     4    0.043543    0.098411    0.271048    0.343448 ^ clkbuf_0_clk/X (sky130_fd_sc_hd__clkbuf_16)
                                                         clknet_0_clk (net)
                      0.098685    0.003340    0.346788 ^ clkbuf_2_0__f_clk/A (sky130_fd_sc_hd__clkbuf_16)
    13    0.041704    0.095784    0.263337    0.610126 ^ clkbuf_2_0__f_clk/X (sky130_fd_sc_hd__clkbuf_16)
                                                         clknet_2_0__leaf_clk (net)
                      0.096326    0.004279    0.614405 ^ _276_/CLK (sky130_fd_sc_hd__dfrtp_1)
                                  0.250000    0.864405   clock uncertainty
                                  0.000000    0.864405   clock reconvergence pessimism
                                 -0.072940    0.791465   library hold time
                                              0.791465   data required time
---------------------------------------------------------------------------------------------
                                              0.791465   data required time
                                             -1.695474   data arrival time
---------------------------------------------------------------------------------------------
                                              0.904009   slack (MET)


Startpoint: _289_ (rising edge-triggered flip-flop clocked by clk)
Endpoint: _263_ (rising edge-triggered flip-flop clocked by clk)
Path Group: clk
Path Type: min

Fanout         Cap        Slew       Delay        Time   Description
---------------------------------------------------------------------------------------------
                                  0.000000    0.000000   clock clk (rise edge)
                                  0.000000    0.000000   clock source latency
     1    0.013990    0.108513    0.072400    0.072400 ^ clk (in)
                                                         clk (net)
                      0.108517    0.000000    0.072400 ^ clkbuf_0_clk/A (sky130_fd_sc_hd__clkbuf_16)
     4    0.043543    0.098411    0.271048    0.343448 ^ clkbuf_0_clk/X (sky130_fd_sc_hd__clkbuf_16)
                                                         clknet_0_clk (net)
                      0.098597    0.002356    0.345804 ^ clkbuf_2_2__f_clk/A (sky130_fd_sc_hd__clkbuf_16)
    10    0.034217    0.086382    0.254128    0.599932 ^ clkbuf_2_2__f_clk/X (sky130_fd_sc_hd__clkbuf_16)
                                                         clknet_2_2__leaf_clk (net)
                      0.086466    0.002385    0.602317 ^ _289_/CLK (sky130_fd_sc_hd__dfrtp_1)
     1    0.002194    0.071198    0.634138    1.236455 ^ _289_/Q (sky130_fd_sc_hd__dfrtp_1)
                                                         arburst_pipe[0] (net)
                      0.071198    0.000141    1.236596 ^ _159_/A0 (sky130_fd_sc_hd__mux2_1)
     1    0.003019    0.074777    0.227074    1.463670 ^ _159_/X (sky130_fd_sc_hd__mux2_1)
                                                         _022_ (net)
                      0.074777    0.000193    1.463862 ^ _160_/A0 (sky130_fd_sc_hd__mux2_1)
     1    0.002697    0.071009    0.224272    1.688134 ^ _160_/X (sky130_fd_sc_hd__mux2_1)
                                                         _000_ (net)
                      0.071011    0.000182    1.688316 ^ _263_/D (sky130_fd_sc_hd__dfrtp_1)
                                              1.688316   data arrival time

                                  0.000000    0.000000   clock clk (rise edge)
                                  0.000000    0.000000   clock source latency
     1    0.013990    0.108513    0.072400    0.072400 ^ clk (in)
                                                         clk (net)
                      0.108517    0.000000    0.072400 ^ clkbuf_0_clk/A (sky130_fd_sc_hd__clkbuf_16)
     4    0.043543    0.098411    0.271048    0.343448 ^ clkbuf_0_clk/X (sky130_fd_sc_hd__clkbuf_16)
                                                         clknet_0_clk (net)
                      0.098597    0.002356    0.345804 ^ clkbuf_2_2__f_clk/A (sky130_fd_sc_hd__clkbuf_16)
    10    0.034217    0.086382    0.254128    0.599932 ^ clkbuf_2_2__f_clk/X (sky130_fd_sc_hd__clkbuf_16)
                                                         clknet_2_2__leaf_clk (net)
                      0.086409    0.001502    0.601434 ^ _263_/CLK (sky130_fd_sc_hd__dfrtp_1)
                                  0.250000    0.851434   clock uncertainty
                                  0.000000    0.851434   clock reconvergence pessimism
                                 -0.074478    0.776956   library hold time
                                              0.776956   data required time
---------------------------------------------------------------------------------------------
                                              0.776956   data required time
                                             -1.688316   data arrival time
---------------------------------------------------------------------------------------------
                                              0.911360   slack (MET)


Startpoint: _275_ (rising edge-triggered flip-flop clocked by clk)
Endpoint: _275_ (rising edge-triggered flip-flop clocked by clk)
Path Group: clk
Path Type: min

Fanout         Cap        Slew       Delay        Time   Description
---------------------------------------------------------------------------------------------
                                  0.000000    0.000000   clock clk (rise edge)
                                  0.000000    0.000000   clock source latency
     1    0.013990    0.108513    0.072400    0.072400 ^ clk (in)
                                                         clk (net)
                      0.108517    0.000000    0.072400 ^ clkbuf_0_clk/A (sky130_fd_sc_hd__clkbuf_16)
     4    0.043543    0.098411    0.271048    0.343448 ^ clkbuf_0_clk/X (sky130_fd_sc_hd__clkbuf_16)
                                                         clknet_0_clk (net)
                      0.098685    0.003340    0.346788 ^ clkbuf_2_0__f_clk/A (sky130_fd_sc_hd__clkbuf_16)
    13    0.041704    0.095784    0.263337    0.610126 ^ clkbuf_2_0__f_clk/X (sky130_fd_sc_hd__clkbuf_16)
                                                         clknet_2_0__leaf_clk (net)
                      0.096044    0.003350    0.613476 ^ _275_/CLK (sky130_fd_sc_hd__dfrtp_2)
     7    0.021221    0.192031    0.814970    1.428446 ^ _275_/Q (sky130_fd_sc_hd__dfrtp_2)
                                                         DADDR[0] (net)
                      0.192032    0.001026    1.429472 ^ _232_/A1 (sky130_fd_sc_hd__mux2_1)
     1    0.002481    0.068633    0.276595    1.706067 ^ _232_/X (sky130_fd_sc_hd__mux2_1)
                                                         _012_ (net)
                      0.068633    0.000181    1.706249 ^ _275_/D (sky130_fd_sc_hd__dfrtp_2)
                                              1.706249   data arrival time

                                  0.000000    0.000000   clock clk (rise edge)
                                  0.000000    0.000000   clock source latency
     1    0.013990    0.108513    0.072400    0.072400 ^ clk (in)
                                                         clk (net)
                      0.108517    0.000000    0.072400 ^ clkbuf_0_clk/A (sky130_fd_sc_hd__clkbuf_16)
     4    0.043543    0.098411    0.271048    0.343448 ^ clkbuf_0_clk/X (sky130_fd_sc_hd__clkbuf_16)
                                                         clknet_0_clk (net)
                      0.098685    0.003340    0.346788 ^ clkbuf_2_0__f_clk/A (sky130_fd_sc_hd__clkbuf_16)
    13    0.041704    0.095784    0.263337    0.610126 ^ clkbuf_2_0__f_clk/X (sky130_fd_sc_hd__clkbuf_16)
                                                         clknet_2_0__leaf_clk (net)
                      0.096044    0.003350    0.613476 ^ _275_/CLK (sky130_fd_sc_hd__dfrtp_2)
                                  0.250000    0.863476   clock uncertainty
                                  0.000000    0.863476   clock reconvergence pessimism
                                 -0.072313    0.791163   library hold time
                                              0.791163   data required time
---------------------------------------------------------------------------------------------
                                              0.791163   data required time
                                             -1.706249   data arrival time
---------------------------------------------------------------------------------------------
                                              0.915086   slack (MET)


Startpoint: _271_ (rising edge-triggered flip-flop clocked by clk)
Endpoint: _271_ (rising edge-triggered flip-flop clocked by clk)
Path Group: clk
Path Type: min

Fanout         Cap        Slew       Delay        Time   Description
---------------------------------------------------------------------------------------------
                                  0.000000    0.000000   clock clk (rise edge)
                                  0.000000    0.000000   clock source latency
     1    0.013990    0.108513    0.072400    0.072400 ^ clk (in)
                                                         clk (net)
                      0.108517    0.000000    0.072400 ^ clkbuf_0_clk/A (sky130_fd_sc_hd__clkbuf_16)
     4    0.043543    0.098411    0.271048    0.343448 ^ clkbuf_0_clk/X (sky130_fd_sc_hd__clkbuf_16)
                                                         clknet_0_clk (net)
                      0.098698    0.003478    0.346926 ^ clkbuf_2_1__f_clk/A (sky130_fd_sc_hd__clkbuf_16)
    12    0.036306    0.089415    0.256910    0.603836 ^ clkbuf_2_1__f_clk/X (sky130_fd_sc_hd__clkbuf_16)
                                                         clknet_2_1__leaf_clk (net)
                      0.089531    0.002823    0.606659 ^ _271_/CLK (sky130_fd_sc_hd__dfrtp_2)
     8    0.022827    0.203015    0.820490    1.427149 ^ _271_/Q (sky130_fd_sc_hd__dfrtp_2)
                                                         lenM[0] (net)
                      0.203016    0.001011    1.428160 ^ _205_/A1 (sky130_fd_sc_hd__mux2_1)
     1    0.002383    0.067502    0.279892    1.708052 ^ _205_/X (sky130_fd_sc_hd__mux2_1)
                                                         _008_ (net)
                      0.067502    0.000161    1.708213 ^ _271_/D (sky130_fd_sc_hd__dfrtp_2)
                                              1.708213   data arrival time

                                  0.000000    0.000000   clock clk (rise edge)
                                  0.000000    0.000000   clock source latency
     1    0.013990    0.108513    0.072400    0.072400 ^ clk (in)
                                                         clk (net)
                      0.108517    0.000000    0.072400 ^ clkbuf_0_clk/A (sky130_fd_sc_hd__clkbuf_16)
     4    0.043543    0.098411    0.271048    0.343448 ^ clkbuf_0_clk/X (sky130_fd_sc_hd__clkbuf_16)
                                                         clknet_0_clk (net)
                      0.098698    0.003478    0.346926 ^ clkbuf_2_1__f_clk/A (sky130_fd_sc_hd__clkbuf_16)
    12    0.036306    0.089415    0.256910    0.603836 ^ clkbuf_2_1__f_clk/X (sky130_fd_sc_hd__clkbuf_16)
                                                         clknet_2_1__leaf_clk (net)
                      0.089531    0.002823    0.606659 ^ _271_/CLK (sky130_fd_sc_hd__dfrtp_2)
                                  0.250000    0.856659   clock uncertainty
                                  0.000000    0.856659   clock reconvergence pessimism
                                 -0.073124    0.783535   library hold time
                                              0.783535   data required time
---------------------------------------------------------------------------------------------
                                              0.783535   data required time
                                             -1.708213   data arrival time
---------------------------------------------------------------------------------------------
                                              0.924679   slack (MET)


Startpoint: _290_ (rising edge-triggered flip-flop clocked by clk)
Endpoint: _264_ (rising edge-triggered flip-flop clocked by clk)
Path Group: clk
Path Type: min

Fanout         Cap        Slew       Delay        Time   Description
---------------------------------------------------------------------------------------------
                                  0.000000    0.000000   clock clk (rise edge)
                                  0.000000    0.000000   clock source latency
     1    0.013990    0.108513    0.072400    0.072400 ^ clk (in)
                                                         clk (net)
                      0.108517    0.000000    0.072400 ^ clkbuf_0_clk/A (sky130_fd_sc_hd__clkbuf_16)
     4    0.043543    0.098411    0.271048    0.343448 ^ clkbuf_0_clk/X (sky130_fd_sc_hd__clkbuf_16)
                                                         clknet_0_clk (net)
                      0.098597    0.002356    0.345804 ^ clkbuf_2_2__f_clk/A (sky130_fd_sc_hd__clkbuf_16)
    10    0.034217    0.086382    0.254128    0.599932 ^ clkbuf_2_2__f_clk/X (sky130_fd_sc_hd__clkbuf_16)
                                                         clknet_2_2__leaf_clk (net)
                      0.086464    0.002365    0.602297 ^ _290_/CLK (sky130_fd_sc_hd__dfrtp_1)
     1    0.002710    0.077370    0.641208    1.243505 ^ _290_/Q (sky130_fd_sc_hd__dfrtp_1)
                                                         arburst_pipe[1] (net)
                      0.077370    0.000163    1.243668 ^ _161_/A0 (sky130_fd_sc_hd__mux2_1)
     1    0.003313    0.078326    0.233687    1.477355 ^ _161_/X (sky130_fd_sc_hd__mux2_1)
                                                         _023_ (net)
                      0.078326    0.000204    1.477559 ^ _162_/A0 (sky130_fd_sc_hd__mux2_1)
     1    0.003341    0.078659    0.234511    1.712071 ^ _162_/X (sky130_fd_sc_hd__mux2_1)
                                                         _001_ (net)
                      0.078712    0.000131    1.712201 ^ _264_/D (sky130_fd_sc_hd__dfrtp_1)
                                              1.712201   data arrival time

                                  0.000000    0.000000   clock clk (rise edge)
                                  0.000000    0.000000   clock source latency
     1    0.013990    0.108513    0.072400    0.072400 ^ clk (in)
                                                         clk (net)
                      0.108517    0.000000    0.072400 ^ clkbuf_0_clk/A (sky130_fd_sc_hd__clkbuf_16)
     4    0.043543    0.098411    0.271048    0.343448 ^ clkbuf_0_clk/X (sky130_fd_sc_hd__clkbuf_16)
                                                         clknet_0_clk (net)
                      0.098597    0.002356    0.345804 ^ clkbuf_2_2__f_clk/A (sky130_fd_sc_hd__clkbuf_16)
    10    0.034217    0.086382    0.254128    0.599932 ^ clkbuf_2_2__f_clk/X (sky130_fd_sc_hd__clkbuf_16)
                                                         clknet_2_2__leaf_clk (net)
                      0.086427    0.001837    0.601768 ^ _264_/CLK (sky130_fd_sc_hd__dfrtp_1)
                                  0.250000    0.851768   clock uncertainty
                                  0.000000    0.851768   clock reconvergence pessimism
                                 -0.076233    0.775536   library hold time
                                              0.775536   data required time
---------------------------------------------------------------------------------------------
                                              0.775536   data required time
                                             -1.712201   data arrival time
---------------------------------------------------------------------------------------------
                                              0.936665   slack (MET)


Startpoint: wlast (input port clocked by clk)
Endpoint: _302_ (rising edge-triggered flip-flop clocked by clk)
Path Group: clk
Path Type: min

Fanout         Cap        Slew       Delay        Time   Description
---------------------------------------------------------------------------------------------
                                  0.000000    0.000000   clock clk (rise edge)
                                  0.000000    0.000000   clock network delay (propagated)
                                  1.000000    1.000000 ^ input external delay
     1    0.003406    0.036287    0.019038    1.019038 ^ wlast (in)
                                                         wlast (net)
                      0.036287    0.000000    1.019038 ^ input25/A (sky130_fd_sc_hd__buf_1)
     2    0.011469    0.227727    0.247691    1.266730 ^ input25/X (sky130_fd_sc_hd__buf_1)
                                                         net25 (net)
                      0.227734    0.001051    1.267780 ^ _249_/A_N (sky130_fd_sc_hd__nand2b_1)
     1    0.002917    0.075585    0.235809    1.503590 ^ _249_/Y (sky130_fd_sc_hd__nand2b_1)
                                                         _096_ (net)
                      0.075585    0.000210    1.503800 ^ _262_/A2 (sky130_fd_sc_hd__a211o_1)
     1    0.002409    0.056947    0.227174    1.730974 ^ _262_/X (sky130_fd_sc_hd__a211o_1)
                                                         _018_ (net)
                      0.056947    0.000162    1.731136 ^ _302_/D (sky130_fd_sc_hd__dfrtp_1)
                                              1.731136   data arrival time

                                  0.000000    0.000000   clock clk (rise edge)
                                  0.000000    0.000000   clock source latency
     1    0.013990    0.108513    0.072400    0.072400 ^ clk (in)
                                                         clk (net)
                      0.108517    0.000000    0.072400 ^ clkbuf_0_clk/A (sky130_fd_sc_hd__clkbuf_16)
     4    0.043543    0.098411    0.271048    0.343448 ^ clkbuf_0_clk/X (sky130_fd_sc_hd__clkbuf_16)
                                                         clknet_0_clk (net)
                      0.098577    0.002108    0.345556 ^ clkbuf_2_3__f_clk/A (sky130_fd_sc_hd__clkbuf_16)
     8    0.035099    0.087618    0.255453    0.601009 ^ clkbuf_2_3__f_clk/X (sky130_fd_sc_hd__clkbuf_16)
                                                         clknet_2_3__leaf_clk (net)
                      0.087661    0.001773    0.602782 ^ _302_/CLK (sky130_fd_sc_hd__dfrtp_1)
                                  0.250000    0.852782   clock uncertainty
                                  0.000000    0.852782   clock reconvergence pessimism
                                 -0.071064    0.781719   library hold time
                                              0.781719   data required time
---------------------------------------------------------------------------------------------
                                              0.781719   data required time
                                             -1.731136   data arrival time
---------------------------------------------------------------------------------------------
                                              0.949417   slack (MET)


Startpoint: _267_ (rising edge-triggered flip-flop clocked by clk)
Endpoint: _267_ (rising edge-triggered flip-flop clocked by clk)
Path Group: clk
Path Type: min

Fanout         Cap        Slew       Delay        Time   Description
---------------------------------------------------------------------------------------------
                                  0.000000    0.000000   clock clk (rise edge)
                                  0.000000    0.000000   clock source latency
     1    0.013990    0.108513    0.072400    0.072400 ^ clk (in)
                                                         clk (net)
                      0.108517    0.000000    0.072400 ^ clkbuf_0_clk/A (sky130_fd_sc_hd__clkbuf_16)
     4    0.043543    0.098411    0.271048    0.343448 ^ clkbuf_0_clk/X (sky130_fd_sc_hd__clkbuf_16)
                                                         clknet_0_clk (net)
                      0.098685    0.003340    0.346788 ^ clkbuf_2_0__f_clk/A (sky130_fd_sc_hd__clkbuf_16)
    13    0.041704    0.095784    0.263337    0.610126 ^ clkbuf_2_0__f_clk/X (sky130_fd_sc_hd__clkbuf_16)
                                                         clknet_2_0__leaf_clk (net)
                      0.096466    0.005272    0.615398 ^ _267_/CLK (sky130_fd_sc_hd__dfrtp_1)
     7    0.019369    0.282061    0.820588    1.435986 ^ _267_/Q (sky130_fd_sc_hd__dfrtp_1)
                                                         lenS[2] (net)
                      0.282061    0.000607    1.436593 ^ _185_/A0 (sky130_fd_sc_hd__mux2_1)
     1    0.003497    0.080628    0.318837    1.755430 ^ _185_/X (sky130_fd_sc_hd__mux2_1)
                                                         _004_ (net)
                      0.080628    0.000146    1.755575 ^ _267_/D (sky130_fd_sc_hd__dfrtp_1)
                                              1.755575   data arrival time

                                  0.000000    0.000000   clock clk (rise edge)
                                  0.000000    0.000000   clock source latency
     1    0.013990    0.108513    0.072400    0.072400 ^ clk (in)
                                                         clk (net)
                      0.108517    0.000000    0.072400 ^ clkbuf_0_clk/A (sky130_fd_sc_hd__clkbuf_16)
     4    0.043543    0.098411    0.271048    0.343448 ^ clkbuf_0_clk/X (sky130_fd_sc_hd__clkbuf_16)
                                                         clknet_0_clk (net)
                      0.098685    0.003340    0.346788 ^ clkbuf_2_0__f_clk/A (sky130_fd_sc_hd__clkbuf_16)
    13    0.041704    0.095784    0.263337    0.610126 ^ clkbuf_2_0__f_clk/X (sky130_fd_sc_hd__clkbuf_16)
                                                         clknet_2_0__leaf_clk (net)
                      0.096466    0.005272    0.615398 ^ _267_/CLK (sky130_fd_sc_hd__dfrtp_1)
                                  0.250000    0.865398   clock uncertainty
                                  0.000000    0.865398   clock reconvergence pessimism
                                 -0.075022    0.790376   library hold time
                                              0.790376   data required time
---------------------------------------------------------------------------------------------
                                              0.790376   data required time
                                             -1.755575   data arrival time
---------------------------------------------------------------------------------------------
                                              0.965199   slack (MET)


Startpoint: _269_ (rising edge-triggered flip-flop clocked by clk)
Endpoint: _269_ (rising edge-triggered flip-flop clocked by clk)
Path Group: clk
Path Type: min

Fanout         Cap        Slew       Delay        Time   Description
---------------------------------------------------------------------------------------------
                                  0.000000    0.000000   clock clk (rise edge)
                                  0.000000    0.000000   clock source latency
     1    0.013990    0.108513    0.072400    0.072400 ^ clk (in)
                                                         clk (net)
                      0.108517    0.000000    0.072400 ^ clkbuf_0_clk/A (sky130_fd_sc_hd__clkbuf_16)
     4    0.043543    0.098411    0.271048    0.343448 ^ clkbuf_0_clk/X (sky130_fd_sc_hd__clkbuf_16)
                                                         clknet_0_clk (net)
                      0.098577    0.002108    0.345556 ^ clkbuf_2_3__f_clk/A (sky130_fd_sc_hd__clkbuf_16)
     8    0.035099    0.087618    0.255453    0.601009 ^ clkbuf_2_3__f_clk/X (sky130_fd_sc_hd__clkbuf_16)
                                                         clknet_2_3__leaf_clk (net)
                      0.087650    0.001576    0.602586 ^ _269_/CLK (sky130_fd_sc_hd__dfrtp_1)
     4    0.015579    0.232985    0.781004    1.383589 ^ _269_/Q (sky130_fd_sc_hd__dfrtp_1)
                                                         DWREQ (net)
                      0.232985    0.000724    1.384313 ^ _194_/A1 (sky130_fd_sc_hd__o31a_1)
     1    0.005608    0.117214    0.352181    1.736495 ^ _194_/X (sky130_fd_sc_hd__o31a_1)
                                                         _006_ (net)
                      0.117214    0.000435    1.736930 ^ _269_/D (sky130_fd_sc_hd__dfrtp_1)
                                              1.736930   data arrival time

                                  0.000000    0.000000   clock clk (rise edge)
                                  0.000000    0.000000   clock source latency
     1    0.013990    0.108513    0.072400    0.072400 ^ clk (in)
                                                         clk (net)
                      0.108517    0.000000    0.072400 ^ clkbuf_0_clk/A (sky130_fd_sc_hd__clkbuf_16)
     4    0.043543    0.098411    0.271048    0.343448 ^ clkbuf_0_clk/X (sky130_fd_sc_hd__clkbuf_16)
                                                         clknet_0_clk (net)
                      0.098577    0.002108    0.345556 ^ clkbuf_2_3__f_clk/A (sky130_fd_sc_hd__clkbuf_16)
     8    0.035099    0.087618    0.255453    0.601009 ^ clkbuf_2_3__f_clk/X (sky130_fd_sc_hd__clkbuf_16)
                                                         clknet_2_3__leaf_clk (net)
                      0.087650    0.001576    0.602586 ^ _269_/CLK (sky130_fd_sc_hd__dfrtp_1)
                                  0.250000    0.852586   clock uncertainty
                                  0.000000    0.852586   clock reconvergence pessimism
                                 -0.084817    0.767768   library hold time
                                              0.767768   data required time
---------------------------------------------------------------------------------------------
                                              0.767768   data required time
                                             -1.736930   data arrival time
---------------------------------------------------------------------------------------------
                                              0.969161   slack (MET)


Startpoint: _266_ (rising edge-triggered flip-flop clocked by clk)
Endpoint: _266_ (rising edge-triggered flip-flop clocked by clk)
Path Group: clk
Path Type: min

Fanout         Cap        Slew       Delay        Time   Description
---------------------------------------------------------------------------------------------
                                  0.000000    0.000000   clock clk (rise edge)
                                  0.000000    0.000000   clock source latency
     1    0.013990    0.108513    0.072400    0.072400 ^ clk (in)
                                                         clk (net)
                      0.108517    0.000000    0.072400 ^ clkbuf_0_clk/A (sky130_fd_sc_hd__clkbuf_16)
     4    0.043543    0.098411    0.271048    0.343448 ^ clkbuf_0_clk/X (sky130_fd_sc_hd__clkbuf_16)
                                                         clknet_0_clk (net)
                      0.098685    0.003340    0.346788 ^ clkbuf_2_0__f_clk/A (sky130_fd_sc_hd__clkbuf_16)
    13    0.041704    0.095784    0.263337    0.610126 ^ clkbuf_2_0__f_clk/X (sky130_fd_sc_hd__clkbuf_16)
                                                         clknet_2_0__leaf_clk (net)
                      0.095947    0.002578    0.612704 ^ _266_/CLK (sky130_fd_sc_hd__dfrtp_2)
     8    0.025658    0.222457    0.838474    1.451178 ^ _266_/Q (sky130_fd_sc_hd__dfrtp_2)
                                                         lenS[1] (net)
                      0.222461    0.001353    1.452531 ^ _178_/A1 (sky130_fd_sc_hd__a22o_1)
     1    0.002377    0.070272    0.316555    1.769086 ^ _178_/X (sky130_fd_sc_hd__a22o_1)
                                                         _003_ (net)
                      0.070272    0.000163    1.769249 ^ _266_/D (sky130_fd_sc_hd__dfrtp_2)
                                              1.769249   data arrival time

                                  0.000000    0.000000   clock clk (rise edge)
                                  0.000000    0.000000   clock source latency
     1    0.013990    0.108513    0.072400    0.072400 ^ clk (in)
                                                         clk (net)
                      0.108517    0.000000    0.072400 ^ clkbuf_0_clk/A (sky130_fd_sc_hd__clkbuf_16)
     4    0.043543    0.098411    0.271048    0.343448 ^ clkbuf_0_clk/X (sky130_fd_sc_hd__clkbuf_16)
                                                         clknet_0_clk (net)
                      0.098685    0.003340    0.346788 ^ clkbuf_2_0__f_clk/A (sky130_fd_sc_hd__clkbuf_16)
    13    0.041704    0.095784    0.263337    0.610126 ^ clkbuf_2_0__f_clk/X (sky130_fd_sc_hd__clkbuf_16)
                                                         clknet_2_0__leaf_clk (net)
                      0.095947    0.002578    0.612704 ^ _266_/CLK (sky130_fd_sc_hd__dfrtp_2)
                                  0.250000    0.862704   clock uncertainty
                                  0.000000    0.862704   clock reconvergence pessimism
                                 -0.072702    0.790002   library hold time
                                              0.790002   data required time
---------------------------------------------------------------------------------------------
                                              0.790002   data required time
                                             -1.769249   data arrival time
---------------------------------------------------------------------------------------------
                                              0.979247   slack (MET)


Startpoint: _280_ (rising edge-triggered flip-flop clocked by clk)
Endpoint: _277_ (rising edge-triggered flip-flop clocked by clk)
Path Group: clk
Path Type: min

Fanout         Cap        Slew       Delay        Time   Description
---------------------------------------------------------------------------------------------
                                  0.000000    0.000000   clock clk (rise edge)
                                  0.000000    0.000000   clock source latency
     1    0.013990    0.108513    0.072400    0.072400 ^ clk (in)
                                                         clk (net)
                      0.108517    0.000000    0.072400 ^ clkbuf_0_clk/A (sky130_fd_sc_hd__clkbuf_16)
     4    0.043543    0.098411    0.271048    0.343448 ^ clkbuf_0_clk/X (sky130_fd_sc_hd__clkbuf_16)
                                                         clknet_0_clk (net)
                      0.098685    0.003340    0.346788 ^ clkbuf_2_0__f_clk/A (sky130_fd_sc_hd__clkbuf_16)
    13    0.041704    0.095784    0.263337    0.610126 ^ clkbuf_2_0__f_clk/X (sky130_fd_sc_hd__clkbuf_16)
                                                         clknet_2_0__leaf_clk (net)
                      0.096087    0.003683    0.613808 ^ _280_/CLK (sky130_fd_sc_hd__dfrtp_1)
     1    0.003804    0.090440    0.660665    1.274474 ^ _280_/Q (sky130_fd_sc_hd__dfrtp_1)
                                                         awaddr_pipe[2] (net)
                      0.090440    0.000249    1.274723 ^ _241_/B2 (sky130_fd_sc_hd__a221o_1)
     1    0.002490    0.067263    0.267932    1.542654 ^ _241_/X (sky130_fd_sc_hd__a221o_1)
                                                         _090_ (net)
                      0.067264    0.000153    1.542808 ^ _242_/A0 (sky130_fd_sc_hd__mux2_1)
     1    0.002574    0.069670    0.219353    1.762160 ^ _242_/X (sky130_fd_sc_hd__mux2_1)
                                                         _014_ (net)
                      0.069670    0.000191    1.762352 ^ _277_/D (sky130_fd_sc_hd__dfrtp_1)
                                              1.762352   data arrival time

                                  0.000000    0.000000   clock clk (rise edge)
                                  0.000000    0.000000   clock source latency
     1    0.013990    0.108513    0.072400    0.072400 ^ clk (in)
                                                         clk (net)
                      0.108517    0.000000    0.072400 ^ clkbuf_0_clk/A (sky130_fd_sc_hd__clkbuf_16)
     4    0.043543    0.098411    0.271048    0.343448 ^ clkbuf_0_clk/X (sky130_fd_sc_hd__clkbuf_16)
                                                         clknet_0_clk (net)
                      0.098597    0.002356    0.345804 ^ clkbuf_2_2__f_clk/A (sky130_fd_sc_hd__clkbuf_16)
    10    0.034217    0.086382    0.254128    0.599932 ^ clkbuf_2_2__f_clk/X (sky130_fd_sc_hd__clkbuf_16)
                                                         clknet_2_2__leaf_clk (net)
                      0.086450    0.002172    0.602103 ^ _277_/CLK (sky130_fd_sc_hd__dfrtp_1)
                                  0.250000    0.852103   clock uncertainty
                                  0.000000    0.852103   clock reconvergence pessimism
                                 -0.074166    0.777938   library hold time
                                              0.777938   data required time
---------------------------------------------------------------------------------------------
                                              0.777938   data required time
                                             -1.762352   data arrival time
---------------------------------------------------------------------------------------------
                                              0.984414   slack (MET)


Startpoint: _285_ (rising edge-triggered flip-flop clocked by clk)
Endpoint: _300_ (rising edge-triggered flip-flop clocked by clk)
Path Group: clk
Path Type: min

Fanout         Cap        Slew       Delay        Time   Description
---------------------------------------------------------------------------------------------
                                  0.000000    0.000000   clock clk (rise edge)
                                  0.000000    0.000000   clock source latency
     1    0.013990    0.108513    0.072400    0.072400 ^ clk (in)
                                                         clk (net)
                      0.108517    0.000000    0.072400 ^ clkbuf_0_clk/A (sky130_fd_sc_hd__clkbuf_16)
     4    0.043543    0.098411    0.271048    0.343448 ^ clkbuf_0_clk/X (sky130_fd_sc_hd__clkbuf_16)
                                                         clknet_0_clk (net)
                      0.098597    0.002356    0.345804 ^ clkbuf_2_2__f_clk/A (sky130_fd_sc_hd__clkbuf_16)
    10    0.034217    0.086382    0.254128    0.599932 ^ clkbuf_2_2__f_clk/X (sky130_fd_sc_hd__clkbuf_16)
                                                         clknet_2_2__leaf_clk (net)
                      0.086388    0.000894    0.600826 ^ _285_/CLK (sky130_fd_sc_hd__dfrtp_1)
     3    0.014984    0.225358    0.774609    1.375435 ^ _285_/Q (sky130_fd_sc_hd__dfrtp_1)
                                                         arvalid_pipe (net)
                      0.225358    0.000938    1.376372 ^ _252_/A1 (sky130_fd_sc_hd__a21o_1)
     1    0.002178    0.052677    0.256838    1.633211 ^ _252_/X (sky130_fd_sc_hd__a21o_1)
                                                         _099_ (net)
                      0.052690    0.000152    1.633363 ^ _256_/B (sky130_fd_sc_hd__or4b_1)
     1    0.002270    0.056480    0.159725    1.793088 ^ _256_/X (sky130_fd_sc_hd__or4b_1)
                                                         _016_ (net)
                      0.056480    0.000165    1.793254 ^ _300_/D (sky130_fd_sc_hd__dfrtp_1)
                                              1.793254   data arrival time

                                  0.000000    0.000000   clock clk (rise edge)
                                  0.000000    0.000000   clock source latency
     1    0.013990    0.108513    0.072400    0.072400 ^ clk (in)
                                                         clk (net)
                      0.108517    0.000000    0.072400 ^ clkbuf_0_clk/A (sky130_fd_sc_hd__clkbuf_16)
     4    0.043543    0.098411    0.271048    0.343448 ^ clkbuf_0_clk/X (sky130_fd_sc_hd__clkbuf_16)
                                                         clknet_0_clk (net)
                      0.098577    0.002108    0.345556 ^ clkbuf_2_3__f_clk/A (sky130_fd_sc_hd__clkbuf_16)
     8    0.035099    0.087618    0.255453    0.601009 ^ clkbuf_2_3__f_clk/X (sky130_fd_sc_hd__clkbuf_16)
                                                         clknet_2_3__leaf_clk (net)
                      0.087648    0.001523    0.602533 ^ _300_/CLK (sky130_fd_sc_hd__dfrtp_1)
                                  0.250000    0.852533   clock uncertainty
                                  0.000000    0.852533   clock reconvergence pessimism
                                 -0.070959    0.781573   library hold time
                                              0.781573   data required time
---------------------------------------------------------------------------------------------
                                              0.781573   data required time
                                             -1.793254   data arrival time
---------------------------------------------------------------------------------------------
                                              1.011680   slack (MET)


Startpoint: _265_ (rising edge-triggered flip-flop clocked by clk)
Endpoint: _265_ (rising edge-triggered flip-flop clocked by clk)
Path Group: clk
Path Type: min

Fanout         Cap        Slew       Delay        Time   Description
---------------------------------------------------------------------------------------------
                                  0.000000    0.000000   clock clk (rise edge)
                                  0.000000    0.000000   clock source latency
     1    0.013990    0.108513    0.072400    0.072400 ^ clk (in)
                                                         clk (net)
                      0.108517    0.000000    0.072400 ^ clkbuf_0_clk/A (sky130_fd_sc_hd__clkbuf_16)
     4    0.043543    0.098411    0.271048    0.343448 ^ clkbuf_0_clk/X (sky130_fd_sc_hd__clkbuf_16)
                                                         clknet_0_clk (net)
                      0.098685    0.003340    0.346788 ^ clkbuf_2_0__f_clk/A (sky130_fd_sc_hd__clkbuf_16)
    13    0.041704    0.095784    0.263337    0.610126 ^ clkbuf_2_0__f_clk/X (sky130_fd_sc_hd__clkbuf_16)
                                                         clknet_2_0__leaf_clk (net)
                      0.096500    0.005498    0.615623 ^ _265_/CLK (sky130_fd_sc_hd__dfrtp_4)
    10    0.029133    0.191908    0.924373    1.539997 ^ _265_/Q (sky130_fd_sc_hd__dfrtp_4)
                                                         lenS[0] (net)
                      0.192023    0.001007    1.541003 ^ _173_/A0 (sky130_fd_sc_hd__mux2_1)
     1    0.002478    0.068538    0.271042    1.812045 ^ _173_/X (sky130_fd_sc_hd__mux2_1)
                                                         _002_ (net)
                      0.068538    0.000165    1.812210 ^ _265_/D (sky130_fd_sc_hd__dfrtp_4)
                                              1.812210   data arrival time

                                  0.000000    0.000000   clock clk (rise edge)
                                  0.000000    0.000000   clock source latency
     1    0.013990    0.108513    0.072400    0.072400 ^ clk (in)
                                                         clk (net)
                      0.108517    0.000000    0.072400 ^ clkbuf_0_clk/A (sky130_fd_sc_hd__clkbuf_16)
     4    0.043543    0.098411    0.271048    0.343448 ^ clkbuf_0_clk/X (sky130_fd_sc_hd__clkbuf_16)
                                                         clknet_0_clk (net)
                      0.098685    0.003340    0.346788 ^ clkbuf_2_0__f_clk/A (sky130_fd_sc_hd__clkbuf_16)
    13    0.041704    0.095784    0.263337    0.610126 ^ clkbuf_2_0__f_clk/X (sky130_fd_sc_hd__clkbuf_16)
                                                         clknet_2_0__leaf_clk (net)
                      0.096500    0.005498    0.615623 ^ _265_/CLK (sky130_fd_sc_hd__dfrtp_4)
                                  0.250000    0.865623   clock uncertainty
                                  0.000000    0.865623   clock reconvergence pessimism
                                 -0.074026    0.791598   library hold time
                                              0.791598   data required time
---------------------------------------------------------------------------------------------
                                              0.791598   data required time
                                             -1.812210   data arrival time
---------------------------------------------------------------------------------------------
                                              1.020612   slack (MET)


Startpoint: _298_ (rising edge-triggered flip-flop clocked by clk)
Endpoint: _268_ (rising edge-triggered flip-flop clocked by clk)
Path Group: clk
Path Type: min

Fanout         Cap        Slew       Delay        Time   Description
---------------------------------------------------------------------------------------------
                                  0.000000    0.000000   clock clk (rise edge)
                                  0.000000    0.000000   clock source latency
     1    0.013990    0.108513    0.072400    0.072400 ^ clk (in)
                                                         clk (net)
                      0.108517    0.000000    0.072400 ^ clkbuf_0_clk/A (sky130_fd_sc_hd__clkbuf_16)
     4    0.043543    0.098411    0.271048    0.343448 ^ clkbuf_0_clk/X (sky130_fd_sc_hd__clkbuf_16)
                                                         clknet_0_clk (net)
                      0.098698    0.003478    0.346926 ^ clkbuf_2_1__f_clk/A (sky130_fd_sc_hd__clkbuf_16)
    12    0.036306    0.089415    0.256910    0.603836 ^ clkbuf_2_1__f_clk/X (sky130_fd_sc_hd__clkbuf_16)
                                                         clknet_2_1__leaf_clk (net)
                      0.089466    0.001990    0.605826 ^ _298_/CLK (sky130_fd_sc_hd__dfrtp_1)
     2    0.013085    0.203146    0.757504    1.363329 ^ _298_/Q (sky130_fd_sc_hd__dfrtp_1)
                                                         arlen_pipe[3] (net)
                      0.203146    0.000828    1.364157 ^ _189_/A1 (sky130_fd_sc_hd__a221o_1)
     1    0.002300    0.064743    0.321303    1.685460 ^ _189_/X (sky130_fd_sc_hd__a221o_1)
                                                         _047_ (net)
                      0.064743    0.000166    1.685626 ^ _190_/A1 (sky130_fd_sc_hd__mux2_1)
     1    0.002566    0.069532    0.224296    1.909922 ^ _190_/X (sky130_fd_sc_hd__mux2_1)
                                                         _005_ (net)
                      0.069532    0.000166    1.910089 ^ _268_/D (sky130_fd_sc_hd__dfrtp_1)
                                              1.910089   data arrival time

                                  0.000000    0.000000   clock clk (rise edge)
                                  0.000000    0.000000   clock source latency
     1    0.013990    0.108513    0.072400    0.072400 ^ clk (in)
                                                         clk (net)
                      0.108517    0.000000    0.072400 ^ clkbuf_0_clk/A (sky130_fd_sc_hd__clkbuf_16)
     4    0.043543    0.098411    0.271048    0.343448 ^ clkbuf_0_clk/X (sky130_fd_sc_hd__clkbuf_16)
                                                         clknet_0_clk (net)
                      0.098577    0.002108    0.345556 ^ clkbuf_2_3__f_clk/A (sky130_fd_sc_hd__clkbuf_16)
     8    0.035099    0.087618    0.255453    0.601009 ^ clkbuf_2_3__f_clk/X (sky130_fd_sc_hd__clkbuf_16)
                                                         clknet_2_3__leaf_clk (net)
                      0.087664    0.001826    0.602835 ^ _268_/CLK (sky130_fd_sc_hd__dfrtp_1)
                                  0.250000    0.852835   clock uncertainty
                                  0.000000    0.852835   clock reconvergence pessimism
                                 -0.073935    0.778901   library hold time
                                              0.778901   data required time
---------------------------------------------------------------------------------------------
                                              0.778901   data required time
                                             -1.910089   data arrival time
---------------------------------------------------------------------------------------------
                                              1.131188   slack (MET)


Startpoint: _274_ (rising edge-triggered flip-flop clocked by clk)
Endpoint: _274_ (rising edge-triggered flip-flop clocked by clk)
Path Group: clk
Path Type: min

Fanout         Cap        Slew       Delay        Time   Description
---------------------------------------------------------------------------------------------
                                  0.000000    0.000000   clock clk (rise edge)
                                  0.000000    0.000000   clock source latency
     1    0.013990    0.108513    0.072400    0.072400 ^ clk (in)
                                                         clk (net)
                      0.108517    0.000000    0.072400 ^ clkbuf_0_clk/A (sky130_fd_sc_hd__clkbuf_16)
     4    0.043543    0.098411    0.271048    0.343448 ^ clkbuf_0_clk/X (sky130_fd_sc_hd__clkbuf_16)
                                                         clknet_0_clk (net)
                      0.098698    0.003478    0.346926 ^ clkbuf_2_1__f_clk/A (sky130_fd_sc_hd__clkbuf_16)
    12    0.036306    0.089415    0.256910    0.603836 ^ clkbuf_2_1__f_clk/X (sky130_fd_sc_hd__clkbuf_16)
                                                         clknet_2_1__leaf_clk (net)
                      0.089423    0.000967    0.604803 ^ _274_/CLK (sky130_fd_sc_hd__dfrtp_1)
     4    0.016596    0.246110    0.791434    1.396238 ^ _274_/Q (sky130_fd_sc_hd__dfrtp_1)
                                                         lenM[3] (net)
                      0.246110    0.000608    1.396846 ^ _130_/A (sky130_fd_sc_hd__inv_2)
     1    0.001730    0.046934    0.094611    1.491457 v _130_/Y (sky130_fd_sc_hd__inv_2)
                                                         _111_ (net)
                      0.046934    0.000123    1.491580 v _227_/A1_N (sky130_fd_sc_hd__o2bb2a_1)
     1    0.002524    0.073916    0.440771    1.932351 ^ _227_/X (sky130_fd_sc_hd__o2bb2a_1)
                                                         _011_ (net)
                      0.073916    0.000179    1.932529 ^ _274_/D (sky130_fd_sc_hd__dfrtp_1)
                                              1.932529   data arrival time

                                  0.000000    0.000000   clock clk (rise edge)
                                  0.000000    0.000000   clock source latency
     1    0.013990    0.108513    0.072400    0.072400 ^ clk (in)
                                                         clk (net)
                      0.108517    0.000000    0.072400 ^ clkbuf_0_clk/A (sky130_fd_sc_hd__clkbuf_16)
     4    0.043543    0.098411    0.271048    0.343448 ^ clkbuf_0_clk/X (sky130_fd_sc_hd__clkbuf_16)
                                                         clknet_0_clk (net)
                      0.098698    0.003478    0.346926 ^ clkbuf_2_1__f_clk/A (sky130_fd_sc_hd__clkbuf_16)
    12    0.036306    0.089415    0.256910    0.603836 ^ clkbuf_2_1__f_clk/X (sky130_fd_sc_hd__clkbuf_16)
                                                         clknet_2_1__leaf_clk (net)
                      0.089423    0.000967    0.604803 ^ _274_/CLK (sky130_fd_sc_hd__dfrtp_1)
                                  0.250000    0.854803   clock uncertainty
                                  0.000000    0.854803   clock reconvergence pessimism
                                 -0.074647    0.780157   library hold time
                                              0.780157   data required time
---------------------------------------------------------------------------------------------
                                              0.780157   data required time
                                             -1.932529   data arrival time
---------------------------------------------------------------------------------------------
                                              1.152372   slack (MET)


Startpoint: res_n (input port clocked by clk)
Endpoint: _297_ (removal check against rising-edge clock clk)
Path Group: asynchronous
Path Type: min

Fanout         Cap        Slew       Delay        Time   Description
---------------------------------------------------------------------------------------------
                                  0.000000    0.000000   clock clk (rise edge)
                                  0.000000    0.000000   clock network delay (propagated)
                                  1.000000    1.000000 ^ input external delay
     1    0.002251    0.028627    0.012934    1.012934 ^ res_n (in)
                                                         res_n (net)
                      0.028627    0.000000    1.012934 ^ hold4/A (sky130_fd_sc_hd__dlygate4sd3_1)
     1    0.002192    0.084819    1.013417    2.026351 ^ hold4/X (sky130_fd_sc_hd__dlygate4sd3_1)
                                                         net95 (net)
                      0.084819    0.000101    2.026451 ^ input23/A (sky130_fd_sc_hd__buf_1)
     3    0.014301    0.279955    0.306903    2.333354 ^ input23/X (sky130_fd_sc_hd__buf_1)
                                                         net23 (net)
                      0.280032    0.000489    2.333844 ^ fanout54/A (sky130_fd_sc_hd__clkbuf_2)
     5    0.028912    0.252022    0.413827    2.747671 ^ fanout54/X (sky130_fd_sc_hd__clkbuf_2)
                                                         net54 (net)
                      0.252023    0.001183    2.748853 ^ _297_/RESET_B (sky130_fd_sc_hd__dfrtp_1)
                                              2.748853   data arrival time

                                  0.000000    0.000000   clock clk (rise edge)
                                  0.000000    0.000000   clock source latency
     1    0.013990    0.108513    0.072400    0.072400 ^ clk (in)
                                                         clk (net)
                      0.108517    0.000000    0.072400 ^ clkbuf_0_clk/A (sky130_fd_sc_hd__clkbuf_16)
     4    0.043543    0.098411    0.271048    0.343448 ^ clkbuf_0_clk/X (sky130_fd_sc_hd__clkbuf_16)
                                                         clknet_0_clk (net)
                      0.098685    0.003340    0.346788 ^ clkbuf_2_0__f_clk/A (sky130_fd_sc_hd__clkbuf_16)
    13    0.041704    0.095784    0.263337    0.610126 ^ clkbuf_2_0__f_clk/X (sky130_fd_sc_hd__clkbuf_16)
                                                         clknet_2_0__leaf_clk (net)
                      0.096507    0.005540    0.615666 ^ _297_/CLK (sky130_fd_sc_hd__dfrtp_1)
                                  0.250000    0.865666   clock uncertainty
                                  0.000000    0.865666   clock reconvergence pessimism
                                  0.721356    1.587022   library removal time
                                              1.587022   data required time
---------------------------------------------------------------------------------------------
                                              1.587022   data required time
                                             -2.748853   data arrival time
---------------------------------------------------------------------------------------------
                                              1.161831   slack (MET)


Startpoint: res_n (input port clocked by clk)
Endpoint: _281_ (removal check against rising-edge clock clk)
Path Group: asynchronous
Path Type: min

Fanout         Cap        Slew       Delay        Time   Description
---------------------------------------------------------------------------------------------
                                  0.000000    0.000000   clock clk (rise edge)
                                  0.000000    0.000000   clock network delay (propagated)
                                  1.000000    1.000000 ^ input external delay
     1    0.002251    0.028627    0.012934    1.012934 ^ res_n (in)
                                                         res_n (net)
                      0.028627    0.000000    1.012934 ^ hold4/A (sky130_fd_sc_hd__dlygate4sd3_1)
     1    0.002192    0.084819    1.013417    2.026351 ^ hold4/X (sky130_fd_sc_hd__dlygate4sd3_1)
                                                         net95 (net)
                      0.084819    0.000101    2.026451 ^ input23/A (sky130_fd_sc_hd__buf_1)
     3    0.014301    0.279955    0.306903    2.333354 ^ input23/X (sky130_fd_sc_hd__buf_1)
                                                         net23 (net)
                      0.280032    0.000489    2.333844 ^ fanout54/A (sky130_fd_sc_hd__clkbuf_2)
     5    0.028912    0.252022    0.413827    2.747671 ^ fanout54/X (sky130_fd_sc_hd__clkbuf_2)
                                                         net54 (net)
                      0.252029    0.001713    2.749384 ^ _281_/RESET_B (sky130_fd_sc_hd__dfrtp_1)
                                              2.749384   data arrival time

                                  0.000000    0.000000   clock clk (rise edge)
                                  0.000000    0.000000   clock source latency
     1    0.013990    0.108513    0.072400    0.072400 ^ clk (in)
                                                         clk (net)
                      0.108517    0.000000    0.072400 ^ clkbuf_0_clk/A (sky130_fd_sc_hd__clkbuf_16)
     4    0.043543    0.098411    0.271048    0.343448 ^ clkbuf_0_clk/X (sky130_fd_sc_hd__clkbuf_16)
                                                         clknet_0_clk (net)
                      0.098685    0.003340    0.346788 ^ clkbuf_2_0__f_clk/A (sky130_fd_sc_hd__clkbuf_16)
    13    0.041704    0.095784    0.263337    0.610126 ^ clkbuf_2_0__f_clk/X (sky130_fd_sc_hd__clkbuf_16)
                                                         clknet_2_0__leaf_clk (net)
                      0.096423    0.004983    0.615109 ^ _281_/CLK (sky130_fd_sc_hd__dfrtp_1)
                                  0.250000    0.865109   clock uncertainty
                                  0.000000    0.865109   clock reconvergence pessimism
                                  0.721333    1.586441   library removal time
                                              1.586441   data required time
---------------------------------------------------------------------------------------------
                                              1.586441   data required time
                                             -2.749384   data arrival time
---------------------------------------------------------------------------------------------
                                              1.162942   slack (MET)


Startpoint: res_n (input port clocked by clk)
Endpoint: _300_ (removal check against rising-edge clock clk)
Path Group: asynchronous
Path Type: min

Fanout         Cap        Slew       Delay        Time   Description
---------------------------------------------------------------------------------------------
                                  0.000000    0.000000   clock clk (rise edge)
                                  0.000000    0.000000   clock network delay (propagated)
                                  1.000000    1.000000 ^ input external delay
     1    0.002251    0.028627    0.012934    1.012934 ^ res_n (in)
                                                         res_n (net)
                      0.028627    0.000000    1.012934 ^ hold4/A (sky130_fd_sc_hd__dlygate4sd3_1)
     1    0.002192    0.084819    1.013417    2.026351 ^ hold4/X (sky130_fd_sc_hd__dlygate4sd3_1)
                                                         net95 (net)
                      0.084819    0.000101    2.026451 ^ input23/A (sky130_fd_sc_hd__buf_1)
     3    0.014301    0.279955    0.306903    2.333354 ^ input23/X (sky130_fd_sc_hd__buf_1)
                                                         net23 (net)
                      0.280032    0.000489    2.333844 ^ fanout54/A (sky130_fd_sc_hd__clkbuf_2)
     5    0.028912    0.252022    0.413827    2.747671 ^ fanout54/X (sky130_fd_sc_hd__clkbuf_2)
                                                         net54 (net)
                      0.252063    0.003234    2.750905 ^ _300_/RESET_B (sky130_fd_sc_hd__dfrtp_1)
                                              2.750905   data arrival time

                                  0.000000    0.000000   clock clk (rise edge)
                                  0.000000    0.000000   clock source latency
     1    0.013990    0.108513    0.072400    0.072400 ^ clk (in)
                                                         clk (net)
                      0.108517    0.000000    0.072400 ^ clkbuf_0_clk/A (sky130_fd_sc_hd__clkbuf_16)
     4    0.043543    0.098411    0.271048    0.343448 ^ clkbuf_0_clk/X (sky130_fd_sc_hd__clkbuf_16)
                                                         clknet_0_clk (net)
                      0.098577    0.002108    0.345556 ^ clkbuf_2_3__f_clk/A (sky130_fd_sc_hd__clkbuf_16)
     8    0.035099    0.087618    0.255453    0.601009 ^ clkbuf_2_3__f_clk/X (sky130_fd_sc_hd__clkbuf_16)
                                                         clknet_2_3__leaf_clk (net)
                      0.087648    0.001523    0.602533 ^ _300_/CLK (sky130_fd_sc_hd__dfrtp_1)
                                  0.250000    0.852533   clock uncertainty
                                  0.000000    0.852533   clock reconvergence pessimism
                                  0.718703    1.571236   library removal time
                                              1.571236   data required time
---------------------------------------------------------------------------------------------
                                              1.571236   data required time
                                             -2.750905   data arrival time
---------------------------------------------------------------------------------------------
                                              1.179669   slack (MET)


Startpoint: _271_ (rising edge-triggered flip-flop clocked by clk)
Endpoint: _270_ (rising edge-triggered flip-flop clocked by clk)
Path Group: clk
Path Type: min

Fanout         Cap        Slew       Delay        Time   Description
---------------------------------------------------------------------------------------------
                                  0.000000    0.000000   clock clk (rise edge)
                                  0.000000    0.000000   clock source latency
     1    0.013990    0.108513    0.072400    0.072400 ^ clk (in)
                                                         clk (net)
                      0.108517    0.000000    0.072400 ^ clkbuf_0_clk/A (sky130_fd_sc_hd__clkbuf_16)
     4    0.043543    0.098411    0.271048    0.343448 ^ clkbuf_0_clk/X (sky130_fd_sc_hd__clkbuf_16)
                                                         clknet_0_clk (net)
                      0.098698    0.003478    0.346926 ^ clkbuf_2_1__f_clk/A (sky130_fd_sc_hd__clkbuf_16)
    12    0.036306    0.089415    0.256910    0.603836 ^ clkbuf_2_1__f_clk/X (sky130_fd_sc_hd__clkbuf_16)
                                                         clknet_2_1__leaf_clk (net)
                      0.089531    0.002823    0.606659 ^ _271_/CLK (sky130_fd_sc_hd__dfrtp_2)
     8    0.022827    0.203015    0.820490    1.427149 ^ _271_/Q (sky130_fd_sc_hd__dfrtp_2)
                                                         lenM[0] (net)
                      0.203015    0.000705    1.427854 ^ _196_/A1 (sky130_fd_sc_hd__o211a_1)
     1    0.002311    0.068103    0.357660    1.785514 ^ _196_/X (sky130_fd_sc_hd__o211a_1)
                                                         _052_ (net)
                      0.068103    0.000153    1.785668 ^ _197_/B1_N (sky130_fd_sc_hd__o21bai_1)
     1    0.002677    0.088730    0.171418    1.957086 ^ _197_/Y (sky130_fd_sc_hd__o21bai_1)
                                                         _007_ (net)
                      0.088730    0.000181    1.957267 ^ _270_/D (sky130_fd_sc_hd__dfrtp_1)
                                              1.957267   data arrival time

                                  0.000000    0.000000   clock clk (rise edge)
                                  0.000000    0.000000   clock source latency
     1    0.013990    0.108513    0.072400    0.072400 ^ clk (in)
                                                         clk (net)
                      0.108517    0.000000    0.072400 ^ clkbuf_0_clk/A (sky130_fd_sc_hd__clkbuf_16)
     4    0.043543    0.098411    0.271048    0.343448 ^ clkbuf_0_clk/X (sky130_fd_sc_hd__clkbuf_16)
                                                         clknet_0_clk (net)
                      0.098577    0.002108    0.345556 ^ clkbuf_2_3__f_clk/A (sky130_fd_sc_hd__clkbuf_16)
     8    0.035099    0.087618    0.255453    0.601009 ^ clkbuf_2_3__f_clk/X (sky130_fd_sc_hd__clkbuf_16)
                                                         clknet_2_3__leaf_clk (net)
                      0.087636    0.001256    0.602265 ^ _270_/CLK (sky130_fd_sc_hd__dfrtp_1)
                                  0.250000    0.852265   clock uncertainty
                                  0.000000    0.852265   clock reconvergence pessimism
                                 -0.078320    0.773945   library hold time
                                              0.773945   data required time
---------------------------------------------------------------------------------------------
                                              0.773945   data required time
                                             -1.957267   data arrival time
---------------------------------------------------------------------------------------------
                                              1.183322   slack (MET)


Startpoint: res_n (input port clocked by clk)
Endpoint: _271_ (removal check against rising-edge clock clk)
Path Group: asynchronous
Path Type: min

Fanout         Cap        Slew       Delay        Time   Description
---------------------------------------------------------------------------------------------
                                  0.000000    0.000000   clock clk (rise edge)
                                  0.000000    0.000000   clock network delay (propagated)
                                  1.000000    1.000000 ^ input external delay
     1    0.002251    0.028627    0.012934    1.012934 ^ res_n (in)
                                                         res_n (net)
                      0.028627    0.000000    1.012934 ^ hold4/A (sky130_fd_sc_hd__dlygate4sd3_1)
     1    0.002192    0.084819    1.013417    2.026351 ^ hold4/X (sky130_fd_sc_hd__dlygate4sd3_1)
                                                         net95 (net)
                      0.084819    0.000101    2.026451 ^ input23/A (sky130_fd_sc_hd__buf_1)
     3    0.014301    0.279955    0.306903    2.333354 ^ input23/X (sky130_fd_sc_hd__buf_1)
                                                         net23 (net)
                      0.280034    0.000810    2.334165 ^ fanout56/A (sky130_fd_sc_hd__buf_2)
     7    0.033020    0.263712    0.429718    2.763883 ^ fanout56/X (sky130_fd_sc_hd__buf_2)
                                                         net56 (net)
                      0.263725    0.002121    2.766004 ^ _271_/RESET_B (sky130_fd_sc_hd__dfrtp_2)
                                              2.766004   data arrival time

                                  0.000000    0.000000   clock clk (rise edge)
                                  0.000000    0.000000   clock source latency
     1    0.013990    0.108513    0.072400    0.072400 ^ clk (in)
                                                         clk (net)
                      0.108517    0.000000    0.072400 ^ clkbuf_0_clk/A (sky130_fd_sc_hd__clkbuf_16)
     4    0.043543    0.098411    0.271048    0.343448 ^ clkbuf_0_clk/X (sky130_fd_sc_hd__clkbuf_16)
                                                         clknet_0_clk (net)
                      0.098698    0.003478    0.346926 ^ clkbuf_2_1__f_clk/A (sky130_fd_sc_hd__clkbuf_16)
    12    0.036306    0.089415    0.256910    0.603836 ^ clkbuf_2_1__f_clk/X (sky130_fd_sc_hd__clkbuf_16)
                                                         clknet_2_1__leaf_clk (net)
                      0.089531    0.002823    0.606659 ^ _271_/CLK (sky130_fd_sc_hd__dfrtp_2)
                                  0.250000    0.856659   clock uncertainty
                                  0.000000    0.856659   clock reconvergence pessimism
                                  0.722677    1.579336   library removal time
                                              1.579336   data required time
---------------------------------------------------------------------------------------------
                                              1.579336   data required time
                                             -2.766004   data arrival time
---------------------------------------------------------------------------------------------
                                              1.186668   slack (MET)


Startpoint: res_n (input port clocked by clk)
Endpoint: _274_ (removal check against rising-edge clock clk)
Path Group: asynchronous
Path Type: min

Fanout         Cap        Slew       Delay        Time   Description
---------------------------------------------------------------------------------------------
                                  0.000000    0.000000   clock clk (rise edge)
                                  0.000000    0.000000   clock network delay (propagated)
                                  1.000000    1.000000 ^ input external delay
     1    0.002251    0.028627    0.012934    1.012934 ^ res_n (in)
                                                         res_n (net)
                      0.028627    0.000000    1.012934 ^ hold4/A (sky130_fd_sc_hd__dlygate4sd3_1)
     1    0.002192    0.084819    1.013417    2.026351 ^ hold4/X (sky130_fd_sc_hd__dlygate4sd3_1)
                                                         net95 (net)
                      0.084819    0.000101    2.026451 ^ input23/A (sky130_fd_sc_hd__buf_1)
     3    0.014301    0.279955    0.306903    2.333354 ^ input23/X (sky130_fd_sc_hd__buf_1)
                                                         net23 (net)
                      0.280034    0.000810    2.334165 ^ fanout56/A (sky130_fd_sc_hd__buf_2)
     7    0.033020    0.263712    0.429718    2.763883 ^ fanout56/X (sky130_fd_sc_hd__buf_2)
                                                         net56 (net)
                      0.263719    0.001728    2.765611 ^ _274_/RESET_B (sky130_fd_sc_hd__dfrtp_1)
                                              2.765611   data arrival time

                                  0.000000    0.000000   clock clk (rise edge)
                                  0.000000    0.000000   clock source latency
     1    0.013990    0.108513    0.072400    0.072400 ^ clk (in)
                                                         clk (net)
                      0.108517    0.000000    0.072400 ^ clkbuf_0_clk/A (sky130_fd_sc_hd__clkbuf_16)
     4    0.043543    0.098411    0.271048    0.343448 ^ clkbuf_0_clk/X (sky130_fd_sc_hd__clkbuf_16)
                                                         clknet_0_clk (net)
                      0.098698    0.003478    0.346926 ^ clkbuf_2_1__f_clk/A (sky130_fd_sc_hd__clkbuf_16)
    12    0.036306    0.089415    0.256910    0.603836 ^ clkbuf_2_1__f_clk/X (sky130_fd_sc_hd__clkbuf_16)
                                                         clknet_2_1__leaf_clk (net)
                      0.089423    0.000967    0.604803 ^ _274_/CLK (sky130_fd_sc_hd__dfrtp_1)
                                  0.250000    0.854803   clock uncertainty
                                  0.000000    0.854803   clock reconvergence pessimism
                                  0.722817    1.577621   library removal time
                                              1.577621   data required time
---------------------------------------------------------------------------------------------
                                              1.577621   data required time
                                             -2.765611   data arrival time
---------------------------------------------------------------------------------------------
                                              1.187990   slack (MET)


Startpoint: res_n (input port clocked by clk)
Endpoint: _268_ (removal check against rising-edge clock clk)
Path Group: asynchronous
Path Type: min

Fanout         Cap        Slew       Delay        Time   Description
---------------------------------------------------------------------------------------------
                                  0.000000    0.000000   clock clk (rise edge)
                                  0.000000    0.000000   clock network delay (propagated)
                                  1.000000    1.000000 ^ input external delay
     1    0.002251    0.028627    0.012934    1.012934 ^ res_n (in)
                                                         res_n (net)
                      0.028627    0.000000    1.012934 ^ hold4/A (sky130_fd_sc_hd__dlygate4sd3_1)
     1    0.002192    0.084819    1.013417    2.026351 ^ hold4/X (sky130_fd_sc_hd__dlygate4sd3_1)
                                                         net95 (net)
                      0.084819    0.000101    2.026451 ^ input23/A (sky130_fd_sc_hd__buf_1)
     3    0.014301    0.279955    0.306903    2.333354 ^ input23/X (sky130_fd_sc_hd__buf_1)
                                                         net23 (net)
                      0.280034    0.000810    2.334165 ^ fanout56/A (sky130_fd_sc_hd__buf_2)
     7    0.033020    0.263712    0.429718    2.763883 ^ fanout56/X (sky130_fd_sc_hd__buf_2)
                                                         net56 (net)
                      0.263716    0.001449    2.765332 ^ _268_/RESET_B (sky130_fd_sc_hd__dfrtp_1)
                                              2.765332   data arrival time

                                  0.000000    0.000000   clock clk (rise edge)
                                  0.000000    0.000000   clock source latency
     1    0.013990    0.108513    0.072400    0.072400 ^ clk (in)
                                                         clk (net)
                      0.108517    0.000000    0.072400 ^ clkbuf_0_clk/A (sky130_fd_sc_hd__clkbuf_16)
     4    0.043543    0.098411    0.271048    0.343448 ^ clkbuf_0_clk/X (sky130_fd_sc_hd__clkbuf_16)
                                                         clknet_0_clk (net)
                      0.098577    0.002108    0.345556 ^ clkbuf_2_3__f_clk/A (sky130_fd_sc_hd__clkbuf_16)
     8    0.035099    0.087618    0.255453    0.601009 ^ clkbuf_2_3__f_clk/X (sky130_fd_sc_hd__clkbuf_16)
                                                         clknet_2_3__leaf_clk (net)
                      0.087664    0.001826    0.602835 ^ _268_/CLK (sky130_fd_sc_hd__dfrtp_1)
                                  0.250000    0.852835   clock uncertainty
                                  0.000000    0.852835   clock reconvergence pessimism
                                  0.722287    1.575123   library removal time
                                              1.575123   data required time
---------------------------------------------------------------------------------------------
                                              1.575123   data required time
                                             -2.765332   data arrival time
---------------------------------------------------------------------------------------------
                                              1.190209   slack (MET)


Startpoint: res_n (input port clocked by clk)
Endpoint: _302_ (removal check against rising-edge clock clk)
Path Group: asynchronous
Path Type: min

Fanout         Cap        Slew       Delay        Time   Description
---------------------------------------------------------------------------------------------
                                  0.000000    0.000000   clock clk (rise edge)
                                  0.000000    0.000000   clock network delay (propagated)
                                  1.000000    1.000000 ^ input external delay
     1    0.002251    0.028627    0.012934    1.012934 ^ res_n (in)
                                                         res_n (net)
                      0.028627    0.000000    1.012934 ^ hold4/A (sky130_fd_sc_hd__dlygate4sd3_1)
     1    0.002192    0.084819    1.013417    2.026351 ^ hold4/X (sky130_fd_sc_hd__dlygate4sd3_1)
                                                         net95 (net)
                      0.084819    0.000101    2.026451 ^ input23/A (sky130_fd_sc_hd__buf_1)
     3    0.014301    0.279955    0.306903    2.333354 ^ input23/X (sky130_fd_sc_hd__buf_1)
                                                         net23 (net)
                      0.280034    0.000810    2.334165 ^ fanout56/A (sky130_fd_sc_hd__buf_2)
     7    0.033020    0.263712    0.429718    2.763883 ^ fanout56/X (sky130_fd_sc_hd__buf_2)
                                                         net56 (net)
                      0.263720    0.001794    2.765677 ^ _302_/RESET_B (sky130_fd_sc_hd__dfrtp_1)
                                              2.765677   data arrival time

                                  0.000000    0.000000   clock clk (rise edge)
                                  0.000000    0.000000   clock source latency
     1    0.013990    0.108513    0.072400    0.072400 ^ clk (in)
                                                         clk (net)
                      0.108517    0.000000    0.072400 ^ clkbuf_0_clk/A (sky130_fd_sc_hd__clkbuf_16)
     4    0.043543    0.098411    0.271048    0.343448 ^ clkbuf_0_clk/X (sky130_fd_sc_hd__clkbuf_16)
                                                         clknet_0_clk (net)
                      0.098577    0.002108    0.345556 ^ clkbuf_2_3__f_clk/A (sky130_fd_sc_hd__clkbuf_16)
     8    0.035099    0.087618    0.255453    0.601009 ^ clkbuf_2_3__f_clk/X (sky130_fd_sc_hd__clkbuf_16)
                                                         clknet_2_3__leaf_clk (net)
                      0.087661    0.001773    0.602782 ^ _302_/CLK (sky130_fd_sc_hd__dfrtp_1)
                                  0.250000    0.852782   clock uncertainty
                                  0.000000    0.852782   clock reconvergence pessimism
                                  0.722288    1.575070   library removal time
                                              1.575070   data required time
---------------------------------------------------------------------------------------------
                                              1.575070   data required time
                                             -2.765677   data arrival time
---------------------------------------------------------------------------------------------
                                              1.190607   slack (MET)


Startpoint: res_n (input port clocked by clk)
Endpoint: _270_ (removal check against rising-edge clock clk)
Path Group: asynchronous
Path Type: min

Fanout         Cap        Slew       Delay        Time   Description
---------------------------------------------------------------------------------------------
                                  0.000000    0.000000   clock clk (rise edge)
                                  0.000000    0.000000   clock network delay (propagated)
                                  1.000000    1.000000 ^ input external delay
     1    0.002251    0.028627    0.012934    1.012934 ^ res_n (in)
                                                         res_n (net)
                      0.028627    0.000000    1.012934 ^ hold4/A (sky130_fd_sc_hd__dlygate4sd3_1)
     1    0.002192    0.084819    1.013417    2.026351 ^ hold4/X (sky130_fd_sc_hd__dlygate4sd3_1)
                                                         net95 (net)
                      0.084819    0.000101    2.026451 ^ input23/A (sky130_fd_sc_hd__buf_1)
     3    0.014301    0.279955    0.306903    2.333354 ^ input23/X (sky130_fd_sc_hd__buf_1)
                                                         net23 (net)
                      0.280034    0.000810    2.334165 ^ fanout56/A (sky130_fd_sc_hd__buf_2)
     7    0.033020    0.263712    0.429718    2.763883 ^ fanout56/X (sky130_fd_sc_hd__buf_2)
                                                         net56 (net)
                      0.263730    0.002374    2.766257 ^ _270_/RESET_B (sky130_fd_sc_hd__dfrtp_1)
                                              2.766257   data arrival time

                                  0.000000    0.000000   clock clk (rise edge)
                                  0.000000    0.000000   clock source latency
     1    0.013990    0.108513    0.072400    0.072400 ^ clk (in)
                                                         clk (net)
                      0.108517    0.000000    0.072400 ^ clkbuf_0_clk/A (sky130_fd_sc_hd__clkbuf_16)
     4    0.043543    0.098411    0.271048    0.343448 ^ clkbuf_0_clk/X (sky130_fd_sc_hd__clkbuf_16)
                                                         clknet_0_clk (net)
                      0.098577    0.002108    0.345556 ^ clkbuf_2_3__f_clk/A (sky130_fd_sc_hd__clkbuf_16)
     8    0.035099    0.087618    0.255453    0.601009 ^ clkbuf_2_3__f_clk/X (sky130_fd_sc_hd__clkbuf_16)
                                                         clknet_2_3__leaf_clk (net)
                      0.087636    0.001256    0.602265 ^ _270_/CLK (sky130_fd_sc_hd__dfrtp_1)
                                  0.250000    0.852265   clock uncertainty
                                  0.000000    0.852265   clock reconvergence pessimism
                                  0.722283    1.574548   library removal time
                                              1.574548   data required time
---------------------------------------------------------------------------------------------
                                              1.574548   data required time
                                             -2.766257   data arrival time
---------------------------------------------------------------------------------------------
                                              1.191709   slack (MET)


Startpoint: res_n (input port clocked by clk)
Endpoint: _284_ (removal check against rising-edge clock clk)
Path Group: asynchronous
Path Type: min

Fanout         Cap        Slew       Delay        Time   Description
---------------------------------------------------------------------------------------------
                                  0.000000    0.000000   clock clk (rise edge)
                                  0.000000    0.000000   clock network delay (propagated)
                                  1.000000    1.000000 ^ input external delay
     1    0.002251    0.028627    0.012934    1.012934 ^ res_n (in)
                                                         res_n (net)
                      0.028627    0.000000    1.012934 ^ hold4/A (sky130_fd_sc_hd__dlygate4sd3_1)
     1    0.002192    0.084819    1.013417    2.026351 ^ hold4/X (sky130_fd_sc_hd__dlygate4sd3_1)
                                                         net95 (net)
                      0.084819    0.000101    2.026451 ^ input23/A (sky130_fd_sc_hd__buf_1)
     3    0.014301    0.279955    0.306903    2.333354 ^ input23/X (sky130_fd_sc_hd__buf_1)
                                                         net23 (net)
                      0.280034    0.000810    2.334165 ^ fanout56/A (sky130_fd_sc_hd__buf_2)
     7    0.033020    0.263712    0.429718    2.763883 ^ fanout56/X (sky130_fd_sc_hd__buf_2)
                                                         net56 (net)
                      0.263737    0.002662    2.766545 ^ _284_/RESET_B (sky130_fd_sc_hd__dfrtp_1)
                                              2.766545   data arrival time

                                  0.000000    0.000000   clock clk (rise edge)
                                  0.000000    0.000000   clock source latency
     1    0.013990    0.108513    0.072400    0.072400 ^ clk (in)
                                                         clk (net)
                      0.108517    0.000000    0.072400 ^ clkbuf_0_clk/A (sky130_fd_sc_hd__clkbuf_16)
     4    0.043543    0.098411    0.271048    0.343448 ^ clkbuf_0_clk/X (sky130_fd_sc_hd__clkbuf_16)
                                                         clknet_0_clk (net)
                      0.098577    0.002108    0.345556 ^ clkbuf_2_3__f_clk/A (sky130_fd_sc_hd__clkbuf_16)
     8    0.035099    0.087618    0.255453    0.601009 ^ clkbuf_2_3__f_clk/X (sky130_fd_sc_hd__clkbuf_16)
                                                         clknet_2_3__leaf_clk (net)
                      0.087635    0.001217    0.602226 ^ _284_/CLK (sky130_fd_sc_hd__dfrtp_1)
                                  0.250000    0.852226   clock uncertainty
                                  0.000000    0.852226   clock reconvergence pessimism
                                  0.722285    1.574511   library removal time
                                              1.574511   data required time
---------------------------------------------------------------------------------------------
                                              1.574511   data required time
                                             -2.766545   data arrival time
---------------------------------------------------------------------------------------------
                                              1.192033   slack (MET)


Startpoint: res_n (input port clocked by clk)
Endpoint: _301_ (removal check against rising-edge clock clk)
Path Group: asynchronous
Path Type: min

Fanout         Cap        Slew       Delay        Time   Description
---------------------------------------------------------------------------------------------
                                  0.000000    0.000000   clock clk (rise edge)
                                  0.000000    0.000000   clock network delay (propagated)
                                  1.000000    1.000000 ^ input external delay
     1    0.002251    0.028627    0.012934    1.012934 ^ res_n (in)
                                                         res_n (net)
                      0.028627    0.000000    1.012934 ^ hold4/A (sky130_fd_sc_hd__dlygate4sd3_1)
     1    0.002192    0.084819    1.013417    2.026351 ^ hold4/X (sky130_fd_sc_hd__dlygate4sd3_1)
                                                         net95 (net)
                      0.084819    0.000101    2.026451 ^ input23/A (sky130_fd_sc_hd__buf_1)
     3    0.014301    0.279955    0.306903    2.333354 ^ input23/X (sky130_fd_sc_hd__buf_1)
                                                         net23 (net)
                      0.280034    0.000810    2.334165 ^ fanout56/A (sky130_fd_sc_hd__buf_2)
     7    0.033020    0.263712    0.429718    2.763883 ^ fanout56/X (sky130_fd_sc_hd__buf_2)
                                                         net56 (net)
                      0.263737    0.002678    2.766561 ^ _301_/RESET_B (sky130_fd_sc_hd__dfrtp_1)
                                              2.766561   data arrival time

                                  0.000000    0.000000   clock clk (rise edge)
                                  0.000000    0.000000   clock source latency
     1    0.013990    0.108513    0.072400    0.072400 ^ clk (in)
                                                         clk (net)
                      0.108517    0.000000    0.072400 ^ clkbuf_0_clk/A (sky130_fd_sc_hd__clkbuf_16)
     4    0.043543    0.098411    0.271048    0.343448 ^ clkbuf_0_clk/X (sky130_fd_sc_hd__clkbuf_16)
                                                         clknet_0_clk (net)
                      0.098577    0.002108    0.345556 ^ clkbuf_2_3__f_clk/A (sky130_fd_sc_hd__clkbuf_16)
     8    0.035099    0.087618    0.255453    0.601009 ^ clkbuf_2_3__f_clk/X (sky130_fd_sc_hd__clkbuf_16)
                                                         clknet_2_3__leaf_clk (net)
                      0.087634    0.001188    0.602198 ^ _301_/CLK (sky130_fd_sc_hd__dfrtp_1)
                                  0.250000    0.852198   clock uncertainty
                                  0.000000    0.852198   clock reconvergence pessimism
                                  0.722285    1.574482   library removal time
                                              1.574482   data required time
---------------------------------------------------------------------------------------------
                                              1.574482   data required time
                                             -2.766561   data arrival time
---------------------------------------------------------------------------------------------
                                              1.192079   slack (MET)


Startpoint: res_n (input port clocked by clk)
Endpoint: _296_ (removal check against rising-edge clock clk)
Path Group: asynchronous
Path Type: min

Fanout         Cap        Slew       Delay        Time   Description
---------------------------------------------------------------------------------------------
                                  0.000000    0.000000   clock clk (rise edge)
                                  0.000000    0.000000   clock network delay (propagated)
                                  1.000000    1.000000 ^ input external delay
     1    0.002251    0.028627    0.012934    1.012934 ^ res_n (in)
                                                         res_n (net)
                      0.028627    0.000000    1.012934 ^ hold4/A (sky130_fd_sc_hd__dlygate4sd3_1)
     1    0.002192    0.084819    1.013417    2.026351 ^ hold4/X (sky130_fd_sc_hd__dlygate4sd3_1)
                                                         net95 (net)
                      0.084819    0.000101    2.026451 ^ input23/A (sky130_fd_sc_hd__buf_1)
     3    0.014301    0.279955    0.306903    2.333354 ^ input23/X (sky130_fd_sc_hd__buf_1)
                                                         net23 (net)
                      0.280034    0.000751    2.334106 ^ fanout55/A (sky130_fd_sc_hd__clkbuf_4)
    10    0.041999    0.213935    0.448253    2.782358 ^ fanout55/X (sky130_fd_sc_hd__clkbuf_4)
                                                         net55 (net)
                      0.213937    0.001130    2.783489 ^ _296_/RESET_B (sky130_fd_sc_hd__dfrtp_1)
                                              2.783489   data arrival time

                                  0.000000    0.000000   clock clk (rise edge)
                                  0.000000    0.000000   clock source latency
     1    0.013990    0.108513    0.072400    0.072400 ^ clk (in)
                                                         clk (net)
                      0.108517    0.000000    0.072400 ^ clkbuf_0_clk/A (sky130_fd_sc_hd__clkbuf_16)
     4    0.043543    0.098411    0.271048    0.343448 ^ clkbuf_0_clk/X (sky130_fd_sc_hd__clkbuf_16)
                                                         clknet_0_clk (net)
                      0.098698    0.003478    0.346926 ^ clkbuf_2_1__f_clk/A (sky130_fd_sc_hd__clkbuf_16)
    12    0.036306    0.089415    0.256910    0.603836 ^ clkbuf_2_1__f_clk/X (sky130_fd_sc_hd__clkbuf_16)
                                                         clknet_2_1__leaf_clk (net)
                      0.089465    0.001975    0.605811 ^ _296_/CLK (sky130_fd_sc_hd__dfrtp_1)
                                  0.250000    0.855811   clock uncertainty
                                  0.000000    0.855811   clock reconvergence pessimism
                                  0.707539    1.563350   library removal time
                                              1.563350   data required time
---------------------------------------------------------------------------------------------
                                              1.563350   data required time
                                             -2.783489   data arrival time
---------------------------------------------------------------------------------------------
                                              1.220138   slack (MET)


Startpoint: res_n (input port clocked by clk)
Endpoint: _298_ (removal check against rising-edge clock clk)
Path Group: asynchronous
Path Type: min

Fanout         Cap        Slew       Delay        Time   Description
---------------------------------------------------------------------------------------------
                                  0.000000    0.000000   clock clk (rise edge)
                                  0.000000    0.000000   clock network delay (propagated)
                                  1.000000    1.000000 ^ input external delay
     1    0.002251    0.028627    0.012934    1.012934 ^ res_n (in)
                                                         res_n (net)
                      0.028627    0.000000    1.012934 ^ hold4/A (sky130_fd_sc_hd__dlygate4sd3_1)
     1    0.002192    0.084819    1.013417    2.026351 ^ hold4/X (sky130_fd_sc_hd__dlygate4sd3_1)
                                                         net95 (net)
                      0.084819    0.000101    2.026451 ^ input23/A (sky130_fd_sc_hd__buf_1)
     3    0.014301    0.279955    0.306903    2.333354 ^ input23/X (sky130_fd_sc_hd__buf_1)
                                                         net23 (net)
                      0.280034    0.000751    2.334106 ^ fanout55/A (sky130_fd_sc_hd__clkbuf_4)
    10    0.041999    0.213935    0.448253    2.782358 ^ fanout55/X (sky130_fd_sc_hd__clkbuf_4)
                                                         net55 (net)
                      0.213945    0.001758    2.784116 ^ _298_/RESET_B (sky130_fd_sc_hd__dfrtp_1)
                                              2.784116   data arrival time

                                  0.000000    0.000000   clock clk (rise edge)
                                  0.000000    0.000000   clock source latency
     1    0.013990    0.108513    0.072400    0.072400 ^ clk (in)
                                                         clk (net)
                      0.108517    0.000000    0.072400 ^ clkbuf_0_clk/A (sky130_fd_sc_hd__clkbuf_16)
     4    0.043543    0.098411    0.271048    0.343448 ^ clkbuf_0_clk/X (sky130_fd_sc_hd__clkbuf_16)
                                                         clknet_0_clk (net)
                      0.098698    0.003478    0.346926 ^ clkbuf_2_1__f_clk/A (sky130_fd_sc_hd__clkbuf_16)
    12    0.036306    0.089415    0.256910    0.603836 ^ clkbuf_2_1__f_clk/X (sky130_fd_sc_hd__clkbuf_16)
                                                         clknet_2_1__leaf_clk (net)
                      0.089466    0.001990    0.605826 ^ _298_/CLK (sky130_fd_sc_hd__dfrtp_1)
                                  0.250000    0.855826   clock uncertainty
                                  0.000000    0.855826   clock reconvergence pessimism
                                  0.707542    1.563368   library removal time
                                              1.563368   data required time
---------------------------------------------------------------------------------------------
                                              1.563368   data required time
                                             -2.784116   data arrival time
---------------------------------------------------------------------------------------------
                                              1.220748   slack (MET)


Startpoint: res_n (input port clocked by clk)
Endpoint: _294_ (removal check against rising-edge clock clk)
Path Group: asynchronous
Path Type: min

Fanout         Cap        Slew       Delay        Time   Description
---------------------------------------------------------------------------------------------
                                  0.000000    0.000000   clock clk (rise edge)
                                  0.000000    0.000000   clock network delay (propagated)
                                  1.000000    1.000000 ^ input external delay
     1    0.002251    0.028627    0.012934    1.012934 ^ res_n (in)
                                                         res_n (net)
                      0.028627    0.000000    1.012934 ^ hold4/A (sky130_fd_sc_hd__dlygate4sd3_1)
     1    0.002192    0.084819    1.013417    2.026351 ^ hold4/X (sky130_fd_sc_hd__dlygate4sd3_1)
                                                         net95 (net)
                      0.084819    0.000101    2.026451 ^ input23/A (sky130_fd_sc_hd__buf_1)
     3    0.014301    0.279955    0.306903    2.333354 ^ input23/X (sky130_fd_sc_hd__buf_1)
                                                         net23 (net)
                      0.280034    0.000751    2.334106 ^ fanout55/A (sky130_fd_sc_hd__clkbuf_4)
    10    0.041999    0.213935    0.448253    2.782358 ^ fanout55/X (sky130_fd_sc_hd__clkbuf_4)
                                                         net55 (net)
                      0.213953    0.002137    2.784496 ^ _294_/RESET_B (sky130_fd_sc_hd__dfrtp_1)
                                              2.784496   data arrival time

                                  0.000000    0.000000   clock clk (rise edge)
                                  0.000000    0.000000   clock source latency
     1    0.013990    0.108513    0.072400    0.072400 ^ clk (in)
                                                         clk (net)
                      0.108517    0.000000    0.072400 ^ clkbuf_0_clk/A (sky130_fd_sc_hd__clkbuf_16)
     4    0.043543    0.098411    0.271048    0.343448 ^ clkbuf_0_clk/X (sky130_fd_sc_hd__clkbuf_16)
                                                         clknet_0_clk (net)
                      0.098698    0.003478    0.346926 ^ clkbuf_2_1__f_clk/A (sky130_fd_sc_hd__clkbuf_16)
    12    0.036306    0.089415    0.256910    0.603836 ^ clkbuf_2_1__f_clk/X (sky130_fd_sc_hd__clkbuf_16)
                                                         clknet_2_1__leaf_clk (net)
                      0.089466    0.001982    0.605818 ^ _294_/CLK (sky130_fd_sc_hd__dfrtp_1)
                                  0.250000    0.855818   clock uncertainty
                                  0.000000    0.855818   clock reconvergence pessimism
                                  0.707545    1.563363   library removal time
                                              1.563363   data required time
---------------------------------------------------------------------------------------------
                                              1.563363   data required time
                                             -2.784496   data arrival time
---------------------------------------------------------------------------------------------
                                              1.221133   slack (MET)


Startpoint: res_n (input port clocked by clk)
Endpoint: _291_ (removal check against rising-edge clock clk)
Path Group: asynchronous
Path Type: min

Fanout         Cap        Slew       Delay        Time   Description
---------------------------------------------------------------------------------------------
                                  0.000000    0.000000   clock clk (rise edge)
                                  0.000000    0.000000   clock network delay (propagated)
                                  1.000000    1.000000 ^ input external delay
     1    0.002251    0.028627    0.012934    1.012934 ^ res_n (in)
                                                         res_n (net)
                      0.028627    0.000000    1.012934 ^ hold4/A (sky130_fd_sc_hd__dlygate4sd3_1)
     1    0.002192    0.084819    1.013417    2.026351 ^ hold4/X (sky130_fd_sc_hd__dlygate4sd3_1)
                                                         net95 (net)
                      0.084819    0.000101    2.026451 ^ input23/A (sky130_fd_sc_hd__buf_1)
     3    0.014301    0.279955    0.306903    2.333354 ^ input23/X (sky130_fd_sc_hd__buf_1)
                                                         net23 (net)
                      0.280034    0.000751    2.334106 ^ fanout55/A (sky130_fd_sc_hd__clkbuf_4)
    10    0.041999    0.213935    0.448253    2.782358 ^ fanout55/X (sky130_fd_sc_hd__clkbuf_4)
                                                         net55 (net)
                      0.213959    0.002386    2.784745 ^ _291_/RESET_B (sky130_fd_sc_hd__dfrtp_1)
                                              2.784745   data arrival time

                                  0.000000    0.000000   clock clk (rise edge)
                                  0.000000    0.000000   clock source latency
     1    0.013990    0.108513    0.072400    0.072400 ^ clk (in)
                                                         clk (net)
                      0.108517    0.000000    0.072400 ^ clkbuf_0_clk/A (sky130_fd_sc_hd__clkbuf_16)
     4    0.043543    0.098411    0.271048    0.343448 ^ clkbuf_0_clk/X (sky130_fd_sc_hd__clkbuf_16)
                                                         clknet_0_clk (net)
                      0.098698    0.003478    0.346926 ^ clkbuf_2_1__f_clk/A (sky130_fd_sc_hd__clkbuf_16)
    12    0.036306    0.089415    0.256910    0.603836 ^ clkbuf_2_1__f_clk/X (sky130_fd_sc_hd__clkbuf_16)
                                                         clknet_2_1__leaf_clk (net)
                      0.089476    0.002145    0.605981 ^ _291_/CLK (sky130_fd_sc_hd__dfrtp_1)
                                  0.250000    0.855981   clock uncertainty
                                  0.000000    0.855981   clock reconvergence pessimism
                                  0.707550    1.563530   library removal time
                                              1.563530   data required time
---------------------------------------------------------------------------------------------
                                              1.563530   data required time
                                             -2.784745   data arrival time
---------------------------------------------------------------------------------------------
                                              1.221214   slack (MET)


Startpoint: res_n (input port clocked by clk)
Endpoint: _292_ (removal check against rising-edge clock clk)
Path Group: asynchronous
Path Type: min

Fanout         Cap        Slew       Delay        Time   Description
---------------------------------------------------------------------------------------------
                                  0.000000    0.000000   clock clk (rise edge)
                                  0.000000    0.000000   clock network delay (propagated)
                                  1.000000    1.000000 ^ input external delay
     1    0.002251    0.028627    0.012934    1.012934 ^ res_n (in)
                                                         res_n (net)
                      0.028627    0.000000    1.012934 ^ hold4/A (sky130_fd_sc_hd__dlygate4sd3_1)
     1    0.002192    0.084819    1.013417    2.026351 ^ hold4/X (sky130_fd_sc_hd__dlygate4sd3_1)
                                                         net95 (net)
                      0.084819    0.000101    2.026451 ^ input23/A (sky130_fd_sc_hd__buf_1)
     3    0.014301    0.279955    0.306903    2.333354 ^ input23/X (sky130_fd_sc_hd__buf_1)
                                                         net23 (net)
                      0.280034    0.000751    2.334106 ^ fanout55/A (sky130_fd_sc_hd__clkbuf_4)
    10    0.041999    0.213935    0.448253    2.782358 ^ fanout55/X (sky130_fd_sc_hd__clkbuf_4)
                                                         net55 (net)
                      0.213963    0.002509    2.784867 ^ _292_/RESET_B (sky130_fd_sc_hd__dfrtp_1)
                                              2.784867   data arrival time

                                  0.000000    0.000000   clock clk (rise edge)
                                  0.000000    0.000000   clock source latency
     1    0.013990    0.108513    0.072400    0.072400 ^ clk (in)
                                                         clk (net)
                      0.108517    0.000000    0.072400 ^ clkbuf_0_clk/A (sky130_fd_sc_hd__clkbuf_16)
     4    0.043543    0.098411    0.271048    0.343448 ^ clkbuf_0_clk/X (sky130_fd_sc_hd__clkbuf_16)
                                                         clknet_0_clk (net)
                      0.098698    0.003478    0.346926 ^ clkbuf_2_1__f_clk/A (sky130_fd_sc_hd__clkbuf_16)
    12    0.036306    0.089415    0.256910    0.603836 ^ clkbuf_2_1__f_clk/X (sky130_fd_sc_hd__clkbuf_16)
                                                         clknet_2_1__leaf_clk (net)
                      0.089483    0.002243    0.606079 ^ _292_/CLK (sky130_fd_sc_hd__dfrtp_1)
                                  0.250000    0.856079   clock uncertainty
                                  0.000000    0.856079   clock reconvergence pessimism
                                  0.707553    1.563632   library removal time
                                              1.563632   data required time
---------------------------------------------------------------------------------------------
                                              1.563632   data required time
                                             -2.784867   data arrival time
---------------------------------------------------------------------------------------------
                                              1.221236   slack (MET)


Startpoint: res_n (input port clocked by clk)
Endpoint: _293_ (removal check against rising-edge clock clk)
Path Group: asynchronous
Path Type: min

Fanout         Cap        Slew       Delay        Time   Description
---------------------------------------------------------------------------------------------
                                  0.000000    0.000000   clock clk (rise edge)
                                  0.000000    0.000000   clock network delay (propagated)
                                  1.000000    1.000000 ^ input external delay
     1    0.002251    0.028627    0.012934    1.012934 ^ res_n (in)
                                                         res_n (net)
                      0.028627    0.000000    1.012934 ^ hold4/A (sky130_fd_sc_hd__dlygate4sd3_1)
     1    0.002192    0.084819    1.013417    2.026351 ^ hold4/X (sky130_fd_sc_hd__dlygate4sd3_1)
                                                         net95 (net)
                      0.084819    0.000101    2.026451 ^ input23/A (sky130_fd_sc_hd__buf_1)
     3    0.014301    0.279955    0.306903    2.333354 ^ input23/X (sky130_fd_sc_hd__buf_1)
                                                         net23 (net)
                      0.280034    0.000751    2.334106 ^ fanout55/A (sky130_fd_sc_hd__clkbuf_4)
    10    0.041999    0.213935    0.448253    2.782358 ^ fanout55/X (sky130_fd_sc_hd__clkbuf_4)
                                                         net55 (net)
                      0.213970    0.002754    2.785113 ^ _293_/RESET_B (sky130_fd_sc_hd__dfrtp_1)
                                              2.785113   data arrival time

                                  0.000000    0.000000   clock clk (rise edge)
                                  0.000000    0.000000   clock source latency
     1    0.013990    0.108513    0.072400    0.072400 ^ clk (in)
                                                         clk (net)
                      0.108517    0.000000    0.072400 ^ clkbuf_0_clk/A (sky130_fd_sc_hd__clkbuf_16)
     4    0.043543    0.098411    0.271048    0.343448 ^ clkbuf_0_clk/X (sky130_fd_sc_hd__clkbuf_16)
                                                         clknet_0_clk (net)
                      0.098698    0.003478    0.346926 ^ clkbuf_2_1__f_clk/A (sky130_fd_sc_hd__clkbuf_16)
    12    0.036306    0.089415    0.256910    0.603836 ^ clkbuf_2_1__f_clk/X (sky130_fd_sc_hd__clkbuf_16)
                                                         clknet_2_1__leaf_clk (net)
                      0.089501    0.002479    0.606315 ^ _293_/CLK (sky130_fd_sc_hd__dfrtp_1)
                                  0.250000    0.856315   clock uncertainty
                                  0.000000    0.856315   clock reconvergence pessimism
                                  0.707561    1.563876   library removal time
                                              1.563876   data required time
---------------------------------------------------------------------------------------------
                                              1.563876   data required time
                                             -2.785113   data arrival time
---------------------------------------------------------------------------------------------
                                              1.221237   slack (MET)


Startpoint: res_n (input port clocked by clk)
Endpoint: _273_ (removal check against rising-edge clock clk)
Path Group: asynchronous
Path Type: min

Fanout         Cap        Slew       Delay        Time   Description
---------------------------------------------------------------------------------------------
                                  0.000000    0.000000   clock clk (rise edge)
                                  0.000000    0.000000   clock network delay (propagated)
                                  1.000000    1.000000 ^ input external delay
     1    0.002251    0.028627    0.012934    1.012934 ^ res_n (in)
                                                         res_n (net)
                      0.028627    0.000000    1.012934 ^ hold4/A (sky130_fd_sc_hd__dlygate4sd3_1)
     1    0.002192    0.084819    1.013417    2.026351 ^ hold4/X (sky130_fd_sc_hd__dlygate4sd3_1)
                                                         net95 (net)
                      0.084819    0.000101    2.026451 ^ input23/A (sky130_fd_sc_hd__buf_1)
     3    0.014301    0.279955    0.306903    2.333354 ^ input23/X (sky130_fd_sc_hd__buf_1)
                                                         net23 (net)
                      0.280034    0.000751    2.334106 ^ fanout55/A (sky130_fd_sc_hd__clkbuf_4)
    10    0.041999    0.213935    0.448253    2.782358 ^ fanout55/X (sky130_fd_sc_hd__clkbuf_4)
                                                         net55 (net)
                      0.213982    0.003100    2.785459 ^ _273_/RESET_B (sky130_fd_sc_hd__dfrtp_1)
                                              2.785459   data arrival time

                                  0.000000    0.000000   clock clk (rise edge)
                                  0.000000    0.000000   clock source latency
     1    0.013990    0.108513    0.072400    0.072400 ^ clk (in)
                                                         clk (net)
                      0.108517    0.000000    0.072400 ^ clkbuf_0_clk/A (sky130_fd_sc_hd__clkbuf_16)
     4    0.043543    0.098411    0.271048    0.343448 ^ clkbuf_0_clk/X (sky130_fd_sc_hd__clkbuf_16)
                                                         clknet_0_clk (net)
                      0.098698    0.003478    0.346926 ^ clkbuf_2_1__f_clk/A (sky130_fd_sc_hd__clkbuf_16)
    12    0.036306    0.089415    0.256910    0.603836 ^ clkbuf_2_1__f_clk/X (sky130_fd_sc_hd__clkbuf_16)
                                                         clknet_2_1__leaf_clk (net)
                      0.089520    0.002698    0.606534 ^ _273_/CLK (sky130_fd_sc_hd__dfrtp_1)
                                  0.250000    0.856534   clock uncertainty
                                  0.000000    0.856534   clock reconvergence pessimism
                                  0.707570    1.564104   library removal time
                                              1.564104   data required time
---------------------------------------------------------------------------------------------
                                              1.564104   data required time
                                             -2.785459   data arrival time
---------------------------------------------------------------------------------------------
                                              1.221355   slack (MET)


Startpoint: res_n (input port clocked by clk)
Endpoint: _272_ (removal check against rising-edge clock clk)
Path Group: asynchronous
Path Type: min

Fanout         Cap        Slew       Delay        Time   Description
---------------------------------------------------------------------------------------------
                                  0.000000    0.000000   clock clk (rise edge)
                                  0.000000    0.000000   clock network delay (propagated)
                                  1.000000    1.000000 ^ input external delay
     1    0.002251    0.028627    0.012934    1.012934 ^ res_n (in)
                                                         res_n (net)
                      0.028627    0.000000    1.012934 ^ hold4/A (sky130_fd_sc_hd__dlygate4sd3_1)
     1    0.002192    0.084819    1.013417    2.026351 ^ hold4/X (sky130_fd_sc_hd__dlygate4sd3_1)
                                                         net95 (net)
                      0.084819    0.000101    2.026451 ^ input23/A (sky130_fd_sc_hd__buf_1)
     3    0.014301    0.279955    0.306903    2.333354 ^ input23/X (sky130_fd_sc_hd__buf_1)
                                                         net23 (net)
                      0.280034    0.000751    2.334106 ^ fanout55/A (sky130_fd_sc_hd__clkbuf_4)
    10    0.041999    0.213935    0.448253    2.782358 ^ fanout55/X (sky130_fd_sc_hd__clkbuf_4)
                                                         net55 (net)
                      0.213977    0.002950    2.785309 ^ _272_/RESET_B (sky130_fd_sc_hd__dfrtp_2)
                                              2.785309   data arrival time

                                  0.000000    0.000000   clock clk (rise edge)
                                  0.000000    0.000000   clock source latency
     1    0.013990    0.108513    0.072400    0.072400 ^ clk (in)
                                                         clk (net)
                      0.108517    0.000000    0.072400 ^ clkbuf_0_clk/A (sky130_fd_sc_hd__clkbuf_16)
     4    0.043543    0.098411    0.271048    0.343448 ^ clkbuf_0_clk/X (sky130_fd_sc_hd__clkbuf_16)
                                                         clknet_0_clk (net)
                      0.098698    0.003478    0.346926 ^ clkbuf_2_1__f_clk/A (sky130_fd_sc_hd__clkbuf_16)
    12    0.036306    0.089415    0.256910    0.603836 ^ clkbuf_2_1__f_clk/X (sky130_fd_sc_hd__clkbuf_16)
                                                         clknet_2_1__leaf_clk (net)
                      0.089519    0.002688    0.606524 ^ _272_/CLK (sky130_fd_sc_hd__dfrtp_2)
                                  0.250000    0.856524   clock uncertainty
                                  0.000000    0.856524   clock reconvergence pessimism
                                  0.707427    1.563951   library removal time
                                              1.563951   data required time
---------------------------------------------------------------------------------------------
                                              1.563951   data required time
                                             -2.785309   data arrival time
---------------------------------------------------------------------------------------------
                                              1.221357   slack (MET)


Startpoint: res_n (input port clocked by clk)
Endpoint: _286_ (removal check against rising-edge clock clk)
Path Group: asynchronous
Path Type: min

Fanout         Cap        Slew       Delay        Time   Description
---------------------------------------------------------------------------------------------
                                  0.000000    0.000000   clock clk (rise edge)
                                  0.000000    0.000000   clock network delay (propagated)
                                  1.000000    1.000000 ^ input external delay
     1    0.002251    0.028627    0.012934    1.012934 ^ res_n (in)
                                                         res_n (net)
                      0.028627    0.000000    1.012934 ^ hold4/A (sky130_fd_sc_hd__dlygate4sd3_1)
     1    0.002192    0.084819    1.013417    2.026351 ^ hold4/X (sky130_fd_sc_hd__dlygate4sd3_1)
                                                         net95 (net)
                      0.084819    0.000101    2.026451 ^ input23/A (sky130_fd_sc_hd__buf_1)
     3    0.014301    0.279955    0.306903    2.333354 ^ input23/X (sky130_fd_sc_hd__buf_1)
                                                         net23 (net)
                      0.280034    0.000751    2.334106 ^ fanout55/A (sky130_fd_sc_hd__clkbuf_4)
    10    0.041999    0.213935    0.448253    2.782358 ^ fanout55/X (sky130_fd_sc_hd__clkbuf_4)
                                                         net55 (net)
                      0.213984    0.003142    2.785500 ^ _286_/RESET_B (sky130_fd_sc_hd__dfrtp_1)
                                              2.785500   data arrival time

                                  0.000000    0.000000   clock clk (rise edge)
                                  0.000000    0.000000   clock source latency
     1    0.013990    0.108513    0.072400    0.072400 ^ clk (in)
                                                         clk (net)
                      0.108517    0.000000    0.072400 ^ clkbuf_0_clk/A (sky130_fd_sc_hd__clkbuf_16)
     4    0.043543    0.098411    0.271048    0.343448 ^ clkbuf_0_clk/X (sky130_fd_sc_hd__clkbuf_16)
                                                         clknet_0_clk (net)
                      0.098698    0.003478    0.346926 ^ clkbuf_2_1__f_clk/A (sky130_fd_sc_hd__clkbuf_16)
    12    0.036306    0.089415    0.256910    0.603836 ^ clkbuf_2_1__f_clk/X (sky130_fd_sc_hd__clkbuf_16)
                                                         clknet_2_1__leaf_clk (net)
                      0.089514    0.002635    0.606471 ^ _286_/CLK (sky130_fd_sc_hd__dfrtp_1)
                                  0.250000    0.856471   clock uncertainty
                                  0.000000    0.856471   clock reconvergence pessimism
                                  0.707569    1.564040   library removal time
                                              1.564040   data required time
---------------------------------------------------------------------------------------------
                                              1.564040   data required time
                                             -2.785500   data arrival time
---------------------------------------------------------------------------------------------
                                              1.221461   slack (MET)


Startpoint: res_n (input port clocked by clk)
Endpoint: _295_ (removal check against rising-edge clock clk)
Path Group: asynchronous
Path Type: min

Fanout         Cap        Slew       Delay        Time   Description
---------------------------------------------------------------------------------------------
                                  0.000000    0.000000   clock clk (rise edge)
                                  0.000000    0.000000   clock network delay (propagated)
                                  1.000000    1.000000 ^ input external delay
     1    0.002251    0.028627    0.012934    1.012934 ^ res_n (in)
                                                         res_n (net)
                      0.028627    0.000000    1.012934 ^ hold4/A (sky130_fd_sc_hd__dlygate4sd3_1)
     1    0.002192    0.084819    1.013417    2.026351 ^ hold4/X (sky130_fd_sc_hd__dlygate4sd3_1)
                                                         net95 (net)
                      0.084819    0.000101    2.026451 ^ input23/A (sky130_fd_sc_hd__buf_1)
     3    0.014301    0.279955    0.306903    2.333354 ^ input23/X (sky130_fd_sc_hd__buf_1)
                                                         net23 (net)
                      0.280034    0.000751    2.334106 ^ fanout55/A (sky130_fd_sc_hd__clkbuf_4)
    10    0.041999    0.213935    0.448253    2.782358 ^ fanout55/X (sky130_fd_sc_hd__clkbuf_4)
                                                         net55 (net)
                      0.213948    0.001893    2.784251 ^ _295_/RESET_B (sky130_fd_sc_hd__dfrtp_1)
                                              2.784251   data arrival time

                                  0.000000    0.000000   clock clk (rise edge)
                                  0.000000    0.000000   clock source latency
     1    0.013990    0.108513    0.072400    0.072400 ^ clk (in)
                                                         clk (net)
                      0.108517    0.000000    0.072400 ^ clkbuf_0_clk/A (sky130_fd_sc_hd__clkbuf_16)
     4    0.043543    0.098411    0.271048    0.343448 ^ clkbuf_0_clk/X (sky130_fd_sc_hd__clkbuf_16)
                                                         clknet_0_clk (net)
                      0.098698    0.003478    0.346926 ^ clkbuf_2_1__f_clk/A (sky130_fd_sc_hd__clkbuf_16)
    12    0.036306    0.089415    0.256910    0.603836 ^ clkbuf_2_1__f_clk/X (sky130_fd_sc_hd__clkbuf_16)
                                                         clknet_2_1__leaf_clk (net)
                      0.089436    0.001383    0.605219 ^ _295_/CLK (sky130_fd_sc_hd__dfrtp_1)
                                  0.250000    0.855219   clock uncertainty
                                  0.000000    0.855219   clock reconvergence pessimism
                                  0.707534    1.562753   library removal time
                                              1.562753   data required time
---------------------------------------------------------------------------------------------
                                              1.562753   data required time
                                             -2.784251   data arrival time
---------------------------------------------------------------------------------------------
                                              1.221498   slack (MET)


Startpoint: _284_ (rising edge-triggered flip-flop clocked by clk)
Endpoint: _301_ (rising edge-triggered flip-flop clocked by clk)
Path Group: clk
Path Type: min

Fanout         Cap        Slew       Delay        Time   Description
---------------------------------------------------------------------------------------------
                                  0.000000    0.000000   clock clk (rise edge)
                                  0.000000    0.000000   clock source latency
     1    0.013990    0.108513    0.072400    0.072400 ^ clk (in)
                                                         clk (net)
                      0.108517    0.000000    0.072400 ^ clkbuf_0_clk/A (sky130_fd_sc_hd__clkbuf_16)
     4    0.043543    0.098411    0.271048    0.343448 ^ clkbuf_0_clk/X (sky130_fd_sc_hd__clkbuf_16)
                                                         clknet_0_clk (net)
                      0.098577    0.002108    0.345556 ^ clkbuf_2_3__f_clk/A (sky130_fd_sc_hd__clkbuf_16)
     8    0.035099    0.087618    0.255453    0.601009 ^ clkbuf_2_3__f_clk/X (sky130_fd_sc_hd__clkbuf_16)
                                                         clknet_2_3__leaf_clk (net)
                      0.087635    0.001217    0.602226 ^ _284_/CLK (sky130_fd_sc_hd__dfrtp_1)
     3    0.014117    0.214195    0.767007    1.369233 ^ _284_/Q (sky130_fd_sc_hd__dfrtp_1)
                                                         awvalid_pipe (net)
                      0.214197    0.001048    1.370282 ^ _251_/A2 (sky130_fd_sc_hd__a311o_1)
     2    0.007008    0.141174    0.442550    1.812832 ^ _251_/X (sky130_fd_sc_hd__a311o_1)
                                                         _098_ (net)
                      0.141174    0.000366    1.813197 ^ _259_/A (sky130_fd_sc_hd__or2_1)
     1    0.002323    0.059330    0.189246    2.002444 ^ _259_/X (sky130_fd_sc_hd__or2_1)
                                                         _017_ (net)
                      0.059330    0.000158    2.002602 ^ _301_/D (sky130_fd_sc_hd__dfrtp_1)
                                              2.002602   data arrival time

                                  0.000000    0.000000   clock clk (rise edge)
                                  0.000000    0.000000   clock source latency
     1    0.013990    0.108513    0.072400    0.072400 ^ clk (in)
                                                         clk (net)
                      0.108517    0.000000    0.072400 ^ clkbuf_0_clk/A (sky130_fd_sc_hd__clkbuf_16)
     4    0.043543    0.098411    0.271048    0.343448 ^ clkbuf_0_clk/X (sky130_fd_sc_hd__clkbuf_16)
                                                         clknet_0_clk (net)
                      0.098577    0.002108    0.345556 ^ clkbuf_2_3__f_clk/A (sky130_fd_sc_hd__clkbuf_16)
     8    0.035099    0.087618    0.255453    0.601009 ^ clkbuf_2_3__f_clk/X (sky130_fd_sc_hd__clkbuf_16)
                                                         clknet_2_3__leaf_clk (net)
                      0.087634    0.001188    0.602198 ^ _301_/CLK (sky130_fd_sc_hd__dfrtp_1)
                                  0.250000    0.852198   clock uncertainty
                                  0.000000    0.852198   clock reconvergence pessimism
                                 -0.071612    0.780586   library hold time
                                              0.780586   data required time
---------------------------------------------------------------------------------------------
                                              0.780586   data required time
                                             -2.002602   data arrival time
---------------------------------------------------------------------------------------------
                                              1.222016   slack (MET)


Startpoint: res_n (input port clocked by clk)
Endpoint: _265_ (removal check against rising-edge clock clk)
Path Group: asynchronous
Path Type: min

Fanout         Cap        Slew       Delay        Time   Description
---------------------------------------------------------------------------------------------
                                  0.000000    0.000000   clock clk (rise edge)
                                  0.000000    0.000000   clock network delay (propagated)
                                  1.000000    1.000000 ^ input external delay
     1    0.002251    0.028627    0.012934    1.012934 ^ res_n (in)
                                                         res_n (net)
                      0.028627    0.000000    1.012934 ^ hold4/A (sky130_fd_sc_hd__dlygate4sd3_1)
     1    0.002192    0.084819    1.013417    2.026351 ^ hold4/X (sky130_fd_sc_hd__dlygate4sd3_1)
                                                         net95 (net)
                      0.084819    0.000101    2.026451 ^ input23/A (sky130_fd_sc_hd__buf_1)
     3    0.014301    0.279955    0.306903    2.333354 ^ input23/X (sky130_fd_sc_hd__buf_1)
                                                         net23 (net)
                      0.280032    0.000489    2.333844 ^ fanout54/A (sky130_fd_sc_hd__clkbuf_2)
     5    0.028912    0.252022    0.413827    2.747671 ^ fanout54/X (sky130_fd_sc_hd__clkbuf_2)
                                                         net54 (net)
                      0.252024    0.001282    2.748953 ^ fanout52/A (sky130_fd_sc_hd__clkbuf_4)
    10    0.050260    0.249103    0.460283    3.209236 ^ fanout52/X (sky130_fd_sc_hd__clkbuf_4)
                                                         net52 (net)
                      0.249140    0.003163    3.212399 ^ _265_/RESET_B (sky130_fd_sc_hd__dfrtp_4)
                                              3.212399   data arrival time

                                  0.000000    0.000000   clock clk (rise edge)
                                  0.000000    0.000000   clock source latency
     1    0.013990    0.108513    0.072400    0.072400 ^ clk (in)
                                                         clk (net)
                      0.108517    0.000000    0.072400 ^ clkbuf_0_clk/A (sky130_fd_sc_hd__clkbuf_16)
     4    0.043543    0.098411    0.271048    0.343448 ^ clkbuf_0_clk/X (sky130_fd_sc_hd__clkbuf_16)
                                                         clknet_0_clk (net)
                      0.098685    0.003340    0.346788 ^ clkbuf_2_0__f_clk/A (sky130_fd_sc_hd__clkbuf_16)
    13    0.041704    0.095784    0.263337    0.610126 ^ clkbuf_2_0__f_clk/X (sky130_fd_sc_hd__clkbuf_16)
                                                         clknet_2_0__leaf_clk (net)
                      0.096500    0.005498    0.615623 ^ _265_/CLK (sky130_fd_sc_hd__dfrtp_4)
                                  0.250000    0.865623   clock uncertainty
                                  0.000000    0.865623   clock reconvergence pessimism
                                  0.722072    1.587696   library removal time
                                              1.587696   data required time
---------------------------------------------------------------------------------------------
                                              1.587696   data required time
                                             -3.212399   data arrival time
---------------------------------------------------------------------------------------------
                                              1.624703   slack (MET)


Startpoint: res_n (input port clocked by clk)
Endpoint: _267_ (removal check against rising-edge clock clk)
Path Group: asynchronous
Path Type: min

Fanout         Cap        Slew       Delay        Time   Description
---------------------------------------------------------------------------------------------
                                  0.000000    0.000000   clock clk (rise edge)
                                  0.000000    0.000000   clock network delay (propagated)
                                  1.000000    1.000000 ^ input external delay
     1    0.002251    0.028627    0.012934    1.012934 ^ res_n (in)
                                                         res_n (net)
                      0.028627    0.000000    1.012934 ^ hold4/A (sky130_fd_sc_hd__dlygate4sd3_1)
     1    0.002192    0.084819    1.013417    2.026351 ^ hold4/X (sky130_fd_sc_hd__dlygate4sd3_1)
                                                         net95 (net)
                      0.084819    0.000101    2.026451 ^ input23/A (sky130_fd_sc_hd__buf_1)
     3    0.014301    0.279955    0.306903    2.333354 ^ input23/X (sky130_fd_sc_hd__buf_1)
                                                         net23 (net)
                      0.280032    0.000489    2.333844 ^ fanout54/A (sky130_fd_sc_hd__clkbuf_2)
     5    0.028912    0.252022    0.413827    2.747671 ^ fanout54/X (sky130_fd_sc_hd__clkbuf_2)
                                                         net54 (net)
                      0.252024    0.001282    2.748953 ^ fanout52/A (sky130_fd_sc_hd__clkbuf_4)
    10    0.050260    0.249103    0.460283    3.209236 ^ fanout52/X (sky130_fd_sc_hd__clkbuf_4)
                                                         net52 (net)
                      0.249215    0.004975    3.214211 ^ _267_/RESET_B (sky130_fd_sc_hd__dfrtp_1)
                                              3.214211   data arrival time

                                  0.000000    0.000000   clock clk (rise edge)
                                  0.000000    0.000000   clock source latency
     1    0.013990    0.108513    0.072400    0.072400 ^ clk (in)
                                                         clk (net)
                      0.108517    0.000000    0.072400 ^ clkbuf_0_clk/A (sky130_fd_sc_hd__clkbuf_16)
     4    0.043543    0.098411    0.271048    0.343448 ^ clkbuf_0_clk/X (sky130_fd_sc_hd__clkbuf_16)
                                                         clknet_0_clk (net)
                      0.098685    0.003340    0.346788 ^ clkbuf_2_0__f_clk/A (sky130_fd_sc_hd__clkbuf_16)
    13    0.041704    0.095784    0.263337    0.610126 ^ clkbuf_2_0__f_clk/X (sky130_fd_sc_hd__clkbuf_16)
                                                         clknet_2_0__leaf_clk (net)
                      0.096466    0.005272    0.615398 ^ _267_/CLK (sky130_fd_sc_hd__dfrtp_1)
                                  0.250000    0.865398   clock uncertainty
                                  0.000000    0.865398   clock reconvergence pessimism
                                  0.720481    1.585880   library removal time
                                              1.585880   data required time
---------------------------------------------------------------------------------------------
                                              1.585880   data required time
                                             -3.214211   data arrival time
---------------------------------------------------------------------------------------------
                                              1.628331   slack (MET)


Startpoint: res_n (input port clocked by clk)
Endpoint: _278_ (removal check against rising-edge clock clk)
Path Group: asynchronous
Path Type: min

Fanout         Cap        Slew       Delay        Time   Description
---------------------------------------------------------------------------------------------
                                  0.000000    0.000000   clock clk (rise edge)
                                  0.000000    0.000000   clock network delay (propagated)
                                  1.000000    1.000000 ^ input external delay
     1    0.002251    0.028627    0.012934    1.012934 ^ res_n (in)
                                                         res_n (net)
                      0.028627    0.000000    1.012934 ^ hold4/A (sky130_fd_sc_hd__dlygate4sd3_1)
     1    0.002192    0.084819    1.013417    2.026351 ^ hold4/X (sky130_fd_sc_hd__dlygate4sd3_1)
                                                         net95 (net)
                      0.084819    0.000101    2.026451 ^ input23/A (sky130_fd_sc_hd__buf_1)
     3    0.014301    0.279955    0.306903    2.333354 ^ input23/X (sky130_fd_sc_hd__buf_1)
                                                         net23 (net)
                      0.280032    0.000489    2.333844 ^ fanout54/A (sky130_fd_sc_hd__clkbuf_2)
     5    0.028912    0.252022    0.413827    2.747671 ^ fanout54/X (sky130_fd_sc_hd__clkbuf_2)
                                                         net54 (net)
                      0.252024    0.001282    2.748953 ^ fanout52/A (sky130_fd_sc_hd__clkbuf_4)
    10    0.050260    0.249103    0.460283    3.209236 ^ fanout52/X (sky130_fd_sc_hd__clkbuf_4)
                                                         net52 (net)
                      0.249270    0.005920    3.215156 ^ _278_/RESET_B (sky130_fd_sc_hd__dfrtp_1)
                                              3.215156   data arrival time

                                  0.000000    0.000000   clock clk (rise edge)
                                  0.000000    0.000000   clock source latency
     1    0.013990    0.108513    0.072400    0.072400 ^ clk (in)
                                                         clk (net)
                      0.108517    0.000000    0.072400 ^ clkbuf_0_clk/A (sky130_fd_sc_hd__clkbuf_16)
     4    0.043543    0.098411    0.271048    0.343448 ^ clkbuf_0_clk/X (sky130_fd_sc_hd__clkbuf_16)
                                                         clknet_0_clk (net)
                      0.098685    0.003340    0.346788 ^ clkbuf_2_0__f_clk/A (sky130_fd_sc_hd__clkbuf_16)
    13    0.041704    0.095784    0.263337    0.610126 ^ clkbuf_2_0__f_clk/X (sky130_fd_sc_hd__clkbuf_16)
                                                         clknet_2_0__leaf_clk (net)
                      0.096436    0.005071    0.615197 ^ _278_/CLK (sky130_fd_sc_hd__dfrtp_1)
                                  0.250000    0.865197   clock uncertainty
                                  0.000000    0.865197   clock reconvergence pessimism
                                  0.720489    1.585687   library removal time
                                              1.585687   data required time
---------------------------------------------------------------------------------------------
                                              1.585687   data required time
                                             -3.215156   data arrival time
---------------------------------------------------------------------------------------------
                                              1.629469   slack (MET)


Startpoint: res_n (input port clocked by clk)
Endpoint: _279_ (removal check against rising-edge clock clk)
Path Group: asynchronous
Path Type: min

Fanout         Cap        Slew       Delay        Time   Description
---------------------------------------------------------------------------------------------
                                  0.000000    0.000000   clock clk (rise edge)
                                  0.000000    0.000000   clock network delay (propagated)
                                  1.000000    1.000000 ^ input external delay
     1    0.002251    0.028627    0.012934    1.012934 ^ res_n (in)
                                                         res_n (net)
                      0.028627    0.000000    1.012934 ^ hold4/A (sky130_fd_sc_hd__dlygate4sd3_1)
     1    0.002192    0.084819    1.013417    2.026351 ^ hold4/X (sky130_fd_sc_hd__dlygate4sd3_1)
                                                         net95 (net)
                      0.084819    0.000101    2.026451 ^ input23/A (sky130_fd_sc_hd__buf_1)
     3    0.014301    0.279955    0.306903    2.333354 ^ input23/X (sky130_fd_sc_hd__buf_1)
                                                         net23 (net)
                      0.280032    0.000489    2.333844 ^ fanout54/A (sky130_fd_sc_hd__clkbuf_2)
     5    0.028912    0.252022    0.413827    2.747671 ^ fanout54/X (sky130_fd_sc_hd__clkbuf_2)
                                                         net54 (net)
                      0.252024    0.001282    2.748953 ^ fanout52/A (sky130_fd_sc_hd__clkbuf_4)
    10    0.050260    0.249103    0.460283    3.209236 ^ fanout52/X (sky130_fd_sc_hd__clkbuf_4)
                                                         net52 (net)
                      0.249302    0.006396    3.215631 ^ _279_/RESET_B (sky130_fd_sc_hd__dfrtp_1)
                                              3.215631   data arrival time

                                  0.000000    0.000000   clock clk (rise edge)
                                  0.000000    0.000000   clock source latency
     1    0.013990    0.108513    0.072400    0.072400 ^ clk (in)
                                                         clk (net)
                      0.108517    0.000000    0.072400 ^ clkbuf_0_clk/A (sky130_fd_sc_hd__clkbuf_16)
     4    0.043543    0.098411    0.271048    0.343448 ^ clkbuf_0_clk/X (sky130_fd_sc_hd__clkbuf_16)
                                                         clknet_0_clk (net)
                      0.098685    0.003340    0.346788 ^ clkbuf_2_0__f_clk/A (sky130_fd_sc_hd__clkbuf_16)
    13    0.041704    0.095784    0.263337    0.610126 ^ clkbuf_2_0__f_clk/X (sky130_fd_sc_hd__clkbuf_16)
                                                         clknet_2_0__leaf_clk (net)
                      0.096359    0.004524    0.614650 ^ _279_/CLK (sky130_fd_sc_hd__dfrtp_1)
                                  0.250000    0.864650   clock uncertainty
                                  0.000000    0.864650   clock reconvergence pessimism
                                  0.720476    1.585126   library removal time
                                              1.585126   data required time
---------------------------------------------------------------------------------------------
                                              1.585126   data required time
                                             -3.215631   data arrival time
---------------------------------------------------------------------------------------------
                                              1.630505   slack (MET)


Startpoint: res_n (input port clocked by clk)
Endpoint: _276_ (removal check against rising-edge clock clk)
Path Group: asynchronous
Path Type: min

Fanout         Cap        Slew       Delay        Time   Description
---------------------------------------------------------------------------------------------
                                  0.000000    0.000000   clock clk (rise edge)
                                  0.000000    0.000000   clock network delay (propagated)
                                  1.000000    1.000000 ^ input external delay
     1    0.002251    0.028627    0.012934    1.012934 ^ res_n (in)
                                                         res_n (net)
                      0.028627    0.000000    1.012934 ^ hold4/A (sky130_fd_sc_hd__dlygate4sd3_1)
     1    0.002192    0.084819    1.013417    2.026351 ^ hold4/X (sky130_fd_sc_hd__dlygate4sd3_1)
                                                         net95 (net)
                      0.084819    0.000101    2.026451 ^ input23/A (sky130_fd_sc_hd__buf_1)
     3    0.014301    0.279955    0.306903    2.333354 ^ input23/X (sky130_fd_sc_hd__buf_1)
                                                         net23 (net)
                      0.280032    0.000489    2.333844 ^ fanout54/A (sky130_fd_sc_hd__clkbuf_2)
     5    0.028912    0.252022    0.413827    2.747671 ^ fanout54/X (sky130_fd_sc_hd__clkbuf_2)
                                                         net54 (net)
                      0.252024    0.001282    2.748953 ^ fanout52/A (sky130_fd_sc_hd__clkbuf_4)
    10    0.050260    0.249103    0.460283    3.209236 ^ fanout52/X (sky130_fd_sc_hd__clkbuf_4)
                                                         net52 (net)
                      0.249297    0.006320    3.215555 ^ _276_/RESET_B (sky130_fd_sc_hd__dfrtp_1)
                                              3.215555   data arrival time

                                  0.000000    0.000000   clock clk (rise edge)
                                  0.000000    0.000000   clock source latency
     1    0.013990    0.108513    0.072400    0.072400 ^ clk (in)
                                                         clk (net)
                      0.108517    0.000000    0.072400 ^ clkbuf_0_clk/A (sky130_fd_sc_hd__clkbuf_16)
     4    0.043543    0.098411    0.271048    0.343448 ^ clkbuf_0_clk/X (sky130_fd_sc_hd__clkbuf_16)
                                                         clknet_0_clk (net)
                      0.098685    0.003340    0.346788 ^ clkbuf_2_0__f_clk/A (sky130_fd_sc_hd__clkbuf_16)
    13    0.041704    0.095784    0.263337    0.610126 ^ clkbuf_2_0__f_clk/X (sky130_fd_sc_hd__clkbuf_16)
                                                         clknet_2_0__leaf_clk (net)
                      0.096326    0.004279    0.614405 ^ _276_/CLK (sky130_fd_sc_hd__dfrtp_1)
                                  0.250000    0.864405   clock uncertainty
                                  0.000000    0.864405   clock reconvergence pessimism
                                  0.720464    1.584870   library removal time
                                              1.584870   data required time
---------------------------------------------------------------------------------------------
                                              1.584870   data required time
                                             -3.215555   data arrival time
---------------------------------------------------------------------------------------------
                                              1.630686   slack (MET)


Startpoint: res_n (input port clocked by clk)
Endpoint: _282_ (removal check against rising-edge clock clk)
Path Group: asynchronous
Path Type: min

Fanout         Cap        Slew       Delay        Time   Description
---------------------------------------------------------------------------------------------
                                  0.000000    0.000000   clock clk (rise edge)
                                  0.000000    0.000000   clock network delay (propagated)
                                  1.000000    1.000000 ^ input external delay
     1    0.002251    0.028627    0.012934    1.012934 ^ res_n (in)
                                                         res_n (net)
                      0.028627    0.000000    1.012934 ^ hold4/A (sky130_fd_sc_hd__dlygate4sd3_1)
     1    0.002192    0.084819    1.013417    2.026351 ^ hold4/X (sky130_fd_sc_hd__dlygate4sd3_1)
                                                         net95 (net)
                      0.084819    0.000101    2.026451 ^ input23/A (sky130_fd_sc_hd__buf_1)
     3    0.014301    0.279955    0.306903    2.333354 ^ input23/X (sky130_fd_sc_hd__buf_1)
                                                         net23 (net)
                      0.280032    0.000489    2.333844 ^ fanout54/A (sky130_fd_sc_hd__clkbuf_2)
     5    0.028912    0.252022    0.413827    2.747671 ^ fanout54/X (sky130_fd_sc_hd__clkbuf_2)
                                                         net54 (net)
                      0.252024    0.001282    2.748953 ^ fanout52/A (sky130_fd_sc_hd__clkbuf_4)
    10    0.050260    0.249103    0.460283    3.209236 ^ fanout52/X (sky130_fd_sc_hd__clkbuf_4)
                                                         net52 (net)
                      0.249316    0.006585    3.215821 ^ _282_/RESET_B (sky130_fd_sc_hd__dfrtp_1)
                                              3.215821   data arrival time

                                  0.000000    0.000000   clock clk (rise edge)
                                  0.000000    0.000000   clock source latency
     1    0.013990    0.108513    0.072400    0.072400 ^ clk (in)
                                                         clk (net)
                      0.108517    0.000000    0.072400 ^ clkbuf_0_clk/A (sky130_fd_sc_hd__clkbuf_16)
     4    0.043543    0.098411    0.271048    0.343448 ^ clkbuf_0_clk/X (sky130_fd_sc_hd__clkbuf_16)
                                                         clknet_0_clk (net)
                      0.098685    0.003340    0.346788 ^ clkbuf_2_0__f_clk/A (sky130_fd_sc_hd__clkbuf_16)
    13    0.041704    0.095784    0.263337    0.610126 ^ clkbuf_2_0__f_clk/X (sky130_fd_sc_hd__clkbuf_16)
                                                         clknet_2_0__leaf_clk (net)
                      0.096348    0.004443    0.614569 ^ _282_/CLK (sky130_fd_sc_hd__dfrtp_1)
                                  0.250000    0.864569   clock uncertainty
                                  0.000000    0.864569   clock reconvergence pessimism
                                  0.720477    1.585046   library removal time
                                              1.585046   data required time
---------------------------------------------------------------------------------------------
                                              1.585046   data required time
                                             -3.215821   data arrival time
---------------------------------------------------------------------------------------------
                                              1.630774   slack (MET)


Startpoint: res_n (input port clocked by clk)
Endpoint: _275_ (removal check against rising-edge clock clk)
Path Group: asynchronous
Path Type: min

Fanout         Cap        Slew       Delay        Time   Description
---------------------------------------------------------------------------------------------
                                  0.000000    0.000000   clock clk (rise edge)
                                  0.000000    0.000000   clock network delay (propagated)
                                  1.000000    1.000000 ^ input external delay
     1    0.002251    0.028627    0.012934    1.012934 ^ res_n (in)
                                                         res_n (net)
                      0.028627    0.000000    1.012934 ^ hold4/A (sky130_fd_sc_hd__dlygate4sd3_1)
     1    0.002192    0.084819    1.013417    2.026351 ^ hold4/X (sky130_fd_sc_hd__dlygate4sd3_1)
                                                         net95 (net)
                      0.084819    0.000101    2.026451 ^ input23/A (sky130_fd_sc_hd__buf_1)
     3    0.014301    0.279955    0.306903    2.333354 ^ input23/X (sky130_fd_sc_hd__buf_1)
                                                         net23 (net)
                      0.280032    0.000489    2.333844 ^ fanout54/A (sky130_fd_sc_hd__clkbuf_2)
     5    0.028912    0.252022    0.413827    2.747671 ^ fanout54/X (sky130_fd_sc_hd__clkbuf_2)
                                                         net54 (net)
                      0.252024    0.001282    2.748953 ^ fanout52/A (sky130_fd_sc_hd__clkbuf_4)
    10    0.050260    0.249103    0.460283    3.209236 ^ fanout52/X (sky130_fd_sc_hd__clkbuf_4)
                                                         net52 (net)
                      0.249277    0.006029    3.215265 ^ _275_/RESET_B (sky130_fd_sc_hd__dfrtp_2)
                                              3.215265   data arrival time

                                  0.000000    0.000000   clock clk (rise edge)
                                  0.000000    0.000000   clock source latency
     1    0.013990    0.108513    0.072400    0.072400 ^ clk (in)
                                                         clk (net)
                      0.108517    0.000000    0.072400 ^ clkbuf_0_clk/A (sky130_fd_sc_hd__clkbuf_16)
     4    0.043543    0.098411    0.271048    0.343448 ^ clkbuf_0_clk/X (sky130_fd_sc_hd__clkbuf_16)
                                                         clknet_0_clk (net)
                      0.098685    0.003340    0.346788 ^ clkbuf_2_0__f_clk/A (sky130_fd_sc_hd__clkbuf_16)
    13    0.041704    0.095784    0.263337    0.610126 ^ clkbuf_2_0__f_clk/X (sky130_fd_sc_hd__clkbuf_16)
                                                         clknet_2_0__leaf_clk (net)
                      0.096044    0.003350    0.613476 ^ _275_/CLK (sky130_fd_sc_hd__dfrtp_2)
                                  0.250000    0.863476   clock uncertainty
                                  0.000000    0.863476   clock reconvergence pessimism
                                  0.720210    1.583686   library removal time
                                              1.583686   data required time
---------------------------------------------------------------------------------------------
                                              1.583686   data required time
                                             -3.215265   data arrival time
---------------------------------------------------------------------------------------------
                                              1.631579   slack (MET)


Startpoint: res_n (input port clocked by clk)
Endpoint: _283_ (removal check against rising-edge clock clk)
Path Group: asynchronous
Path Type: min

Fanout         Cap        Slew       Delay        Time   Description
---------------------------------------------------------------------------------------------
                                  0.000000    0.000000   clock clk (rise edge)
                                  0.000000    0.000000   clock network delay (propagated)
                                  1.000000    1.000000 ^ input external delay
     1    0.002251    0.028627    0.012934    1.012934 ^ res_n (in)
                                                         res_n (net)
                      0.028627    0.000000    1.012934 ^ hold4/A (sky130_fd_sc_hd__dlygate4sd3_1)
     1    0.002192    0.084819    1.013417    2.026351 ^ hold4/X (sky130_fd_sc_hd__dlygate4sd3_1)
                                                         net95 (net)
                      0.084819    0.000101    2.026451 ^ input23/A (sky130_fd_sc_hd__buf_1)
     3    0.014301    0.279955    0.306903    2.333354 ^ input23/X (sky130_fd_sc_hd__buf_1)
                                                         net23 (net)
                      0.280032    0.000489    2.333844 ^ fanout54/A (sky130_fd_sc_hd__clkbuf_2)
     5    0.028912    0.252022    0.413827    2.747671 ^ fanout54/X (sky130_fd_sc_hd__clkbuf_2)
                                                         net54 (net)
                      0.252024    0.001282    2.748953 ^ fanout52/A (sky130_fd_sc_hd__clkbuf_4)
    10    0.050260    0.249103    0.460283    3.209236 ^ fanout52/X (sky130_fd_sc_hd__clkbuf_4)
                                                         net52 (net)
                      0.249326    0.006725    3.215961 ^ _283_/RESET_B (sky130_fd_sc_hd__dfrtp_1)
                                              3.215961   data arrival time

                                  0.000000    0.000000   clock clk (rise edge)
                                  0.000000    0.000000   clock source latency
     1    0.013990    0.108513    0.072400    0.072400 ^ clk (in)
                                                         clk (net)
                      0.108517    0.000000    0.072400 ^ clkbuf_0_clk/A (sky130_fd_sc_hd__clkbuf_16)
     4    0.043543    0.098411    0.271048    0.343448 ^ clkbuf_0_clk/X (sky130_fd_sc_hd__clkbuf_16)
                                                         clknet_0_clk (net)
                      0.098685    0.003340    0.346788 ^ clkbuf_2_0__f_clk/A (sky130_fd_sc_hd__clkbuf_16)
    13    0.041704    0.095784    0.263337    0.610126 ^ clkbuf_2_0__f_clk/X (sky130_fd_sc_hd__clkbuf_16)
                                                         clknet_2_0__leaf_clk (net)
                      0.096098    0.003763    0.613889 ^ _283_/CLK (sky130_fd_sc_hd__dfrtp_1)
                                  0.250000    0.863889   clock uncertainty
                                  0.000000    0.863889   clock reconvergence pessimism
                                  0.720405    1.584294   library removal time
                                              1.584294   data required time
---------------------------------------------------------------------------------------------
                                              1.584294   data required time
                                             -3.215961   data arrival time
---------------------------------------------------------------------------------------------
                                              1.631667   slack (MET)


Startpoint: res_n (input port clocked by clk)
Endpoint: _280_ (removal check against rising-edge clock clk)
Path Group: asynchronous
Path Type: min

Fanout         Cap        Slew       Delay        Time   Description
---------------------------------------------------------------------------------------------
                                  0.000000    0.000000   clock clk (rise edge)
                                  0.000000    0.000000   clock network delay (propagated)
                                  1.000000    1.000000 ^ input external delay
     1    0.002251    0.028627    0.012934    1.012934 ^ res_n (in)
                                                         res_n (net)
                      0.028627    0.000000    1.012934 ^ hold4/A (sky130_fd_sc_hd__dlygate4sd3_1)
     1    0.002192    0.084819    1.013417    2.026351 ^ hold4/X (sky130_fd_sc_hd__dlygate4sd3_1)
                                                         net95 (net)
                      0.084819    0.000101    2.026451 ^ input23/A (sky130_fd_sc_hd__buf_1)
     3    0.014301    0.279955    0.306903    2.333354 ^ input23/X (sky130_fd_sc_hd__buf_1)
                                                         net23 (net)
                      0.280032    0.000489    2.333844 ^ fanout54/A (sky130_fd_sc_hd__clkbuf_2)
     5    0.028912    0.252022    0.413827    2.747671 ^ fanout54/X (sky130_fd_sc_hd__clkbuf_2)
                                                         net54 (net)
                      0.252024    0.001282    2.748953 ^ fanout52/A (sky130_fd_sc_hd__clkbuf_4)
    10    0.050260    0.249103    0.460283    3.209236 ^ fanout52/X (sky130_fd_sc_hd__clkbuf_4)
                                                         net52 (net)
                      0.249341    0.006925    3.216161 ^ _280_/RESET_B (sky130_fd_sc_hd__dfrtp_1)
                                              3.216161   data arrival time

                                  0.000000    0.000000   clock clk (rise edge)
                                  0.000000    0.000000   clock source latency
     1    0.013990    0.108513    0.072400    0.072400 ^ clk (in)
                                                         clk (net)
                      0.108517    0.000000    0.072400 ^ clkbuf_0_clk/A (sky130_fd_sc_hd__clkbuf_16)
     4    0.043543    0.098411    0.271048    0.343448 ^ clkbuf_0_clk/X (sky130_fd_sc_hd__clkbuf_16)
                                                         clknet_0_clk (net)
                      0.098685    0.003340    0.346788 ^ clkbuf_2_0__f_clk/A (sky130_fd_sc_hd__clkbuf_16)
    13    0.041704    0.095784    0.263337    0.610126 ^ clkbuf_2_0__f_clk/X (sky130_fd_sc_hd__clkbuf_16)
                                                         clknet_2_0__leaf_clk (net)
                      0.096087    0.003683    0.613808 ^ _280_/CLK (sky130_fd_sc_hd__dfrtp_1)
                                  0.250000    0.863808   clock uncertainty
                                  0.000000    0.863808   clock reconvergence pessimism
                                  0.720406    1.584215   library removal time
                                              1.584215   data required time
---------------------------------------------------------------------------------------------
                                              1.584215   data required time
                                             -3.216161   data arrival time
---------------------------------------------------------------------------------------------
                                              1.631946   slack (MET)


Startpoint: res_n (input port clocked by clk)
Endpoint: _269_ (removal check against rising-edge clock clk)
Path Group: asynchronous
Path Type: min

Fanout         Cap        Slew       Delay        Time   Description
---------------------------------------------------------------------------------------------
                                  0.000000    0.000000   clock clk (rise edge)
                                  0.000000    0.000000   clock network delay (propagated)
                                  1.000000    1.000000 ^ input external delay
     1    0.002251    0.028627    0.012934    1.012934 ^ res_n (in)
                                                         res_n (net)
                      0.028627    0.000000    1.012934 ^ hold4/A (sky130_fd_sc_hd__dlygate4sd3_1)
     1    0.002192    0.084819    1.013417    2.026351 ^ hold4/X (sky130_fd_sc_hd__dlygate4sd3_1)
                                                         net95 (net)
                      0.084819    0.000101    2.026451 ^ input23/A (sky130_fd_sc_hd__buf_1)
     3    0.014301    0.279955    0.306903    2.333354 ^ input23/X (sky130_fd_sc_hd__buf_1)
                                                         net23 (net)
                      0.280032    0.000489    2.333844 ^ fanout54/A (sky130_fd_sc_hd__clkbuf_2)
     5    0.028912    0.252022    0.413827    2.747671 ^ fanout54/X (sky130_fd_sc_hd__clkbuf_2)
                                                         net54 (net)
                      0.252058    0.003059    2.750729 ^ fanout53/A (sky130_fd_sc_hd__clkbuf_4)
    10    0.044761    0.225121    0.443680    3.194410 ^ fanout53/X (sky130_fd_sc_hd__clkbuf_4)
                                                         net53 (net)
                      0.225121    0.001067    3.195477 ^ _269_/RESET_B (sky130_fd_sc_hd__dfrtp_1)
                                              3.195477   data arrival time

                                  0.000000    0.000000   clock clk (rise edge)
                                  0.000000    0.000000   clock source latency
     1    0.013990    0.108513    0.072400    0.072400 ^ clk (in)
                                                         clk (net)
                      0.108517    0.000000    0.072400 ^ clkbuf_0_clk/A (sky130_fd_sc_hd__clkbuf_16)
     4    0.043543    0.098411    0.271048    0.343448 ^ clkbuf_0_clk/X (sky130_fd_sc_hd__clkbuf_16)
                                                         clknet_0_clk (net)
                      0.098577    0.002108    0.345556 ^ clkbuf_2_3__f_clk/A (sky130_fd_sc_hd__clkbuf_16)
     8    0.035099    0.087618    0.255453    0.601009 ^ clkbuf_2_3__f_clk/X (sky130_fd_sc_hd__clkbuf_16)
                                                         clknet_2_3__leaf_clk (net)
                      0.087650    0.001576    0.602586 ^ _269_/CLK (sky130_fd_sc_hd__dfrtp_1)
                                  0.250000    0.852586   clock uncertainty
                                  0.000000    0.852586   clock reconvergence pessimism
                                  0.710428    1.563014   library removal time
                                              1.563014   data required time
---------------------------------------------------------------------------------------------
                                              1.563014   data required time
                                             -3.195477   data arrival time
---------------------------------------------------------------------------------------------
                                              1.632463   slack (MET)


Startpoint: res_n (input port clocked by clk)
Endpoint: _266_ (removal check against rising-edge clock clk)
Path Group: asynchronous
Path Type: min

Fanout         Cap        Slew       Delay        Time   Description
---------------------------------------------------------------------------------------------
                                  0.000000    0.000000   clock clk (rise edge)
                                  0.000000    0.000000   clock network delay (propagated)
                                  1.000000    1.000000 ^ input external delay
     1    0.002251    0.028627    0.012934    1.012934 ^ res_n (in)
                                                         res_n (net)
                      0.028627    0.000000    1.012934 ^ hold4/A (sky130_fd_sc_hd__dlygate4sd3_1)
     1    0.002192    0.084819    1.013417    2.026351 ^ hold4/X (sky130_fd_sc_hd__dlygate4sd3_1)
                                                         net95 (net)
                      0.084819    0.000101    2.026451 ^ input23/A (sky130_fd_sc_hd__buf_1)
     3    0.014301    0.279955    0.306903    2.333354 ^ input23/X (sky130_fd_sc_hd__buf_1)
                                                         net23 (net)
                      0.280032    0.000489    2.333844 ^ fanout54/A (sky130_fd_sc_hd__clkbuf_2)
     5    0.028912    0.252022    0.413827    2.747671 ^ fanout54/X (sky130_fd_sc_hd__clkbuf_2)
                                                         net54 (net)
                      0.252024    0.001282    2.748953 ^ fanout52/A (sky130_fd_sc_hd__clkbuf_4)
    10    0.050260    0.249103    0.460283    3.209236 ^ fanout52/X (sky130_fd_sc_hd__clkbuf_4)
                                                         net52 (net)
                      0.249349    0.007023    3.216259 ^ _266_/RESET_B (sky130_fd_sc_hd__dfrtp_2)
                                              3.216259   data arrival time

                                  0.000000    0.000000   clock clk (rise edge)
                                  0.000000    0.000000   clock source latency
     1    0.013990    0.108513    0.072400    0.072400 ^ clk (in)
                                                         clk (net)
                      0.108517    0.000000    0.072400 ^ clkbuf_0_clk/A (sky130_fd_sc_hd__clkbuf_16)
     4    0.043543    0.098411    0.271048    0.343448 ^ clkbuf_0_clk/X (sky130_fd_sc_hd__clkbuf_16)
                                                         clknet_0_clk (net)
                      0.098685    0.003340    0.346788 ^ clkbuf_2_0__f_clk/A (sky130_fd_sc_hd__clkbuf_16)
    13    0.041704    0.095784    0.263337    0.610126 ^ clkbuf_2_0__f_clk/X (sky130_fd_sc_hd__clkbuf_16)
                                                         clknet_2_0__leaf_clk (net)
                      0.095947    0.002578    0.612704 ^ _266_/CLK (sky130_fd_sc_hd__dfrtp_2)
                                  0.250000    0.862704   clock uncertainty
                                  0.000000    0.862704   clock reconvergence pessimism
                                  0.720203    1.582906   library removal time
                                              1.582906   data required time
---------------------------------------------------------------------------------------------
                                              1.582906   data required time
                                             -3.216259   data arrival time
---------------------------------------------------------------------------------------------
                                              1.633352   slack (MET)


Startpoint: res_n (input port clocked by clk)
Endpoint: _264_ (removal check against rising-edge clock clk)
Path Group: asynchronous
Path Type: min

Fanout         Cap        Slew       Delay        Time   Description
---------------------------------------------------------------------------------------------
                                  0.000000    0.000000   clock clk (rise edge)
                                  0.000000    0.000000   clock network delay (propagated)
                                  1.000000    1.000000 ^ input external delay
     1    0.002251    0.028627    0.012934    1.012934 ^ res_n (in)
                                                         res_n (net)
                      0.028627    0.000000    1.012934 ^ hold4/A (sky130_fd_sc_hd__dlygate4sd3_1)
     1    0.002192    0.084819    1.013417    2.026351 ^ hold4/X (sky130_fd_sc_hd__dlygate4sd3_1)
                                                         net95 (net)
                      0.084819    0.000101    2.026451 ^ input23/A (sky130_fd_sc_hd__buf_1)
     3    0.014301    0.279955    0.306903    2.333354 ^ input23/X (sky130_fd_sc_hd__buf_1)
                                                         net23 (net)
                      0.280032    0.000489    2.333844 ^ fanout54/A (sky130_fd_sc_hd__clkbuf_2)
     5    0.028912    0.252022    0.413827    2.747671 ^ fanout54/X (sky130_fd_sc_hd__clkbuf_2)
                                                         net54 (net)
                      0.252058    0.003059    2.750729 ^ fanout53/A (sky130_fd_sc_hd__clkbuf_4)
    10    0.044761    0.225121    0.443680    3.194410 ^ fanout53/X (sky130_fd_sc_hd__clkbuf_4)
                                                         net53 (net)
                      0.225141    0.002395    3.196804 ^ _264_/RESET_B (sky130_fd_sc_hd__dfrtp_1)
                                              3.196804   data arrival time

                                  0.000000    0.000000   clock clk (rise edge)
                                  0.000000    0.000000   clock source latency
     1    0.013990    0.108513    0.072400    0.072400 ^ clk (in)
                                                         clk (net)
                      0.108517    0.000000    0.072400 ^ clkbuf_0_clk/A (sky130_fd_sc_hd__clkbuf_16)
     4    0.043543    0.098411    0.271048    0.343448 ^ clkbuf_0_clk/X (sky130_fd_sc_hd__clkbuf_16)
                                                         clknet_0_clk (net)
                      0.098597    0.002356    0.345804 ^ clkbuf_2_2__f_clk/A (sky130_fd_sc_hd__clkbuf_16)
    10    0.034217    0.086382    0.254128    0.599932 ^ clkbuf_2_2__f_clk/X (sky130_fd_sc_hd__clkbuf_16)
                                                         clknet_2_2__leaf_clk (net)
                      0.086427    0.001837    0.601768 ^ _264_/CLK (sky130_fd_sc_hd__dfrtp_1)
                                  0.250000    0.851768   clock uncertainty
                                  0.000000    0.851768   clock reconvergence pessimism
                                  0.710066    1.561835   library removal time
                                              1.561835   data required time
---------------------------------------------------------------------------------------------
                                              1.561835   data required time
                                             -3.196804   data arrival time
---------------------------------------------------------------------------------------------
                                              1.634970   slack (MET)


Startpoint: res_n (input port clocked by clk)
Endpoint: _288_ (removal check against rising-edge clock clk)
Path Group: asynchronous
Path Type: min

Fanout         Cap        Slew       Delay        Time   Description
---------------------------------------------------------------------------------------------
                                  0.000000    0.000000   clock clk (rise edge)
                                  0.000000    0.000000   clock network delay (propagated)
                                  1.000000    1.000000 ^ input external delay
     1    0.002251    0.028627    0.012934    1.012934 ^ res_n (in)
                                                         res_n (net)
                      0.028627    0.000000    1.012934 ^ hold4/A (sky130_fd_sc_hd__dlygate4sd3_1)
     1    0.002192    0.084819    1.013417    2.026351 ^ hold4/X (sky130_fd_sc_hd__dlygate4sd3_1)
                                                         net95 (net)
                      0.084819    0.000101    2.026451 ^ input23/A (sky130_fd_sc_hd__buf_1)
     3    0.014301    0.279955    0.306903    2.333354 ^ input23/X (sky130_fd_sc_hd__buf_1)
                                                         net23 (net)
                      0.280032    0.000489    2.333844 ^ fanout54/A (sky130_fd_sc_hd__clkbuf_2)
     5    0.028912    0.252022    0.413827    2.747671 ^ fanout54/X (sky130_fd_sc_hd__clkbuf_2)
                                                         net54 (net)
                      0.252058    0.003059    2.750729 ^ fanout53/A (sky130_fd_sc_hd__clkbuf_4)
    10    0.044761    0.225121    0.443680    3.194410 ^ fanout53/X (sky130_fd_sc_hd__clkbuf_4)
                                                         net53 (net)
                      0.225235    0.004756    3.199166 ^ _288_/RESET_B (sky130_fd_sc_hd__dfrtp_1)
                                              3.199166   data arrival time

                                  0.000000    0.000000   clock clk (rise edge)
                                  0.000000    0.000000   clock source latency
     1    0.013990    0.108513    0.072400    0.072400 ^ clk (in)
                                                         clk (net)
                      0.108517    0.000000    0.072400 ^ clkbuf_0_clk/A (sky130_fd_sc_hd__clkbuf_16)
     4    0.043543    0.098411    0.271048    0.343448 ^ clkbuf_0_clk/X (sky130_fd_sc_hd__clkbuf_16)
                                                         clknet_0_clk (net)
                      0.098597    0.002356    0.345804 ^ clkbuf_2_2__f_clk/A (sky130_fd_sc_hd__clkbuf_16)
    10    0.034217    0.086382    0.254128    0.599932 ^ clkbuf_2_2__f_clk/X (sky130_fd_sc_hd__clkbuf_16)
                                                         clknet_2_2__leaf_clk (net)
                      0.086474    0.002487    0.602418 ^ _288_/CLK (sky130_fd_sc_hd__dfrtp_1)
                                  0.250000    0.852418   clock uncertainty
                                  0.000000    0.852418   clock reconvergence pessimism
                                  0.710110    1.562528   library removal time
                                              1.562528   data required time
---------------------------------------------------------------------------------------------
                                              1.562528   data required time
                                             -3.199166   data arrival time
---------------------------------------------------------------------------------------------
                                              1.636638   slack (MET)


Startpoint: res_n (input port clocked by clk)
Endpoint: _263_ (removal check against rising-edge clock clk)
Path Group: asynchronous
Path Type: min

Fanout         Cap        Slew       Delay        Time   Description
---------------------------------------------------------------------------------------------
                                  0.000000    0.000000   clock clk (rise edge)
                                  0.000000    0.000000   clock network delay (propagated)
                                  1.000000    1.000000 ^ input external delay
     1    0.002251    0.028627    0.012934    1.012934 ^ res_n (in)
                                                         res_n (net)
                      0.028627    0.000000    1.012934 ^ hold4/A (sky130_fd_sc_hd__dlygate4sd3_1)
     1    0.002192    0.084819    1.013417    2.026351 ^ hold4/X (sky130_fd_sc_hd__dlygate4sd3_1)
                                                         net95 (net)
                      0.084819    0.000101    2.026451 ^ input23/A (sky130_fd_sc_hd__buf_1)
     3    0.014301    0.279955    0.306903    2.333354 ^ input23/X (sky130_fd_sc_hd__buf_1)
                                                         net23 (net)
                      0.280032    0.000489    2.333844 ^ fanout54/A (sky130_fd_sc_hd__clkbuf_2)
     5    0.028912    0.252022    0.413827    2.747671 ^ fanout54/X (sky130_fd_sc_hd__clkbuf_2)
                                                         net54 (net)
                      0.252058    0.003059    2.750729 ^ fanout53/A (sky130_fd_sc_hd__clkbuf_4)
    10    0.044761    0.225121    0.443680    3.194410 ^ fanout53/X (sky130_fd_sc_hd__clkbuf_4)
                                                         net53 (net)
                      0.225191    0.003878    3.198288 ^ _263_/RESET_B (sky130_fd_sc_hd__dfrtp_1)
                                              3.198288   data arrival time

                                  0.000000    0.000000   clock clk (rise edge)
                                  0.000000    0.000000   clock source latency
     1    0.013990    0.108513    0.072400    0.072400 ^ clk (in)
                                                         clk (net)
                      0.108517    0.000000    0.072400 ^ clkbuf_0_clk/A (sky130_fd_sc_hd__clkbuf_16)
     4    0.043543    0.098411    0.271048    0.343448 ^ clkbuf_0_clk/X (sky130_fd_sc_hd__clkbuf_16)
                                                         clknet_0_clk (net)
                      0.098597    0.002356    0.345804 ^ clkbuf_2_2__f_clk/A (sky130_fd_sc_hd__clkbuf_16)
    10    0.034217    0.086382    0.254128    0.599932 ^ clkbuf_2_2__f_clk/X (sky130_fd_sc_hd__clkbuf_16)
                                                         clknet_2_2__leaf_clk (net)
                      0.086409    0.001502    0.601434 ^ _263_/CLK (sky130_fd_sc_hd__dfrtp_1)
                                  0.250000    0.851434   clock uncertainty
                                  0.000000    0.851434   clock reconvergence pessimism
                                  0.710077    1.561510   library removal time
                                              1.561510   data required time
---------------------------------------------------------------------------------------------
                                              1.561510   data required time
                                             -3.198288   data arrival time
---------------------------------------------------------------------------------------------
                                              1.636778   slack (MET)


Startpoint: res_n (input port clocked by clk)
Endpoint: _287_ (removal check against rising-edge clock clk)
Path Group: asynchronous
Path Type: min

Fanout         Cap        Slew       Delay        Time   Description
---------------------------------------------------------------------------------------------
                                  0.000000    0.000000   clock clk (rise edge)
                                  0.000000    0.000000   clock network delay (propagated)
                                  1.000000    1.000000 ^ input external delay
     1    0.002251    0.028627    0.012934    1.012934 ^ res_n (in)
                                                         res_n (net)
                      0.028627    0.000000    1.012934 ^ hold4/A (sky130_fd_sc_hd__dlygate4sd3_1)
     1    0.002192    0.084819    1.013417    2.026351 ^ hold4/X (sky130_fd_sc_hd__dlygate4sd3_1)
                                                         net95 (net)
                      0.084819    0.000101    2.026451 ^ input23/A (sky130_fd_sc_hd__buf_1)
     3    0.014301    0.279955    0.306903    2.333354 ^ input23/X (sky130_fd_sc_hd__buf_1)
                                                         net23 (net)
                      0.280032    0.000489    2.333844 ^ fanout54/A (sky130_fd_sc_hd__clkbuf_2)
     5    0.028912    0.252022    0.413827    2.747671 ^ fanout54/X (sky130_fd_sc_hd__clkbuf_2)
                                                         net54 (net)
                      0.252058    0.003059    2.750729 ^ fanout53/A (sky130_fd_sc_hd__clkbuf_4)
    10    0.044761    0.225121    0.443680    3.194410 ^ fanout53/X (sky130_fd_sc_hd__clkbuf_4)
                                                         net53 (net)
                      0.225255    0.005093    3.199503 ^ _287_/RESET_B (sky130_fd_sc_hd__dfrtp_1)
                                              3.199503   data arrival time

                                  0.000000    0.000000   clock clk (rise edge)
                                  0.000000    0.000000   clock source latency
     1    0.013990    0.108513    0.072400    0.072400 ^ clk (in)
                                                         clk (net)
                      0.108517    0.000000    0.072400 ^ clkbuf_0_clk/A (sky130_fd_sc_hd__clkbuf_16)
     4    0.043543    0.098411    0.271048    0.343448 ^ clkbuf_0_clk/X (sky130_fd_sc_hd__clkbuf_16)
                                                         clknet_0_clk (net)
                      0.098597    0.002356    0.345804 ^ clkbuf_2_2__f_clk/A (sky130_fd_sc_hd__clkbuf_16)
    10    0.034217    0.086382    0.254128    0.599932 ^ clkbuf_2_2__f_clk/X (sky130_fd_sc_hd__clkbuf_16)
                                                         clknet_2_2__leaf_clk (net)
                      0.086473    0.002466    0.602398 ^ _287_/CLK (sky130_fd_sc_hd__dfrtp_1)
                                  0.250000    0.852398   clock uncertainty
                                  0.000000    0.852398   clock reconvergence pessimism
                                  0.710115    1.562513   library removal time
                                              1.562513   data required time
---------------------------------------------------------------------------------------------
                                              1.562513   data required time
                                             -3.199503   data arrival time
---------------------------------------------------------------------------------------------
                                              1.636990   slack (MET)


Startpoint: res_n (input port clocked by clk)
Endpoint: _289_ (removal check against rising-edge clock clk)
Path Group: asynchronous
Path Type: min

Fanout         Cap        Slew       Delay        Time   Description
---------------------------------------------------------------------------------------------
                                  0.000000    0.000000   clock clk (rise edge)
                                  0.000000    0.000000   clock network delay (propagated)
                                  1.000000    1.000000 ^ input external delay
     1    0.002251    0.028627    0.012934    1.012934 ^ res_n (in)
                                                         res_n (net)
                      0.028627    0.000000    1.012934 ^ hold4/A (sky130_fd_sc_hd__dlygate4sd3_1)
     1    0.002192    0.084819    1.013417    2.026351 ^ hold4/X (sky130_fd_sc_hd__dlygate4sd3_1)
                                                         net95 (net)
                      0.084819    0.000101    2.026451 ^ input23/A (sky130_fd_sc_hd__buf_1)
     3    0.014301    0.279955    0.306903    2.333354 ^ input23/X (sky130_fd_sc_hd__buf_1)
                                                         net23 (net)
                      0.280032    0.000489    2.333844 ^ fanout54/A (sky130_fd_sc_hd__clkbuf_2)
     5    0.028912    0.252022    0.413827    2.747671 ^ fanout54/X (sky130_fd_sc_hd__clkbuf_2)
                                                         net54 (net)
                      0.252058    0.003059    2.750729 ^ fanout53/A (sky130_fd_sc_hd__clkbuf_4)
    10    0.044761    0.225121    0.443680    3.194410 ^ fanout53/X (sky130_fd_sc_hd__clkbuf_4)
                                                         net53 (net)
                      0.225284    0.005540    3.199950 ^ _289_/RESET_B (sky130_fd_sc_hd__dfrtp_1)
                                              3.199950   data arrival time

                                  0.000000    0.000000   clock clk (rise edge)
                                  0.000000    0.000000   clock source latency
     1    0.013990    0.108513    0.072400    0.072400 ^ clk (in)
                                                         clk (net)
                      0.108517    0.000000    0.072400 ^ clkbuf_0_clk/A (sky130_fd_sc_hd__clkbuf_16)
     4    0.043543    0.098411    0.271048    0.343448 ^ clkbuf_0_clk/X (sky130_fd_sc_hd__clkbuf_16)
                                                         clknet_0_clk (net)
                      0.098597    0.002356    0.345804 ^ clkbuf_2_2__f_clk/A (sky130_fd_sc_hd__clkbuf_16)
    10    0.034217    0.086382    0.254128    0.599932 ^ clkbuf_2_2__f_clk/X (sky130_fd_sc_hd__clkbuf_16)
                                                         clknet_2_2__leaf_clk (net)
                      0.086466    0.002385    0.602317 ^ _289_/CLK (sky130_fd_sc_hd__dfrtp_1)
                                  0.250000    0.852317   clock uncertainty
                                  0.000000    0.852317   clock reconvergence pessimism
                                  0.710122    1.562439   library removal time
                                              1.562439   data required time
---------------------------------------------------------------------------------------------
                                              1.562439   data required time
                                             -3.199950   data arrival time
---------------------------------------------------------------------------------------------
                                              1.637511   slack (MET)


Startpoint: res_n (input port clocked by clk)
Endpoint: _290_ (removal check against rising-edge clock clk)
Path Group: asynchronous
Path Type: min

Fanout         Cap        Slew       Delay        Time   Description
---------------------------------------------------------------------------------------------
                                  0.000000    0.000000   clock clk (rise edge)
                                  0.000000    0.000000   clock network delay (propagated)
                                  1.000000    1.000000 ^ input external delay
     1    0.002251    0.028627    0.012934    1.012934 ^ res_n (in)
                                                         res_n (net)
                      0.028627    0.000000    1.012934 ^ hold4/A (sky130_fd_sc_hd__dlygate4sd3_1)
     1    0.002192    0.084819    1.013417    2.026351 ^ hold4/X (sky130_fd_sc_hd__dlygate4sd3_1)
                                                         net95 (net)
                      0.084819    0.000101    2.026451 ^ input23/A (sky130_fd_sc_hd__buf_1)
     3    0.014301    0.279955    0.306903    2.333354 ^ input23/X (sky130_fd_sc_hd__buf_1)
                                                         net23 (net)
                      0.280032    0.000489    2.333844 ^ fanout54/A (sky130_fd_sc_hd__clkbuf_2)
     5    0.028912    0.252022    0.413827    2.747671 ^ fanout54/X (sky130_fd_sc_hd__clkbuf_2)
                                                         net54 (net)
                      0.252058    0.003059    2.750729 ^ fanout53/A (sky130_fd_sc_hd__clkbuf_4)
    10    0.044761    0.225121    0.443680    3.194410 ^ fanout53/X (sky130_fd_sc_hd__clkbuf_4)
                                                         net53 (net)
                      0.225290    0.005636    3.200046 ^ _290_/RESET_B (sky130_fd_sc_hd__dfrtp_1)
                                              3.200046   data arrival time

                                  0.000000    0.000000   clock clk (rise edge)
                                  0.000000    0.000000   clock source latency
     1    0.013990    0.108513    0.072400    0.072400 ^ clk (in)
                                                         clk (net)
                      0.108517    0.000000    0.072400 ^ clkbuf_0_clk/A (sky130_fd_sc_hd__clkbuf_16)
     4    0.043543    0.098411    0.271048    0.343448 ^ clkbuf_0_clk/X (sky130_fd_sc_hd__clkbuf_16)
                                                         clknet_0_clk (net)
                      0.098597    0.002356    0.345804 ^ clkbuf_2_2__f_clk/A (sky130_fd_sc_hd__clkbuf_16)
    10    0.034217    0.086382    0.254128    0.599932 ^ clkbuf_2_2__f_clk/X (sky130_fd_sc_hd__clkbuf_16)
                                                         clknet_2_2__leaf_clk (net)
                      0.086464    0.002365    0.602297 ^ _290_/CLK (sky130_fd_sc_hd__dfrtp_1)
                                  0.250000    0.852297   clock uncertainty
                                  0.000000    0.852297   clock reconvergence pessimism
                                  0.710124    1.562421   library removal time
                                              1.562421   data required time
---------------------------------------------------------------------------------------------
                                              1.562421   data required time
                                             -3.200046   data arrival time
---------------------------------------------------------------------------------------------
                                              1.637625   slack (MET)


Startpoint: res_n (input port clocked by clk)
Endpoint: _277_ (removal check against rising-edge clock clk)
Path Group: asynchronous
Path Type: min

Fanout         Cap        Slew       Delay        Time   Description
---------------------------------------------------------------------------------------------
                                  0.000000    0.000000   clock clk (rise edge)
                                  0.000000    0.000000   clock network delay (propagated)
                                  1.000000    1.000000 ^ input external delay
     1    0.002251    0.028627    0.012934    1.012934 ^ res_n (in)
                                                         res_n (net)
                      0.028627    0.000000    1.012934 ^ hold4/A (sky130_fd_sc_hd__dlygate4sd3_1)
     1    0.002192    0.084819    1.013417    2.026351 ^ hold4/X (sky130_fd_sc_hd__dlygate4sd3_1)
                                                         net95 (net)
                      0.084819    0.000101    2.026451 ^ input23/A (sky130_fd_sc_hd__buf_1)
     3    0.014301    0.279955    0.306903    2.333354 ^ input23/X (sky130_fd_sc_hd__buf_1)
                                                         net23 (net)
                      0.280032    0.000489    2.333844 ^ fanout54/A (sky130_fd_sc_hd__clkbuf_2)
     5    0.028912    0.252022    0.413827    2.747671 ^ fanout54/X (sky130_fd_sc_hd__clkbuf_2)
                                                         net54 (net)
                      0.252058    0.003059    2.750729 ^ fanout53/A (sky130_fd_sc_hd__clkbuf_4)
    10    0.044761    0.225121    0.443680    3.194410 ^ fanout53/X (sky130_fd_sc_hd__clkbuf_4)
                                                         net53 (net)
                      0.225302    0.005799    3.200209 ^ _277_/RESET_B (sky130_fd_sc_hd__dfrtp_1)
                                              3.200209   data arrival time

                                  0.000000    0.000000   clock clk (rise edge)
                                  0.000000    0.000000   clock source latency
     1    0.013990    0.108513    0.072400    0.072400 ^ clk (in)
                                                         clk (net)
                      0.108517    0.000000    0.072400 ^ clkbuf_0_clk/A (sky130_fd_sc_hd__clkbuf_16)
     4    0.043543    0.098411    0.271048    0.343448 ^ clkbuf_0_clk/X (sky130_fd_sc_hd__clkbuf_16)
                                                         clknet_0_clk (net)
                      0.098597    0.002356    0.345804 ^ clkbuf_2_2__f_clk/A (sky130_fd_sc_hd__clkbuf_16)
    10    0.034217    0.086382    0.254128    0.599932 ^ clkbuf_2_2__f_clk/X (sky130_fd_sc_hd__clkbuf_16)
                                                         clknet_2_2__leaf_clk (net)
                      0.086450    0.002172    0.602103 ^ _277_/CLK (sky130_fd_sc_hd__dfrtp_1)
                                  0.250000    0.852103   clock uncertainty
                                  0.000000    0.852103   clock reconvergence pessimism
                                  0.710123    1.562226   library removal time
                                              1.562226   data required time
---------------------------------------------------------------------------------------------
                                              1.562226   data required time
                                             -3.200209   data arrival time
---------------------------------------------------------------------------------------------
                                              1.637983   slack (MET)


Startpoint: res_n (input port clocked by clk)
Endpoint: _299_ (removal check against rising-edge clock clk)
Path Group: asynchronous
Path Type: min

Fanout         Cap        Slew       Delay        Time   Description
---------------------------------------------------------------------------------------------
                                  0.000000    0.000000   clock clk (rise edge)
                                  0.000000    0.000000   clock network delay (propagated)
                                  1.000000    1.000000 ^ input external delay
     1    0.002251    0.028627    0.012934    1.012934 ^ res_n (in)
                                                         res_n (net)
                      0.028627    0.000000    1.012934 ^ hold4/A (sky130_fd_sc_hd__dlygate4sd3_1)
     1    0.002192    0.084819    1.013417    2.026351 ^ hold4/X (sky130_fd_sc_hd__dlygate4sd3_1)
                                                         net95 (net)
                      0.084819    0.000101    2.026451 ^ input23/A (sky130_fd_sc_hd__buf_1)
     3    0.014301    0.279955    0.306903    2.333354 ^ input23/X (sky130_fd_sc_hd__buf_1)
                                                         net23 (net)
                      0.280032    0.000489    2.333844 ^ fanout54/A (sky130_fd_sc_hd__clkbuf_2)
     5    0.028912    0.252022    0.413827    2.747671 ^ fanout54/X (sky130_fd_sc_hd__clkbuf_2)
                                                         net54 (net)
                      0.252058    0.003059    2.750729 ^ fanout53/A (sky130_fd_sc_hd__clkbuf_4)
    10    0.044761    0.225121    0.443680    3.194410 ^ fanout53/X (sky130_fd_sc_hd__clkbuf_4)
                                                         net53 (net)
                      0.225230    0.004668    3.199078 ^ _299_/RESET_B (sky130_fd_sc_hd__dfrtp_1)
                                              3.199078   data arrival time

                                  0.000000    0.000000   clock clk (rise edge)
                                  0.000000    0.000000   clock source latency
     1    0.013990    0.108513    0.072400    0.072400 ^ clk (in)
                                                         clk (net)
                      0.108517    0.000000    0.072400 ^ clkbuf_0_clk/A (sky130_fd_sc_hd__clkbuf_16)
     4    0.043543    0.098411    0.271048    0.343448 ^ clkbuf_0_clk/X (sky130_fd_sc_hd__clkbuf_16)
                                                         clknet_0_clk (net)
                      0.098597    0.002356    0.345804 ^ clkbuf_2_2__f_clk/A (sky130_fd_sc_hd__clkbuf_16)
    10    0.034217    0.086382    0.254128    0.599932 ^ clkbuf_2_2__f_clk/X (sky130_fd_sc_hd__clkbuf_16)
                                                         clknet_2_2__leaf_clk (net)
                      0.086389    0.000936    0.600868 ^ _299_/CLK (sky130_fd_sc_hd__dfrtp_1)
                                  0.250000    0.850868   clock uncertainty
                                  0.000000    0.850868   clock reconvergence pessimism
                                  0.710083    1.560950   library removal time
                                              1.560950   data required time
---------------------------------------------------------------------------------------------
                                              1.560950   data required time
                                             -3.199078   data arrival time
---------------------------------------------------------------------------------------------
                                              1.638128   slack (MET)


Startpoint: res_n (input port clocked by clk)
Endpoint: _285_ (removal check against rising-edge clock clk)
Path Group: asynchronous
Path Type: min

Fanout         Cap        Slew       Delay        Time   Description
---------------------------------------------------------------------------------------------
                                  0.000000    0.000000   clock clk (rise edge)
                                  0.000000    0.000000   clock network delay (propagated)
                                  1.000000    1.000000 ^ input external delay
     1    0.002251    0.028627    0.012934    1.012934 ^ res_n (in)
                                                         res_n (net)
                      0.028627    0.000000    1.012934 ^ hold4/A (sky130_fd_sc_hd__dlygate4sd3_1)
     1    0.002192    0.084819    1.013417    2.026351 ^ hold4/X (sky130_fd_sc_hd__dlygate4sd3_1)
                                                         net95 (net)
                      0.084819    0.000101    2.026451 ^ input23/A (sky130_fd_sc_hd__buf_1)
     3    0.014301    0.279955    0.306903    2.333354 ^ input23/X (sky130_fd_sc_hd__buf_1)
                                                         net23 (net)
                      0.280032    0.000489    2.333844 ^ fanout54/A (sky130_fd_sc_hd__clkbuf_2)
     5    0.028912    0.252022    0.413827    2.747671 ^ fanout54/X (sky130_fd_sc_hd__clkbuf_2)
                                                         net54 (net)
                      0.252058    0.003059    2.750729 ^ fanout53/A (sky130_fd_sc_hd__clkbuf_4)
    10    0.044761    0.225121    0.443680    3.194410 ^ fanout53/X (sky130_fd_sc_hd__clkbuf_4)
                                                         net53 (net)
                      0.225229    0.004640    3.199049 ^ _285_/RESET_B (sky130_fd_sc_hd__dfrtp_1)
                                              3.199049   data arrival time

                                  0.000000    0.000000   clock clk (rise edge)
                                  0.000000    0.000000   clock source latency
     1    0.013990    0.108513    0.072400    0.072400 ^ clk (in)
                                                         clk (net)
                      0.108517    0.000000    0.072400 ^ clkbuf_0_clk/A (sky130_fd_sc_hd__clkbuf_16)
     4    0.043543    0.098411    0.271048    0.343448 ^ clkbuf_0_clk/X (sky130_fd_sc_hd__clkbuf_16)
                                                         clknet_0_clk (net)
                      0.098597    0.002356    0.345804 ^ clkbuf_2_2__f_clk/A (sky130_fd_sc_hd__clkbuf_16)
    10    0.034217    0.086382    0.254128    0.599932 ^ clkbuf_2_2__f_clk/X (sky130_fd_sc_hd__clkbuf_16)
                                                         clknet_2_2__leaf_clk (net)
                      0.086388    0.000894    0.600826 ^ _285_/CLK (sky130_fd_sc_hd__dfrtp_1)
                                  0.250000    0.850826   clock uncertainty
                                  0.000000    0.850826   clock reconvergence pessimism
                                  0.710082    1.560908   library removal time
                                              1.560908   data required time
---------------------------------------------------------------------------------------------
                                              1.560908   data required time
                                             -3.199049   data arrival time
---------------------------------------------------------------------------------------------
                                              1.638142   slack (MET)


Startpoint: _270_ (rising edge-triggered flip-flop clocked by clk)
Endpoint: rlast (output port clocked by clk)
Path Group: clk
Path Type: min

Fanout         Cap        Slew       Delay        Time   Description
---------------------------------------------------------------------------------------------
                                  0.000000    0.000000   clock clk (rise edge)
                                  0.000000    0.000000   clock source latency
     1    0.013990    0.108513    0.072400    0.072400 ^ clk (in)
                                                         clk (net)
                      0.108517    0.000000    0.072400 ^ clkbuf_0_clk/A (sky130_fd_sc_hd__clkbuf_16)
     4    0.043543    0.098411    0.271048    0.343448 ^ clkbuf_0_clk/X (sky130_fd_sc_hd__clkbuf_16)
                                                         clknet_0_clk (net)
                      0.098577    0.002108    0.345556 ^ clkbuf_2_3__f_clk/A (sky130_fd_sc_hd__clkbuf_16)
     8    0.035099    0.087618    0.255453    0.601009 ^ clkbuf_2_3__f_clk/X (sky130_fd_sc_hd__clkbuf_16)
                                                         clknet_2_3__leaf_clk (net)
                      0.087636    0.001256    0.602265 ^ _270_/CLK (sky130_fd_sc_hd__dfrtp_1)
     2    0.004674    0.100884    0.668283    1.270549 ^ _270_/Q (sky130_fd_sc_hd__dfrtp_1)
                                                         last (net)
                      0.100884    0.000238    1.270787 ^ _153_/A (sky130_fd_sc_hd__and2_1)
     1    0.001998    0.069322    0.217525    1.488312 ^ _153_/X (sky130_fd_sc_hd__and2_1)
                                                         net36 (net)
                      0.069322    0.000142    1.488454 ^ output36/A (sky130_fd_sc_hd__buf_2)
     1    0.034639    0.275097    0.344445    1.832899 ^ output36/X (sky130_fd_sc_hd__buf_2)
                                                         rlast (net)
                      0.275103    0.001690    1.834589 ^ rlast (out)
                                              1.834589   data arrival time

                                  0.000000    0.000000   clock clk (rise edge)
                                  0.000000    0.000000   clock network delay (propagated)
                                  0.250000    0.250000   clock uncertainty
                                  0.000000    0.250000   clock reconvergence pessimism
                                 -1.000000   -0.750000   output external delay
                                             -0.750000   data required time
---------------------------------------------------------------------------------------------
                                             -0.750000   data required time
                                             -1.834589   data arrival time
---------------------------------------------------------------------------------------------
                                              2.584589   slack (MET)


Startpoint: _277_ (rising edge-triggered flip-flop clocked by clk)
Endpoint: PADDR[2] (output port clocked by clk)
Path Group: clk
Path Type: min

Fanout         Cap        Slew       Delay        Time   Description
---------------------------------------------------------------------------------------------
                                  0.000000    0.000000   clock clk (rise edge)
                                  0.000000    0.000000   clock source latency
     1    0.013990    0.108513    0.072400    0.072400 ^ clk (in)
                                                         clk (net)
                      0.108517    0.000000    0.072400 ^ clkbuf_0_clk/A (sky130_fd_sc_hd__clkbuf_16)
     4    0.043543    0.098411    0.271048    0.343448 ^ clkbuf_0_clk/X (sky130_fd_sc_hd__clkbuf_16)
                                                         clknet_0_clk (net)
                      0.098597    0.002356    0.345804 ^ clkbuf_2_2__f_clk/A (sky130_fd_sc_hd__clkbuf_16)
    10    0.034217    0.086382    0.254128    0.599932 ^ clkbuf_2_2__f_clk/X (sky130_fd_sc_hd__clkbuf_16)
                                                         clknet_2_2__leaf_clk (net)
                      0.086450    0.002172    0.602103 ^ _277_/CLK (sky130_fd_sc_hd__dfrtp_1)
     4    0.011632    0.186159    0.740800    1.342903 ^ _277_/Q (sky130_fd_sc_hd__dfrtp_1)
                                                         DADDR[2] (net)
                      0.186159    0.000532    1.343436 ^ _156_/B (sky130_fd_sc_hd__and2_1)
     1    0.002405    0.074560    0.264604    1.608039 ^ _156_/X (sky130_fd_sc_hd__and2_1)
                                                         net29 (net)
                      0.074560    0.000158    1.608197 ^ output29/A (sky130_fd_sc_hd__buf_2)
     1    0.034377    0.273149    0.345522    1.953719 ^ output29/X (sky130_fd_sc_hd__buf_2)
                                                         PADDR[2] (net)
                      0.273154    0.001596    1.955315 ^ PADDR[2] (out)
                                              1.955315   data arrival time

                                  0.000000    0.000000   clock clk (rise edge)
                                  0.000000    0.000000   clock network delay (propagated)
                                  0.250000    0.250000   clock uncertainty
                                  0.000000    0.250000   clock reconvergence pessimism
                                 -1.000000   -0.750000   output external delay
                                             -0.750000   data required time
---------------------------------------------------------------------------------------------
                                             -0.750000   data required time
                                             -1.955315   data arrival time
---------------------------------------------------------------------------------------------
                                              2.705315   slack (MET)


Startpoint: _269_ (rising edge-triggered flip-flop clocked by clk)
Endpoint: PADDR[0] (output port clocked by clk)
Path Group: clk
Path Type: min

Fanout         Cap        Slew       Delay        Time   Description
---------------------------------------------------------------------------------------------
                                  0.000000    0.000000   clock clk (rise edge)
                                  0.000000    0.000000   clock source latency
     1    0.013990    0.108513    0.072400    0.072400 ^ clk (in)
                                                         clk (net)
                      0.108517    0.000000    0.072400 ^ clkbuf_0_clk/A (sky130_fd_sc_hd__clkbuf_16)
     4    0.043543    0.098411    0.271048    0.343448 ^ clkbuf_0_clk/X (sky130_fd_sc_hd__clkbuf_16)
                                                         clknet_0_clk (net)
                      0.098577    0.002108    0.345556 ^ clkbuf_2_3__f_clk/A (sky130_fd_sc_hd__clkbuf_16)
     8    0.035099    0.087618    0.255453    0.601009 ^ clkbuf_2_3__f_clk/X (sky130_fd_sc_hd__clkbuf_16)
                                                         clknet_2_3__leaf_clk (net)
                      0.087650    0.001576    0.602586 ^ _269_/CLK (sky130_fd_sc_hd__dfrtp_1)
     4    0.015579    0.232985    0.781004    1.383589 ^ _269_/Q (sky130_fd_sc_hd__dfrtp_1)
                                                         DWREQ (net)
                      0.232985    0.000787    1.384377 ^ _154_/A (sky130_fd_sc_hd__and2_1)
     1    0.002414    0.074671    0.278193    1.662570 ^ _154_/X (sky130_fd_sc_hd__and2_1)
                                                         net27 (net)
                      0.074671    0.000159    1.662728 ^ output27/A (sky130_fd_sc_hd__buf_2)
     1    0.034441    0.273627    0.345900    2.008628 ^ output27/X (sky130_fd_sc_hd__buf_2)
                                                         PADDR[0] (net)
                      0.273632    0.001614    2.010242 ^ PADDR[0] (out)
                                              2.010242   data arrival time

                                  0.000000    0.000000   clock clk (rise edge)
                                  0.000000    0.000000   clock network delay (propagated)
                                  0.250000    0.250000   clock uncertainty
                                  0.000000    0.250000   clock reconvergence pessimism
                                 -1.000000   -0.750000   output external delay
                                             -0.750000   data required time
---------------------------------------------------------------------------------------------
                                             -0.750000   data required time
                                             -2.010242   data arrival time
---------------------------------------------------------------------------------------------
                                              2.760242   slack (MET)


Startpoint: _269_ (rising edge-triggered flip-flop clocked by clk)
Endpoint: PADDR[1] (output port clocked by clk)
Path Group: clk
Path Type: min

Fanout         Cap        Slew       Delay        Time   Description
---------------------------------------------------------------------------------------------
                                  0.000000    0.000000   clock clk (rise edge)
                                  0.000000    0.000000   clock source latency
     1    0.013990    0.108513    0.072400    0.072400 ^ clk (in)
                                                         clk (net)
                      0.108517    0.000000    0.072400 ^ clkbuf_0_clk/A (sky130_fd_sc_hd__clkbuf_16)
     4    0.043543    0.098411    0.271048    0.343448 ^ clkbuf_0_clk/X (sky130_fd_sc_hd__clkbuf_16)
                                                         clknet_0_clk (net)
                      0.098577    0.002108    0.345556 ^ clkbuf_2_3__f_clk/A (sky130_fd_sc_hd__clkbuf_16)
     8    0.035099    0.087618    0.255453    0.601009 ^ clkbuf_2_3__f_clk/X (sky130_fd_sc_hd__clkbuf_16)
                                                         clknet_2_3__leaf_clk (net)
                      0.087650    0.001576    0.602586 ^ _269_/CLK (sky130_fd_sc_hd__dfrtp_1)
     4    0.015579    0.232985    0.781004    1.383589 ^ _269_/Q (sky130_fd_sc_hd__dfrtp_1)
                                                         DWREQ (net)
                      0.232985    0.000862    1.384451 ^ _155_/A (sky130_fd_sc_hd__and2_1)
     1    0.003697    0.091117    0.294396    1.678847 ^ _155_/X (sky130_fd_sc_hd__and2_1)
                                                         net28 (net)
                      0.091117    0.000247    1.679095 ^ output28/A (sky130_fd_sc_hd__buf_2)
     1    0.034449    0.273710    0.353602    2.032697 ^ output28/X (sky130_fd_sc_hd__buf_2)
                                                         PADDR[1] (net)
                      0.273715    0.001614    2.034311 ^ PADDR[1] (out)
                                              2.034311   data arrival time

                                  0.000000    0.000000   clock clk (rise edge)
                                  0.000000    0.000000   clock network delay (propagated)
                                  0.250000    0.250000   clock uncertainty
                                  0.000000    0.250000   clock reconvergence pessimism
                                 -1.000000   -0.750000   output external delay
                                             -0.750000   data required time
---------------------------------------------------------------------------------------------
                                             -0.750000   data required time
                                             -2.034311   data arrival time
---------------------------------------------------------------------------------------------
                                              2.784311   slack (MET)


Startpoint: _301_ (rising edge-triggered flip-flop clocked by clk)
Endpoint: wready (output port clocked by clk)
Path Group: clk
Path Type: min

Fanout         Cap        Slew       Delay        Time   Description
---------------------------------------------------------------------------------------------
                                  0.000000    0.000000   clock clk (rise edge)
                                  0.000000    0.000000   clock source latency
     1    0.013990    0.108513    0.072400    0.072400 ^ clk (in)
                                                         clk (net)
                      0.108517    0.000000    0.072400 ^ clkbuf_0_clk/A (sky130_fd_sc_hd__clkbuf_16)
     4    0.043543    0.098411    0.271048    0.343448 ^ clkbuf_0_clk/X (sky130_fd_sc_hd__clkbuf_16)
                                                         clknet_0_clk (net)
                      0.098577    0.002108    0.345556 ^ clkbuf_2_3__f_clk/A (sky130_fd_sc_hd__clkbuf_16)
     8    0.035099    0.087618    0.255453    0.601009 ^ clkbuf_2_3__f_clk/X (sky130_fd_sc_hd__clkbuf_16)
                                                         clknet_2_3__leaf_clk (net)
                      0.087634    0.001188    0.602198 ^ _301_/CLK (sky130_fd_sc_hd__dfrtp_1)
     2    0.009111    0.154550    0.714848    1.317046 ^ _301_/Q (sky130_fd_sc_hd__dfrtp_1)
                                                         current_state[2] (net)
                      0.154550    0.000662    1.317708 ^ _146_/C (sky130_fd_sc_hd__nor4b_2)
     5    0.017574    0.104710    0.161097    1.478805 v _146_/Y (sky130_fd_sc_hd__nor4b_2)
                                                         net39 (net)
                      0.104727    0.001299    1.480105 v wire45/A (sky130_fd_sc_hd__clkbuf_2)
     6    0.022509    0.164131    0.295723    1.775828 v wire45/X (sky130_fd_sc_hd__clkbuf_2)
                                                         net45 (net)
                      0.164145    0.001603    1.777431 v output39/A (sky130_fd_sc_hd__buf_2)
     1    0.034218    0.166073    0.388867    2.166298 v output39/X (sky130_fd_sc_hd__buf_2)
                                                         wready (net)
                      0.166089    0.001704    2.168002 v wready (out)
                                              2.168002   data arrival time

                                  0.000000    0.000000   clock clk (rise edge)
                                  0.000000    0.000000   clock network delay (propagated)
                                  0.250000    0.250000   clock uncertainty
                                  0.000000    0.250000   clock reconvergence pessimism
                                 -1.000000   -0.750000   output external delay
                                             -0.750000   data required time
---------------------------------------------------------------------------------------------
                                             -0.750000   data required time
                                             -2.168002   data arrival time
---------------------------------------------------------------------------------------------
                                              2.918002   slack (MET)


Startpoint: _302_ (rising edge-triggered flip-flop clocked by clk)
Endpoint: awready (output port clocked by clk)
Path Group: clk
Path Type: min

Fanout         Cap        Slew       Delay        Time   Description
---------------------------------------------------------------------------------------------
                                  0.000000    0.000000   clock clk (rise edge)
                                  0.000000    0.000000   clock source latency
     1    0.013990    0.108513    0.072400    0.072400 ^ clk (in)
                                                         clk (net)
                      0.108517    0.000000    0.072400 ^ clkbuf_0_clk/A (sky130_fd_sc_hd__clkbuf_16)
     4    0.043543    0.098411    0.271048    0.343448 ^ clkbuf_0_clk/X (sky130_fd_sc_hd__clkbuf_16)
                                                         clknet_0_clk (net)
                      0.098577    0.002108    0.345556 ^ clkbuf_2_3__f_clk/A (sky130_fd_sc_hd__clkbuf_16)
     8    0.035099    0.087618    0.255453    0.601009 ^ clkbuf_2_3__f_clk/X (sky130_fd_sc_hd__clkbuf_16)
                                                         clknet_2_3__leaf_clk (net)
                      0.087661    0.001773    0.602782 ^ _302_/CLK (sky130_fd_sc_hd__dfrtp_1)
     4    0.017199    0.253907    0.796288    1.399071 ^ _302_/Q (sky130_fd_sc_hd__dfrtp_1)
                                                         current_state[3] (net)
                      0.253907    0.000989    1.400060 ^ _142_/A (sky130_fd_sc_hd__or4bb_4)
     4    0.022526    0.128014    0.365216    1.765276 ^ _142_/X (sky130_fd_sc_hd__or4bb_4)
                                                         _122_ (net)
                      0.128033    0.001566    1.766842 ^ _143_/A (sky130_fd_sc_hd__inv_2)
     3    0.009823    0.056587    0.100350    1.867192 v _143_/Y (sky130_fd_sc_hd__inv_2)
                                                         net33 (net)
                      0.056590    0.000442    1.867633 v output33/A (sky130_fd_sc_hd__buf_2)
     1    0.034175    0.165883    0.337444    2.205078 v output33/X (sky130_fd_sc_hd__buf_2)
                                                         awready (net)
                      0.165898    0.001658    2.206735 v awready (out)
                                              2.206735   data arrival time

                                  0.000000    0.000000   clock clk (rise edge)
                                  0.000000    0.000000   clock network delay (propagated)
                                  0.250000    0.250000   clock uncertainty
                                  0.000000    0.250000   clock reconvergence pessimism
                                 -1.000000   -0.750000   output external delay
                                             -0.750000   data required time
---------------------------------------------------------------------------------------------
                                             -0.750000   data required time
                                             -2.206735   data arrival time
---------------------------------------------------------------------------------------------
                                              2.956735   slack (MET)


Startpoint: _302_ (rising edge-triggered flip-flop clocked by clk)
Endpoint: arready (output port clocked by clk)
Path Group: clk
Path Type: min

Fanout         Cap        Slew       Delay        Time   Description
---------------------------------------------------------------------------------------------
                                  0.000000    0.000000   clock clk (rise edge)
                                  0.000000    0.000000   clock source latency
     1    0.013990    0.108513    0.072400    0.072400 ^ clk (in)
                                                         clk (net)
                      0.108517    0.000000    0.072400 ^ clkbuf_0_clk/A (sky130_fd_sc_hd__clkbuf_16)
     4    0.043543    0.098411    0.271048    0.343448 ^ clkbuf_0_clk/X (sky130_fd_sc_hd__clkbuf_16)
                                                         clknet_0_clk (net)
                      0.098577    0.002108    0.345556 ^ clkbuf_2_3__f_clk/A (sky130_fd_sc_hd__clkbuf_16)
     8    0.035099    0.087618    0.255453    0.601009 ^ clkbuf_2_3__f_clk/X (sky130_fd_sc_hd__clkbuf_16)
                                                         clknet_2_3__leaf_clk (net)
                      0.087661    0.001773    0.602782 ^ _302_/CLK (sky130_fd_sc_hd__dfrtp_1)
     4    0.017199    0.253907    0.796288    1.399071 ^ _302_/Q (sky130_fd_sc_hd__dfrtp_1)
                                                         current_state[3] (net)
                      0.253907    0.000976    1.400046 ^ _147_/A (sky130_fd_sc_hd__or4b_4)
     4    0.018262    0.109132    0.349835    1.749881 ^ _147_/X (sky130_fd_sc_hd__or4b_4)
                                                         _124_ (net)
                      0.109144    0.001221    1.751102 ^ _148_/A (sky130_fd_sc_hd__inv_2)
     8    0.044020    0.189202    0.196639    1.947741 v _148_/Y (sky130_fd_sc_hd__inv_2)
                                                         net32 (net)
                      0.189290    0.003421    1.951162 v output32/A (sky130_fd_sc_hd__buf_2)
     1    0.034399    0.166792    0.401646    2.352808 v output32/X (sky130_fd_sc_hd__buf_2)
                                                         arready (net)
                      0.166805    0.001597    2.354405 v arready (out)
                                              2.354405   data arrival time

                                  0.000000    0.000000   clock clk (rise edge)
                                  0.000000    0.000000   clock network delay (propagated)
                                  0.250000    0.250000   clock uncertainty
                                  0.000000    0.250000   clock reconvergence pessimism
                                 -1.000000   -0.750000   output external delay
                                             -0.750000   data required time
---------------------------------------------------------------------------------------------
                                             -0.750000   data required time
                                             -2.354405   data arrival time
---------------------------------------------------------------------------------------------
                                              3.104405   slack (MET)


Startpoint: _302_ (rising edge-triggered flip-flop clocked by clk)
Endpoint: PWRITE (output port clocked by clk)
Path Group: clk
Path Type: min

Fanout         Cap        Slew       Delay        Time   Description
---------------------------------------------------------------------------------------------
                                  0.000000    0.000000   clock clk (rise edge)
                                  0.000000    0.000000   clock source latency
     1    0.013990    0.108513    0.072400    0.072400 ^ clk (in)
                                                         clk (net)
                      0.108517    0.000000    0.072400 ^ clkbuf_0_clk/A (sky130_fd_sc_hd__clkbuf_16)
     4    0.043543    0.098411    0.271048    0.343448 ^ clkbuf_0_clk/X (sky130_fd_sc_hd__clkbuf_16)
                                                         clknet_0_clk (net)
                      0.098577    0.002108    0.345556 ^ clkbuf_2_3__f_clk/A (sky130_fd_sc_hd__clkbuf_16)
     8    0.035099    0.087618    0.255453    0.601009 ^ clkbuf_2_3__f_clk/X (sky130_fd_sc_hd__clkbuf_16)
                                                         clknet_2_3__leaf_clk (net)
                      0.087661    0.001773    0.602782 ^ _302_/CLK (sky130_fd_sc_hd__dfrtp_1)
     4    0.016480    0.188611    0.864684    1.467467 v _302_/Q (sky130_fd_sc_hd__dfrtp_1)
                                                         current_state[3] (net)
                      0.188611    0.000487    1.467954 v fanout48/A (sky130_fd_sc_hd__clkbuf_2)
    10    0.031908    0.225936    0.380449    1.848404 v fanout48/X (sky130_fd_sc_hd__clkbuf_2)
                                                         net48 (net)
                      0.225959    0.002336    1.850739 v _126_/A (sky130_fd_sc_hd__inv_2)
     4    0.016428    0.139051    0.207701    2.058440 ^ _126_/Y (sky130_fd_sc_hd__inv_2)
                                                         _107_ (net)
                      0.139053    0.000722    2.059162 ^ _140_/A (sky130_fd_sc_hd__nor2_1)
     2    0.006692    0.080452    0.134443    2.193605 v _140_/Y (sky130_fd_sc_hd__nor2_1)
                                                         net31 (net)
                      0.080453    0.000357    2.193962 v output31/A (sky130_fd_sc_hd__buf_2)
     1    0.034042    0.165237    0.348008    2.541970 v output31/X (sky130_fd_sc_hd__buf_2)
                                                         PWRITE (net)
                      0.165251    0.001610    2.543580 v PWRITE (out)
                                              2.543580   data arrival time

                                  0.000000    0.000000   clock clk (rise edge)
                                  0.000000    0.000000   clock network delay (propagated)
                                  0.250000    0.250000   clock uncertainty
                                  0.000000    0.250000   clock reconvergence pessimism
                                 -1.000000   -0.750000   output external delay
                                             -0.750000   data required time
---------------------------------------------------------------------------------------------
                                             -0.750000   data required time
                                             -2.543580   data arrival time
---------------------------------------------------------------------------------------------
                                              3.293580   slack (MET)


Startpoint: _301_ (rising edge-triggered flip-flop clocked by clk)
Endpoint: bresp (output port clocked by clk)
Path Group: clk
Path Type: min

Fanout         Cap        Slew       Delay        Time   Description
---------------------------------------------------------------------------------------------
                                  0.000000    0.000000   clock clk (rise edge)
                                  0.000000    0.000000   clock source latency
     1    0.013990    0.108513    0.072400    0.072400 ^ clk (in)
                                                         clk (net)
                      0.108517    0.000000    0.072400 ^ clkbuf_0_clk/A (sky130_fd_sc_hd__clkbuf_16)
     4    0.043543    0.098411    0.271048    0.343448 ^ clkbuf_0_clk/X (sky130_fd_sc_hd__clkbuf_16)
                                                         clknet_0_clk (net)
                      0.098577    0.002108    0.345556 ^ clkbuf_2_3__f_clk/A (sky130_fd_sc_hd__clkbuf_16)
     8    0.035099    0.087618    0.255453    0.601009 ^ clkbuf_2_3__f_clk/X (sky130_fd_sc_hd__clkbuf_16)
                                                         clknet_2_3__leaf_clk (net)
                      0.087634    0.001188    0.602198 ^ _301_/CLK (sky130_fd_sc_hd__dfrtp_1)
     2    0.009111    0.154550    0.714848    1.317046 ^ _301_/Q (sky130_fd_sc_hd__dfrtp_1)
                                                         current_state[2] (net)
                      0.154550    0.000591    1.317637 ^ fanout49/A (sky130_fd_sc_hd__clkbuf_2)
    10    0.031359    0.271185    0.374866    1.692503 ^ fanout49/X (sky130_fd_sc_hd__clkbuf_2)
                                                         net49 (net)
                      0.271188    0.001416    1.693919 ^ _149_/B_N (sky130_fd_sc_hd__and4bb_1)
     3    0.006902    0.101303    0.538850    2.232769 v _149_/X (sky130_fd_sc_hd__and4bb_1)
                                                         net34 (net)
                      0.101303    0.000343    2.233112 v output34/A (sky130_fd_sc_hd__buf_2)
     1    0.034211    0.165948    0.358575    2.591688 v output34/X (sky130_fd_sc_hd__buf_2)
                                                         bresp (net)
                      0.165963    0.001652    2.593340 v bresp (out)
                                              2.593340   data arrival time

                                  0.000000    0.000000   clock clk (rise edge)
                                  0.000000    0.000000   clock network delay (propagated)
                                  0.250000    0.250000   clock uncertainty
                                  0.000000    0.250000   clock reconvergence pessimism
                                 -1.000000   -0.750000   output external delay
                                             -0.750000   data required time
---------------------------------------------------------------------------------------------
                                             -0.750000   data required time
                                             -2.593340   data arrival time
---------------------------------------------------------------------------------------------
                                              3.343339   slack (MET)


Startpoint: _302_ (rising edge-triggered flip-flop clocked by clk)
Endpoint: PENABLE (output port clocked by clk)
Path Group: clk
Path Type: min

Fanout         Cap        Slew       Delay        Time   Description
---------------------------------------------------------------------------------------------
                                  0.000000    0.000000   clock clk (rise edge)
                                  0.000000    0.000000   clock source latency
     1    0.013990    0.108513    0.072400    0.072400 ^ clk (in)
                                                         clk (net)
                      0.108517    0.000000    0.072400 ^ clkbuf_0_clk/A (sky130_fd_sc_hd__clkbuf_16)
     4    0.043543    0.098411    0.271048    0.343448 ^ clkbuf_0_clk/X (sky130_fd_sc_hd__clkbuf_16)
                                                         clknet_0_clk (net)
                      0.098577    0.002108    0.345556 ^ clkbuf_2_3__f_clk/A (sky130_fd_sc_hd__clkbuf_16)
     8    0.035099    0.087618    0.255453    0.601009 ^ clkbuf_2_3__f_clk/X (sky130_fd_sc_hd__clkbuf_16)
                                                         clknet_2_3__leaf_clk (net)
                      0.087661    0.001773    0.602782 ^ _302_/CLK (sky130_fd_sc_hd__dfrtp_1)
     4    0.016480    0.188611    0.864684    1.467467 v _302_/Q (sky130_fd_sc_hd__dfrtp_1)
                                                         current_state[3] (net)
                      0.188611    0.000487    1.467954 v fanout48/A (sky130_fd_sc_hd__clkbuf_2)
    10    0.031908    0.225936    0.380449    1.848404 v fanout48/X (sky130_fd_sc_hd__clkbuf_2)
                                                         net48 (net)
                      0.225951    0.001963    1.850367 v _151_/A (sky130_fd_sc_hd__nor2_1)
     2    0.005406    0.200241    0.281038    2.131405 ^ _151_/Y (sky130_fd_sc_hd__nor2_1)
                                                         _019_ (net)
                      0.200241    0.000168    2.131573 ^ _152_/B (sky130_fd_sc_hd__or2_1)
     1    0.002257    0.059052    0.211317    2.342891 ^ _152_/X (sky130_fd_sc_hd__or2_1)
                                                         net30 (net)
                      0.059052    0.000105    2.342995 ^ output30/A (sky130_fd_sc_hd__buf_2)
     1    0.034044    0.270652    0.336626    2.679621 ^ output30/X (sky130_fd_sc_hd__buf_2)
                                                         PENABLE (net)
                      0.270658    0.001610    2.681231 ^ PENABLE (out)
                                              2.681231   data arrival time

                                  0.000000    0.000000   clock clk (rise edge)
                                  0.000000    0.000000   clock network delay (propagated)
                                  0.250000    0.250000   clock uncertainty
                                  0.000000    0.250000   clock reconvergence pessimism
                                 -1.000000   -0.750000   output external delay
                                             -0.750000   data required time
---------------------------------------------------------------------------------------------
                                             -0.750000   data required time
                                             -2.681231   data arrival time
---------------------------------------------------------------------------------------------
                                              3.431231   slack (MET)


Startpoint: _301_ (rising edge-triggered flip-flop clocked by clk)
Endpoint: bvalid (output port clocked by clk)
Path Group: clk
Path Type: min

Fanout         Cap        Slew       Delay        Time   Description
---------------------------------------------------------------------------------------------
                                  0.000000    0.000000   clock clk (rise edge)
                                  0.000000    0.000000   clock source latency
     1    0.013990    0.108513    0.072400    0.072400 ^ clk (in)
                                                         clk (net)
                      0.108517    0.000000    0.072400 ^ clkbuf_0_clk/A (sky130_fd_sc_hd__clkbuf_16)
     4    0.043543    0.098411    0.271048    0.343448 ^ clkbuf_0_clk/X (sky130_fd_sc_hd__clkbuf_16)
                                                         clknet_0_clk (net)
                      0.098577    0.002108    0.345556 ^ clkbuf_2_3__f_clk/A (sky130_fd_sc_hd__clkbuf_16)
     8    0.035099    0.087618    0.255453    0.601009 ^ clkbuf_2_3__f_clk/X (sky130_fd_sc_hd__clkbuf_16)
                                                         clknet_2_3__leaf_clk (net)
                      0.087634    0.001188    0.602198 ^ _301_/CLK (sky130_fd_sc_hd__dfrtp_1)
     2    0.009111    0.154550    0.714848    1.317046 ^ _301_/Q (sky130_fd_sc_hd__dfrtp_1)
                                                         current_state[2] (net)
                      0.154550    0.000591    1.317637 ^ fanout49/A (sky130_fd_sc_hd__clkbuf_2)
    10    0.031359    0.271185    0.374866    1.692503 ^ fanout49/X (sky130_fd_sc_hd__clkbuf_2)
                                                         net49 (net)
                      0.271188    0.001416    1.693919 ^ _149_/B_N (sky130_fd_sc_hd__and4bb_1)
     3    0.006902    0.101303    0.538850    2.232769 v _149_/X (sky130_fd_sc_hd__and4bb_1)
                                                         net34 (net)
                      0.101303    0.000359    2.233128 v _339_/A (sky130_fd_sc_hd__clkbuf_1)
     1    0.001772    0.040528    0.164745    2.397874 v _339_/X (sky130_fd_sc_hd__clkbuf_1)
                                                         net35 (net)
                      0.040528    0.000081    2.397954 v output35/A (sky130_fd_sc_hd__buf_2)
     1    0.034159    0.165893    0.330038    2.727992 v output35/X (sky130_fd_sc_hd__buf_2)
                                                         bvalid (net)
                      0.165908    0.001648    2.729640 v bvalid (out)
                                              2.729640   data arrival time

                                  0.000000    0.000000   clock clk (rise edge)
                                  0.000000    0.000000   clock network delay (propagated)
                                  0.250000    0.250000   clock uncertainty
                                  0.000000    0.250000   clock reconvergence pessimism
                                 -1.000000   -0.750000   output external delay
                                             -0.750000   data required time
---------------------------------------------------------------------------------------------
                                             -0.750000   data required time
                                             -2.729640   data arrival time
---------------------------------------------------------------------------------------------
                                              3.479640   slack (MET)


Startpoint: _301_ (rising edge-triggered flip-flop clocked by clk)
Endpoint: rvalid (output port clocked by clk)
Path Group: clk
Path Type: min

Fanout         Cap        Slew       Delay        Time   Description
---------------------------------------------------------------------------------------------
                                  0.000000    0.000000   clock clk (rise edge)
                                  0.000000    0.000000   clock source latency
     1    0.013990    0.108513    0.072400    0.072400 ^ clk (in)
                                                         clk (net)
                      0.108517    0.000000    0.072400 ^ clkbuf_0_clk/A (sky130_fd_sc_hd__clkbuf_16)
     4    0.043543    0.098411    0.271048    0.343448 ^ clkbuf_0_clk/X (sky130_fd_sc_hd__clkbuf_16)
                                                         clknet_0_clk (net)
                      0.098577    0.002108    0.345556 ^ clkbuf_2_3__f_clk/A (sky130_fd_sc_hd__clkbuf_16)
     8    0.035099    0.087618    0.255453    0.601009 ^ clkbuf_2_3__f_clk/X (sky130_fd_sc_hd__clkbuf_16)
                                                         clknet_2_3__leaf_clk (net)
                      0.087634    0.001188    0.602198 ^ _301_/CLK (sky130_fd_sc_hd__dfrtp_1)
     2    0.008371    0.123492    0.796101    1.398299 v _301_/Q (sky130_fd_sc_hd__dfrtp_1)
                                                         current_state[2] (net)
                      0.123492    0.000539    1.398838 v fanout49/A (sky130_fd_sc_hd__clkbuf_2)
    10    0.029983    0.213084    0.340796    1.739634 v fanout49/X (sky130_fd_sc_hd__clkbuf_2)
                                                         net49 (net)
                      0.213088    0.001265    1.740898 v _144_/C (sky130_fd_sc_hd__and4bb_1)
     2    0.009437    0.122560    0.511779    2.252678 v _144_/X (sky130_fd_sc_hd__and4bb_1)
                                                         net37 (net)
                      0.122562    0.000681    2.253359 v _340_/A (sky130_fd_sc_hd__clkbuf_1)
     1    0.001983    0.042627    0.176861    2.430220 v _340_/X (sky130_fd_sc_hd__clkbuf_1)
                                                         net38 (net)
                      0.042627    0.000136    2.430356 v output38/A (sky130_fd_sc_hd__buf_2)
     1    0.034632    0.167763    0.332488    2.762844 v output38/X (sky130_fd_sc_hd__buf_2)
                                                         rvalid (net)
                      0.167779    0.001689    2.764533 v rvalid (out)
                                              2.764533   data arrival time

                                  0.000000    0.000000   clock clk (rise edge)
                                  0.000000    0.000000   clock network delay (propagated)
                                  0.250000    0.250000   clock uncertainty
                                  0.000000    0.250000   clock reconvergence pessimism
                                 -1.000000   -0.750000   output external delay
                                             -0.750000   data required time
---------------------------------------------------------------------------------------------
                                             -0.750000   data required time
                                             -2.764533   data arrival time
---------------------------------------------------------------------------------------------
                                              3.514533   slack (MET)


Startpoint: _301_ (rising edge-triggered flip-flop clocked by clk)
Endpoint: rresp (output port clocked by clk)
Path Group: clk
Path Type: min

Fanout         Cap        Slew       Delay        Time   Description
---------------------------------------------------------------------------------------------
                                  0.000000    0.000000   clock clk (rise edge)
                                  0.000000    0.000000   clock source latency
     1    0.013990    0.108513    0.072400    0.072400 ^ clk (in)
                                                         clk (net)
                      0.108517    0.000000    0.072400 ^ clkbuf_0_clk/A (sky130_fd_sc_hd__clkbuf_16)
     4    0.043543    0.098411    0.271048    0.343448 ^ clkbuf_0_clk/X (sky130_fd_sc_hd__clkbuf_16)
                                                         clknet_0_clk (net)
                      0.098577    0.002108    0.345556 ^ clkbuf_2_3__f_clk/A (sky130_fd_sc_hd__clkbuf_16)
     8    0.035099    0.087618    0.255453    0.601009 ^ clkbuf_2_3__f_clk/X (sky130_fd_sc_hd__clkbuf_16)
                                                         clknet_2_3__leaf_clk (net)
                      0.087634    0.001188    0.602198 ^ _301_/CLK (sky130_fd_sc_hd__dfrtp_1)
     2    0.008371    0.123492    0.796101    1.398299 v _301_/Q (sky130_fd_sc_hd__dfrtp_1)
                                                         current_state[2] (net)
                      0.123492    0.000539    1.398838 v fanout49/A (sky130_fd_sc_hd__clkbuf_2)
    10    0.029983    0.213084    0.340796    1.739634 v fanout49/X (sky130_fd_sc_hd__clkbuf_2)
                                                         net49 (net)
                      0.213088    0.001265    1.740898 v _144_/C (sky130_fd_sc_hd__and4bb_1)
     2    0.009437    0.122560    0.511779    2.252678 v _144_/X (sky130_fd_sc_hd__and4bb_1)
                                                         net37 (net)
                      0.122560    0.000498    2.253176 v fanout46/A (sky130_fd_sc_hd__buf_2)
    10    0.036699    0.175618    0.375125    2.628301 v fanout46/X (sky130_fd_sc_hd__buf_2)
                                                         net46 (net)
                      0.175787    0.004909    2.633211 v output37/A (sky130_fd_sc_hd__buf_2)
     1    0.034553    0.167402    0.395579    3.028790 v output37/X (sky130_fd_sc_hd__buf_2)
                                                         rresp (net)
                      0.167417    0.001671    3.030461 v rresp (out)
                                              3.030461   data arrival time

                                  0.000000    0.000000   clock clk (rise edge)
                                  0.000000    0.000000   clock network delay (propagated)
                                  0.250000    0.250000   clock uncertainty
                                  0.000000    0.250000   clock reconvergence pessimism
                                 -1.000000   -0.750000   output external delay
                                             -0.750000   data required time
---------------------------------------------------------------------------------------------
                                             -0.750000   data required time
                                             -3.030461   data arrival time
---------------------------------------------------------------------------------------------
                                              3.780461   slack (MET)



