
===========================================================================
report_checks -path_delay max (Setup)
============================================================================
======================= nom_tt_025C_1v80 Corner ===================================

Startpoint: _300_ (rising edge-triggered flip-flop clocked by clk)
Endpoint: _272_ (rising edge-triggered flip-flop clocked by clk)
Path Group: clk
Path Type: max

Fanout         Cap        Slew       Delay        Time   Description
---------------------------------------------------------------------------------------------
                      0.150000    0.000000    0.000000   clock clk (rise edge)
                                  0.000000    0.000000   clock network delay (ideal)
                      0.150000    0.000000    0.000000 ^ _300_/CLK (sky130_fd_sc_hd__dfrtp_2)
    12    0.029451    0.101525    0.495201    0.495201 v _300_/Q (sky130_fd_sc_hd__dfrtp_2)
                                                         current_state[1] (net)
                      0.101525    0.000000    0.495201 v _146_/A (sky130_fd_sc_hd__nor4b_2)
    10    0.061588    1.405661    1.186300    1.681501 ^ _146_/Y (sky130_fd_sc_hd__nor4b_2)
                                                         wready (net)
                      1.405661    0.000000    1.681501 ^ _199_/C (sky130_fd_sc_hd__nor4_2)
     2    0.003726    0.180654    0.091662    1.773162 v _199_/Y (sky130_fd_sc_hd__nor4_2)
                                                         _054_ (net)
                      0.180654    0.000000    1.773162 v _203_/B (sky130_fd_sc_hd__or3_2)
     4    0.011551    0.108990    0.538195    2.311357 v _203_/X (sky130_fd_sc_hd__or3_2)
                                                         _058_ (net)
                      0.108990    0.000000    2.311357 v _213_/S (sky130_fd_sc_hd__mux2_1)
     1    0.001949    0.051600    0.318720    2.630078 v _213_/X (sky130_fd_sc_hd__mux2_1)
                                                         _009_ (net)
                      0.051600    0.000000    2.630078 v _272_/D (sky130_fd_sc_hd__dfrtp_2)
                                              2.630078   data arrival time

                      0.150000    5.000000    5.000000   clock clk (rise edge)
                                  0.000000    5.000000   clock network delay (ideal)
                                 -0.250000    4.750000   clock uncertainty
                                  0.000000    4.750000   clock reconvergence pessimism
                                              4.750000 ^ _272_/CLK (sky130_fd_sc_hd__dfrtp_2)
                                 -0.094085    4.655915   library setup time
                                              4.655915   data required time
---------------------------------------------------------------------------------------------
                                              4.655915   data required time
                                             -2.630078   data arrival time
---------------------------------------------------------------------------------------------
                                              2.025837   slack (MET)


Startpoint: _300_ (rising edge-triggered flip-flop clocked by clk)
Endpoint: _271_ (rising edge-triggered flip-flop clocked by clk)
Path Group: clk
Path Type: max

Fanout         Cap        Slew       Delay        Time   Description
---------------------------------------------------------------------------------------------
                      0.150000    0.000000    0.000000   clock clk (rise edge)
                                  0.000000    0.000000   clock network delay (ideal)
                      0.150000    0.000000    0.000000 ^ _300_/CLK (sky130_fd_sc_hd__dfrtp_2)
    12    0.029451    0.101525    0.495201    0.495201 v _300_/Q (sky130_fd_sc_hd__dfrtp_2)
                                                         current_state[1] (net)
                      0.101525    0.000000    0.495201 v _146_/A (sky130_fd_sc_hd__nor4b_2)
    10    0.061588    1.405661    1.186300    1.681501 ^ _146_/Y (sky130_fd_sc_hd__nor4b_2)
                                                         wready (net)
                      1.405661    0.000000    1.681501 ^ _199_/C (sky130_fd_sc_hd__nor4_2)
     2    0.003726    0.180654    0.091662    1.773162 v _199_/Y (sky130_fd_sc_hd__nor4_2)
                                                         _054_ (net)
                      0.180654    0.000000    1.773162 v _203_/B (sky130_fd_sc_hd__or3_2)
     4    0.011551    0.108990    0.538195    2.311357 v _203_/X (sky130_fd_sc_hd__or3_2)
                                                         _058_ (net)
                      0.108990    0.000000    2.311357 v _205_/S (sky130_fd_sc_hd__mux2_1)
     1    0.001949    0.051594    0.318720    2.630078 v _205_/X (sky130_fd_sc_hd__mux2_1)
                                                         _008_ (net)
                      0.051594    0.000000    2.630078 v _271_/D (sky130_fd_sc_hd__dfrtp_2)
                                              2.630078   data arrival time

                      0.150000    5.000000    5.000000   clock clk (rise edge)
                                  0.000000    5.000000   clock network delay (ideal)
                                 -0.250000    4.750000   clock uncertainty
                                  0.000000    4.750000   clock reconvergence pessimism
                                              4.750000 ^ _271_/CLK (sky130_fd_sc_hd__dfrtp_2)
                                 -0.094082    4.655918   library setup time
                                              4.655918   data required time
---------------------------------------------------------------------------------------------
                                              4.655918   data required time
                                             -2.630078   data arrival time
---------------------------------------------------------------------------------------------
                                              2.025841   slack (MET)


Startpoint: _300_ (rising edge-triggered flip-flop clocked by clk)
Endpoint: _273_ (rising edge-triggered flip-flop clocked by clk)
Path Group: clk
Path Type: max

Fanout         Cap        Slew       Delay        Time   Description
---------------------------------------------------------------------------------------------
                      0.150000    0.000000    0.000000   clock clk (rise edge)
                                  0.000000    0.000000   clock network delay (ideal)
                      0.150000    0.000000    0.000000 ^ _300_/CLK (sky130_fd_sc_hd__dfrtp_2)
    12    0.029451    0.101525    0.495201    0.495201 v _300_/Q (sky130_fd_sc_hd__dfrtp_2)
                                                         current_state[1] (net)
                      0.101525    0.000000    0.495201 v _146_/A (sky130_fd_sc_hd__nor4b_2)
    10    0.061588    1.405661    1.186300    1.681501 ^ _146_/Y (sky130_fd_sc_hd__nor4b_2)
                                                         wready (net)
                      1.405661    0.000000    1.681501 ^ _199_/C (sky130_fd_sc_hd__nor4_2)
     2    0.003726    0.180654    0.091662    1.773162 v _199_/Y (sky130_fd_sc_hd__nor4_2)
                                                         _054_ (net)
                      0.180654    0.000000    1.773162 v _203_/B (sky130_fd_sc_hd__or3_2)
     4    0.011551    0.108990    0.538195    2.311357 v _203_/X (sky130_fd_sc_hd__or3_2)
                                                         _058_ (net)
                      0.108990    0.000000    2.311357 v _221_/S (sky130_fd_sc_hd__mux2_1)
     1    0.001949    0.051577    0.318720    2.630078 v _221_/X (sky130_fd_sc_hd__mux2_1)
                                                         _010_ (net)
                      0.051577    0.000000    2.630078 v _273_/D (sky130_fd_sc_hd__dfrtp_2)
                                              2.630078   data arrival time

                      0.150000    5.000000    5.000000   clock clk (rise edge)
                                  0.000000    5.000000   clock network delay (ideal)
                                 -0.250000    4.750000   clock uncertainty
                                  0.000000    4.750000   clock reconvergence pessimism
                                              4.750000 ^ _273_/CLK (sky130_fd_sc_hd__dfrtp_2)
                                 -0.094075    4.655925   library setup time
                                              4.655925   data required time
---------------------------------------------------------------------------------------------
                                              4.655925   data required time
                                             -2.630078   data arrival time
---------------------------------------------------------------------------------------------
                                              2.025847   slack (MET)


Startpoint: _300_ (rising edge-triggered flip-flop clocked by clk)
Endpoint: wready (output port clocked by clk)
Path Group: clk
Path Type: max

Fanout         Cap        Slew       Delay        Time   Description
---------------------------------------------------------------------------------------------
                      0.150000    0.000000    0.000000   clock clk (rise edge)
                                  0.000000    0.000000   clock network delay (ideal)
                      0.150000    0.000000    0.000000 ^ _300_/CLK (sky130_fd_sc_hd__dfrtp_2)
    12    0.029451    0.101525    0.495201    0.495201 v _300_/Q (sky130_fd_sc_hd__dfrtp_2)
                                                         current_state[1] (net)
                      0.101525    0.000000    0.495201 v _146_/A (sky130_fd_sc_hd__nor4b_2)
    10    0.061588    1.405661    1.186300    1.681501 ^ _146_/Y (sky130_fd_sc_hd__nor4b_2)
                                                         wready (net)
                      1.405661    0.000000    1.681501 ^ wready (out)
                                              1.681501   data arrival time

                      0.150000    5.000000    5.000000   clock clk (rise edge)
                                  0.000000    5.000000   clock network delay (ideal)
                                 -0.250000    4.750000   clock uncertainty
                                  0.000000    4.750000   clock reconvergence pessimism
                                 -1.000000    3.750000   output external delay
                                              3.750000   data required time
---------------------------------------------------------------------------------------------
                                              3.750000   data required time
                                             -1.681501   data arrival time
---------------------------------------------------------------------------------------------
                                              2.068499   slack (MET)


Startpoint: _300_ (rising edge-triggered flip-flop clocked by clk)
Endpoint: _274_ (rising edge-triggered flip-flop clocked by clk)
Path Group: clk
Path Type: max

Fanout         Cap        Slew       Delay        Time   Description
---------------------------------------------------------------------------------------------
                      0.150000    0.000000    0.000000   clock clk (rise edge)
                                  0.000000    0.000000   clock network delay (ideal)
                      0.150000    0.000000    0.000000 ^ _300_/CLK (sky130_fd_sc_hd__dfrtp_2)
    12    0.029451    0.101525    0.495201    0.495201 v _300_/Q (sky130_fd_sc_hd__dfrtp_2)
                                                         current_state[1] (net)
                      0.101525    0.000000    0.495201 v _146_/A (sky130_fd_sc_hd__nor4b_2)
    10    0.061588    1.405661    1.186300    1.681501 ^ _146_/Y (sky130_fd_sc_hd__nor4b_2)
                                                         wready (net)
                      1.405661    0.000000    1.681501 ^ _198_/B (sky130_fd_sc_hd__nor3_2)
     4    0.008962    0.208938    0.135393    1.816894 v _198_/Y (sky130_fd_sc_hd__nor3_2)
                                                         _053_ (net)
                      0.208938    0.000000    1.816894 v _226_/A2 (sky130_fd_sc_hd__a2111o_2)
     1    0.001758    0.056592    0.502310    2.319204 v _226_/X (sky130_fd_sc_hd__a2111o_2)
                                                         _078_ (net)
                      0.056592    0.000000    2.319204 v _227_/B2 (sky130_fd_sc_hd__o2bb2a_2)
     1    0.001949    0.041195    0.238290    2.557494 v _227_/X (sky130_fd_sc_hd__o2bb2a_2)
                                                         _011_ (net)
                      0.041195    0.000000    2.557494 v _274_/D (sky130_fd_sc_hd__dfrtp_2)
                                              2.557494   data arrival time

                      0.150000    5.000000    5.000000   clock clk (rise edge)
                                  0.000000    5.000000   clock network delay (ideal)
                                 -0.250000    4.750000   clock uncertainty
                                  0.000000    4.750000   clock reconvergence pessimism
                                              4.750000 ^ _274_/CLK (sky130_fd_sc_hd__dfrtp_2)
                                 -0.089547    4.660453   library setup time
                                              4.660453   data required time
---------------------------------------------------------------------------------------------
                                              4.660453   data required time
                                             -2.557494   data arrival time
---------------------------------------------------------------------------------------------
                                              2.102959   slack (MET)


Startpoint: _300_ (rising edge-triggered flip-flop clocked by clk)
Endpoint: arready (output port clocked by clk)
Path Group: clk
Path Type: max

Fanout         Cap        Slew       Delay        Time   Description
---------------------------------------------------------------------------------------------
                      0.150000    0.000000    0.000000   clock clk (rise edge)
                                  0.000000    0.000000   clock network delay (ideal)
                      0.150000    0.000000    0.000000 ^ _300_/CLK (sky130_fd_sc_hd__dfrtp_2)
    12    0.029451    0.101525    0.495201    0.495201 v _300_/Q (sky130_fd_sc_hd__dfrtp_2)
                                                         current_state[1] (net)
                      0.101525    0.000000    0.495201 v _147_/A (sky130_fd_sc_hd__or4b_2)
     5    0.015313    0.150542    0.753856    1.249057 v _147_/X (sky130_fd_sc_hd__or4b_2)
                                                         _124_ (net)
                      0.150542    0.000000    1.249057 v _148_/A (sky130_fd_sc_hd__inv_2)
    17    0.075271    0.344925    0.313823    1.562881 ^ _148_/Y (sky130_fd_sc_hd__inv_2)
                                                         arready (net)
                      0.344925    0.000000    1.562881 ^ arready (out)
                                              1.562881   data arrival time

                      0.150000    5.000000    5.000000   clock clk (rise edge)
                                  0.000000    5.000000   clock network delay (ideal)
                                 -0.250000    4.750000   clock uncertainty
                                  0.000000    4.750000   clock reconvergence pessimism
                                 -1.000000    3.750000   output external delay
                                              3.750000   data required time
---------------------------------------------------------------------------------------------
                                              3.750000   data required time
                                             -1.562881   data arrival time
---------------------------------------------------------------------------------------------
                                              2.187119   slack (MET)


Startpoint: _300_ (rising edge-triggered flip-flop clocked by clk)
Endpoint: _275_ (rising edge-triggered flip-flop clocked by clk)
Path Group: clk
Path Type: max

Fanout         Cap        Slew       Delay        Time   Description
---------------------------------------------------------------------------------------------
                      0.150000    0.000000    0.000000   clock clk (rise edge)
                                  0.000000    0.000000   clock network delay (ideal)
                      0.150000    0.000000    0.000000 ^ _300_/CLK (sky130_fd_sc_hd__dfrtp_2)
    12    0.029451    0.101525    0.495201    0.495201 v _300_/Q (sky130_fd_sc_hd__dfrtp_2)
                                                         current_state[1] (net)
                      0.101525    0.000000    0.495201 v _147_/A (sky130_fd_sc_hd__or4b_2)
     5    0.015313    0.150542    0.753856    1.249057 v _147_/X (sky130_fd_sc_hd__or4b_2)
                                                         _124_ (net)
                      0.150542    0.000000    1.249057 v _167_/B1 (sky130_fd_sc_hd__o211a_2)
     3    0.007999    0.055206    0.192411    1.441468 v _167_/X (sky130_fd_sc_hd__o211a_2)
                                                         _028_ (net)
                      0.055206    0.000000    1.441468 v _229_/B (sky130_fd_sc_hd__or4_2)
     3    0.009855    0.131421    0.686823    2.128291 v _229_/X (sky130_fd_sc_hd__or4_2)
                                                         _080_ (net)
                      0.131421    0.000000    2.128291 v _232_/S (sky130_fd_sc_hd__mux2_1)
     1    0.001949    0.051614    0.326907    2.455198 v _232_/X (sky130_fd_sc_hd__mux2_1)
                                                         _012_ (net)
                      0.051614    0.000000    2.455198 v _275_/D (sky130_fd_sc_hd__dfrtp_2)
                                              2.455198   data arrival time

                      0.150000    5.000000    5.000000   clock clk (rise edge)
                                  0.000000    5.000000   clock network delay (ideal)
                                 -0.250000    4.750000   clock uncertainty
                                  0.000000    4.750000   clock reconvergence pessimism
                                              4.750000 ^ _275_/CLK (sky130_fd_sc_hd__dfrtp_2)
                                 -0.094091    4.655909   library setup time
                                              4.655909   data required time
---------------------------------------------------------------------------------------------
                                              4.655909   data required time
                                             -2.455198   data arrival time
---------------------------------------------------------------------------------------------
                                              2.200711   slack (MET)


Startpoint: _300_ (rising edge-triggered flip-flop clocked by clk)
Endpoint: _276_ (rising edge-triggered flip-flop clocked by clk)
Path Group: clk
Path Type: max

Fanout         Cap        Slew       Delay        Time   Description
---------------------------------------------------------------------------------------------
                      0.150000    0.000000    0.000000   clock clk (rise edge)
                                  0.000000    0.000000   clock network delay (ideal)
                      0.150000    0.000000    0.000000 ^ _300_/CLK (sky130_fd_sc_hd__dfrtp_2)
    12    0.029451    0.101525    0.495201    0.495201 v _300_/Q (sky130_fd_sc_hd__dfrtp_2)
                                                         current_state[1] (net)
                      0.101525    0.000000    0.495201 v _147_/A (sky130_fd_sc_hd__or4b_2)
     5    0.015313    0.150542    0.753856    1.249057 v _147_/X (sky130_fd_sc_hd__or4b_2)
                                                         _124_ (net)
                      0.150542    0.000000    1.249057 v _167_/B1 (sky130_fd_sc_hd__o211a_2)
     3    0.007999    0.055206    0.192411    1.441468 v _167_/X (sky130_fd_sc_hd__o211a_2)
                                                         _028_ (net)
                      0.055206    0.000000    1.441468 v _229_/B (sky130_fd_sc_hd__or4_2)
     3    0.009855    0.131421    0.686823    2.128291 v _229_/X (sky130_fd_sc_hd__or4_2)
                                                         _080_ (net)
                      0.131421    0.000000    2.128291 v _237_/S (sky130_fd_sc_hd__mux2_1)
     1    0.001949    0.051543    0.326907    2.455198 v _237_/X (sky130_fd_sc_hd__mux2_1)
                                                         _013_ (net)
                      0.051543    0.000000    2.455198 v _276_/D (sky130_fd_sc_hd__dfrtp_2)
                                              2.455198   data arrival time

                      0.150000    5.000000    5.000000   clock clk (rise edge)
                                  0.000000    5.000000   clock network delay (ideal)
                                 -0.250000    4.750000   clock uncertainty
                                  0.000000    4.750000   clock reconvergence pessimism
                                              4.750000 ^ _276_/CLK (sky130_fd_sc_hd__dfrtp_2)
                                 -0.094060    4.655940   library setup time
                                              4.655940   data required time
---------------------------------------------------------------------------------------------
                                              4.655940   data required time
                                             -2.455198   data arrival time
---------------------------------------------------------------------------------------------
                                              2.200742   slack (MET)


Startpoint: _300_ (rising edge-triggered flip-flop clocked by clk)
Endpoint: _277_ (rising edge-triggered flip-flop clocked by clk)
Path Group: clk
Path Type: max

Fanout         Cap        Slew       Delay        Time   Description
---------------------------------------------------------------------------------------------
                      0.150000    0.000000    0.000000   clock clk (rise edge)
                                  0.000000    0.000000   clock network delay (ideal)
                      0.150000    0.000000    0.000000 ^ _300_/CLK (sky130_fd_sc_hd__dfrtp_2)
    12    0.029451    0.101525    0.495201    0.495201 v _300_/Q (sky130_fd_sc_hd__dfrtp_2)
                                                         current_state[1] (net)
                      0.101525    0.000000    0.495201 v _147_/A (sky130_fd_sc_hd__or4b_2)
     5    0.015313    0.150542    0.753856    1.249057 v _147_/X (sky130_fd_sc_hd__or4b_2)
                                                         _124_ (net)
                      0.150542    0.000000    1.249057 v _167_/B1 (sky130_fd_sc_hd__o211a_2)
     3    0.007999    0.055206    0.192411    1.441468 v _167_/X (sky130_fd_sc_hd__o211a_2)
                                                         _028_ (net)
                      0.055206    0.000000    1.441468 v _229_/B (sky130_fd_sc_hd__or4_2)
     3    0.009855    0.131421    0.686823    2.128291 v _229_/X (sky130_fd_sc_hd__or4_2)
                                                         _080_ (net)
                      0.131421    0.000000    2.128291 v _242_/S (sky130_fd_sc_hd__mux2_1)
     1    0.001949    0.051530    0.326907    2.455198 v _242_/X (sky130_fd_sc_hd__mux2_1)
                                                         _014_ (net)
                      0.051530    0.000000    2.455198 v _277_/D (sky130_fd_sc_hd__dfrtp_2)
                                              2.455198   data arrival time

                      0.150000    5.000000    5.000000   clock clk (rise edge)
                                  0.000000    5.000000   clock network delay (ideal)
                                 -0.250000    4.750000   clock uncertainty
                                  0.000000    4.750000   clock reconvergence pessimism
                                              4.750000 ^ _277_/CLK (sky130_fd_sc_hd__dfrtp_2)
                                 -0.094054    4.655946   library setup time
                                              4.655946   data required time
---------------------------------------------------------------------------------------------
                                              4.655946   data required time
                                             -2.455198   data arrival time
---------------------------------------------------------------------------------------------
                                              2.200748   slack (MET)


Startpoint: _271_ (rising edge-triggered flip-flop clocked by clk)
Endpoint: _300_ (rising edge-triggered flip-flop clocked by clk)
Path Group: clk
Path Type: max

Fanout         Cap        Slew       Delay        Time   Description
---------------------------------------------------------------------------------------------
                      0.150000    0.000000    0.000000   clock clk (rise edge)
                                  0.000000    0.000000   clock network delay (ideal)
                      0.150000    0.000000    0.000000 ^ _271_/CLK (sky130_fd_sc_hd__dfrtp_2)
     8    0.018424    0.077914    0.468365    0.468365 v _271_/Q (sky130_fd_sc_hd__dfrtp_2)
                                                         lenM[0] (net)
                      0.077914    0.000000    0.468365 v _200_/A (sky130_fd_sc_hd__or4_2)
     3    0.007127    0.119749    0.693737    1.162103 v _200_/X (sky130_fd_sc_hd__or4_2)
                                                         _055_ (net)
                      0.119749    0.000000    1.162103 v _250_/C (sky130_fd_sc_hd__and3b_2)
     1    0.002041    0.036106    0.231104    1.393207 v _250_/X (sky130_fd_sc_hd__and3b_2)
                                                         _097_ (net)
                      0.036106    0.000000    1.393207 v _251_/C1 (sky130_fd_sc_hd__a311o_2)
     2    0.002777    0.053198    0.296534    1.689741 v _251_/X (sky130_fd_sc_hd__a311o_2)
                                                         _098_ (net)
                      0.053198    0.000000    1.689741 v _256_/A (sky130_fd_sc_hd__or4b_2)
     1    0.001949    0.094477    0.648932    2.338673 v _256_/X (sky130_fd_sc_hd__or4b_2)
                                                         _016_ (net)
                      0.094477    0.000000    2.338673 v _300_/D (sky130_fd_sc_hd__dfrtp_2)
                                              2.338673   data arrival time

                      0.150000    5.000000    5.000000   clock clk (rise edge)
                                  0.000000    5.000000   clock network delay (ideal)
                                 -0.250000    4.750000   clock uncertainty
                                  0.000000    4.750000   clock reconvergence pessimism
                                              4.750000 ^ _300_/CLK (sky130_fd_sc_hd__dfrtp_2)
                                 -0.112785    4.637216   library setup time
                                              4.637216   data required time
---------------------------------------------------------------------------------------------
                                              4.637216   data required time
                                             -2.338673   data arrival time
---------------------------------------------------------------------------------------------
                                              2.298543   slack (MET)


Startpoint: _300_ (rising edge-triggered flip-flop clocked by clk)
Endpoint: _267_ (rising edge-triggered flip-flop clocked by clk)
Path Group: clk
Path Type: max

Fanout         Cap        Slew       Delay        Time   Description
---------------------------------------------------------------------------------------------
                      0.150000    0.000000    0.000000   clock clk (rise edge)
                                  0.000000    0.000000   clock network delay (ideal)
                      0.150000    0.000000    0.000000 ^ _300_/CLK (sky130_fd_sc_hd__dfrtp_2)
    12    0.029451    0.101525    0.495201    0.495201 v _300_/Q (sky130_fd_sc_hd__dfrtp_2)
                                                         current_state[1] (net)
                      0.101525    0.000000    0.495201 v _147_/A (sky130_fd_sc_hd__or4b_2)
     5    0.015313    0.150542    0.753856    1.249057 v _147_/X (sky130_fd_sc_hd__or4b_2)
                                                         _124_ (net)
                      0.150542    0.000000    1.249057 v _148_/A (sky130_fd_sc_hd__inv_2)
    17    0.075271    0.344925    0.313823    1.562881 ^ _148_/Y (sky130_fd_sc_hd__inv_2)
                                                         arready (net)
                      0.344925    0.000000    1.562881 ^ _170_/B (sky130_fd_sc_hd__nor2_2)
     7    0.015431    0.096083    0.110146    1.673027 v _170_/Y (sky130_fd_sc_hd__nor2_2)
                                                         _031_ (net)
                      0.096083    0.000000    1.673027 v _184_/B1 (sky130_fd_sc_hd__a221o_2)
     1    0.001805    0.048964    0.334480    2.007507 v _184_/X (sky130_fd_sc_hd__a221o_2)
                                                         _043_ (net)
                      0.048964    0.000000    2.007507 v _185_/A1 (sky130_fd_sc_hd__mux2_1)
     1    0.001949    0.051801    0.280512    2.288018 v _185_/X (sky130_fd_sc_hd__mux2_1)
                                                         _004_ (net)
                      0.051801    0.000000    2.288018 v _267_/D (sky130_fd_sc_hd__dfrtp_2)
                                              2.288018   data arrival time

                      0.150000    5.000000    5.000000   clock clk (rise edge)
                                  0.000000    5.000000   clock network delay (ideal)
                                 -0.250000    4.750000   clock uncertainty
                                  0.000000    4.750000   clock reconvergence pessimism
                                              4.750000 ^ _267_/CLK (sky130_fd_sc_hd__dfrtp_2)
                                 -0.094173    4.655828   library setup time
                                              4.655828   data required time
---------------------------------------------------------------------------------------------
                                              4.655828   data required time
                                             -2.288018   data arrival time
---------------------------------------------------------------------------------------------
                                              2.367809   slack (MET)


Startpoint: _300_ (rising edge-triggered flip-flop clocked by clk)
Endpoint: _268_ (rising edge-triggered flip-flop clocked by clk)
Path Group: clk
Path Type: max

Fanout         Cap        Slew       Delay        Time   Description
---------------------------------------------------------------------------------------------
                      0.150000    0.000000    0.000000   clock clk (rise edge)
                                  0.000000    0.000000   clock network delay (ideal)
                      0.150000    0.000000    0.000000 ^ _300_/CLK (sky130_fd_sc_hd__dfrtp_2)
    12    0.029451    0.101525    0.495201    0.495201 v _300_/Q (sky130_fd_sc_hd__dfrtp_2)
                                                         current_state[1] (net)
                      0.101525    0.000000    0.495201 v _147_/A (sky130_fd_sc_hd__or4b_2)
     5    0.015313    0.150542    0.753856    1.249057 v _147_/X (sky130_fd_sc_hd__or4b_2)
                                                         _124_ (net)
                      0.150542    0.000000    1.249057 v _148_/A (sky130_fd_sc_hd__inv_2)
    17    0.075271    0.344925    0.313823    1.562881 ^ _148_/Y (sky130_fd_sc_hd__inv_2)
                                                         arready (net)
                      0.344925    0.000000    1.562881 ^ _170_/B (sky130_fd_sc_hd__nor2_2)
     7    0.015431    0.096083    0.110146    1.673027 v _170_/Y (sky130_fd_sc_hd__nor2_2)
                                                         _031_ (net)
                      0.096083    0.000000    1.673027 v _189_/B1 (sky130_fd_sc_hd__a221o_2)
     1    0.001805    0.048964    0.334480    2.007507 v _189_/X (sky130_fd_sc_hd__a221o_2)
                                                         _047_ (net)
                      0.048964    0.000000    2.007507 v _190_/A1 (sky130_fd_sc_hd__mux2_1)
     1    0.001949    0.051801    0.280512    2.288018 v _190_/X (sky130_fd_sc_hd__mux2_1)
                                                         _005_ (net)
                      0.051801    0.000000    2.288018 v _268_/D (sky130_fd_sc_hd__dfrtp_2)
                                              2.288018   data arrival time

                      0.150000    5.000000    5.000000   clock clk (rise edge)
                                  0.000000    5.000000   clock network delay (ideal)
                                 -0.250000    4.750000   clock uncertainty
                                  0.000000    4.750000   clock reconvergence pessimism
                                              4.750000 ^ _268_/CLK (sky130_fd_sc_hd__dfrtp_2)
                                 -0.094173    4.655828   library setup time
                                              4.655828   data required time
---------------------------------------------------------------------------------------------
                                              4.655828   data required time
                                             -2.288018   data arrival time
---------------------------------------------------------------------------------------------
                                              2.367809   slack (MET)


Startpoint: _299_ (rising edge-triggered flip-flop clocked by clk)
Endpoint: awready (output port clocked by clk)
Path Group: clk
Path Type: max

Fanout         Cap        Slew       Delay        Time   Description
---------------------------------------------------------------------------------------------
                      0.150000    0.000000    0.000000   clock clk (rise edge)
                                  0.000000    0.000000   clock network delay (ideal)
                      0.150000    0.000000    0.000000 ^ _299_/CLK (sky130_fd_sc_hd__dfrtp_2)
    12    0.029222    0.101035    0.494644    0.494644 v _299_/Q (sky130_fd_sc_hd__dfrtp_2)
                                                         current_state[0] (net)
                      0.101035    0.000000    0.494644 v _142_/A (sky130_fd_sc_hd__or4bb_2)
     4    0.010461    0.127647    0.689369    1.184013 v _142_/X (sky130_fd_sc_hd__or4bb_2)
                                                         _122_ (net)
                      0.127647    0.000000    1.184013 v _143_/A (sky130_fd_sc_hd__inv_2)
     3    0.040454    0.188458    0.196138    1.380150 ^ _143_/Y (sky130_fd_sc_hd__inv_2)
                                                         awready (net)
                      0.188458    0.000000    1.380150 ^ awready (out)
                                              1.380150   data arrival time

                      0.150000    5.000000    5.000000   clock clk (rise edge)
                                  0.000000    5.000000   clock network delay (ideal)
                                 -0.250000    4.750000   clock uncertainty
                                  0.000000    4.750000   clock reconvergence pessimism
                                 -1.000000    3.750000   output external delay
                                              3.750000   data required time
---------------------------------------------------------------------------------------------
                                              3.750000   data required time
                                             -1.380150   data arrival time
---------------------------------------------------------------------------------------------
                                              2.369850   slack (MET)


Startpoint: _302_ (rising edge-triggered flip-flop clocked by clk)
Endpoint: rlast (output port clocked by clk)
Path Group: clk
Path Type: max

Fanout         Cap        Slew       Delay        Time   Description
---------------------------------------------------------------------------------------------
                      0.150000    0.000000    0.000000   clock clk (rise edge)
                                  0.000000    0.000000   clock network delay (ideal)
                      0.150000    0.000000    0.000000 ^ _302_/CLK (sky130_fd_sc_hd__dfrtp_2)
    13    0.028034    0.098491    0.491753    0.491753 v _302_/Q (sky130_fd_sc_hd__dfrtp_2)
                                                         current_state[3] (net)
                      0.098491    0.000000    0.491753 v _144_/B_N (sky130_fd_sc_hd__and4bb_2)
    11    0.063284    0.370746    0.560633    1.052386 ^ _144_/X (sky130_fd_sc_hd__and4bb_2)
                                                         rresp (net)
                      0.370746    0.000000    1.052386 ^ _153_/B (sky130_fd_sc_hd__and2_2)
     1    0.033442    0.182192    0.321310    1.373696 ^ _153_/X (sky130_fd_sc_hd__and2_2)
                                                         rlast (net)
                      0.182192    0.000000    1.373696 ^ rlast (out)
                                              1.373696   data arrival time

                      0.150000    5.000000    5.000000   clock clk (rise edge)
                                  0.000000    5.000000   clock network delay (ideal)
                                 -0.250000    4.750000   clock uncertainty
                                  0.000000    4.750000   clock reconvergence pessimism
                                 -1.000000    3.750000   output external delay
                                              3.750000   data required time
---------------------------------------------------------------------------------------------
                                              3.750000   data required time
                                             -1.373696   data arrival time
---------------------------------------------------------------------------------------------
                                              2.376304   slack (MET)


Startpoint: _300_ (rising edge-triggered flip-flop clocked by clk)
Endpoint: _263_ (rising edge-triggered flip-flop clocked by clk)
Path Group: clk
Path Type: max

Fanout         Cap        Slew       Delay        Time   Description
---------------------------------------------------------------------------------------------
                      0.150000    0.000000    0.000000   clock clk (rise edge)
                                  0.000000    0.000000   clock network delay (ideal)
                      0.150000    0.000000    0.000000 ^ _300_/CLK (sky130_fd_sc_hd__dfrtp_2)
    12    0.029451    0.101525    0.495201    0.495201 v _300_/Q (sky130_fd_sc_hd__dfrtp_2)
                                                         current_state[1] (net)
                      0.101525    0.000000    0.495201 v _147_/A (sky130_fd_sc_hd__or4b_2)
     5    0.015313    0.150542    0.753856    1.249057 v _147_/X (sky130_fd_sc_hd__or4b_2)
                                                         _124_ (net)
                      0.150542    0.000000    1.249057 v _148_/A (sky130_fd_sc_hd__inv_2)
    17    0.075271    0.344925    0.313823    1.562881 ^ _148_/Y (sky130_fd_sc_hd__inv_2)
                                                         arready (net)
                      0.344925    0.000000    1.562881 ^ _157_/B1 (sky130_fd_sc_hd__a2bb2o_2)
     6    0.015434    0.097631    0.278604    1.841485 ^ _157_/X (sky130_fd_sc_hd__a2bb2o_2)
                                                         _020_ (net)
                      0.097631    0.000000    1.841485 ^ _158_/B1 (sky130_fd_sc_hd__a21o_2)
     2    0.007040    0.049948    0.112333    1.953817 ^ _158_/X (sky130_fd_sc_hd__a21o_2)
                                                         _021_ (net)
                      0.049948    0.000000    1.953817 ^ _160_/S (sky130_fd_sc_hd__mux2_1)
     1    0.001949    0.051451    0.302364    2.256181 v _160_/X (sky130_fd_sc_hd__mux2_1)
                                                         _000_ (net)
                      0.051451    0.000000    2.256181 v _263_/D (sky130_fd_sc_hd__dfrtp_2)
                                              2.256181   data arrival time

                      0.150000    5.000000    5.000000   clock clk (rise edge)
                                  0.000000    5.000000   clock network delay (ideal)
                                 -0.250000    4.750000   clock uncertainty
                                  0.000000    4.750000   clock reconvergence pessimism
                                              4.750000 ^ _263_/CLK (sky130_fd_sc_hd__dfrtp_2)
                                 -0.094020    4.655980   library setup time
                                              4.655980   data required time
---------------------------------------------------------------------------------------------
                                              4.655980   data required time
                                             -2.256181   data arrival time
---------------------------------------------------------------------------------------------
                                              2.399799   slack (MET)


Startpoint: _300_ (rising edge-triggered flip-flop clocked by clk)
Endpoint: _264_ (rising edge-triggered flip-flop clocked by clk)
Path Group: clk
Path Type: max

Fanout         Cap        Slew       Delay        Time   Description
---------------------------------------------------------------------------------------------
                      0.150000    0.000000    0.000000   clock clk (rise edge)
                                  0.000000    0.000000   clock network delay (ideal)
                      0.150000    0.000000    0.000000 ^ _300_/CLK (sky130_fd_sc_hd__dfrtp_2)
    12    0.029451    0.101525    0.495201    0.495201 v _300_/Q (sky130_fd_sc_hd__dfrtp_2)
                                                         current_state[1] (net)
                      0.101525    0.000000    0.495201 v _147_/A (sky130_fd_sc_hd__or4b_2)
     5    0.015313    0.150542    0.753856    1.249057 v _147_/X (sky130_fd_sc_hd__or4b_2)
                                                         _124_ (net)
                      0.150542    0.000000    1.249057 v _148_/A (sky130_fd_sc_hd__inv_2)
    17    0.075271    0.344925    0.313823    1.562881 ^ _148_/Y (sky130_fd_sc_hd__inv_2)
                                                         arready (net)
                      0.344925    0.000000    1.562881 ^ _157_/B1 (sky130_fd_sc_hd__a2bb2o_2)
     6    0.015434    0.097631    0.278604    1.841485 ^ _157_/X (sky130_fd_sc_hd__a2bb2o_2)
                                                         _020_ (net)
                      0.097631    0.000000    1.841485 ^ _158_/B1 (sky130_fd_sc_hd__a21o_2)
     2    0.007040    0.049948    0.112333    1.953817 ^ _158_/X (sky130_fd_sc_hd__a21o_2)
                                                         _021_ (net)
                      0.049948    0.000000    1.953817 ^ _162_/S (sky130_fd_sc_hd__mux2_1)
     1    0.001949    0.051451    0.302364    2.256181 v _162_/X (sky130_fd_sc_hd__mux2_1)
                                                         _001_ (net)
                      0.051451    0.000000    2.256181 v _264_/D (sky130_fd_sc_hd__dfrtp_2)
                                              2.256181   data arrival time

                      0.150000    5.000000    5.000000   clock clk (rise edge)
                                  0.000000    5.000000   clock network delay (ideal)
                                 -0.250000    4.750000   clock uncertainty
                                  0.000000    4.750000   clock reconvergence pessimism
                                              4.750000 ^ _264_/CLK (sky130_fd_sc_hd__dfrtp_2)
                                 -0.094020    4.655980   library setup time
                                              4.655980   data required time
---------------------------------------------------------------------------------------------
                                              4.655980   data required time
                                             -2.256181   data arrival time
---------------------------------------------------------------------------------------------
                                              2.399799   slack (MET)


Startpoint: _302_ (rising edge-triggered flip-flop clocked by clk)
Endpoint: rvalid (output port clocked by clk)
Path Group: clk
Path Type: max

Fanout         Cap        Slew       Delay        Time   Description
---------------------------------------------------------------------------------------------
                      0.150000    0.000000    0.000000   clock clk (rise edge)
                                  0.000000    0.000000   clock network delay (ideal)
                      0.150000    0.000000    0.000000 ^ _302_/CLK (sky130_fd_sc_hd__dfrtp_2)
    13    0.028034    0.098491    0.491753    0.491753 v _302_/Q (sky130_fd_sc_hd__dfrtp_2)
                                                         current_state[3] (net)
                      0.098491    0.000000    0.491753 v _144_/B_N (sky130_fd_sc_hd__and4bb_2)
    11    0.063284    0.370746    0.560633    1.052386 ^ _144_/X (sky130_fd_sc_hd__and4bb_2)
                                                         rresp (net)
                      0.370746    0.000000    1.052386 ^ _340_/A (sky130_fd_sc_hd__buf_2)
     1    0.033442    0.170258    0.281601    1.333987 ^ _340_/X (sky130_fd_sc_hd__buf_2)
                                                         rvalid (net)
                      0.170258    0.000000    1.333987 ^ rvalid (out)
                                              1.333987   data arrival time

                      0.150000    5.000000    5.000000   clock clk (rise edge)
                                  0.000000    5.000000   clock network delay (ideal)
                                 -0.250000    4.750000   clock uncertainty
                                  0.000000    4.750000   clock reconvergence pessimism
                                 -1.000000    3.750000   output external delay
                                              3.750000   data required time
---------------------------------------------------------------------------------------------
                                              3.750000   data required time
                                             -1.333987   data arrival time
---------------------------------------------------------------------------------------------
                                              2.416013   slack (MET)


Startpoint: _300_ (rising edge-triggered flip-flop clocked by clk)
Endpoint: _265_ (rising edge-triggered flip-flop clocked by clk)
Path Group: clk
Path Type: max

Fanout         Cap        Slew       Delay        Time   Description
---------------------------------------------------------------------------------------------
                      0.150000    0.000000    0.000000   clock clk (rise edge)
                                  0.000000    0.000000   clock network delay (ideal)
                      0.150000    0.000000    0.000000 ^ _300_/CLK (sky130_fd_sc_hd__dfrtp_2)
    12    0.029451    0.101525    0.495201    0.495201 v _300_/Q (sky130_fd_sc_hd__dfrtp_2)
                                                         current_state[1] (net)
                      0.101525    0.000000    0.495201 v _147_/A (sky130_fd_sc_hd__or4b_2)
     5    0.015313    0.150542    0.753856    1.249057 v _147_/X (sky130_fd_sc_hd__or4b_2)
                                                         _124_ (net)
                      0.150542    0.000000    1.249057 v _148_/A (sky130_fd_sc_hd__inv_2)
    17    0.075271    0.344925    0.313823    1.562881 ^ _148_/Y (sky130_fd_sc_hd__inv_2)
                                                         arready (net)
                      0.344925    0.000000    1.562881 ^ _157_/B1 (sky130_fd_sc_hd__a2bb2o_2)
     6    0.015434    0.097631    0.278604    1.841485 ^ _157_/X (sky130_fd_sc_hd__a2bb2o_2)
                                                         _020_ (net)
                      0.097631    0.000000    1.841485 ^ _169_/A (sky130_fd_sc_hd__nor3_2)
     4    0.012000    0.052465    0.072781    1.914266 v _169_/Y (sky130_fd_sc_hd__nor3_2)
                                                         _030_ (net)
                      0.052465    0.000000    1.914266 v _173_/S (sky130_fd_sc_hd__mux2_1)
     1    0.001949    0.051801    0.298317    2.212582 v _173_/X (sky130_fd_sc_hd__mux2_1)
                                                         _002_ (net)
                      0.051801    0.000000    2.212582 v _265_/D (sky130_fd_sc_hd__dfrtp_2)
                                              2.212582   data arrival time

                      0.150000    5.000000    5.000000   clock clk (rise edge)
                                  0.000000    5.000000   clock network delay (ideal)
                                 -0.250000    4.750000   clock uncertainty
                                  0.000000    4.750000   clock reconvergence pessimism
                                              4.750000 ^ _265_/CLK (sky130_fd_sc_hd__dfrtp_2)
                                 -0.094173    4.655828   library setup time
                                              4.655828   data required time
---------------------------------------------------------------------------------------------
                                              4.655828   data required time
                                             -2.212582   data arrival time
---------------------------------------------------------------------------------------------
                                              2.443245   slack (MET)


Startpoint: _299_ (rising edge-triggered flip-flop clocked by clk)
Endpoint: PENABLE (output port clocked by clk)
Path Group: clk
Path Type: max

Fanout         Cap        Slew       Delay        Time   Description
---------------------------------------------------------------------------------------------
                      0.150000    0.000000    0.000000   clock clk (rise edge)
                                  0.000000    0.000000   clock network delay (ideal)
                      0.150000    0.000000    0.000000 ^ _299_/CLK (sky130_fd_sc_hd__dfrtp_2)
    12    0.029222    0.101035    0.494644    0.494644 v _299_/Q (sky130_fd_sc_hd__dfrtp_2)
                                                         current_state[0] (net)
                      0.101035    0.000000    0.494644 v _150_/A (sky130_fd_sc_hd__or3b_2)
     2    0.005512    0.088040    0.492617    0.987261 v _150_/X (sky130_fd_sc_hd__or3b_2)
                                                         _125_ (net)
                      0.088040    0.000000    0.987261 v _151_/B (sky130_fd_sc_hd__nor2_2)
     2    0.004060    0.077393    0.095767    1.083028 ^ _151_/Y (sky130_fd_sc_hd__nor2_2)
                                                         _019_ (net)
                      0.077393    0.000000    1.083028 ^ _152_/B (sky130_fd_sc_hd__or2_2)
     1    0.033442    0.178829    0.216794    1.299822 ^ _152_/X (sky130_fd_sc_hd__or2_2)
                                                         PENABLE (net)
                      0.178829    0.000000    1.299822 ^ PENABLE (out)
                                              1.299822   data arrival time

                      0.150000    5.000000    5.000000   clock clk (rise edge)
                                  0.000000    5.000000   clock network delay (ideal)
                                 -0.250000    4.750000   clock uncertainty
                                  0.000000    4.750000   clock reconvergence pessimism
                                 -1.000000    3.750000   output external delay
                                              3.750000   data required time
---------------------------------------------------------------------------------------------
                                              3.750000   data required time
                                             -1.299822   data arrival time
---------------------------------------------------------------------------------------------
                                              2.450178   slack (MET)


Startpoint: _300_ (rising edge-triggered flip-flop clocked by clk)
Endpoint: _266_ (rising edge-triggered flip-flop clocked by clk)
Path Group: clk
Path Type: max

Fanout         Cap        Slew       Delay        Time   Description
---------------------------------------------------------------------------------------------
                      0.150000    0.000000    0.000000   clock clk (rise edge)
                                  0.000000    0.000000   clock network delay (ideal)
                      0.150000    0.000000    0.000000 ^ _300_/CLK (sky130_fd_sc_hd__dfrtp_2)
    12    0.029451    0.101525    0.495201    0.495201 v _300_/Q (sky130_fd_sc_hd__dfrtp_2)
                                                         current_state[1] (net)
                      0.101525    0.000000    0.495201 v _147_/A (sky130_fd_sc_hd__or4b_2)
     5    0.015313    0.150542    0.753856    1.249057 v _147_/X (sky130_fd_sc_hd__or4b_2)
                                                         _124_ (net)
                      0.150542    0.000000    1.249057 v _148_/A (sky130_fd_sc_hd__inv_2)
    17    0.075271    0.344925    0.313823    1.562881 ^ _148_/Y (sky130_fd_sc_hd__inv_2)
                                                         arready (net)
                      0.344925    0.000000    1.562881 ^ _170_/B (sky130_fd_sc_hd__nor2_2)
     7    0.015431    0.096083    0.110146    1.673027 v _170_/Y (sky130_fd_sc_hd__nor2_2)
                                                         _031_ (net)
                      0.096083    0.000000    1.673027 v _177_/B1 (sky130_fd_sc_hd__a221o_2)
     1    0.002217    0.050479    0.337181    2.010208 v _177_/X (sky130_fd_sc_hd__a221o_2)
                                                         _037_ (net)
                      0.050479    0.000000    2.010208 v _178_/B1 (sky130_fd_sc_hd__a22o_2)
     1    0.001949    0.037049    0.197782    2.207991 v _178_/X (sky130_fd_sc_hd__a22o_2)
                                                         _003_ (net)
                      0.037049    0.000000    2.207991 v _266_/D (sky130_fd_sc_hd__dfrtp_2)
                                              2.207991   data arrival time

                      0.150000    5.000000    5.000000   clock clk (rise edge)
                                  0.000000    5.000000   clock network delay (ideal)
                                 -0.250000    4.750000   clock uncertainty
                                  0.000000    4.750000   clock reconvergence pessimism
                                              4.750000 ^ _266_/CLK (sky130_fd_sc_hd__dfrtp_2)
                                 -0.087739    4.662261   library setup time
                                              4.662261   data required time
---------------------------------------------------------------------------------------------
                                              4.662261   data required time
                                             -2.207991   data arrival time
---------------------------------------------------------------------------------------------
                                              2.454270   slack (MET)


Startpoint: _300_ (rising edge-triggered flip-flop clocked by clk)
Endpoint: _301_ (rising edge-triggered flip-flop clocked by clk)
Path Group: clk
Path Type: max

Fanout         Cap        Slew       Delay        Time   Description
---------------------------------------------------------------------------------------------
                      0.150000    0.000000    0.000000   clock clk (rise edge)
                                  0.000000    0.000000   clock network delay (ideal)
                      0.150000    0.000000    0.000000 ^ _300_/CLK (sky130_fd_sc_hd__dfrtp_2)
    12    0.029451    0.101525    0.495201    0.495201 v _300_/Q (sky130_fd_sc_hd__dfrtp_2)
                                                         current_state[1] (net)
                      0.101525    0.000000    0.495201 v _146_/A (sky130_fd_sc_hd__nor4b_2)
    10    0.061588    1.405661    1.186300    1.681501 ^ _146_/Y (sky130_fd_sc_hd__nor4b_2)
                                                         wready (net)
                      1.405661    0.000000    1.681501 ^ _250_/B (sky130_fd_sc_hd__and3b_2)
     1    0.002429    0.064912    0.356656    2.038157 ^ _250_/X (sky130_fd_sc_hd__and3b_2)
                                                         _097_ (net)
                      0.064912    0.000000    2.038157 ^ _251_/C1 (sky130_fd_sc_hd__a311o_2)
     2    0.003111    0.041704    0.100833    2.138990 ^ _251_/X (sky130_fd_sc_hd__a311o_2)
                                                         _098_ (net)
                      0.041704    0.000000    2.138990 ^ _259_/A (sky130_fd_sc_hd__or2_2)
     1    0.002005    0.027343    0.090563    2.229552 ^ _259_/X (sky130_fd_sc_hd__or2_2)
                                                         _017_ (net)
                      0.027343    0.000000    2.229552 ^ _301_/D (sky130_fd_sc_hd__dfrtp_2)
                                              2.229552   data arrival time

                      0.150000    5.000000    5.000000   clock clk (rise edge)
                                  0.000000    5.000000   clock network delay (ideal)
                                 -0.250000    4.750000   clock uncertainty
                                  0.000000    4.750000   clock reconvergence pessimism
                                              4.750000 ^ _301_/CLK (sky130_fd_sc_hd__dfrtp_2)
                                 -0.043454    4.706545   library setup time
                                              4.706545   data required time
---------------------------------------------------------------------------------------------
                                              4.706545   data required time
                                             -2.229552   data arrival time
---------------------------------------------------------------------------------------------
                                              2.476993   slack (MET)


Startpoint: _300_ (rising edge-triggered flip-flop clocked by clk)
Endpoint: bvalid (output port clocked by clk)
Path Group: clk
Path Type: max

Fanout         Cap        Slew       Delay        Time   Description
---------------------------------------------------------------------------------------------
                      0.150000    0.000000    0.000000   clock clk (rise edge)
                                  0.000000    0.000000   clock network delay (ideal)
                      0.150000    0.000000    0.000000 ^ _300_/CLK (sky130_fd_sc_hd__dfrtp_2)
    12    0.029451    0.101525    0.495201    0.495201 v _300_/Q (sky130_fd_sc_hd__dfrtp_2)
                                                         current_state[1] (net)
                      0.101525    0.000000    0.495201 v _149_/A_N (sky130_fd_sc_hd__and4bb_2)
     3    0.036790    0.229532    0.455030    0.950231 ^ _149_/X (sky130_fd_sc_hd__and4bb_2)
                                                         bresp (net)
                      0.229532    0.000000    0.950231 ^ _339_/A (sky130_fd_sc_hd__buf_2)
     1    0.033442    0.169500    0.253316    1.203547 ^ _339_/X (sky130_fd_sc_hd__buf_2)
                                                         bvalid (net)
                      0.169500    0.000000    1.203547 ^ bvalid (out)
                                              1.203547   data arrival time

                      0.150000    5.000000    5.000000   clock clk (rise edge)
                                  0.000000    5.000000   clock network delay (ideal)
                                 -0.250000    4.750000   clock uncertainty
                                  0.000000    4.750000   clock reconvergence pessimism
                                 -1.000000    3.750000   output external delay
                                              3.750000   data required time
---------------------------------------------------------------------------------------------
                                              3.750000   data required time
                                             -1.203547   data arrival time
---------------------------------------------------------------------------------------------
                                              2.546453   slack (MET)


Startpoint: _301_ (rising edge-triggered flip-flop clocked by clk)
Endpoint: PWRITE (output port clocked by clk)
Path Group: clk
Path Type: max

Fanout         Cap        Slew       Delay        Time   Description
---------------------------------------------------------------------------------------------
                      0.150000    0.000000    0.000000   clock clk (rise edge)
                                  0.000000    0.000000   clock network delay (ideal)
                      0.150000    0.000000    0.000000 ^ _301_/CLK (sky130_fd_sc_hd__dfrtp_2)
    11    0.021283    0.084036    0.475323    0.475323 v _301_/Q (sky130_fd_sc_hd__dfrtp_2)
                                                         current_state[2] (net)
                      0.084036    0.000000    0.475323 v _139_/A_N (sky130_fd_sc_hd__nand3b_2)
     6    0.020341    0.147677    0.288332    0.763655 v _139_/Y (sky130_fd_sc_hd__nand3b_2)
                                                         _120_ (net)
                      0.147677    0.000000    0.763655 v _140_/B (sky130_fd_sc_hd__nor2_2)
     2    0.035886    0.398924    0.357520    1.121176 ^ _140_/Y (sky130_fd_sc_hd__nor2_2)
                                                         PWRITE (net)
                      0.398924    0.000000    1.121176 ^ PWRITE (out)
                                              1.121176   data arrival time

                      0.150000    5.000000    5.000000   clock clk (rise edge)
                                  0.000000    5.000000   clock network delay (ideal)
                                 -0.250000    4.750000   clock uncertainty
                                  0.000000    4.750000   clock reconvergence pessimism
                                 -1.000000    3.750000   output external delay
                                              3.750000   data required time
---------------------------------------------------------------------------------------------
                                              3.750000   data required time
                                             -1.121176   data arrival time
---------------------------------------------------------------------------------------------
                                              2.628824   slack (MET)


Startpoint: _302_ (rising edge-triggered flip-flop clocked by clk)
Endpoint: rresp (output port clocked by clk)
Path Group: clk
Path Type: max

Fanout         Cap        Slew       Delay        Time   Description
---------------------------------------------------------------------------------------------
                      0.150000    0.000000    0.000000   clock clk (rise edge)
                                  0.000000    0.000000   clock network delay (ideal)
                      0.150000    0.000000    0.000000 ^ _302_/CLK (sky130_fd_sc_hd__dfrtp_2)
    13    0.028034    0.098491    0.491753    0.491753 v _302_/Q (sky130_fd_sc_hd__dfrtp_2)
                                                         current_state[3] (net)
                      0.098491    0.000000    0.491753 v _144_/B_N (sky130_fd_sc_hd__and4bb_2)
    11    0.063284    0.370746    0.560633    1.052386 ^ _144_/X (sky130_fd_sc_hd__and4bb_2)
                                                         rresp (net)
                      0.370746    0.000000    1.052386 ^ rresp (out)
                                              1.052386   data arrival time

                      0.150000    5.000000    5.000000   clock clk (rise edge)
                                  0.000000    5.000000   clock network delay (ideal)
                                 -0.250000    4.750000   clock uncertainty
                                  0.000000    4.750000   clock reconvergence pessimism
                                 -1.000000    3.750000   output external delay
                                              3.750000   data required time
---------------------------------------------------------------------------------------------
                                              3.750000   data required time
                                             -1.052386   data arrival time
---------------------------------------------------------------------------------------------
                                              2.697614   slack (MET)


Startpoint: _300_ (rising edge-triggered flip-flop clocked by clk)
Endpoint: _302_ (rising edge-triggered flip-flop clocked by clk)
Path Group: clk
Path Type: max

Fanout         Cap        Slew       Delay        Time   Description
---------------------------------------------------------------------------------------------
                      0.150000    0.000000    0.000000   clock clk (rise edge)
                                  0.000000    0.000000   clock network delay (ideal)
                      0.150000    0.000000    0.000000 ^ _300_/CLK (sky130_fd_sc_hd__dfrtp_2)
    12    0.029451    0.101525    0.495201    0.495201 v _300_/Q (sky130_fd_sc_hd__dfrtp_2)
                                                         current_state[1] (net)
                      0.101525    0.000000    0.495201 v _146_/A (sky130_fd_sc_hd__nor4b_2)
    10    0.061588    1.405661    1.186300    1.681501 ^ _146_/Y (sky130_fd_sc_hd__nor4b_2)
                                                         wready (net)
                      1.405661    0.000000    1.681501 ^ _262_/A1 (sky130_fd_sc_hd__a211o_2)
     1    0.002005    0.049497    0.265011    1.946512 ^ _262_/X (sky130_fd_sc_hd__a211o_2)
                                                         _018_ (net)
                      0.049497    0.000000    1.946512 ^ _302_/D (sky130_fd_sc_hd__dfrtp_2)
                                              1.946512   data arrival time

                      0.150000    5.000000    5.000000   clock clk (rise edge)
                                  0.000000    5.000000   clock network delay (ideal)
                                 -0.250000    4.750000   clock uncertainty
                                  0.000000    4.750000   clock reconvergence pessimism
                                              4.750000 ^ _302_/CLK (sky130_fd_sc_hd__dfrtp_2)
                                 -0.048512    4.701488   library setup time
                                              4.701488   data required time
---------------------------------------------------------------------------------------------
                                              4.701488   data required time
                                             -1.946512   data arrival time
---------------------------------------------------------------------------------------------
                                              2.754977   slack (MET)


Startpoint: _300_ (rising edge-triggered flip-flop clocked by clk)
Endpoint: bresp (output port clocked by clk)
Path Group: clk
Path Type: max

Fanout         Cap        Slew       Delay        Time   Description
---------------------------------------------------------------------------------------------
                      0.150000    0.000000    0.000000   clock clk (rise edge)
                                  0.000000    0.000000   clock network delay (ideal)
                      0.150000    0.000000    0.000000 ^ _300_/CLK (sky130_fd_sc_hd__dfrtp_2)
    12    0.029451    0.101525    0.495201    0.495201 v _300_/Q (sky130_fd_sc_hd__dfrtp_2)
                                                         current_state[1] (net)
                      0.101525    0.000000    0.495201 v _149_/A_N (sky130_fd_sc_hd__and4bb_2)
     3    0.036790    0.229532    0.455030    0.950231 ^ _149_/X (sky130_fd_sc_hd__and4bb_2)
                                                         bresp (net)
                      0.229532    0.000000    0.950231 ^ bresp (out)
                                              0.950231   data arrival time

                      0.150000    5.000000    5.000000   clock clk (rise edge)
                                  0.000000    5.000000   clock network delay (ideal)
                                 -0.250000    4.750000   clock uncertainty
                                  0.000000    4.750000   clock reconvergence pessimism
                                 -1.000000    3.750000   output external delay
                                              3.750000   data required time
---------------------------------------------------------------------------------------------
                                              3.750000   data required time
                                             -0.950231   data arrival time
---------------------------------------------------------------------------------------------
                                              2.799769   slack (MET)


Startpoint: bready (input port clocked by clk)
Endpoint: _299_ (rising edge-triggered flip-flop clocked by clk)
Path Group: clk
Path Type: max

Fanout         Cap        Slew       Delay        Time   Description
---------------------------------------------------------------------------------------------
                      0.150000    0.000000    0.000000   clock clk (rise edge)
                                  0.000000    0.000000   clock network delay (ideal)
                                  1.000000    1.000000 ^ input external delay
     2    0.006203    0.035715    0.021696    1.021696 ^ bready (in)
                                                         bready (net)
                      0.035715    0.000000    1.021696 ^ _244_/A2 (sky130_fd_sc_hd__o21ai_2)
     1    0.002141    0.045406    0.039189    1.060885 v _244_/Y (sky130_fd_sc_hd__o21ai_2)
                                                         _092_ (net)
                      0.045406    0.000000    1.060885 v _245_/B1 (sky130_fd_sc_hd__a32o_2)
     1    0.002195    0.038130    0.208783    1.269668 v _245_/X (sky130_fd_sc_hd__a32o_2)
                                                         _093_ (net)
                      0.038130    0.000000    1.269668 v _247_/B1 (sky130_fd_sc_hd__a211o_2)
     1    0.002195    0.044939    0.290243    1.559911 v _247_/X (sky130_fd_sc_hd__a211o_2)
                                                         _095_ (net)
                      0.044939    0.000000    1.559911 v _248_/B1 (sky130_fd_sc_hd__a21o_2)
     1    0.001949    0.031482    0.175002    1.734913 v _248_/X (sky130_fd_sc_hd__a21o_2)
                                                         _015_ (net)
                      0.031482    0.000000    1.734913 v _299_/D (sky130_fd_sc_hd__dfrtp_2)
                                              1.734913   data arrival time

                      0.150000    5.000000    5.000000   clock clk (rise edge)
                                  0.000000    5.000000   clock network delay (ideal)
                                 -0.250000    4.750000   clock uncertainty
                                  0.000000    4.750000   clock reconvergence pessimism
                                              4.750000 ^ _299_/CLK (sky130_fd_sc_hd__dfrtp_2)
                                 -0.085311    4.664689   library setup time
                                              4.664689   data required time
---------------------------------------------------------------------------------------------
                                              4.664689   data required time
                                             -1.734913   data arrival time
---------------------------------------------------------------------------------------------
                                              2.929776   slack (MET)


Startpoint: _275_ (rising edge-triggered flip-flop clocked by clk)
Endpoint: PADDR[0] (output port clocked by clk)
Path Group: clk
Path Type: max

Fanout         Cap        Slew       Delay        Time   Description
---------------------------------------------------------------------------------------------
                      0.150000    0.000000    0.000000   clock clk (rise edge)
                                  0.000000    0.000000   clock network delay (ideal)
                      0.150000    0.000000    0.000000 ^ _275_/CLK (sky130_fd_sc_hd__dfrtp_2)
     7    0.019648    0.080535    0.471344    0.471344 v _275_/Q (sky130_fd_sc_hd__dfrtp_2)
                                                         DADDR[0] (net)
                      0.080535    0.000000    0.471344 v _154_/B (sky130_fd_sc_hd__and2_2)
     1    0.033442    0.101847    0.276363    0.747707 v _154_/X (sky130_fd_sc_hd__and2_2)
                                                         PADDR[0] (net)
                      0.101847    0.000000    0.747707 v PADDR[0] (out)
                                              0.747707   data arrival time

                      0.150000    5.000000    5.000000   clock clk (rise edge)
                                  0.000000    5.000000   clock network delay (ideal)
                                 -0.250000    4.750000   clock uncertainty
                                  0.000000    4.750000   clock reconvergence pessimism
                                 -1.000000    3.750000   output external delay
                                              3.750000   data required time
---------------------------------------------------------------------------------------------
                                              3.750000   data required time
                                             -0.747707   data arrival time
---------------------------------------------------------------------------------------------
                                              3.002293   slack (MET)


Startpoint: _276_ (rising edge-triggered flip-flop clocked by clk)
Endpoint: PADDR[1] (output port clocked by clk)
Path Group: clk
Path Type: max

Fanout         Cap        Slew       Delay        Time   Description
---------------------------------------------------------------------------------------------
                      0.150000    0.000000    0.000000   clock clk (rise edge)
                                  0.000000    0.000000   clock network delay (ideal)
                      0.150000    0.000000    0.000000 ^ _276_/CLK (sky130_fd_sc_hd__dfrtp_2)
     6    0.015288    0.071199    0.460734    0.460734 v _276_/Q (sky130_fd_sc_hd__dfrtp_2)
                                                         DADDR[1] (net)
                      0.071199    0.000000    0.460734 v _155_/B (sky130_fd_sc_hd__and2_2)
     1    0.033442    0.101841    0.272059    0.732792 v _155_/X (sky130_fd_sc_hd__and2_2)
                                                         PADDR[1] (net)
                      0.101841    0.000000    0.732792 v PADDR[1] (out)
                                              0.732792   data arrival time

                      0.150000    5.000000    5.000000   clock clk (rise edge)
                                  0.000000    5.000000   clock network delay (ideal)
                                 -0.250000    4.750000   clock uncertainty
                                  0.000000    4.750000   clock reconvergence pessimism
                                 -1.000000    3.750000   output external delay
                                              3.750000   data required time
---------------------------------------------------------------------------------------------
                                              3.750000   data required time
                                             -0.732792   data arrival time
---------------------------------------------------------------------------------------------
                                              3.017207   slack (MET)


Startpoint: _277_ (rising edge-triggered flip-flop clocked by clk)
Endpoint: PADDR[2] (output port clocked by clk)
Path Group: clk
Path Type: max

Fanout         Cap        Slew       Delay        Time   Description
---------------------------------------------------------------------------------------------
                      0.150000    0.000000    0.000000   clock clk (rise edge)
                                  0.000000    0.000000   clock network delay (ideal)
                      0.150000    0.000000    0.000000 ^ _277_/CLK (sky130_fd_sc_hd__dfrtp_2)
     4    0.009684    0.058026    0.443271    0.443271 v _277_/Q (sky130_fd_sc_hd__dfrtp_2)
                                                         DADDR[2] (net)
                      0.058026    0.000000    0.443271 v _156_/B (sky130_fd_sc_hd__and2_2)
     1    0.033442    0.101833    0.265986    0.709256 v _156_/X (sky130_fd_sc_hd__and2_2)
                                                         PADDR[2] (net)
                      0.101833    0.000000    0.709256 v PADDR[2] (out)
                                              0.709256   data arrival time

                      0.150000    5.000000    5.000000   clock clk (rise edge)
                                  0.000000    5.000000   clock network delay (ideal)
                                 -0.250000    4.750000   clock uncertainty
                                  0.000000    4.750000   clock reconvergence pessimism
                                 -1.000000    3.750000   output external delay
                                              3.750000   data required time
---------------------------------------------------------------------------------------------
                                              3.750000   data required time
                                             -0.709256   data arrival time
---------------------------------------------------------------------------------------------
                                              3.040744   slack (MET)


Startpoint: bready (input port clocked by clk)
Endpoint: _269_ (rising edge-triggered flip-flop clocked by clk)
Path Group: clk
Path Type: max

Fanout         Cap        Slew       Delay        Time   Description
---------------------------------------------------------------------------------------------
                      0.150000    0.000000    0.000000   clock clk (rise edge)
                                  0.000000    0.000000   clock network delay (ideal)
                                  1.000000    1.000000 v input external delay
     2    0.005542    0.015219    0.008944    1.008944 v bready (in)
                                                         bready (net)
                      0.015219    0.000000    1.008944 v _193_/A (sky130_fd_sc_hd__and2_2)
     2    0.004340    0.041312    0.156564    1.165508 v _193_/X (sky130_fd_sc_hd__and2_2)
                                                         _050_ (net)
                      0.041312    0.000000    1.165508 v _194_/A3 (sky130_fd_sc_hd__o31a_2)
     1    0.001949    0.047876    0.269266    1.434774 v _194_/X (sky130_fd_sc_hd__o31a_2)
                                                         _006_ (net)
                      0.047876    0.000000    1.434774 v _269_/D (sky130_fd_sc_hd__dfrtp_2)
                                              1.434774   data arrival time

                      0.150000    5.000000    5.000000   clock clk (rise edge)
                                  0.000000    5.000000   clock network delay (ideal)
                                 -0.250000    4.750000   clock uncertainty
                                  0.000000    4.750000   clock reconvergence pessimism
                                              4.750000 ^ _269_/CLK (sky130_fd_sc_hd__dfrtp_2)
                                 -0.092461    4.657539   library setup time
                                              4.657539   data required time
---------------------------------------------------------------------------------------------
                                              4.657539   data required time
                                             -1.434774   data arrival time
---------------------------------------------------------------------------------------------
                                              3.222765   slack (MET)


Startpoint: _302_ (rising edge-triggered flip-flop clocked by clk)
Endpoint: _270_ (rising edge-triggered flip-flop clocked by clk)
Path Group: clk
Path Type: max

Fanout         Cap        Slew       Delay        Time   Description
---------------------------------------------------------------------------------------------
                      0.150000    0.000000    0.000000   clock clk (rise edge)
                                  0.000000    0.000000   clock network delay (ideal)
                      0.150000    0.000000    0.000000 ^ _302_/CLK (sky130_fd_sc_hd__dfrtp_2)
    13    0.028034    0.098491    0.491753    0.491753 v _302_/Q (sky130_fd_sc_hd__dfrtp_2)
                                                         current_state[3] (net)
                      0.098491    0.000000    0.491753 v _144_/B_N (sky130_fd_sc_hd__and4bb_2)
    11    0.063284    0.370746    0.560633    1.052386 ^ _144_/X (sky130_fd_sc_hd__and4bb_2)
                                                         rresp (net)
                      0.370746    0.000000    1.052386 ^ _196_/C1 (sky130_fd_sc_hd__o211a_2)
     1    0.001394    0.037969    0.233651    1.286037 ^ _196_/X (sky130_fd_sc_hd__o211a_2)
                                                         _052_ (net)
                      0.037969    0.000000    1.286037 ^ _197_/B1_N (sky130_fd_sc_hd__o21bai_2)
     1    0.002005    0.082233    0.090868    1.376906 ^ _197_/Y (sky130_fd_sc_hd__o21bai_2)
                                                         _007_ (net)
                      0.082233    0.000000    1.376906 ^ _270_/D (sky130_fd_sc_hd__dfrtp_2)
                                              1.376906   data arrival time

                      0.150000    5.000000    5.000000   clock clk (rise edge)
                                  0.000000    5.000000   clock network delay (ideal)
                                 -0.250000    4.750000   clock uncertainty
                                  0.000000    4.750000   clock reconvergence pessimism
                                              4.750000 ^ _270_/CLK (sky130_fd_sc_hd__dfrtp_2)
                                 -0.055985    4.694015   library setup time
                                              4.694015   data required time
---------------------------------------------------------------------------------------------
                                              4.694015   data required time
                                             -1.376906   data arrival time
---------------------------------------------------------------------------------------------
                                              3.317109   slack (MET)


Startpoint: res_n (input port clocked by clk)
Endpoint: _263_ (recovery check against rising-edge clock clk)
Path Group: asynchronous
Path Type: max

Fanout         Cap        Slew       Delay        Time   Description
---------------------------------------------------------------------------------------------
                      0.150000    0.000000    0.000000   clock clk (rise edge)
                                  0.000000    0.000000   clock network delay (ideal)
                                  1.000000    1.000000 ^ input external delay
    40    0.144480    0.655686    0.447597    1.447597 ^ res_n (in)
                                                         res_n (net)
                      0.655686    0.000000    1.447597 ^ _263_/RESET_B (sky130_fd_sc_hd__dfrtp_2)
                                              1.447597   data arrival time

                      0.150000    5.000000    5.000000   clock clk (rise edge)
                                  0.000000    5.000000   clock network delay (ideal)
                                 -0.250000    4.750000   clock uncertainty
                                  0.000000    4.750000   clock reconvergence pessimism
                                              4.750000 ^ _263_/CLK (sky130_fd_sc_hd__dfrtp_2)
                                  0.065012    4.815012   library recovery time
                                              4.815012   data required time
---------------------------------------------------------------------------------------------
                                              4.815012   data required time
                                             -1.447597   data arrival time
---------------------------------------------------------------------------------------------
                                              3.367415   slack (MET)


Startpoint: res_n (input port clocked by clk)
Endpoint: _264_ (recovery check against rising-edge clock clk)
Path Group: asynchronous
Path Type: max

Fanout         Cap        Slew       Delay        Time   Description
---------------------------------------------------------------------------------------------
                      0.150000    0.000000    0.000000   clock clk (rise edge)
                                  0.000000    0.000000   clock network delay (ideal)
                                  1.000000    1.000000 ^ input external delay
    40    0.144480    0.655686    0.447597    1.447597 ^ res_n (in)
                                                         res_n (net)
                      0.655686    0.000000    1.447597 ^ _264_/RESET_B (sky130_fd_sc_hd__dfrtp_2)
                                              1.447597   data arrival time

                      0.150000    5.000000    5.000000   clock clk (rise edge)
                                  0.000000    5.000000   clock network delay (ideal)
                                 -0.250000    4.750000   clock uncertainty
                                  0.000000    4.750000   clock reconvergence pessimism
                                              4.750000 ^ _264_/CLK (sky130_fd_sc_hd__dfrtp_2)
                                  0.065012    4.815012   library recovery time
                                              4.815012   data required time
---------------------------------------------------------------------------------------------
                                              4.815012   data required time
                                             -1.447597   data arrival time
---------------------------------------------------------------------------------------------
                                              3.367415   slack (MET)


Startpoint: res_n (input port clocked by clk)
Endpoint: _265_ (recovery check against rising-edge clock clk)
Path Group: asynchronous
Path Type: max

Fanout         Cap        Slew       Delay        Time   Description
---------------------------------------------------------------------------------------------
                      0.150000    0.000000    0.000000   clock clk (rise edge)
                                  0.000000    0.000000   clock network delay (ideal)
                                  1.000000    1.000000 ^ input external delay
    40    0.144480    0.655686    0.447597    1.447597 ^ res_n (in)
                                                         res_n (net)
                      0.655686    0.000000    1.447597 ^ _265_/RESET_B (sky130_fd_sc_hd__dfrtp_2)
                                              1.447597   data arrival time

                      0.150000    5.000000    5.000000   clock clk (rise edge)
                                  0.000000    5.000000   clock network delay (ideal)
                                 -0.250000    4.750000   clock uncertainty
                                  0.000000    4.750000   clock reconvergence pessimism
                                              4.750000 ^ _265_/CLK (sky130_fd_sc_hd__dfrtp_2)
                                  0.065012    4.815012   library recovery time
                                              4.815012   data required time
---------------------------------------------------------------------------------------------
                                              4.815012   data required time
                                             -1.447597   data arrival time
---------------------------------------------------------------------------------------------
                                              3.367415   slack (MET)


Startpoint: res_n (input port clocked by clk)
Endpoint: _266_ (recovery check against rising-edge clock clk)
Path Group: asynchronous
Path Type: max

Fanout         Cap        Slew       Delay        Time   Description
---------------------------------------------------------------------------------------------
                      0.150000    0.000000    0.000000   clock clk (rise edge)
                                  0.000000    0.000000   clock network delay (ideal)
                                  1.000000    1.000000 ^ input external delay
    40    0.144480    0.655686    0.447597    1.447597 ^ res_n (in)
                                                         res_n (net)
                      0.655686    0.000000    1.447597 ^ _266_/RESET_B (sky130_fd_sc_hd__dfrtp_2)
                                              1.447597   data arrival time

                      0.150000    5.000000    5.000000   clock clk (rise edge)
                                  0.000000    5.000000   clock network delay (ideal)
                                 -0.250000    4.750000   clock uncertainty
                                  0.000000    4.750000   clock reconvergence pessimism
                                              4.750000 ^ _266_/CLK (sky130_fd_sc_hd__dfrtp_2)
                                  0.065012    4.815012   library recovery time
                                              4.815012   data required time
---------------------------------------------------------------------------------------------
                                              4.815012   data required time
                                             -1.447597   data arrival time
---------------------------------------------------------------------------------------------
                                              3.367415   slack (MET)


Startpoint: res_n (input port clocked by clk)
Endpoint: _267_ (recovery check against rising-edge clock clk)
Path Group: asynchronous
Path Type: max

Fanout         Cap        Slew       Delay        Time   Description
---------------------------------------------------------------------------------------------
                      0.150000    0.000000    0.000000   clock clk (rise edge)
                                  0.000000    0.000000   clock network delay (ideal)
                                  1.000000    1.000000 ^ input external delay
    40    0.144480    0.655686    0.447597    1.447597 ^ res_n (in)
                                                         res_n (net)
                      0.655686    0.000000    1.447597 ^ _267_/RESET_B (sky130_fd_sc_hd__dfrtp_2)
                                              1.447597   data arrival time

                      0.150000    5.000000    5.000000   clock clk (rise edge)
                                  0.000000    5.000000   clock network delay (ideal)
                                 -0.250000    4.750000   clock uncertainty
                                  0.000000    4.750000   clock reconvergence pessimism
                                              4.750000 ^ _267_/CLK (sky130_fd_sc_hd__dfrtp_2)
                                  0.065012    4.815012   library recovery time
                                              4.815012   data required time
---------------------------------------------------------------------------------------------
                                              4.815012   data required time
                                             -1.447597   data arrival time
---------------------------------------------------------------------------------------------
                                              3.367415   slack (MET)


Startpoint: res_n (input port clocked by clk)
Endpoint: _268_ (recovery check against rising-edge clock clk)
Path Group: asynchronous
Path Type: max

Fanout         Cap        Slew       Delay        Time   Description
---------------------------------------------------------------------------------------------
                      0.150000    0.000000    0.000000   clock clk (rise edge)
                                  0.000000    0.000000   clock network delay (ideal)
                                  1.000000    1.000000 ^ input external delay
    40    0.144480    0.655686    0.447597    1.447597 ^ res_n (in)
                                                         res_n (net)
                      0.655686    0.000000    1.447597 ^ _268_/RESET_B (sky130_fd_sc_hd__dfrtp_2)
                                              1.447597   data arrival time

                      0.150000    5.000000    5.000000   clock clk (rise edge)
                                  0.000000    5.000000   clock network delay (ideal)
                                 -0.250000    4.750000   clock uncertainty
                                  0.000000    4.750000   clock reconvergence pessimism
                                              4.750000 ^ _268_/CLK (sky130_fd_sc_hd__dfrtp_2)
                                  0.065012    4.815012   library recovery time
                                              4.815012   data required time
---------------------------------------------------------------------------------------------
                                              4.815012   data required time
                                             -1.447597   data arrival time
---------------------------------------------------------------------------------------------
                                              3.367415   slack (MET)


Startpoint: res_n (input port clocked by clk)
Endpoint: _269_ (recovery check against rising-edge clock clk)
Path Group: asynchronous
Path Type: max

Fanout         Cap        Slew       Delay        Time   Description
---------------------------------------------------------------------------------------------
                      0.150000    0.000000    0.000000   clock clk (rise edge)
                                  0.000000    0.000000   clock network delay (ideal)
                                  1.000000    1.000000 ^ input external delay
    40    0.144480    0.655686    0.447597    1.447597 ^ res_n (in)
                                                         res_n (net)
                      0.655686    0.000000    1.447597 ^ _269_/RESET_B (sky130_fd_sc_hd__dfrtp_2)
                                              1.447597   data arrival time

                      0.150000    5.000000    5.000000   clock clk (rise edge)
                                  0.000000    5.000000   clock network delay (ideal)
                                 -0.250000    4.750000   clock uncertainty
                                  0.000000    4.750000   clock reconvergence pessimism
                                              4.750000 ^ _269_/CLK (sky130_fd_sc_hd__dfrtp_2)
                                  0.065012    4.815012   library recovery time
                                              4.815012   data required time
---------------------------------------------------------------------------------------------
                                              4.815012   data required time
                                             -1.447597   data arrival time
---------------------------------------------------------------------------------------------
                                              3.367415   slack (MET)


Startpoint: res_n (input port clocked by clk)
Endpoint: _270_ (recovery check against rising-edge clock clk)
Path Group: asynchronous
Path Type: max

Fanout         Cap        Slew       Delay        Time   Description
---------------------------------------------------------------------------------------------
                      0.150000    0.000000    0.000000   clock clk (rise edge)
                                  0.000000    0.000000   clock network delay (ideal)
                                  1.000000    1.000000 ^ input external delay
    40    0.144480    0.655686    0.447597    1.447597 ^ res_n (in)
                                                         res_n (net)
                      0.655686    0.000000    1.447597 ^ _270_/RESET_B (sky130_fd_sc_hd__dfrtp_2)
                                              1.447597   data arrival time

                      0.150000    5.000000    5.000000   clock clk (rise edge)
                                  0.000000    5.000000   clock network delay (ideal)
                                 -0.250000    4.750000   clock uncertainty
                                  0.000000    4.750000   clock reconvergence pessimism
                                              4.750000 ^ _270_/CLK (sky130_fd_sc_hd__dfrtp_2)
                                  0.065012    4.815012   library recovery time
                                              4.815012   data required time
---------------------------------------------------------------------------------------------
                                              4.815012   data required time
                                             -1.447597   data arrival time
---------------------------------------------------------------------------------------------
                                              3.367415   slack (MET)


Startpoint: res_n (input port clocked by clk)
Endpoint: _271_ (recovery check against rising-edge clock clk)
Path Group: asynchronous
Path Type: max

Fanout         Cap        Slew       Delay        Time   Description
---------------------------------------------------------------------------------------------
                      0.150000    0.000000    0.000000   clock clk (rise edge)
                                  0.000000    0.000000   clock network delay (ideal)
                                  1.000000    1.000000 ^ input external delay
    40    0.144480    0.655686    0.447597    1.447597 ^ res_n (in)
                                                         res_n (net)
                      0.655686    0.000000    1.447597 ^ _271_/RESET_B (sky130_fd_sc_hd__dfrtp_2)
                                              1.447597   data arrival time

                      0.150000    5.000000    5.000000   clock clk (rise edge)
                                  0.000000    5.000000   clock network delay (ideal)
                                 -0.250000    4.750000   clock uncertainty
                                  0.000000    4.750000   clock reconvergence pessimism
                                              4.750000 ^ _271_/CLK (sky130_fd_sc_hd__dfrtp_2)
                                  0.065012    4.815012   library recovery time
                                              4.815012   data required time
---------------------------------------------------------------------------------------------
                                              4.815012   data required time
                                             -1.447597   data arrival time
---------------------------------------------------------------------------------------------
                                              3.367415   slack (MET)


Startpoint: res_n (input port clocked by clk)
Endpoint: _272_ (recovery check against rising-edge clock clk)
Path Group: asynchronous
Path Type: max

Fanout         Cap        Slew       Delay        Time   Description
---------------------------------------------------------------------------------------------
                      0.150000    0.000000    0.000000   clock clk (rise edge)
                                  0.000000    0.000000   clock network delay (ideal)
                                  1.000000    1.000000 ^ input external delay
    40    0.144480    0.655686    0.447597    1.447597 ^ res_n (in)
                                                         res_n (net)
                      0.655686    0.000000    1.447597 ^ _272_/RESET_B (sky130_fd_sc_hd__dfrtp_2)
                                              1.447597   data arrival time

                      0.150000    5.000000    5.000000   clock clk (rise edge)
                                  0.000000    5.000000   clock network delay (ideal)
                                 -0.250000    4.750000   clock uncertainty
                                  0.000000    4.750000   clock reconvergence pessimism
                                              4.750000 ^ _272_/CLK (sky130_fd_sc_hd__dfrtp_2)
                                  0.065012    4.815012   library recovery time
                                              4.815012   data required time
---------------------------------------------------------------------------------------------
                                              4.815012   data required time
                                             -1.447597   data arrival time
---------------------------------------------------------------------------------------------
                                              3.367415   slack (MET)


Startpoint: res_n (input port clocked by clk)
Endpoint: _273_ (recovery check against rising-edge clock clk)
Path Group: asynchronous
Path Type: max

Fanout         Cap        Slew       Delay        Time   Description
---------------------------------------------------------------------------------------------
                      0.150000    0.000000    0.000000   clock clk (rise edge)
                                  0.000000    0.000000   clock network delay (ideal)
                                  1.000000    1.000000 ^ input external delay
    40    0.144480    0.655686    0.447597    1.447597 ^ res_n (in)
                                                         res_n (net)
                      0.655686    0.000000    1.447597 ^ _273_/RESET_B (sky130_fd_sc_hd__dfrtp_2)
                                              1.447597   data arrival time

                      0.150000    5.000000    5.000000   clock clk (rise edge)
                                  0.000000    5.000000   clock network delay (ideal)
                                 -0.250000    4.750000   clock uncertainty
                                  0.000000    4.750000   clock reconvergence pessimism
                                              4.750000 ^ _273_/CLK (sky130_fd_sc_hd__dfrtp_2)
                                  0.065012    4.815012   library recovery time
                                              4.815012   data required time
---------------------------------------------------------------------------------------------
                                              4.815012   data required time
                                             -1.447597   data arrival time
---------------------------------------------------------------------------------------------
                                              3.367415   slack (MET)


Startpoint: res_n (input port clocked by clk)
Endpoint: _274_ (recovery check against rising-edge clock clk)
Path Group: asynchronous
Path Type: max

Fanout         Cap        Slew       Delay        Time   Description
---------------------------------------------------------------------------------------------
                      0.150000    0.000000    0.000000   clock clk (rise edge)
                                  0.000000    0.000000   clock network delay (ideal)
                                  1.000000    1.000000 ^ input external delay
    40    0.144480    0.655686    0.447597    1.447597 ^ res_n (in)
                                                         res_n (net)
                      0.655686    0.000000    1.447597 ^ _274_/RESET_B (sky130_fd_sc_hd__dfrtp_2)
                                              1.447597   data arrival time

                      0.150000    5.000000    5.000000   clock clk (rise edge)
                                  0.000000    5.000000   clock network delay (ideal)
                                 -0.250000    4.750000   clock uncertainty
                                  0.000000    4.750000   clock reconvergence pessimism
                                              4.750000 ^ _274_/CLK (sky130_fd_sc_hd__dfrtp_2)
                                  0.065012    4.815012   library recovery time
                                              4.815012   data required time
---------------------------------------------------------------------------------------------
                                              4.815012   data required time
                                             -1.447597   data arrival time
---------------------------------------------------------------------------------------------
                                              3.367415   slack (MET)


Startpoint: res_n (input port clocked by clk)
Endpoint: _275_ (recovery check against rising-edge clock clk)
Path Group: asynchronous
Path Type: max

Fanout         Cap        Slew       Delay        Time   Description
---------------------------------------------------------------------------------------------
                      0.150000    0.000000    0.000000   clock clk (rise edge)
                                  0.000000    0.000000   clock network delay (ideal)
                                  1.000000    1.000000 ^ input external delay
    40    0.144480    0.655686    0.447597    1.447597 ^ res_n (in)
                                                         res_n (net)
                      0.655686    0.000000    1.447597 ^ _275_/RESET_B (sky130_fd_sc_hd__dfrtp_2)
                                              1.447597   data arrival time

                      0.150000    5.000000    5.000000   clock clk (rise edge)
                                  0.000000    5.000000   clock network delay (ideal)
                                 -0.250000    4.750000   clock uncertainty
                                  0.000000    4.750000   clock reconvergence pessimism
                                              4.750000 ^ _275_/CLK (sky130_fd_sc_hd__dfrtp_2)
                                  0.065012    4.815012   library recovery time
                                              4.815012   data required time
---------------------------------------------------------------------------------------------
                                              4.815012   data required time
                                             -1.447597   data arrival time
---------------------------------------------------------------------------------------------
                                              3.367415   slack (MET)


Startpoint: res_n (input port clocked by clk)
Endpoint: _276_ (recovery check against rising-edge clock clk)
Path Group: asynchronous
Path Type: max

Fanout         Cap        Slew       Delay        Time   Description
---------------------------------------------------------------------------------------------
                      0.150000    0.000000    0.000000   clock clk (rise edge)
                                  0.000000    0.000000   clock network delay (ideal)
                                  1.000000    1.000000 ^ input external delay
    40    0.144480    0.655686    0.447597    1.447597 ^ res_n (in)
                                                         res_n (net)
                      0.655686    0.000000    1.447597 ^ _276_/RESET_B (sky130_fd_sc_hd__dfrtp_2)
                                              1.447597   data arrival time

                      0.150000    5.000000    5.000000   clock clk (rise edge)
                                  0.000000    5.000000   clock network delay (ideal)
                                 -0.250000    4.750000   clock uncertainty
                                  0.000000    4.750000   clock reconvergence pessimism
                                              4.750000 ^ _276_/CLK (sky130_fd_sc_hd__dfrtp_2)
                                  0.065012    4.815012   library recovery time
                                              4.815012   data required time
---------------------------------------------------------------------------------------------
                                              4.815012   data required time
                                             -1.447597   data arrival time
---------------------------------------------------------------------------------------------
                                              3.367415   slack (MET)


Startpoint: res_n (input port clocked by clk)
Endpoint: _277_ (recovery check against rising-edge clock clk)
Path Group: asynchronous
Path Type: max

Fanout         Cap        Slew       Delay        Time   Description
---------------------------------------------------------------------------------------------
                      0.150000    0.000000    0.000000   clock clk (rise edge)
                                  0.000000    0.000000   clock network delay (ideal)
                                  1.000000    1.000000 ^ input external delay
    40    0.144480    0.655686    0.447597    1.447597 ^ res_n (in)
                                                         res_n (net)
                      0.655686    0.000000    1.447597 ^ _277_/RESET_B (sky130_fd_sc_hd__dfrtp_2)
                                              1.447597   data arrival time

                      0.150000    5.000000    5.000000   clock clk (rise edge)
                                  0.000000    5.000000   clock network delay (ideal)
                                 -0.250000    4.750000   clock uncertainty
                                  0.000000    4.750000   clock reconvergence pessimism
                                              4.750000 ^ _277_/CLK (sky130_fd_sc_hd__dfrtp_2)
                                  0.065012    4.815012   library recovery time
                                              4.815012   data required time
---------------------------------------------------------------------------------------------
                                              4.815012   data required time
                                             -1.447597   data arrival time
---------------------------------------------------------------------------------------------
                                              3.367415   slack (MET)


Startpoint: res_n (input port clocked by clk)
Endpoint: _278_ (recovery check against rising-edge clock clk)
Path Group: asynchronous
Path Type: max

Fanout         Cap        Slew       Delay        Time   Description
---------------------------------------------------------------------------------------------
                      0.150000    0.000000    0.000000   clock clk (rise edge)
                                  0.000000    0.000000   clock network delay (ideal)
                                  1.000000    1.000000 ^ input external delay
    40    0.144480    0.655686    0.447597    1.447597 ^ res_n (in)
                                                         res_n (net)
                      0.655686    0.000000    1.447597 ^ _278_/RESET_B (sky130_fd_sc_hd__dfrtp_2)
                                              1.447597   data arrival time

                      0.150000    5.000000    5.000000   clock clk (rise edge)
                                  0.000000    5.000000   clock network delay (ideal)
                                 -0.250000    4.750000   clock uncertainty
                                  0.000000    4.750000   clock reconvergence pessimism
                                              4.750000 ^ _278_/CLK (sky130_fd_sc_hd__dfrtp_2)
                                  0.065012    4.815012   library recovery time
                                              4.815012   data required time
---------------------------------------------------------------------------------------------
                                              4.815012   data required time
                                             -1.447597   data arrival time
---------------------------------------------------------------------------------------------
                                              3.367415   slack (MET)


Startpoint: res_n (input port clocked by clk)
Endpoint: _279_ (recovery check against rising-edge clock clk)
Path Group: asynchronous
Path Type: max

Fanout         Cap        Slew       Delay        Time   Description
---------------------------------------------------------------------------------------------
                      0.150000    0.000000    0.000000   clock clk (rise edge)
                                  0.000000    0.000000   clock network delay (ideal)
                                  1.000000    1.000000 ^ input external delay
    40    0.144480    0.655686    0.447597    1.447597 ^ res_n (in)
                                                         res_n (net)
                      0.655686    0.000000    1.447597 ^ _279_/RESET_B (sky130_fd_sc_hd__dfrtp_2)
                                              1.447597   data arrival time

                      0.150000    5.000000    5.000000   clock clk (rise edge)
                                  0.000000    5.000000   clock network delay (ideal)
                                 -0.250000    4.750000   clock uncertainty
                                  0.000000    4.750000   clock reconvergence pessimism
                                              4.750000 ^ _279_/CLK (sky130_fd_sc_hd__dfrtp_2)
                                  0.065012    4.815012   library recovery time
                                              4.815012   data required time
---------------------------------------------------------------------------------------------
                                              4.815012   data required time
                                             -1.447597   data arrival time
---------------------------------------------------------------------------------------------
                                              3.367415   slack (MET)


Startpoint: res_n (input port clocked by clk)
Endpoint: _280_ (recovery check against rising-edge clock clk)
Path Group: asynchronous
Path Type: max

Fanout         Cap        Slew       Delay        Time   Description
---------------------------------------------------------------------------------------------
                      0.150000    0.000000    0.000000   clock clk (rise edge)
                                  0.000000    0.000000   clock network delay (ideal)
                                  1.000000    1.000000 ^ input external delay
    40    0.144480    0.655686    0.447597    1.447597 ^ res_n (in)
                                                         res_n (net)
                      0.655686    0.000000    1.447597 ^ _280_/RESET_B (sky130_fd_sc_hd__dfrtp_2)
                                              1.447597   data arrival time

                      0.150000    5.000000    5.000000   clock clk (rise edge)
                                  0.000000    5.000000   clock network delay (ideal)
                                 -0.250000    4.750000   clock uncertainty
                                  0.000000    4.750000   clock reconvergence pessimism
                                              4.750000 ^ _280_/CLK (sky130_fd_sc_hd__dfrtp_2)
                                  0.065012    4.815012   library recovery time
                                              4.815012   data required time
---------------------------------------------------------------------------------------------
                                              4.815012   data required time
                                             -1.447597   data arrival time
---------------------------------------------------------------------------------------------
                                              3.367415   slack (MET)


Startpoint: res_n (input port clocked by clk)
Endpoint: _281_ (recovery check against rising-edge clock clk)
Path Group: asynchronous
Path Type: max

Fanout         Cap        Slew       Delay        Time   Description
---------------------------------------------------------------------------------------------
                      0.150000    0.000000    0.000000   clock clk (rise edge)
                                  0.000000    0.000000   clock network delay (ideal)
                                  1.000000    1.000000 ^ input external delay
    40    0.144480    0.655686    0.447597    1.447597 ^ res_n (in)
                                                         res_n (net)
                      0.655686    0.000000    1.447597 ^ _281_/RESET_B (sky130_fd_sc_hd__dfrtp_2)
                                              1.447597   data arrival time

                      0.150000    5.000000    5.000000   clock clk (rise edge)
                                  0.000000    5.000000   clock network delay (ideal)
                                 -0.250000    4.750000   clock uncertainty
                                  0.000000    4.750000   clock reconvergence pessimism
                                              4.750000 ^ _281_/CLK (sky130_fd_sc_hd__dfrtp_2)
                                  0.065012    4.815012   library recovery time
                                              4.815012   data required time
---------------------------------------------------------------------------------------------
                                              4.815012   data required time
                                             -1.447597   data arrival time
---------------------------------------------------------------------------------------------
                                              3.367415   slack (MET)


Startpoint: res_n (input port clocked by clk)
Endpoint: _282_ (recovery check against rising-edge clock clk)
Path Group: asynchronous
Path Type: max

Fanout         Cap        Slew       Delay        Time   Description
---------------------------------------------------------------------------------------------
                      0.150000    0.000000    0.000000   clock clk (rise edge)
                                  0.000000    0.000000   clock network delay (ideal)
                                  1.000000    1.000000 ^ input external delay
    40    0.144480    0.655686    0.447597    1.447597 ^ res_n (in)
                                                         res_n (net)
                      0.655686    0.000000    1.447597 ^ _282_/RESET_B (sky130_fd_sc_hd__dfrtp_2)
                                              1.447597   data arrival time

                      0.150000    5.000000    5.000000   clock clk (rise edge)
                                  0.000000    5.000000   clock network delay (ideal)
                                 -0.250000    4.750000   clock uncertainty
                                  0.000000    4.750000   clock reconvergence pessimism
                                              4.750000 ^ _282_/CLK (sky130_fd_sc_hd__dfrtp_2)
                                  0.065012    4.815012   library recovery time
                                              4.815012   data required time
---------------------------------------------------------------------------------------------
                                              4.815012   data required time
                                             -1.447597   data arrival time
---------------------------------------------------------------------------------------------
                                              3.367415   slack (MET)


Startpoint: res_n (input port clocked by clk)
Endpoint: _283_ (recovery check against rising-edge clock clk)
Path Group: asynchronous
Path Type: max

Fanout         Cap        Slew       Delay        Time   Description
---------------------------------------------------------------------------------------------
                      0.150000    0.000000    0.000000   clock clk (rise edge)
                                  0.000000    0.000000   clock network delay (ideal)
                                  1.000000    1.000000 ^ input external delay
    40    0.144480    0.655686    0.447597    1.447597 ^ res_n (in)
                                                         res_n (net)
                      0.655686    0.000000    1.447597 ^ _283_/RESET_B (sky130_fd_sc_hd__dfrtp_2)
                                              1.447597   data arrival time

                      0.150000    5.000000    5.000000   clock clk (rise edge)
                                  0.000000    5.000000   clock network delay (ideal)
                                 -0.250000    4.750000   clock uncertainty
                                  0.000000    4.750000   clock reconvergence pessimism
                                              4.750000 ^ _283_/CLK (sky130_fd_sc_hd__dfrtp_2)
                                  0.065012    4.815012   library recovery time
                                              4.815012   data required time
---------------------------------------------------------------------------------------------
                                              4.815012   data required time
                                             -1.447597   data arrival time
---------------------------------------------------------------------------------------------
                                              3.367415   slack (MET)


Startpoint: res_n (input port clocked by clk)
Endpoint: _284_ (recovery check against rising-edge clock clk)
Path Group: asynchronous
Path Type: max

Fanout         Cap        Slew       Delay        Time   Description
---------------------------------------------------------------------------------------------
                      0.150000    0.000000    0.000000   clock clk (rise edge)
                                  0.000000    0.000000   clock network delay (ideal)
                                  1.000000    1.000000 ^ input external delay
    40    0.144480    0.655686    0.447597    1.447597 ^ res_n (in)
                                                         res_n (net)
                      0.655686    0.000000    1.447597 ^ _284_/RESET_B (sky130_fd_sc_hd__dfrtp_2)
                                              1.447597   data arrival time

                      0.150000    5.000000    5.000000   clock clk (rise edge)
                                  0.000000    5.000000   clock network delay (ideal)
                                 -0.250000    4.750000   clock uncertainty
                                  0.000000    4.750000   clock reconvergence pessimism
                                              4.750000 ^ _284_/CLK (sky130_fd_sc_hd__dfrtp_2)
                                  0.065012    4.815012   library recovery time
                                              4.815012   data required time
---------------------------------------------------------------------------------------------
                                              4.815012   data required time
                                             -1.447597   data arrival time
---------------------------------------------------------------------------------------------
                                              3.367415   slack (MET)


Startpoint: res_n (input port clocked by clk)
Endpoint: _285_ (recovery check against rising-edge clock clk)
Path Group: asynchronous
Path Type: max

Fanout         Cap        Slew       Delay        Time   Description
---------------------------------------------------------------------------------------------
                      0.150000    0.000000    0.000000   clock clk (rise edge)
                                  0.000000    0.000000   clock network delay (ideal)
                                  1.000000    1.000000 ^ input external delay
    40    0.144480    0.655686    0.447597    1.447597 ^ res_n (in)
                                                         res_n (net)
                      0.655686    0.000000    1.447597 ^ _285_/RESET_B (sky130_fd_sc_hd__dfrtp_2)
                                              1.447597   data arrival time

                      0.150000    5.000000    5.000000   clock clk (rise edge)
                                  0.000000    5.000000   clock network delay (ideal)
                                 -0.250000    4.750000   clock uncertainty
                                  0.000000    4.750000   clock reconvergence pessimism
                                              4.750000 ^ _285_/CLK (sky130_fd_sc_hd__dfrtp_2)
                                  0.065012    4.815012   library recovery time
                                              4.815012   data required time
---------------------------------------------------------------------------------------------
                                              4.815012   data required time
                                             -1.447597   data arrival time
---------------------------------------------------------------------------------------------
                                              3.367415   slack (MET)


Startpoint: res_n (input port clocked by clk)
Endpoint: _286_ (recovery check against rising-edge clock clk)
Path Group: asynchronous
Path Type: max

Fanout         Cap        Slew       Delay        Time   Description
---------------------------------------------------------------------------------------------
                      0.150000    0.000000    0.000000   clock clk (rise edge)
                                  0.000000    0.000000   clock network delay (ideal)
                                  1.000000    1.000000 ^ input external delay
    40    0.144480    0.655686    0.447597    1.447597 ^ res_n (in)
                                                         res_n (net)
                      0.655686    0.000000    1.447597 ^ _286_/RESET_B (sky130_fd_sc_hd__dfrtp_2)
                                              1.447597   data arrival time

                      0.150000    5.000000    5.000000   clock clk (rise edge)
                                  0.000000    5.000000   clock network delay (ideal)
                                 -0.250000    4.750000   clock uncertainty
                                  0.000000    4.750000   clock reconvergence pessimism
                                              4.750000 ^ _286_/CLK (sky130_fd_sc_hd__dfrtp_2)
                                  0.065012    4.815012   library recovery time
                                              4.815012   data required time
---------------------------------------------------------------------------------------------
                                              4.815012   data required time
                                             -1.447597   data arrival time
---------------------------------------------------------------------------------------------
                                              3.367415   slack (MET)


Startpoint: res_n (input port clocked by clk)
Endpoint: _287_ (recovery check against rising-edge clock clk)
Path Group: asynchronous
Path Type: max

Fanout         Cap        Slew       Delay        Time   Description
---------------------------------------------------------------------------------------------
                      0.150000    0.000000    0.000000   clock clk (rise edge)
                                  0.000000    0.000000   clock network delay (ideal)
                                  1.000000    1.000000 ^ input external delay
    40    0.144480    0.655686    0.447597    1.447597 ^ res_n (in)
                                                         res_n (net)
                      0.655686    0.000000    1.447597 ^ _287_/RESET_B (sky130_fd_sc_hd__dfrtp_2)
                                              1.447597   data arrival time

                      0.150000    5.000000    5.000000   clock clk (rise edge)
                                  0.000000    5.000000   clock network delay (ideal)
                                 -0.250000    4.750000   clock uncertainty
                                  0.000000    4.750000   clock reconvergence pessimism
                                              4.750000 ^ _287_/CLK (sky130_fd_sc_hd__dfrtp_2)
                                  0.065012    4.815012   library recovery time
                                              4.815012   data required time
---------------------------------------------------------------------------------------------
                                              4.815012   data required time
                                             -1.447597   data arrival time
---------------------------------------------------------------------------------------------
                                              3.367415   slack (MET)


Startpoint: res_n (input port clocked by clk)
Endpoint: _288_ (recovery check against rising-edge clock clk)
Path Group: asynchronous
Path Type: max

Fanout         Cap        Slew       Delay        Time   Description
---------------------------------------------------------------------------------------------
                      0.150000    0.000000    0.000000   clock clk (rise edge)
                                  0.000000    0.000000   clock network delay (ideal)
                                  1.000000    1.000000 ^ input external delay
    40    0.144480    0.655686    0.447597    1.447597 ^ res_n (in)
                                                         res_n (net)
                      0.655686    0.000000    1.447597 ^ _288_/RESET_B (sky130_fd_sc_hd__dfrtp_2)
                                              1.447597   data arrival time

                      0.150000    5.000000    5.000000   clock clk (rise edge)
                                  0.000000    5.000000   clock network delay (ideal)
                                 -0.250000    4.750000   clock uncertainty
                                  0.000000    4.750000   clock reconvergence pessimism
                                              4.750000 ^ _288_/CLK (sky130_fd_sc_hd__dfrtp_2)
                                  0.065012    4.815012   library recovery time
                                              4.815012   data required time
---------------------------------------------------------------------------------------------
                                              4.815012   data required time
                                             -1.447597   data arrival time
---------------------------------------------------------------------------------------------
                                              3.367415   slack (MET)


Startpoint: res_n (input port clocked by clk)
Endpoint: _289_ (recovery check against rising-edge clock clk)
Path Group: asynchronous
Path Type: max

Fanout         Cap        Slew       Delay        Time   Description
---------------------------------------------------------------------------------------------
                      0.150000    0.000000    0.000000   clock clk (rise edge)
                                  0.000000    0.000000   clock network delay (ideal)
                                  1.000000    1.000000 ^ input external delay
    40    0.144480    0.655686    0.447597    1.447597 ^ res_n (in)
                                                         res_n (net)
                      0.655686    0.000000    1.447597 ^ _289_/RESET_B (sky130_fd_sc_hd__dfrtp_2)
                                              1.447597   data arrival time

                      0.150000    5.000000    5.000000   clock clk (rise edge)
                                  0.000000    5.000000   clock network delay (ideal)
                                 -0.250000    4.750000   clock uncertainty
                                  0.000000    4.750000   clock reconvergence pessimism
                                              4.750000 ^ _289_/CLK (sky130_fd_sc_hd__dfrtp_2)
                                  0.065012    4.815012   library recovery time
                                              4.815012   data required time
---------------------------------------------------------------------------------------------
                                              4.815012   data required time
                                             -1.447597   data arrival time
---------------------------------------------------------------------------------------------
                                              3.367415   slack (MET)


Startpoint: res_n (input port clocked by clk)
Endpoint: _290_ (recovery check against rising-edge clock clk)
Path Group: asynchronous
Path Type: max

Fanout         Cap        Slew       Delay        Time   Description
---------------------------------------------------------------------------------------------
                      0.150000    0.000000    0.000000   clock clk (rise edge)
                                  0.000000    0.000000   clock network delay (ideal)
                                  1.000000    1.000000 ^ input external delay
    40    0.144480    0.655686    0.447597    1.447597 ^ res_n (in)
                                                         res_n (net)
                      0.655686    0.000000    1.447597 ^ _290_/RESET_B (sky130_fd_sc_hd__dfrtp_2)
                                              1.447597   data arrival time

                      0.150000    5.000000    5.000000   clock clk (rise edge)
                                  0.000000    5.000000   clock network delay (ideal)
                                 -0.250000    4.750000   clock uncertainty
                                  0.000000    4.750000   clock reconvergence pessimism
                                              4.750000 ^ _290_/CLK (sky130_fd_sc_hd__dfrtp_2)
                                  0.065012    4.815012   library recovery time
                                              4.815012   data required time
---------------------------------------------------------------------------------------------
                                              4.815012   data required time
                                             -1.447597   data arrival time
---------------------------------------------------------------------------------------------
                                              3.367415   slack (MET)


Startpoint: res_n (input port clocked by clk)
Endpoint: _291_ (recovery check against rising-edge clock clk)
Path Group: asynchronous
Path Type: max

Fanout         Cap        Slew       Delay        Time   Description
---------------------------------------------------------------------------------------------
                      0.150000    0.000000    0.000000   clock clk (rise edge)
                                  0.000000    0.000000   clock network delay (ideal)
                                  1.000000    1.000000 ^ input external delay
    40    0.144480    0.655686    0.447597    1.447597 ^ res_n (in)
                                                         res_n (net)
                      0.655686    0.000000    1.447597 ^ _291_/RESET_B (sky130_fd_sc_hd__dfrtp_2)
                                              1.447597   data arrival time

                      0.150000    5.000000    5.000000   clock clk (rise edge)
                                  0.000000    5.000000   clock network delay (ideal)
                                 -0.250000    4.750000   clock uncertainty
                                  0.000000    4.750000   clock reconvergence pessimism
                                              4.750000 ^ _291_/CLK (sky130_fd_sc_hd__dfrtp_2)
                                  0.065012    4.815012   library recovery time
                                              4.815012   data required time
---------------------------------------------------------------------------------------------
                                              4.815012   data required time
                                             -1.447597   data arrival time
---------------------------------------------------------------------------------------------
                                              3.367415   slack (MET)


Startpoint: res_n (input port clocked by clk)
Endpoint: _292_ (recovery check against rising-edge clock clk)
Path Group: asynchronous
Path Type: max

Fanout         Cap        Slew       Delay        Time   Description
---------------------------------------------------------------------------------------------
                      0.150000    0.000000    0.000000   clock clk (rise edge)
                                  0.000000    0.000000   clock network delay (ideal)
                                  1.000000    1.000000 ^ input external delay
    40    0.144480    0.655686    0.447597    1.447597 ^ res_n (in)
                                                         res_n (net)
                      0.655686    0.000000    1.447597 ^ _292_/RESET_B (sky130_fd_sc_hd__dfrtp_2)
                                              1.447597   data arrival time

                      0.150000    5.000000    5.000000   clock clk (rise edge)
                                  0.000000    5.000000   clock network delay (ideal)
                                 -0.250000    4.750000   clock uncertainty
                                  0.000000    4.750000   clock reconvergence pessimism
                                              4.750000 ^ _292_/CLK (sky130_fd_sc_hd__dfrtp_2)
                                  0.065012    4.815012   library recovery time
                                              4.815012   data required time
---------------------------------------------------------------------------------------------
                                              4.815012   data required time
                                             -1.447597   data arrival time
---------------------------------------------------------------------------------------------
                                              3.367415   slack (MET)


Startpoint: res_n (input port clocked by clk)
Endpoint: _293_ (recovery check against rising-edge clock clk)
Path Group: asynchronous
Path Type: max

Fanout         Cap        Slew       Delay        Time   Description
---------------------------------------------------------------------------------------------
                      0.150000    0.000000    0.000000   clock clk (rise edge)
                                  0.000000    0.000000   clock network delay (ideal)
                                  1.000000    1.000000 ^ input external delay
    40    0.144480    0.655686    0.447597    1.447597 ^ res_n (in)
                                                         res_n (net)
                      0.655686    0.000000    1.447597 ^ _293_/RESET_B (sky130_fd_sc_hd__dfrtp_2)
                                              1.447597   data arrival time

                      0.150000    5.000000    5.000000   clock clk (rise edge)
                                  0.000000    5.000000   clock network delay (ideal)
                                 -0.250000    4.750000   clock uncertainty
                                  0.000000    4.750000   clock reconvergence pessimism
                                              4.750000 ^ _293_/CLK (sky130_fd_sc_hd__dfrtp_2)
                                  0.065012    4.815012   library recovery time
                                              4.815012   data required time
---------------------------------------------------------------------------------------------
                                              4.815012   data required time
                                             -1.447597   data arrival time
---------------------------------------------------------------------------------------------
                                              3.367415   slack (MET)


Startpoint: res_n (input port clocked by clk)
Endpoint: _294_ (recovery check against rising-edge clock clk)
Path Group: asynchronous
Path Type: max

Fanout         Cap        Slew       Delay        Time   Description
---------------------------------------------------------------------------------------------
                      0.150000    0.000000    0.000000   clock clk (rise edge)
                                  0.000000    0.000000   clock network delay (ideal)
                                  1.000000    1.000000 ^ input external delay
    40    0.144480    0.655686    0.447597    1.447597 ^ res_n (in)
                                                         res_n (net)
                      0.655686    0.000000    1.447597 ^ _294_/RESET_B (sky130_fd_sc_hd__dfrtp_2)
                                              1.447597   data arrival time

                      0.150000    5.000000    5.000000   clock clk (rise edge)
                                  0.000000    5.000000   clock network delay (ideal)
                                 -0.250000    4.750000   clock uncertainty
                                  0.000000    4.750000   clock reconvergence pessimism
                                              4.750000 ^ _294_/CLK (sky130_fd_sc_hd__dfrtp_2)
                                  0.065012    4.815012   library recovery time
                                              4.815012   data required time
---------------------------------------------------------------------------------------------
                                              4.815012   data required time
                                             -1.447597   data arrival time
---------------------------------------------------------------------------------------------
                                              3.367415   slack (MET)


Startpoint: res_n (input port clocked by clk)
Endpoint: _295_ (recovery check against rising-edge clock clk)
Path Group: asynchronous
Path Type: max

Fanout         Cap        Slew       Delay        Time   Description
---------------------------------------------------------------------------------------------
                      0.150000    0.000000    0.000000   clock clk (rise edge)
                                  0.000000    0.000000   clock network delay (ideal)
                                  1.000000    1.000000 ^ input external delay
    40    0.144480    0.655686    0.447597    1.447597 ^ res_n (in)
                                                         res_n (net)
                      0.655686    0.000000    1.447597 ^ _295_/RESET_B (sky130_fd_sc_hd__dfrtp_2)
                                              1.447597   data arrival time

                      0.150000    5.000000    5.000000   clock clk (rise edge)
                                  0.000000    5.000000   clock network delay (ideal)
                                 -0.250000    4.750000   clock uncertainty
                                  0.000000    4.750000   clock reconvergence pessimism
                                              4.750000 ^ _295_/CLK (sky130_fd_sc_hd__dfrtp_2)
                                  0.065012    4.815012   library recovery time
                                              4.815012   data required time
---------------------------------------------------------------------------------------------
                                              4.815012   data required time
                                             -1.447597   data arrival time
---------------------------------------------------------------------------------------------
                                              3.367415   slack (MET)


Startpoint: res_n (input port clocked by clk)
Endpoint: _296_ (recovery check against rising-edge clock clk)
Path Group: asynchronous
Path Type: max

Fanout         Cap        Slew       Delay        Time   Description
---------------------------------------------------------------------------------------------
                      0.150000    0.000000    0.000000   clock clk (rise edge)
                                  0.000000    0.000000   clock network delay (ideal)
                                  1.000000    1.000000 ^ input external delay
    40    0.144480    0.655686    0.447597    1.447597 ^ res_n (in)
                                                         res_n (net)
                      0.655686    0.000000    1.447597 ^ _296_/RESET_B (sky130_fd_sc_hd__dfrtp_2)
                                              1.447597   data arrival time

                      0.150000    5.000000    5.000000   clock clk (rise edge)
                                  0.000000    5.000000   clock network delay (ideal)
                                 -0.250000    4.750000   clock uncertainty
                                  0.000000    4.750000   clock reconvergence pessimism
                                              4.750000 ^ _296_/CLK (sky130_fd_sc_hd__dfrtp_2)
                                  0.065012    4.815012   library recovery time
                                              4.815012   data required time
---------------------------------------------------------------------------------------------
                                              4.815012   data required time
                                             -1.447597   data arrival time
---------------------------------------------------------------------------------------------
                                              3.367415   slack (MET)


Startpoint: res_n (input port clocked by clk)
Endpoint: _297_ (recovery check against rising-edge clock clk)
Path Group: asynchronous
Path Type: max

Fanout         Cap        Slew       Delay        Time   Description
---------------------------------------------------------------------------------------------
                      0.150000    0.000000    0.000000   clock clk (rise edge)
                                  0.000000    0.000000   clock network delay (ideal)
                                  1.000000    1.000000 ^ input external delay
    40    0.144480    0.655686    0.447597    1.447597 ^ res_n (in)
                                                         res_n (net)
                      0.655686    0.000000    1.447597 ^ _297_/RESET_B (sky130_fd_sc_hd__dfrtp_2)
                                              1.447597   data arrival time

                      0.150000    5.000000    5.000000   clock clk (rise edge)
                                  0.000000    5.000000   clock network delay (ideal)
                                 -0.250000    4.750000   clock uncertainty
                                  0.000000    4.750000   clock reconvergence pessimism
                                              4.750000 ^ _297_/CLK (sky130_fd_sc_hd__dfrtp_2)
                                  0.065012    4.815012   library recovery time
                                              4.815012   data required time
---------------------------------------------------------------------------------------------
                                              4.815012   data required time
                                             -1.447597   data arrival time
---------------------------------------------------------------------------------------------
                                              3.367415   slack (MET)


Startpoint: res_n (input port clocked by clk)
Endpoint: _298_ (recovery check against rising-edge clock clk)
Path Group: asynchronous
Path Type: max

Fanout         Cap        Slew       Delay        Time   Description
---------------------------------------------------------------------------------------------
                      0.150000    0.000000    0.000000   clock clk (rise edge)
                                  0.000000    0.000000   clock network delay (ideal)
                                  1.000000    1.000000 ^ input external delay
    40    0.144480    0.655686    0.447597    1.447597 ^ res_n (in)
                                                         res_n (net)
                      0.655686    0.000000    1.447597 ^ _298_/RESET_B (sky130_fd_sc_hd__dfrtp_2)
                                              1.447597   data arrival time

                      0.150000    5.000000    5.000000   clock clk (rise edge)
                                  0.000000    5.000000   clock network delay (ideal)
                                 -0.250000    4.750000   clock uncertainty
                                  0.000000    4.750000   clock reconvergence pessimism
                                              4.750000 ^ _298_/CLK (sky130_fd_sc_hd__dfrtp_2)
                                  0.065012    4.815012   library recovery time
                                              4.815012   data required time
---------------------------------------------------------------------------------------------
                                              4.815012   data required time
                                             -1.447597   data arrival time
---------------------------------------------------------------------------------------------
                                              3.367415   slack (MET)


Startpoint: res_n (input port clocked by clk)
Endpoint: _299_ (recovery check against rising-edge clock clk)
Path Group: asynchronous
Path Type: max

Fanout         Cap        Slew       Delay        Time   Description
---------------------------------------------------------------------------------------------
                      0.150000    0.000000    0.000000   clock clk (rise edge)
                                  0.000000    0.000000   clock network delay (ideal)
                                  1.000000    1.000000 ^ input external delay
    40    0.144480    0.655686    0.447597    1.447597 ^ res_n (in)
                                                         res_n (net)
                      0.655686    0.000000    1.447597 ^ _299_/RESET_B (sky130_fd_sc_hd__dfrtp_2)
                                              1.447597   data arrival time

                      0.150000    5.000000    5.000000   clock clk (rise edge)
                                  0.000000    5.000000   clock network delay (ideal)
                                 -0.250000    4.750000   clock uncertainty
                                  0.000000    4.750000   clock reconvergence pessimism
                                              4.750000 ^ _299_/CLK (sky130_fd_sc_hd__dfrtp_2)
                                  0.065012    4.815012   library recovery time
                                              4.815012   data required time
---------------------------------------------------------------------------------------------
                                              4.815012   data required time
                                             -1.447597   data arrival time
---------------------------------------------------------------------------------------------
                                              3.367415   slack (MET)


Startpoint: res_n (input port clocked by clk)
Endpoint: _300_ (recovery check against rising-edge clock clk)
Path Group: asynchronous
Path Type: max

Fanout         Cap        Slew       Delay        Time   Description
---------------------------------------------------------------------------------------------
                      0.150000    0.000000    0.000000   clock clk (rise edge)
                                  0.000000    0.000000   clock network delay (ideal)
                                  1.000000    1.000000 ^ input external delay
    40    0.144480    0.655686    0.447597    1.447597 ^ res_n (in)
                                                         res_n (net)
                      0.655686    0.000000    1.447597 ^ _300_/RESET_B (sky130_fd_sc_hd__dfrtp_2)
                                              1.447597   data arrival time

                      0.150000    5.000000    5.000000   clock clk (rise edge)
                                  0.000000    5.000000   clock network delay (ideal)
                                 -0.250000    4.750000   clock uncertainty
                                  0.000000    4.750000   clock reconvergence pessimism
                                              4.750000 ^ _300_/CLK (sky130_fd_sc_hd__dfrtp_2)
                                  0.065012    4.815012   library recovery time
                                              4.815012   data required time
---------------------------------------------------------------------------------------------
                                              4.815012   data required time
                                             -1.447597   data arrival time
---------------------------------------------------------------------------------------------
                                              3.367415   slack (MET)


Startpoint: res_n (input port clocked by clk)
Endpoint: _301_ (recovery check against rising-edge clock clk)
Path Group: asynchronous
Path Type: max

Fanout         Cap        Slew       Delay        Time   Description
---------------------------------------------------------------------------------------------
                      0.150000    0.000000    0.000000   clock clk (rise edge)
                                  0.000000    0.000000   clock network delay (ideal)
                                  1.000000    1.000000 ^ input external delay
    40    0.144480    0.655686    0.447597    1.447597 ^ res_n (in)
                                                         res_n (net)
                      0.655686    0.000000    1.447597 ^ _301_/RESET_B (sky130_fd_sc_hd__dfrtp_2)
                                              1.447597   data arrival time

                      0.150000    5.000000    5.000000   clock clk (rise edge)
                                  0.000000    5.000000   clock network delay (ideal)
                                 -0.250000    4.750000   clock uncertainty
                                  0.000000    4.750000   clock reconvergence pessimism
                                              4.750000 ^ _301_/CLK (sky130_fd_sc_hd__dfrtp_2)
                                  0.065012    4.815012   library recovery time
                                              4.815012   data required time
---------------------------------------------------------------------------------------------
                                              4.815012   data required time
                                             -1.447597   data arrival time
---------------------------------------------------------------------------------------------
                                              3.367415   slack (MET)


Startpoint: res_n (input port clocked by clk)
Endpoint: _302_ (recovery check against rising-edge clock clk)
Path Group: asynchronous
Path Type: max

Fanout         Cap        Slew       Delay        Time   Description
---------------------------------------------------------------------------------------------
                      0.150000    0.000000    0.000000   clock clk (rise edge)
                                  0.000000    0.000000   clock network delay (ideal)
                                  1.000000    1.000000 ^ input external delay
    40    0.144480    0.655686    0.447597    1.447597 ^ res_n (in)
                                                         res_n (net)
                      0.655686    0.000000    1.447597 ^ _302_/RESET_B (sky130_fd_sc_hd__dfrtp_2)
                                              1.447597   data arrival time

                      0.150000    5.000000    5.000000   clock clk (rise edge)
                                  0.000000    5.000000   clock network delay (ideal)
                                 -0.250000    4.750000   clock uncertainty
                                  0.000000    4.750000   clock reconvergence pessimism
                                              4.750000 ^ _302_/CLK (sky130_fd_sc_hd__dfrtp_2)
                                  0.065012    4.815012   library recovery time
                                              4.815012   data required time
---------------------------------------------------------------------------------------------
                                              4.815012   data required time
                                             -1.447597   data arrival time
---------------------------------------------------------------------------------------------
                                              3.367415   slack (MET)


Startpoint: awaddr[0] (input port clocked by clk)
Endpoint: _278_ (rising edge-triggered flip-flop clocked by clk)
Path Group: clk
Path Type: max

Fanout         Cap        Slew       Delay        Time   Description
---------------------------------------------------------------------------------------------
                      0.150000    0.000000    0.000000   clock clk (rise edge)
                                  0.000000    0.000000   clock network delay (ideal)
                                  1.000000    1.000000 v input external delay
     1    0.001949    0.006921    0.002977    1.002977 v awaddr[0] (in)
                                                         awaddr[0] (net)
                      0.006921    0.000000    1.002977 v _278_/D (sky130_fd_sc_hd__dfrtp_2)
                                              1.002977   data arrival time

                      0.150000    5.000000    5.000000   clock clk (rise edge)
                                  0.000000    5.000000   clock network delay (ideal)
                                 -0.250000    4.750000   clock uncertainty
                                  0.000000    4.750000   clock reconvergence pessimism
                                              4.750000 ^ _278_/CLK (sky130_fd_sc_hd__dfrtp_2)
                                 -0.074599    4.675401   library setup time
                                              4.675401   data required time
---------------------------------------------------------------------------------------------
                                              4.675401   data required time
                                             -1.002977   data arrival time
---------------------------------------------------------------------------------------------
                                              3.672424   slack (MET)


Startpoint: awaddr[1] (input port clocked by clk)
Endpoint: _279_ (rising edge-triggered flip-flop clocked by clk)
Path Group: clk
Path Type: max

Fanout         Cap        Slew       Delay        Time   Description
---------------------------------------------------------------------------------------------
                      0.150000    0.000000    0.000000   clock clk (rise edge)
                                  0.000000    0.000000   clock network delay (ideal)
                                  1.000000    1.000000 v input external delay
     1    0.001949    0.006921    0.002977    1.002977 v awaddr[1] (in)
                                                         awaddr[1] (net)
                      0.006921    0.000000    1.002977 v _279_/D (sky130_fd_sc_hd__dfrtp_2)
                                              1.002977   data arrival time

                      0.150000    5.000000    5.000000   clock clk (rise edge)
                                  0.000000    5.000000   clock network delay (ideal)
                                 -0.250000    4.750000   clock uncertainty
                                  0.000000    4.750000   clock reconvergence pessimism
                                              4.750000 ^ _279_/CLK (sky130_fd_sc_hd__dfrtp_2)
                                 -0.074599    4.675401   library setup time
                                              4.675401   data required time
---------------------------------------------------------------------------------------------
                                              4.675401   data required time
                                             -1.002977   data arrival time
---------------------------------------------------------------------------------------------
                                              3.672424   slack (MET)


Startpoint: awaddr[2] (input port clocked by clk)
Endpoint: _280_ (rising edge-triggered flip-flop clocked by clk)
Path Group: clk
Path Type: max

Fanout         Cap        Slew       Delay        Time   Description
---------------------------------------------------------------------------------------------
                      0.150000    0.000000    0.000000   clock clk (rise edge)
                                  0.000000    0.000000   clock network delay (ideal)
                                  1.000000    1.000000 v input external delay
     1    0.001949    0.006921    0.002977    1.002977 v awaddr[2] (in)
                                                         awaddr[2] (net)
                      0.006921    0.000000    1.002977 v _280_/D (sky130_fd_sc_hd__dfrtp_2)
                                              1.002977   data arrival time

                      0.150000    5.000000    5.000000   clock clk (rise edge)
                                  0.000000    5.000000   clock network delay (ideal)
                                 -0.250000    4.750000   clock uncertainty
                                  0.000000    4.750000   clock reconvergence pessimism
                                              4.750000 ^ _280_/CLK (sky130_fd_sc_hd__dfrtp_2)
                                 -0.074599    4.675401   library setup time
                                              4.675401   data required time
---------------------------------------------------------------------------------------------
                                              4.675401   data required time
                                             -1.002977   data arrival time
---------------------------------------------------------------------------------------------
                                              3.672424   slack (MET)


Startpoint: araddr[0] (input port clocked by clk)
Endpoint: _281_ (rising edge-triggered flip-flop clocked by clk)
Path Group: clk
Path Type: max

Fanout         Cap        Slew       Delay        Time   Description
---------------------------------------------------------------------------------------------
                      0.150000    0.000000    0.000000   clock clk (rise edge)
                                  0.000000    0.000000   clock network delay (ideal)
                                  1.000000    1.000000 v input external delay
     1    0.001949    0.006921    0.002977    1.002977 v araddr[0] (in)
                                                         araddr[0] (net)
                      0.006921    0.000000    1.002977 v _281_/D (sky130_fd_sc_hd__dfrtp_2)
                                              1.002977   data arrival time

                      0.150000    5.000000    5.000000   clock clk (rise edge)
                                  0.000000    5.000000   clock network delay (ideal)
                                 -0.250000    4.750000   clock uncertainty
                                  0.000000    4.750000   clock reconvergence pessimism
                                              4.750000 ^ _281_/CLK (sky130_fd_sc_hd__dfrtp_2)
                                 -0.074599    4.675401   library setup time
                                              4.675401   data required time
---------------------------------------------------------------------------------------------
                                              4.675401   data required time
                                             -1.002977   data arrival time
---------------------------------------------------------------------------------------------
                                              3.672424   slack (MET)


Startpoint: araddr[1] (input port clocked by clk)
Endpoint: _282_ (rising edge-triggered flip-flop clocked by clk)
Path Group: clk
Path Type: max

Fanout         Cap        Slew       Delay        Time   Description
---------------------------------------------------------------------------------------------
                      0.150000    0.000000    0.000000   clock clk (rise edge)
                                  0.000000    0.000000   clock network delay (ideal)
                                  1.000000    1.000000 v input external delay
     1    0.001949    0.006921    0.002977    1.002977 v araddr[1] (in)
                                                         araddr[1] (net)
                      0.006921    0.000000    1.002977 v _282_/D (sky130_fd_sc_hd__dfrtp_2)
                                              1.002977   data arrival time

                      0.150000    5.000000    5.000000   clock clk (rise edge)
                                  0.000000    5.000000   clock network delay (ideal)
                                 -0.250000    4.750000   clock uncertainty
                                  0.000000    4.750000   clock reconvergence pessimism
                                              4.750000 ^ _282_/CLK (sky130_fd_sc_hd__dfrtp_2)
                                 -0.074599    4.675401   library setup time
                                              4.675401   data required time
---------------------------------------------------------------------------------------------
                                              4.675401   data required time
                                             -1.002977   data arrival time
---------------------------------------------------------------------------------------------
                                              3.672424   slack (MET)


Startpoint: araddr[2] (input port clocked by clk)
Endpoint: _283_ (rising edge-triggered flip-flop clocked by clk)
Path Group: clk
Path Type: max

Fanout         Cap        Slew       Delay        Time   Description
---------------------------------------------------------------------------------------------
                      0.150000    0.000000    0.000000   clock clk (rise edge)
                                  0.000000    0.000000   clock network delay (ideal)
                                  1.000000    1.000000 v input external delay
     1    0.001949    0.006921    0.002977    1.002977 v araddr[2] (in)
                                                         araddr[2] (net)
                      0.006921    0.000000    1.002977 v _283_/D (sky130_fd_sc_hd__dfrtp_2)
                                              1.002977   data arrival time

                      0.150000    5.000000    5.000000   clock clk (rise edge)
                                  0.000000    5.000000   clock network delay (ideal)
                                 -0.250000    4.750000   clock uncertainty
                                  0.000000    4.750000   clock reconvergence pessimism
                                              4.750000 ^ _283_/CLK (sky130_fd_sc_hd__dfrtp_2)
                                 -0.074599    4.675401   library setup time
                                              4.675401   data required time
---------------------------------------------------------------------------------------------
                                              4.675401   data required time
                                             -1.002977   data arrival time
---------------------------------------------------------------------------------------------
                                              3.672424   slack (MET)


Startpoint: awvalid (input port clocked by clk)
Endpoint: _284_ (rising edge-triggered flip-flop clocked by clk)
Path Group: clk
Path Type: max

Fanout         Cap        Slew       Delay        Time   Description
---------------------------------------------------------------------------------------------
                      0.150000    0.000000    0.000000   clock clk (rise edge)
                                  0.000000    0.000000   clock network delay (ideal)
                                  1.000000    1.000000 v input external delay
     1    0.001949    0.006921    0.002977    1.002977 v awvalid (in)
                                                         awvalid (net)
                      0.006921    0.000000    1.002977 v _284_/D (sky130_fd_sc_hd__dfrtp_2)
                                              1.002977   data arrival time

                      0.150000    5.000000    5.000000   clock clk (rise edge)
                                  0.000000    5.000000   clock network delay (ideal)
                                 -0.250000    4.750000   clock uncertainty
                                  0.000000    4.750000   clock reconvergence pessimism
                                              4.750000 ^ _284_/CLK (sky130_fd_sc_hd__dfrtp_2)
                                 -0.074599    4.675401   library setup time
                                              4.675401   data required time
---------------------------------------------------------------------------------------------
                                              4.675401   data required time
                                             -1.002977   data arrival time
---------------------------------------------------------------------------------------------
                                              3.672424   slack (MET)


Startpoint: arvalid (input port clocked by clk)
Endpoint: _285_ (rising edge-triggered flip-flop clocked by clk)
Path Group: clk
Path Type: max

Fanout         Cap        Slew       Delay        Time   Description
---------------------------------------------------------------------------------------------
                      0.150000    0.000000    0.000000   clock clk (rise edge)
                                  0.000000    0.000000   clock network delay (ideal)
                                  1.000000    1.000000 v input external delay
     1    0.001949    0.006921    0.002977    1.002977 v arvalid (in)
                                                         arvalid (net)
                      0.006921    0.000000    1.002977 v _285_/D (sky130_fd_sc_hd__dfrtp_2)
                                              1.002977   data arrival time

                      0.150000    5.000000    5.000000   clock clk (rise edge)
                                  0.000000    5.000000   clock network delay (ideal)
                                 -0.250000    4.750000   clock uncertainty
                                  0.000000    4.750000   clock reconvergence pessimism
                                              4.750000 ^ _285_/CLK (sky130_fd_sc_hd__dfrtp_2)
                                 -0.074599    4.675401   library setup time
                                              4.675401   data required time
---------------------------------------------------------------------------------------------
                                              4.675401   data required time
                                             -1.002977   data arrival time
---------------------------------------------------------------------------------------------
                                              3.672424   slack (MET)


Startpoint: wvalid (input port clocked by clk)
Endpoint: _286_ (rising edge-triggered flip-flop clocked by clk)
Path Group: clk
Path Type: max

Fanout         Cap        Slew       Delay        Time   Description
---------------------------------------------------------------------------------------------
                      0.150000    0.000000    0.000000   clock clk (rise edge)
                                  0.000000    0.000000   clock network delay (ideal)
                                  1.000000    1.000000 v input external delay
     1    0.001949    0.006921    0.002977    1.002977 v wvalid (in)
                                                         wvalid (net)
                      0.006921    0.000000    1.002977 v _286_/D (sky130_fd_sc_hd__dfrtp_2)
                                              1.002977   data arrival time

                      0.150000    5.000000    5.000000   clock clk (rise edge)
                                  0.000000    5.000000   clock network delay (ideal)
                                 -0.250000    4.750000   clock uncertainty
                                  0.000000    4.750000   clock reconvergence pessimism
                                              4.750000 ^ _286_/CLK (sky130_fd_sc_hd__dfrtp_2)
                                 -0.074599    4.675401   library setup time
                                              4.675401   data required time
---------------------------------------------------------------------------------------------
                                              4.675401   data required time
                                             -1.002977   data arrival time
---------------------------------------------------------------------------------------------
                                              3.672424   slack (MET)


Startpoint: awburst[0] (input port clocked by clk)
Endpoint: _287_ (rising edge-triggered flip-flop clocked by clk)
Path Group: clk
Path Type: max

Fanout         Cap        Slew       Delay        Time   Description
---------------------------------------------------------------------------------------------
                      0.150000    0.000000    0.000000   clock clk (rise edge)
                                  0.000000    0.000000   clock network delay (ideal)
                                  1.000000    1.000000 v input external delay
     1    0.001949    0.006921    0.002977    1.002977 v awburst[0] (in)
                                                         awburst[0] (net)
                      0.006921    0.000000    1.002977 v _287_/D (sky130_fd_sc_hd__dfrtp_2)
                                              1.002977   data arrival time

                      0.150000    5.000000    5.000000   clock clk (rise edge)
                                  0.000000    5.000000   clock network delay (ideal)
                                 -0.250000    4.750000   clock uncertainty
                                  0.000000    4.750000   clock reconvergence pessimism
                                              4.750000 ^ _287_/CLK (sky130_fd_sc_hd__dfrtp_2)
                                 -0.074599    4.675401   library setup time
                                              4.675401   data required time
---------------------------------------------------------------------------------------------
                                              4.675401   data required time
                                             -1.002977   data arrival time
---------------------------------------------------------------------------------------------
                                              3.672424   slack (MET)


Startpoint: awburst[1] (input port clocked by clk)
Endpoint: _288_ (rising edge-triggered flip-flop clocked by clk)
Path Group: clk
Path Type: max

Fanout         Cap        Slew       Delay        Time   Description
---------------------------------------------------------------------------------------------
                      0.150000    0.000000    0.000000   clock clk (rise edge)
                                  0.000000    0.000000   clock network delay (ideal)
                                  1.000000    1.000000 v input external delay
     1    0.001949    0.006921    0.002977    1.002977 v awburst[1] (in)
                                                         awburst[1] (net)
                      0.006921    0.000000    1.002977 v _288_/D (sky130_fd_sc_hd__dfrtp_2)
                                              1.002977   data arrival time

                      0.150000    5.000000    5.000000   clock clk (rise edge)
                                  0.000000    5.000000   clock network delay (ideal)
                                 -0.250000    4.750000   clock uncertainty
                                  0.000000    4.750000   clock reconvergence pessimism
                                              4.750000 ^ _288_/CLK (sky130_fd_sc_hd__dfrtp_2)
                                 -0.074599    4.675401   library setup time
                                              4.675401   data required time
---------------------------------------------------------------------------------------------
                                              4.675401   data required time
                                             -1.002977   data arrival time
---------------------------------------------------------------------------------------------
                                              3.672424   slack (MET)


Startpoint: arburst[0] (input port clocked by clk)
Endpoint: _289_ (rising edge-triggered flip-flop clocked by clk)
Path Group: clk
Path Type: max

Fanout         Cap        Slew       Delay        Time   Description
---------------------------------------------------------------------------------------------
                      0.150000    0.000000    0.000000   clock clk (rise edge)
                                  0.000000    0.000000   clock network delay (ideal)
                                  1.000000    1.000000 v input external delay
     1    0.001949    0.006921    0.002977    1.002977 v arburst[0] (in)
                                                         arburst[0] (net)
                      0.006921    0.000000    1.002977 v _289_/D (sky130_fd_sc_hd__dfrtp_2)
                                              1.002977   data arrival time

                      0.150000    5.000000    5.000000   clock clk (rise edge)
                                  0.000000    5.000000   clock network delay (ideal)
                                 -0.250000    4.750000   clock uncertainty
                                  0.000000    4.750000   clock reconvergence pessimism
                                              4.750000 ^ _289_/CLK (sky130_fd_sc_hd__dfrtp_2)
                                 -0.074599    4.675401   library setup time
                                              4.675401   data required time
---------------------------------------------------------------------------------------------
                                              4.675401   data required time
                                             -1.002977   data arrival time
---------------------------------------------------------------------------------------------
                                              3.672424   slack (MET)


Startpoint: arburst[1] (input port clocked by clk)
Endpoint: _290_ (rising edge-triggered flip-flop clocked by clk)
Path Group: clk
Path Type: max

Fanout         Cap        Slew       Delay        Time   Description
---------------------------------------------------------------------------------------------
                      0.150000    0.000000    0.000000   clock clk (rise edge)
                                  0.000000    0.000000   clock network delay (ideal)
                                  1.000000    1.000000 v input external delay
     1    0.001949    0.006921    0.002977    1.002977 v arburst[1] (in)
                                                         arburst[1] (net)
                      0.006921    0.000000    1.002977 v _290_/D (sky130_fd_sc_hd__dfrtp_2)
                                              1.002977   data arrival time

                      0.150000    5.000000    5.000000   clock clk (rise edge)
                                  0.000000    5.000000   clock network delay (ideal)
                                 -0.250000    4.750000   clock uncertainty
                                  0.000000    4.750000   clock reconvergence pessimism
                                              4.750000 ^ _290_/CLK (sky130_fd_sc_hd__dfrtp_2)
                                 -0.074599    4.675401   library setup time
                                              4.675401   data required time
---------------------------------------------------------------------------------------------
                                              4.675401   data required time
                                             -1.002977   data arrival time
---------------------------------------------------------------------------------------------
                                              3.672424   slack (MET)


Startpoint: awlen[0] (input port clocked by clk)
Endpoint: _291_ (rising edge-triggered flip-flop clocked by clk)
Path Group: clk
Path Type: max

Fanout         Cap        Slew       Delay        Time   Description
---------------------------------------------------------------------------------------------
                      0.150000    0.000000    0.000000   clock clk (rise edge)
                                  0.000000    0.000000   clock network delay (ideal)
                                  1.000000    1.000000 v input external delay
     1    0.001949    0.006921    0.002977    1.002977 v awlen[0] (in)
                                                         awlen[0] (net)
                      0.006921    0.000000    1.002977 v _291_/D (sky130_fd_sc_hd__dfrtp_2)
                                              1.002977   data arrival time

                      0.150000    5.000000    5.000000   clock clk (rise edge)
                                  0.000000    5.000000   clock network delay (ideal)
                                 -0.250000    4.750000   clock uncertainty
                                  0.000000    4.750000   clock reconvergence pessimism
                                              4.750000 ^ _291_/CLK (sky130_fd_sc_hd__dfrtp_2)
                                 -0.074599    4.675401   library setup time
                                              4.675401   data required time
---------------------------------------------------------------------------------------------
                                              4.675401   data required time
                                             -1.002977   data arrival time
---------------------------------------------------------------------------------------------
                                              3.672424   slack (MET)


Startpoint: awlen[1] (input port clocked by clk)
Endpoint: _292_ (rising edge-triggered flip-flop clocked by clk)
Path Group: clk
Path Type: max

Fanout         Cap        Slew       Delay        Time   Description
---------------------------------------------------------------------------------------------
                      0.150000    0.000000    0.000000   clock clk (rise edge)
                                  0.000000    0.000000   clock network delay (ideal)
                                  1.000000    1.000000 v input external delay
     1    0.001949    0.006921    0.002977    1.002977 v awlen[1] (in)
                                                         awlen[1] (net)
                      0.006921    0.000000    1.002977 v _292_/D (sky130_fd_sc_hd__dfrtp_2)
                                              1.002977   data arrival time

                      0.150000    5.000000    5.000000   clock clk (rise edge)
                                  0.000000    5.000000   clock network delay (ideal)
                                 -0.250000    4.750000   clock uncertainty
                                  0.000000    4.750000   clock reconvergence pessimism
                                              4.750000 ^ _292_/CLK (sky130_fd_sc_hd__dfrtp_2)
                                 -0.074599    4.675401   library setup time
                                              4.675401   data required time
---------------------------------------------------------------------------------------------
                                              4.675401   data required time
                                             -1.002977   data arrival time
---------------------------------------------------------------------------------------------
                                              3.672424   slack (MET)


Startpoint: awlen[2] (input port clocked by clk)
Endpoint: _293_ (rising edge-triggered flip-flop clocked by clk)
Path Group: clk
Path Type: max

Fanout         Cap        Slew       Delay        Time   Description
---------------------------------------------------------------------------------------------
                      0.150000    0.000000    0.000000   clock clk (rise edge)
                                  0.000000    0.000000   clock network delay (ideal)
                                  1.000000    1.000000 v input external delay
     1    0.001949    0.006921    0.002977    1.002977 v awlen[2] (in)
                                                         awlen[2] (net)
                      0.006921    0.000000    1.002977 v _293_/D (sky130_fd_sc_hd__dfrtp_2)
                                              1.002977   data arrival time

                      0.150000    5.000000    5.000000   clock clk (rise edge)
                                  0.000000    5.000000   clock network delay (ideal)
                                 -0.250000    4.750000   clock uncertainty
                                  0.000000    4.750000   clock reconvergence pessimism
                                              4.750000 ^ _293_/CLK (sky130_fd_sc_hd__dfrtp_2)
                                 -0.074599    4.675401   library setup time
                                              4.675401   data required time
---------------------------------------------------------------------------------------------
                                              4.675401   data required time
                                             -1.002977   data arrival time
---------------------------------------------------------------------------------------------
                                              3.672424   slack (MET)


Startpoint: awlen[3] (input port clocked by clk)
Endpoint: _294_ (rising edge-triggered flip-flop clocked by clk)
Path Group: clk
Path Type: max

Fanout         Cap        Slew       Delay        Time   Description
---------------------------------------------------------------------------------------------
                      0.150000    0.000000    0.000000   clock clk (rise edge)
                                  0.000000    0.000000   clock network delay (ideal)
                                  1.000000    1.000000 v input external delay
     1    0.001949    0.006921    0.002977    1.002977 v awlen[3] (in)
                                                         awlen[3] (net)
                      0.006921    0.000000    1.002977 v _294_/D (sky130_fd_sc_hd__dfrtp_2)
                                              1.002977   data arrival time

                      0.150000    5.000000    5.000000   clock clk (rise edge)
                                  0.000000    5.000000   clock network delay (ideal)
                                 -0.250000    4.750000   clock uncertainty
                                  0.000000    4.750000   clock reconvergence pessimism
                                              4.750000 ^ _294_/CLK (sky130_fd_sc_hd__dfrtp_2)
                                 -0.074599    4.675401   library setup time
                                              4.675401   data required time
---------------------------------------------------------------------------------------------
                                              4.675401   data required time
                                             -1.002977   data arrival time
---------------------------------------------------------------------------------------------
                                              3.672424   slack (MET)


Startpoint: arlen[0] (input port clocked by clk)
Endpoint: _295_ (rising edge-triggered flip-flop clocked by clk)
Path Group: clk
Path Type: max

Fanout         Cap        Slew       Delay        Time   Description
---------------------------------------------------------------------------------------------
                      0.150000    0.000000    0.000000   clock clk (rise edge)
                                  0.000000    0.000000   clock network delay (ideal)
                                  1.000000    1.000000 v input external delay
     1    0.001949    0.006921    0.002977    1.002977 v arlen[0] (in)
                                                         arlen[0] (net)
                      0.006921    0.000000    1.002977 v _295_/D (sky130_fd_sc_hd__dfrtp_2)
                                              1.002977   data arrival time

                      0.150000    5.000000    5.000000   clock clk (rise edge)
                                  0.000000    5.000000   clock network delay (ideal)
                                 -0.250000    4.750000   clock uncertainty
                                  0.000000    4.750000   clock reconvergence pessimism
                                              4.750000 ^ _295_/CLK (sky130_fd_sc_hd__dfrtp_2)
                                 -0.074599    4.675401   library setup time
                                              4.675401   data required time
---------------------------------------------------------------------------------------------
                                              4.675401   data required time
                                             -1.002977   data arrival time
---------------------------------------------------------------------------------------------
                                              3.672424   slack (MET)


Startpoint: arlen[1] (input port clocked by clk)
Endpoint: _296_ (rising edge-triggered flip-flop clocked by clk)
Path Group: clk
Path Type: max

Fanout         Cap        Slew       Delay        Time   Description
---------------------------------------------------------------------------------------------
                      0.150000    0.000000    0.000000   clock clk (rise edge)
                                  0.000000    0.000000   clock network delay (ideal)
                                  1.000000    1.000000 v input external delay
     1    0.001949    0.006921    0.002977    1.002977 v arlen[1] (in)
                                                         arlen[1] (net)
                      0.006921    0.000000    1.002977 v _296_/D (sky130_fd_sc_hd__dfrtp_2)
                                              1.002977   data arrival time

                      0.150000    5.000000    5.000000   clock clk (rise edge)
                                  0.000000    5.000000   clock network delay (ideal)
                                 -0.250000    4.750000   clock uncertainty
                                  0.000000    4.750000   clock reconvergence pessimism
                                              4.750000 ^ _296_/CLK (sky130_fd_sc_hd__dfrtp_2)
                                 -0.074599    4.675401   library setup time
                                              4.675401   data required time
---------------------------------------------------------------------------------------------
                                              4.675401   data required time
                                             -1.002977   data arrival time
---------------------------------------------------------------------------------------------
                                              3.672424   slack (MET)


Startpoint: arlen[2] (input port clocked by clk)
Endpoint: _297_ (rising edge-triggered flip-flop clocked by clk)
Path Group: clk
Path Type: max

Fanout         Cap        Slew       Delay        Time   Description
---------------------------------------------------------------------------------------------
                      0.150000    0.000000    0.000000   clock clk (rise edge)
                                  0.000000    0.000000   clock network delay (ideal)
                                  1.000000    1.000000 v input external delay
     1    0.001949    0.006921    0.002977    1.002977 v arlen[2] (in)
                                                         arlen[2] (net)
                      0.006921    0.000000    1.002977 v _297_/D (sky130_fd_sc_hd__dfrtp_2)
                                              1.002977   data arrival time

                      0.150000    5.000000    5.000000   clock clk (rise edge)
                                  0.000000    5.000000   clock network delay (ideal)
                                 -0.250000    4.750000   clock uncertainty
                                  0.000000    4.750000   clock reconvergence pessimism
                                              4.750000 ^ _297_/CLK (sky130_fd_sc_hd__dfrtp_2)
                                 -0.074599    4.675401   library setup time
                                              4.675401   data required time
---------------------------------------------------------------------------------------------
                                              4.675401   data required time
                                             -1.002977   data arrival time
---------------------------------------------------------------------------------------------
                                              3.672424   slack (MET)


Startpoint: arlen[3] (input port clocked by clk)
Endpoint: _298_ (rising edge-triggered flip-flop clocked by clk)
Path Group: clk
Path Type: max

Fanout         Cap        Slew       Delay        Time   Description
---------------------------------------------------------------------------------------------
                      0.150000    0.000000    0.000000   clock clk (rise edge)
                                  0.000000    0.000000   clock network delay (ideal)
                                  1.000000    1.000000 v input external delay
     1    0.001949    0.006921    0.002977    1.002977 v arlen[3] (in)
                                                         arlen[3] (net)
                      0.006921    0.000000    1.002977 v _298_/D (sky130_fd_sc_hd__dfrtp_2)
                                              1.002977   data arrival time

                      0.150000    5.000000    5.000000   clock clk (rise edge)
                                  0.000000    5.000000   clock network delay (ideal)
                                 -0.250000    4.750000   clock uncertainty
                                  0.000000    4.750000   clock reconvergence pessimism
                                              4.750000 ^ _298_/CLK (sky130_fd_sc_hd__dfrtp_2)
                                 -0.074599    4.675401   library setup time
                                              4.675401   data required time
---------------------------------------------------------------------------------------------
                                              4.675401   data required time
                                             -1.002977   data arrival time
---------------------------------------------------------------------------------------------
                                              3.672424   slack (MET)



