
===========================================================================
report_checks -path_delay max (Setup)
============================================================================
======================= nom_tt_025C_1v80 Corner ===================================

Startpoint: _300_ (rising edge-triggered flip-flop clocked by clk)
Endpoint: arready (output port clocked by clk)
Path Group: clk
Path Type: max

Fanout         Cap        Slew       Delay        Time   Description
---------------------------------------------------------------------------------------------
                                  0.000000    0.000000   clock clk (rise edge)
                                  0.000000    0.000000   clock source latency
     1    0.011467    0.057956    0.038764    0.038764 ^ clk (in)
                                                         clk (net)
                      0.057957    0.000000    0.038764 ^ clkbuf_0_clk/A (sky130_fd_sc_hd__clkbuf_16)
     4    0.037315    0.057438    0.144764    0.183528 ^ clkbuf_0_clk/X (sky130_fd_sc_hd__clkbuf_16)
                                                         clknet_0_clk (net)
                      0.057438    0.000073    0.183601 ^ clkbuf_2_3__f_clk/A (sky130_fd_sc_hd__clkbuf_16)
     8    0.029378    0.050558    0.138663    0.322263 ^ clkbuf_2_3__f_clk/X (sky130_fd_sc_hd__clkbuf_16)
                                                         clknet_2_3__leaf_clk (net)
                      0.050558    0.000052    0.322315 ^ _300_/CLK (sky130_fd_sc_hd__dfrtp_1)
     3    0.009781    0.069379    0.392978    0.715293 v _300_/Q (sky130_fd_sc_hd__dfrtp_1)
                                                         current_state[1] (net)
                      0.069379    0.000001    0.715294 v fanout50/A (sky130_fd_sc_hd__buf_2)
    10    0.027284    0.074317    0.178400    0.893694 v fanout50/X (sky130_fd_sc_hd__buf_2)
                                                         net50 (net)
                      0.074317    0.000024    0.893717 v _147_/A (sky130_fd_sc_hd__or4b_2)
     5    0.018162    0.154109    0.758240    1.651957 v _147_/X (sky130_fd_sc_hd__or4b_2)
                                                         _124_ (net)
                      0.154109    0.000193    1.652150 v _148_/A (sky130_fd_sc_hd__inv_2)
     1    0.003896    0.047420    0.079748    1.731898 ^ _148_/Y (sky130_fd_sc_hd__inv_2)
                                                         net32 (net)
                      0.047420    0.000028    1.731926 ^ fanout42/A (sky130_fd_sc_hd__buf_2)
     8    0.029830    0.149419    0.184517    1.916443 ^ fanout42/X (sky130_fd_sc_hd__buf_2)
                                                         net42 (net)
                      0.149419    0.000058    1.916501 ^ output32/A (sky130_fd_sc_hd__buf_2)
     1    0.034296    0.170664    0.234343    2.150845 ^ output32/X (sky130_fd_sc_hd__buf_2)
                                                         arready (net)
                      0.170664    0.000191    2.151035 ^ arready (out)
                                              2.151035   data arrival time

                                  5.000000    5.000000   clock clk (rise edge)
                                  0.000000    5.000000   clock network delay (propagated)
                                 -0.250000    4.750000   clock uncertainty
                                  0.000000    4.750000   clock reconvergence pessimism
                                 -1.000000    3.750000   output external delay
                                              3.750000   data required time
---------------------------------------------------------------------------------------------
                                              3.750000   data required time
                                             -2.151035   data arrival time
---------------------------------------------------------------------------------------------
                                              1.598965   slack (MET)


Startpoint: _299_ (rising edge-triggered flip-flop clocked by clk)
Endpoint: awready (output port clocked by clk)
Path Group: clk
Path Type: max

Fanout         Cap        Slew       Delay        Time   Description
---------------------------------------------------------------------------------------------
                                  0.000000    0.000000   clock clk (rise edge)
                                  0.000000    0.000000   clock source latency
     1    0.011467    0.057956    0.038764    0.038764 ^ clk (in)
                                                         clk (net)
                      0.057957    0.000000    0.038764 ^ clkbuf_0_clk/A (sky130_fd_sc_hd__clkbuf_16)
     4    0.037315    0.057438    0.144764    0.183528 ^ clkbuf_0_clk/X (sky130_fd_sc_hd__clkbuf_16)
                                                         clknet_0_clk (net)
                      0.057438    0.000096    0.183624 ^ clkbuf_2_2__f_clk/A (sky130_fd_sc_hd__clkbuf_16)
    10    0.029850    0.050963    0.139009    0.322633 ^ clkbuf_2_2__f_clk/X (sky130_fd_sc_hd__clkbuf_16)
                                                         clknet_2_2__leaf_clk (net)
                      0.050963    0.000029    0.322662 ^ _299_/CLK (sky130_fd_sc_hd__dfrtp_1)
     3    0.010618    0.072989    0.396485    0.719147 v _299_/Q (sky130_fd_sc_hd__dfrtp_1)
                                                         current_state[0] (net)
                      0.072989    0.000044    0.719190 v fanout51/A (sky130_fd_sc_hd__buf_2)
    10    0.026837    0.073352    0.179242    0.898432 v fanout51/X (sky130_fd_sc_hd__buf_2)
                                                         net51 (net)
                      0.073352    0.000040    0.898472 v _142_/A (sky130_fd_sc_hd__or4bb_2)
     4    0.013462    0.134591    0.697976    1.596448 v _142_/X (sky130_fd_sc_hd__or4bb_2)
                                                         _122_ (net)
                      0.134591    0.000062    1.596510 v _143_/A (sky130_fd_sc_hd__inv_2)
     3    0.008938    0.060326    0.096339    1.692849 ^ _143_/Y (sky130_fd_sc_hd__inv_2)
                                                         net33 (net)
                      0.060326    0.000036    1.692885 ^ output33/A (sky130_fd_sc_hd__buf_2)
     1    0.034033    0.169022    0.203355    1.896240 ^ output33/X (sky130_fd_sc_hd__buf_2)
                                                         awready (net)
                      0.169022    0.000090    1.896331 ^ awready (out)
                                              1.896331   data arrival time

                                  5.000000    5.000000   clock clk (rise edge)
                                  0.000000    5.000000   clock network delay (propagated)
                                 -0.250000    4.750000   clock uncertainty
                                  0.000000    4.750000   clock reconvergence pessimism
                                 -1.000000    3.750000   output external delay
                                              3.750000   data required time
---------------------------------------------------------------------------------------------
                                              3.750000   data required time
                                             -1.896331   data arrival time
---------------------------------------------------------------------------------------------
                                              1.853669   slack (MET)


Startpoint: _302_ (rising edge-triggered flip-flop clocked by clk)
Endpoint: rlast (output port clocked by clk)
Path Group: clk
Path Type: max

Fanout         Cap        Slew       Delay        Time   Description
---------------------------------------------------------------------------------------------
                                  0.000000    0.000000   clock clk (rise edge)
                                  0.000000    0.000000   clock source latency
     1    0.011467    0.057956    0.038764    0.038764 ^ clk (in)
                                                         clk (net)
                      0.057957    0.000000    0.038764 ^ clkbuf_0_clk/A (sky130_fd_sc_hd__clkbuf_16)
     4    0.037315    0.057438    0.144764    0.183528 ^ clkbuf_0_clk/X (sky130_fd_sc_hd__clkbuf_16)
                                                         clknet_0_clk (net)
                      0.057438    0.000073    0.183601 ^ clkbuf_2_3__f_clk/A (sky130_fd_sc_hd__clkbuf_16)
     8    0.029378    0.050558    0.138663    0.322263 ^ clkbuf_2_3__f_clk/X (sky130_fd_sc_hd__clkbuf_16)
                                                         clknet_2_3__leaf_clk (net)
                      0.050558    0.000060    0.322323 ^ _302_/CLK (sky130_fd_sc_hd__dfrtp_1)
     4    0.010082    0.070712    0.394199    0.716523 v _302_/Q (sky130_fd_sc_hd__dfrtp_1)
                                                         current_state[3] (net)
                      0.070712    0.000013    0.716536 v fanout48/A (sky130_fd_sc_hd__clkbuf_2)
    10    0.025717    0.101993    0.176542    0.893078 v fanout48/X (sky130_fd_sc_hd__clkbuf_2)
                                                         net48 (net)
                      0.101993    0.000024    0.893103 v _144_/B_N (sky130_fd_sc_hd__and4bb_1)
     2    0.007144    0.094460    0.316369    1.209472 ^ _144_/X (sky130_fd_sc_hd__and4bb_1)
                                                         net37 (net)
                      0.094460    0.000031    1.209502 ^ fanout46/A (sky130_fd_sc_hd__buf_2)
    10    0.030491    0.152715    0.204115    1.413617 ^ fanout46/X (sky130_fd_sc_hd__buf_2)
                                                         net46 (net)
                      0.152715    0.000086    1.413703 ^ _153_/B (sky130_fd_sc_hd__and2_1)
     1    0.002046    0.042020    0.137242    1.550945 ^ _153_/X (sky130_fd_sc_hd__and2_1)
                                                         net36 (net)
                      0.042020    0.000003    1.550948 ^ output36/A (sky130_fd_sc_hd__buf_2)
     1    0.034496    0.171170    0.197884    1.748832 ^ output36/X (sky130_fd_sc_hd__buf_2)
                                                         rlast (net)
                      0.171170    0.000233    1.749065 ^ rlast (out)
                                              1.749065   data arrival time

                                  5.000000    5.000000   clock clk (rise edge)
                                  0.000000    5.000000   clock network delay (propagated)
                                 -0.250000    4.750000   clock uncertainty
                                  0.000000    4.750000   clock reconvergence pessimism
                                 -1.000000    3.750000   output external delay
                                              3.750000   data required time
---------------------------------------------------------------------------------------------
                                              3.750000   data required time
                                             -1.749065   data arrival time
---------------------------------------------------------------------------------------------
                                              2.000935   slack (MET)


Startpoint: _302_ (rising edge-triggered flip-flop clocked by clk)
Endpoint: wready (output port clocked by clk)
Path Group: clk
Path Type: max

Fanout         Cap        Slew       Delay        Time   Description
---------------------------------------------------------------------------------------------
                                  0.000000    0.000000   clock clk (rise edge)
                                  0.000000    0.000000   clock source latency
     1    0.011467    0.057956    0.038764    0.038764 ^ clk (in)
                                                         clk (net)
                      0.057957    0.000000    0.038764 ^ clkbuf_0_clk/A (sky130_fd_sc_hd__clkbuf_16)
     4    0.037315    0.057438    0.144764    0.183528 ^ clkbuf_0_clk/X (sky130_fd_sc_hd__clkbuf_16)
                                                         clknet_0_clk (net)
                      0.057438    0.000073    0.183601 ^ clkbuf_2_3__f_clk/A (sky130_fd_sc_hd__clkbuf_16)
     8    0.029378    0.050558    0.138663    0.322263 ^ clkbuf_2_3__f_clk/X (sky130_fd_sc_hd__clkbuf_16)
                                                         clknet_2_3__leaf_clk (net)
                      0.050558    0.000060    0.322323 ^ _302_/CLK (sky130_fd_sc_hd__dfrtp_1)
     4    0.010726    0.106204    0.369689    0.692012 ^ _302_/Q (sky130_fd_sc_hd__dfrtp_1)
                                                         current_state[3] (net)
                      0.106204    0.000014    0.692027 ^ fanout48/A (sky130_fd_sc_hd__clkbuf_2)
    10    0.027323    0.152796    0.204297    0.896324 ^ fanout48/X (sky130_fd_sc_hd__clkbuf_2)
                                                         net48 (net)
                      0.152796    0.000004    0.896328 ^ _146_/D_N (sky130_fd_sc_hd__nor4b_2)
     5    0.014025    0.418518    0.384365    1.280693 ^ _146_/Y (sky130_fd_sc_hd__nor4b_2)
                                                         net39 (net)
                      0.418518    0.000103    1.280796 ^ wire45/A (sky130_fd_sc_hd__clkbuf_2)
     6    0.018772    0.111632    0.241816    1.522613 ^ wire45/X (sky130_fd_sc_hd__clkbuf_2)
                                                         net45 (net)
                      0.111632    0.000121    1.522734 ^ output39/A (sky130_fd_sc_hd__buf_2)
     1    0.034041    0.169358    0.222284    1.745018 ^ output39/X (sky130_fd_sc_hd__buf_2)
                                                         wready (net)
                      0.169358    0.000095    1.745113 ^ wready (out)
                                              1.745113   data arrival time

                                  5.000000    5.000000   clock clk (rise edge)
                                  0.000000    5.000000   clock network delay (propagated)
                                 -0.250000    4.750000   clock uncertainty
                                  0.000000    4.750000   clock reconvergence pessimism
                                 -1.000000    3.750000   output external delay
                                              3.750000   data required time
---------------------------------------------------------------------------------------------
                                              3.750000   data required time
                                             -1.745113   data arrival time
---------------------------------------------------------------------------------------------
                                              2.004887   slack (MET)


Startpoint: _299_ (rising edge-triggered flip-flop clocked by clk)
Endpoint: _277_ (rising edge-triggered flip-flop clocked by clk)
Path Group: clk
Path Type: max

Fanout         Cap        Slew       Delay        Time   Description
---------------------------------------------------------------------------------------------
                                  0.000000    0.000000   clock clk (rise edge)
                                  0.000000    0.000000   clock source latency
     1    0.011467    0.057956    0.038764    0.038764 ^ clk (in)
                                                         clk (net)
                      0.057957    0.000000    0.038764 ^ clkbuf_0_clk/A (sky130_fd_sc_hd__clkbuf_16)
     4    0.037315    0.057438    0.144764    0.183528 ^ clkbuf_0_clk/X (sky130_fd_sc_hd__clkbuf_16)
                                                         clknet_0_clk (net)
                      0.057438    0.000096    0.183624 ^ clkbuf_2_2__f_clk/A (sky130_fd_sc_hd__clkbuf_16)
    10    0.029850    0.050963    0.139009    0.322633 ^ clkbuf_2_2__f_clk/X (sky130_fd_sc_hd__clkbuf_16)
                                                         clknet_2_2__leaf_clk (net)
                      0.050963    0.000029    0.322662 ^ _299_/CLK (sky130_fd_sc_hd__dfrtp_1)
     3    0.010618    0.072989    0.396485    0.719147 v _299_/Q (sky130_fd_sc_hd__dfrtp_1)
                                                         current_state[0] (net)
                      0.072989    0.000044    0.719190 v fanout51/A (sky130_fd_sc_hd__buf_2)
    10    0.026837    0.073352    0.179242    0.898432 v fanout51/X (sky130_fd_sc_hd__buf_2)
                                                         net51 (net)
                      0.073352    0.000040    0.898472 v _147_/D_N (sky130_fd_sc_hd__or4b_2)
     5    0.019365    0.120181    0.271403    1.169875 ^ _147_/X (sky130_fd_sc_hd__or4b_2)
                                                         _124_ (net)
                      0.120181    0.000206    1.170081 ^ _148_/A (sky130_fd_sc_hd__inv_2)
     1    0.003736    0.029094    0.040722    1.210804 v _148_/Y (sky130_fd_sc_hd__inv_2)
                                                         net32 (net)
                      0.029094    0.000026    1.210830 v fanout42/A (sky130_fd_sc_hd__buf_2)
     8    0.027475    0.074886    0.160947    1.371777 v fanout42/X (sky130_fd_sc_hd__buf_2)
                                                         net42 (net)
                      0.074886    0.000301    1.372077 v fanout41/A (sky130_fd_sc_hd__buf_2)
    10    0.024920    0.069400    0.176349    1.548426 v fanout41/X (sky130_fd_sc_hd__buf_2)
                                                         net41 (net)
                      0.069400    0.000014    1.548440 v _157_/B1 (sky130_fd_sc_hd__a2bb2o_2)
     6    0.018811    0.081709    0.315512    1.863951 v _157_/X (sky130_fd_sc_hd__a2bb2o_2)
                                                         _020_ (net)
                      0.081709    0.000220    1.864172 v _229_/A (sky130_fd_sc_hd__or4_2)
     3    0.013356    0.141415    0.734271    2.598443 v _229_/X (sky130_fd_sc_hd__or4_2)
                                                         _080_ (net)
                      0.141415    0.000055    2.598498 v _242_/S (sky130_fd_sc_hd__mux2_1)
     1    0.002445    0.054574    0.335255    2.933753 v _242_/X (sky130_fd_sc_hd__mux2_1)
                                                         _014_ (net)
                      0.054574    0.000006    2.933759 v _277_/D (sky130_fd_sc_hd__dfrtp_1)
                                              2.933759   data arrival time

                                  5.000000    5.000000   clock clk (rise edge)
                                  0.000000    5.000000   clock source latency
     1    0.011467    0.057956    0.038764    5.038764 ^ clk (in)
                                                         clk (net)
                      0.057957    0.000000    5.038764 ^ clkbuf_0_clk/A (sky130_fd_sc_hd__clkbuf_16)
     4    0.037315    0.057438    0.144765    5.183528 ^ clkbuf_0_clk/X (sky130_fd_sc_hd__clkbuf_16)
                                                         clknet_0_clk (net)
                      0.057438    0.000095    5.183624 ^ clkbuf_2_2__f_clk/A (sky130_fd_sc_hd__clkbuf_16)
    10    0.029850    0.050963    0.139009    5.322633 ^ clkbuf_2_2__f_clk/X (sky130_fd_sc_hd__clkbuf_16)
                                                         clknet_2_2__leaf_clk (net)
                      0.050963    0.000145    5.322778 ^ _277_/CLK (sky130_fd_sc_hd__dfrtp_1)
                                 -0.250000    5.072778   clock uncertainty
                                  0.000000    5.072778   clock reconvergence pessimism
                                 -0.117085    4.955693   library setup time
                                              4.955693   data required time
---------------------------------------------------------------------------------------------
                                              4.955693   data required time
                                             -2.933759   data arrival time
---------------------------------------------------------------------------------------------
                                              2.021934   slack (MET)


Startpoint: _299_ (rising edge-triggered flip-flop clocked by clk)
Endpoint: _276_ (rising edge-triggered flip-flop clocked by clk)
Path Group: clk
Path Type: max

Fanout         Cap        Slew       Delay        Time   Description
---------------------------------------------------------------------------------------------
                                  0.000000    0.000000   clock clk (rise edge)
                                  0.000000    0.000000   clock source latency
     1    0.011467    0.057956    0.038764    0.038764 ^ clk (in)
                                                         clk (net)
                      0.057957    0.000000    0.038764 ^ clkbuf_0_clk/A (sky130_fd_sc_hd__clkbuf_16)
     4    0.037315    0.057438    0.144764    0.183528 ^ clkbuf_0_clk/X (sky130_fd_sc_hd__clkbuf_16)
                                                         clknet_0_clk (net)
                      0.057438    0.000096    0.183624 ^ clkbuf_2_2__f_clk/A (sky130_fd_sc_hd__clkbuf_16)
    10    0.029850    0.050963    0.139009    0.322633 ^ clkbuf_2_2__f_clk/X (sky130_fd_sc_hd__clkbuf_16)
                                                         clknet_2_2__leaf_clk (net)
                      0.050963    0.000029    0.322662 ^ _299_/CLK (sky130_fd_sc_hd__dfrtp_1)
     3    0.010618    0.072989    0.396485    0.719147 v _299_/Q (sky130_fd_sc_hd__dfrtp_1)
                                                         current_state[0] (net)
                      0.072989    0.000044    0.719190 v fanout51/A (sky130_fd_sc_hd__buf_2)
    10    0.026837    0.073352    0.179242    0.898432 v fanout51/X (sky130_fd_sc_hd__buf_2)
                                                         net51 (net)
                      0.073352    0.000040    0.898472 v _147_/D_N (sky130_fd_sc_hd__or4b_2)
     5    0.019365    0.120181    0.271403    1.169875 ^ _147_/X (sky130_fd_sc_hd__or4b_2)
                                                         _124_ (net)
                      0.120181    0.000206    1.170081 ^ _148_/A (sky130_fd_sc_hd__inv_2)
     1    0.003736    0.029094    0.040722    1.210804 v _148_/Y (sky130_fd_sc_hd__inv_2)
                                                         net32 (net)
                      0.029094    0.000026    1.210830 v fanout42/A (sky130_fd_sc_hd__buf_2)
     8    0.027475    0.074886    0.160947    1.371777 v fanout42/X (sky130_fd_sc_hd__buf_2)
                                                         net42 (net)
                      0.074886    0.000301    1.372077 v fanout41/A (sky130_fd_sc_hd__buf_2)
    10    0.024920    0.069400    0.176349    1.548426 v fanout41/X (sky130_fd_sc_hd__buf_2)
                                                         net41 (net)
                      0.069400    0.000014    1.548440 v _157_/B1 (sky130_fd_sc_hd__a2bb2o_2)
     6    0.018811    0.081709    0.315512    1.863951 v _157_/X (sky130_fd_sc_hd__a2bb2o_2)
                                                         _020_ (net)
                      0.081709    0.000220    1.864172 v _229_/A (sky130_fd_sc_hd__or4_2)
     3    0.013356    0.141415    0.734271    2.598443 v _229_/X (sky130_fd_sc_hd__or4_2)
                                                         _080_ (net)
                      0.141415    0.000108    2.598551 v _237_/S (sky130_fd_sc_hd__mux2_1)
     1    0.002484    0.054901    0.335626    2.934177 v _237_/X (sky130_fd_sc_hd__mux2_1)
                                                         _013_ (net)
                      0.054901    0.000006    2.934184 v _276_/D (sky130_fd_sc_hd__dfrtp_1)
                                              2.934184   data arrival time

                                  5.000000    5.000000   clock clk (rise edge)
                                  0.000000    5.000000   clock source latency
     1    0.011467    0.057956    0.038764    5.038764 ^ clk (in)
                                                         clk (net)
                      0.057957    0.000000    5.038764 ^ clkbuf_0_clk/A (sky130_fd_sc_hd__clkbuf_16)
     4    0.037315    0.057438    0.144765    5.183528 ^ clkbuf_0_clk/X (sky130_fd_sc_hd__clkbuf_16)
                                                         clknet_0_clk (net)
                      0.057438    0.000171    5.183700 ^ clkbuf_2_0__f_clk/A (sky130_fd_sc_hd__clkbuf_16)
    13    0.034127    0.054652    0.142187    5.325887 ^ clkbuf_2_0__f_clk/X (sky130_fd_sc_hd__clkbuf_16)
                                                         clknet_2_0__leaf_clk (net)
                      0.054653    0.000189    5.326076 ^ _276_/CLK (sky130_fd_sc_hd__dfrtp_1)
                                 -0.250000    5.076076   clock uncertainty
                                  0.000000    5.076076   clock reconvergence pessimism
                                 -0.116382    4.959694   library setup time
                                              4.959694   data required time
---------------------------------------------------------------------------------------------
                                              4.959694   data required time
                                             -2.934184   data arrival time
---------------------------------------------------------------------------------------------
                                              2.025510   slack (MET)


Startpoint: _299_ (rising edge-triggered flip-flop clocked by clk)
Endpoint: _275_ (rising edge-triggered flip-flop clocked by clk)
Path Group: clk
Path Type: max

Fanout         Cap        Slew       Delay        Time   Description
---------------------------------------------------------------------------------------------
                                  0.000000    0.000000   clock clk (rise edge)
                                  0.000000    0.000000   clock source latency
     1    0.011467    0.057956    0.038764    0.038764 ^ clk (in)
                                                         clk (net)
                      0.057957    0.000000    0.038764 ^ clkbuf_0_clk/A (sky130_fd_sc_hd__clkbuf_16)
     4    0.037315    0.057438    0.144764    0.183528 ^ clkbuf_0_clk/X (sky130_fd_sc_hd__clkbuf_16)
                                                         clknet_0_clk (net)
                      0.057438    0.000096    0.183624 ^ clkbuf_2_2__f_clk/A (sky130_fd_sc_hd__clkbuf_16)
    10    0.029850    0.050963    0.139009    0.322633 ^ clkbuf_2_2__f_clk/X (sky130_fd_sc_hd__clkbuf_16)
                                                         clknet_2_2__leaf_clk (net)
                      0.050963    0.000029    0.322662 ^ _299_/CLK (sky130_fd_sc_hd__dfrtp_1)
     3    0.010618    0.072989    0.396485    0.719147 v _299_/Q (sky130_fd_sc_hd__dfrtp_1)
                                                         current_state[0] (net)
                      0.072989    0.000044    0.719190 v fanout51/A (sky130_fd_sc_hd__buf_2)
    10    0.026837    0.073352    0.179242    0.898432 v fanout51/X (sky130_fd_sc_hd__buf_2)
                                                         net51 (net)
                      0.073352    0.000040    0.898472 v _147_/D_N (sky130_fd_sc_hd__or4b_2)
     5    0.019365    0.120181    0.271403    1.169875 ^ _147_/X (sky130_fd_sc_hd__or4b_2)
                                                         _124_ (net)
                      0.120181    0.000206    1.170081 ^ _148_/A (sky130_fd_sc_hd__inv_2)
     1    0.003736    0.029094    0.040722    1.210804 v _148_/Y (sky130_fd_sc_hd__inv_2)
                                                         net32 (net)
                      0.029094    0.000026    1.210830 v fanout42/A (sky130_fd_sc_hd__buf_2)
     8    0.027475    0.074886    0.160947    1.371777 v fanout42/X (sky130_fd_sc_hd__buf_2)
                                                         net42 (net)
                      0.074886    0.000301    1.372077 v fanout41/A (sky130_fd_sc_hd__buf_2)
    10    0.024920    0.069400    0.176349    1.548426 v fanout41/X (sky130_fd_sc_hd__buf_2)
                                                         net41 (net)
                      0.069400    0.000014    1.548440 v _157_/B1 (sky130_fd_sc_hd__a2bb2o_2)
     6    0.018811    0.081709    0.315512    1.863951 v _157_/X (sky130_fd_sc_hd__a2bb2o_2)
                                                         _020_ (net)
                      0.081709    0.000220    1.864172 v _229_/A (sky130_fd_sc_hd__or4_2)
     3    0.013356    0.141415    0.734271    2.598443 v _229_/X (sky130_fd_sc_hd__or4_2)
                                                         _080_ (net)
                      0.141415    0.000087    2.598530 v _232_/S (sky130_fd_sc_hd__mux2_1)
     1    0.002349    0.054002    0.334363    2.932893 v _232_/X (sky130_fd_sc_hd__mux2_1)
                                                         _012_ (net)
                      0.054002    0.000005    2.932898 v _275_/D (sky130_fd_sc_hd__dfrtp_2)
                                              2.932898   data arrival time

                                  5.000000    5.000000   clock clk (rise edge)
                                  0.000000    5.000000   clock source latency
     1    0.011467    0.057956    0.038764    5.038764 ^ clk (in)
                                                         clk (net)
                      0.057957    0.000000    5.038764 ^ clkbuf_0_clk/A (sky130_fd_sc_hd__clkbuf_16)
     4    0.037315    0.057438    0.144765    5.183528 ^ clkbuf_0_clk/X (sky130_fd_sc_hd__clkbuf_16)
                                                         clknet_0_clk (net)
                      0.057438    0.000171    5.183700 ^ clkbuf_2_0__f_clk/A (sky130_fd_sc_hd__clkbuf_16)
    13    0.034127    0.054652    0.142187    5.325887 ^ clkbuf_2_0__f_clk/X (sky130_fd_sc_hd__clkbuf_16)
                                                         clknet_2_0__leaf_clk (net)
                      0.054652    0.000118    5.326005 ^ _275_/CLK (sky130_fd_sc_hd__dfrtp_2)
                                 -0.250000    5.076005   clock uncertainty
                                  0.000000    5.076005   clock reconvergence pessimism
                                 -0.117209    4.958795   library setup time
                                              4.958795   data required time
---------------------------------------------------------------------------------------------
                                              4.958795   data required time
                                             -2.932898   data arrival time
---------------------------------------------------------------------------------------------
                                              2.025898   slack (MET)


Startpoint: _299_ (rising edge-triggered flip-flop clocked by clk)
Endpoint: PENABLE (output port clocked by clk)
Path Group: clk
Path Type: max

Fanout         Cap        Slew       Delay        Time   Description
---------------------------------------------------------------------------------------------
                                  0.000000    0.000000   clock clk (rise edge)
                                  0.000000    0.000000   clock source latency
     1    0.011467    0.057956    0.038764    0.038764 ^ clk (in)
                                                         clk (net)
                      0.057957    0.000000    0.038764 ^ clkbuf_0_clk/A (sky130_fd_sc_hd__clkbuf_16)
     4    0.037315    0.057438    0.144764    0.183528 ^ clkbuf_0_clk/X (sky130_fd_sc_hd__clkbuf_16)
                                                         clknet_0_clk (net)
                      0.057438    0.000096    0.183624 ^ clkbuf_2_2__f_clk/A (sky130_fd_sc_hd__clkbuf_16)
    10    0.029850    0.050963    0.139009    0.322633 ^ clkbuf_2_2__f_clk/X (sky130_fd_sc_hd__clkbuf_16)
                                                         clknet_2_2__leaf_clk (net)
                      0.050963    0.000029    0.322662 ^ _299_/CLK (sky130_fd_sc_hd__dfrtp_1)
     3    0.010618    0.072989    0.396485    0.719147 v _299_/Q (sky130_fd_sc_hd__dfrtp_1)
                                                         current_state[0] (net)
                      0.072989    0.000044    0.719190 v fanout51/A (sky130_fd_sc_hd__buf_2)
    10    0.026837    0.073352    0.179242    0.898432 v fanout51/X (sky130_fd_sc_hd__buf_2)
                                                         net51 (net)
                      0.073352    0.000015    0.898448 v _150_/A (sky130_fd_sc_hd__or3b_1)
     2    0.005253    0.081796    0.395415    1.293863 v _150_/X (sky130_fd_sc_hd__or3b_1)
                                                         _125_ (net)
                      0.081796    0.000005    1.293867 v _151_/B (sky130_fd_sc_hd__nor2_1)
     2    0.004946    0.115373    0.121814    1.415681 ^ _151_/Y (sky130_fd_sc_hd__nor2_1)
                                                         _019_ (net)
                      0.115373    0.000003    1.415684 ^ _152_/B (sky130_fd_sc_hd__or2_1)
     1    0.002112    0.035719    0.106326    1.522010 ^ _152_/X (sky130_fd_sc_hd__or2_1)
                                                         net30 (net)
                      0.035719    0.000003    1.522013 ^ output30/A (sky130_fd_sc_hd__buf_2)
     1    0.033964    0.171247    0.193865    1.715878 ^ output30/X (sky130_fd_sc_hd__buf_2)
                                                         PENABLE (net)
                      0.171247    0.000074    1.715952 ^ PENABLE (out)
                                              1.715952   data arrival time

                                  5.000000    5.000000   clock clk (rise edge)
                                  0.000000    5.000000   clock network delay (propagated)
                                 -0.250000    4.750000   clock uncertainty
                                  0.000000    4.750000   clock reconvergence pessimism
                                 -1.000000    3.750000   output external delay
                                              3.750000   data required time
---------------------------------------------------------------------------------------------
                                              3.750000   data required time
                                             -1.715952   data arrival time
---------------------------------------------------------------------------------------------
                                              2.034048   slack (MET)


Startpoint: _300_ (rising edge-triggered flip-flop clocked by clk)
Endpoint: _271_ (rising edge-triggered flip-flop clocked by clk)
Path Group: clk
Path Type: max

Fanout         Cap        Slew       Delay        Time   Description
---------------------------------------------------------------------------------------------
                                  0.000000    0.000000   clock clk (rise edge)
                                  0.000000    0.000000   clock source latency
     1    0.011467    0.057956    0.038764    0.038764 ^ clk (in)
                                                         clk (net)
                      0.057957    0.000000    0.038764 ^ clkbuf_0_clk/A (sky130_fd_sc_hd__clkbuf_16)
     4    0.037315    0.057438    0.144764    0.183528 ^ clkbuf_0_clk/X (sky130_fd_sc_hd__clkbuf_16)
                                                         clknet_0_clk (net)
                      0.057438    0.000073    0.183601 ^ clkbuf_2_3__f_clk/A (sky130_fd_sc_hd__clkbuf_16)
     8    0.029378    0.050558    0.138663    0.322263 ^ clkbuf_2_3__f_clk/X (sky130_fd_sc_hd__clkbuf_16)
                                                         clknet_2_3__leaf_clk (net)
                      0.050558    0.000052    0.322315 ^ _300_/CLK (sky130_fd_sc_hd__dfrtp_1)
     3    0.009781    0.069379    0.392978    0.715293 v _300_/Q (sky130_fd_sc_hd__dfrtp_1)
                                                         current_state[1] (net)
                      0.069379    0.000001    0.715294 v fanout50/A (sky130_fd_sc_hd__buf_2)
    10    0.027284    0.074317    0.178400    0.893694 v fanout50/X (sky130_fd_sc_hd__buf_2)
                                                         net50 (net)
                      0.074317    0.000024    0.893717 v _147_/A (sky130_fd_sc_hd__or4b_2)
     5    0.018162    0.154109    0.758240    1.651957 v _147_/X (sky130_fd_sc_hd__or4b_2)
                                                         _124_ (net)
                      0.154109    0.000193    1.652150 v _148_/A (sky130_fd_sc_hd__inv_2)
     1    0.003896    0.047420    0.079748    1.731898 ^ _148_/Y (sky130_fd_sc_hd__inv_2)
                                                         net32 (net)
                      0.047420    0.000028    1.731926 ^ fanout42/A (sky130_fd_sc_hd__buf_2)
     8    0.029830    0.149419    0.184517    1.916443 ^ fanout42/X (sky130_fd_sc_hd__buf_2)
                                                         net42 (net)
                      0.149419    0.000327    1.916770 ^ fanout41/A (sky130_fd_sc_hd__buf_2)
    10    0.026714    0.135405    0.209141    2.125911 ^ fanout41/X (sky130_fd_sc_hd__buf_2)
                                                         net41 (net)
                      0.135405    0.000160    2.126071 ^ _198_/C (sky130_fd_sc_hd__nor3_1)
     2    0.004833    0.059008    0.072335    2.198406 v _198_/Y (sky130_fd_sc_hd__nor3_1)
                                                         _053_ (net)
                      0.059008    0.000005    2.198411 v max_cap40/A (sky130_fd_sc_hd__buf_1)
     3    0.008596    0.056788    0.120566    2.318977 v max_cap40/X (sky130_fd_sc_hd__buf_1)
                                                         net40 (net)
                      0.056788    0.000038    2.319014 v _204_/B1 (sky130_fd_sc_hd__a221o_1)
     1    0.003038    0.053225    0.292192    2.611206 v _204_/X (sky130_fd_sc_hd__a221o_1)
                                                         _059_ (net)
                      0.053225    0.000020    2.611226 v _205_/A0 (sky130_fd_sc_hd__mux2_1)
     1    0.002272    0.053565    0.274088    2.885315 v _205_/X (sky130_fd_sc_hd__mux2_1)
                                                         _008_ (net)
                      0.053565    0.000004    2.885319 v _271_/D (sky130_fd_sc_hd__dfrtp_2)
                                              2.885319   data arrival time

                                  5.000000    5.000000   clock clk (rise edge)
                                  0.000000    5.000000   clock source latency
     1    0.011467    0.057956    0.038764    5.038764 ^ clk (in)
                                                         clk (net)
                      0.057957    0.000000    5.038764 ^ clkbuf_0_clk/A (sky130_fd_sc_hd__clkbuf_16)
     4    0.037315    0.057438    0.144765    5.183528 ^ clkbuf_0_clk/X (sky130_fd_sc_hd__clkbuf_16)
                                                         clknet_0_clk (net)
                      0.057438    0.000166    5.183694 ^ clkbuf_2_1__f_clk/A (sky130_fd_sc_hd__clkbuf_16)
    12    0.032280    0.053055    0.140803    5.324497 ^ clkbuf_2_1__f_clk/X (sky130_fd_sc_hd__clkbuf_16)
                                                         clknet_2_1__leaf_clk (net)
                      0.053055    0.000123    5.324620 ^ _271_/CLK (sky130_fd_sc_hd__dfrtp_2)
                                 -0.250000    5.074620   clock uncertainty
                                  0.000000    5.074620   clock reconvergence pessimism
                                 -0.117388    4.957232   library setup time
                                              4.957232   data required time
---------------------------------------------------------------------------------------------
                                              4.957232   data required time
                                             -2.885319   data arrival time
---------------------------------------------------------------------------------------------
                                              2.071914   slack (MET)


Startpoint: _300_ (rising edge-triggered flip-flop clocked by clk)
Endpoint: _272_ (rising edge-triggered flip-flop clocked by clk)
Path Group: clk
Path Type: max

Fanout         Cap        Slew       Delay        Time   Description
---------------------------------------------------------------------------------------------
                                  0.000000    0.000000   clock clk (rise edge)
                                  0.000000    0.000000   clock source latency
     1    0.011467    0.057956    0.038764    0.038764 ^ clk (in)
                                                         clk (net)
                      0.057957    0.000000    0.038764 ^ clkbuf_0_clk/A (sky130_fd_sc_hd__clkbuf_16)
     4    0.037315    0.057438    0.144764    0.183528 ^ clkbuf_0_clk/X (sky130_fd_sc_hd__clkbuf_16)
                                                         clknet_0_clk (net)
                      0.057438    0.000073    0.183601 ^ clkbuf_2_3__f_clk/A (sky130_fd_sc_hd__clkbuf_16)
     8    0.029378    0.050558    0.138663    0.322263 ^ clkbuf_2_3__f_clk/X (sky130_fd_sc_hd__clkbuf_16)
                                                         clknet_2_3__leaf_clk (net)
                      0.050558    0.000052    0.322315 ^ _300_/CLK (sky130_fd_sc_hd__dfrtp_1)
     3    0.009781    0.069379    0.392978    0.715293 v _300_/Q (sky130_fd_sc_hd__dfrtp_1)
                                                         current_state[1] (net)
                      0.069379    0.000001    0.715294 v fanout50/A (sky130_fd_sc_hd__buf_2)
    10    0.027284    0.074317    0.178400    0.893694 v fanout50/X (sky130_fd_sc_hd__buf_2)
                                                         net50 (net)
                      0.074317    0.000024    0.893717 v _147_/A (sky130_fd_sc_hd__or4b_2)
     5    0.018162    0.154109    0.758240    1.651957 v _147_/X (sky130_fd_sc_hd__or4b_2)
                                                         _124_ (net)
                      0.154109    0.000193    1.652150 v _148_/A (sky130_fd_sc_hd__inv_2)
     1    0.003896    0.047420    0.079748    1.731898 ^ _148_/Y (sky130_fd_sc_hd__inv_2)
                                                         net32 (net)
                      0.047420    0.000028    1.731926 ^ fanout42/A (sky130_fd_sc_hd__buf_2)
     8    0.029830    0.149419    0.184517    1.916443 ^ fanout42/X (sky130_fd_sc_hd__buf_2)
                                                         net42 (net)
                      0.149419    0.000327    1.916770 ^ fanout41/A (sky130_fd_sc_hd__buf_2)
    10    0.026714    0.135405    0.209141    2.125911 ^ fanout41/X (sky130_fd_sc_hd__buf_2)
                                                         net41 (net)
                      0.135405    0.000160    2.126071 ^ _198_/C (sky130_fd_sc_hd__nor3_1)
     2    0.004833    0.059008    0.072335    2.198406 v _198_/Y (sky130_fd_sc_hd__nor3_1)
                                                         _053_ (net)
                      0.059008    0.000005    2.198411 v max_cap40/A (sky130_fd_sc_hd__buf_1)
     3    0.008596    0.056788    0.120566    2.318977 v max_cap40/X (sky130_fd_sc_hd__buf_1)
                                                         net40 (net)
                      0.056788    0.000041    2.319018 v _212_/A2 (sky130_fd_sc_hd__a211o_1)
     1    0.002600    0.045753    0.285991    2.605009 v _212_/X (sky130_fd_sc_hd__a211o_1)
                                                         _066_ (net)
                      0.045753    0.000013    2.605022 v _213_/A0 (sky130_fd_sc_hd__mux2_1)
     1    0.002326    0.053881    0.272314    2.877336 v _213_/X (sky130_fd_sc_hd__mux2_1)
                                                         _009_ (net)
                      0.053881    0.000005    2.877341 v _272_/D (sky130_fd_sc_hd__dfrtp_2)
                                              2.877341   data arrival time

                                  5.000000    5.000000   clock clk (rise edge)
                                  0.000000    5.000000   clock source latency
     1    0.011467    0.057956    0.038764    5.038764 ^ clk (in)
                                                         clk (net)
                      0.057957    0.000000    5.038764 ^ clkbuf_0_clk/A (sky130_fd_sc_hd__clkbuf_16)
     4    0.037315    0.057438    0.144765    5.183528 ^ clkbuf_0_clk/X (sky130_fd_sc_hd__clkbuf_16)
                                                         clknet_0_clk (net)
                      0.057438    0.000166    5.183694 ^ clkbuf_2_1__f_clk/A (sky130_fd_sc_hd__clkbuf_16)
    12    0.032280    0.053055    0.140803    5.324497 ^ clkbuf_2_1__f_clk/X (sky130_fd_sc_hd__clkbuf_16)
                                                         clknet_2_1__leaf_clk (net)
                      0.053055    0.000109    5.324606 ^ _272_/CLK (sky130_fd_sc_hd__dfrtp_2)
                                 -0.250000    5.074606   clock uncertainty
                                  0.000000    5.074606   clock reconvergence pessimism
                                 -0.117526    4.957080   library setup time
                                              4.957080   data required time
---------------------------------------------------------------------------------------------
                                              4.957080   data required time
                                             -2.877341   data arrival time
---------------------------------------------------------------------------------------------
                                              2.079739   slack (MET)


Startpoint: _300_ (rising edge-triggered flip-flop clocked by clk)
Endpoint: _273_ (rising edge-triggered flip-flop clocked by clk)
Path Group: clk
Path Type: max

Fanout         Cap        Slew       Delay        Time   Description
---------------------------------------------------------------------------------------------
                                  0.000000    0.000000   clock clk (rise edge)
                                  0.000000    0.000000   clock source latency
     1    0.011467    0.057956    0.038764    0.038764 ^ clk (in)
                                                         clk (net)
                      0.057957    0.000000    0.038764 ^ clkbuf_0_clk/A (sky130_fd_sc_hd__clkbuf_16)
     4    0.037315    0.057438    0.144764    0.183528 ^ clkbuf_0_clk/X (sky130_fd_sc_hd__clkbuf_16)
                                                         clknet_0_clk (net)
                      0.057438    0.000073    0.183601 ^ clkbuf_2_3__f_clk/A (sky130_fd_sc_hd__clkbuf_16)
     8    0.029378    0.050558    0.138663    0.322263 ^ clkbuf_2_3__f_clk/X (sky130_fd_sc_hd__clkbuf_16)
                                                         clknet_2_3__leaf_clk (net)
                      0.050558    0.000052    0.322315 ^ _300_/CLK (sky130_fd_sc_hd__dfrtp_1)
     3    0.009781    0.069379    0.392978    0.715293 v _300_/Q (sky130_fd_sc_hd__dfrtp_1)
                                                         current_state[1] (net)
                      0.069379    0.000001    0.715294 v fanout50/A (sky130_fd_sc_hd__buf_2)
    10    0.027284    0.074317    0.178400    0.893694 v fanout50/X (sky130_fd_sc_hd__buf_2)
                                                         net50 (net)
                      0.074317    0.000024    0.893717 v _147_/A (sky130_fd_sc_hd__or4b_2)
     5    0.018162    0.154109    0.758240    1.651957 v _147_/X (sky130_fd_sc_hd__or4b_2)
                                                         _124_ (net)
                      0.154109    0.000193    1.652150 v _148_/A (sky130_fd_sc_hd__inv_2)
     1    0.003896    0.047420    0.079748    1.731898 ^ _148_/Y (sky130_fd_sc_hd__inv_2)
                                                         net32 (net)
                      0.047420    0.000028    1.731926 ^ fanout42/A (sky130_fd_sc_hd__buf_2)
     8    0.029830    0.149419    0.184517    1.916443 ^ fanout42/X (sky130_fd_sc_hd__buf_2)
                                                         net42 (net)
                      0.149419    0.000327    1.916770 ^ fanout41/A (sky130_fd_sc_hd__buf_2)
    10    0.026714    0.135405    0.209141    2.125911 ^ fanout41/X (sky130_fd_sc_hd__buf_2)
                                                         net41 (net)
                      0.135405    0.000160    2.126071 ^ _198_/C (sky130_fd_sc_hd__nor3_1)
     2    0.004833    0.059008    0.072335    2.198406 v _198_/Y (sky130_fd_sc_hd__nor3_1)
                                                         _053_ (net)
                      0.059008    0.000005    2.198411 v max_cap40/A (sky130_fd_sc_hd__buf_1)
     3    0.008596    0.056788    0.120566    2.318977 v max_cap40/X (sky130_fd_sc_hd__buf_1)
                                                         net40 (net)
                      0.056788    0.000044    2.319021 v _220_/A2 (sky130_fd_sc_hd__a211o_1)
     1    0.002072    0.044227    0.281605    2.600626 v _220_/X (sky130_fd_sc_hd__a211o_1)
                                                         _073_ (net)
                      0.044227    0.000006    2.600632 v _221_/A0 (sky130_fd_sc_hd__mux2_1)
     1    0.002508    0.054991    0.273552    2.874184 v _221_/X (sky130_fd_sc_hd__mux2_1)
                                                         _010_ (net)
                      0.054991    0.000006    2.874190 v _273_/D (sky130_fd_sc_hd__dfrtp_1)
                                              2.874190   data arrival time

                                  5.000000    5.000000   clock clk (rise edge)
                                  0.000000    5.000000   clock source latency
     1    0.011467    0.057956    0.038764    5.038764 ^ clk (in)
                                                         clk (net)
                      0.057957    0.000000    5.038764 ^ clkbuf_0_clk/A (sky130_fd_sc_hd__clkbuf_16)
     4    0.037315    0.057438    0.144765    5.183528 ^ clkbuf_0_clk/X (sky130_fd_sc_hd__clkbuf_16)
                                                         clknet_0_clk (net)
                      0.057438    0.000166    5.183694 ^ clkbuf_2_1__f_clk/A (sky130_fd_sc_hd__clkbuf_16)
    12    0.032280    0.053055    0.140803    5.324497 ^ clkbuf_2_1__f_clk/X (sky130_fd_sc_hd__clkbuf_16)
                                                         clknet_2_1__leaf_clk (net)
                      0.053055    0.000105    5.324603 ^ _273_/CLK (sky130_fd_sc_hd__dfrtp_1)
                                 -0.250000    5.074603   clock uncertainty
                                  0.000000    5.074603   clock reconvergence pessimism
                                 -0.116788    4.957815   library setup time
                                              4.957815   data required time
---------------------------------------------------------------------------------------------
                                              4.957815   data required time
                                             -2.874190   data arrival time
---------------------------------------------------------------------------------------------
                                              2.083625   slack (MET)


Startpoint: _300_ (rising edge-triggered flip-flop clocked by clk)
Endpoint: _274_ (rising edge-triggered flip-flop clocked by clk)
Path Group: clk
Path Type: max

Fanout         Cap        Slew       Delay        Time   Description
---------------------------------------------------------------------------------------------
                                  0.000000    0.000000   clock clk (rise edge)
                                  0.000000    0.000000   clock source latency
     1    0.011467    0.057956    0.038764    0.038764 ^ clk (in)
                                                         clk (net)
                      0.057957    0.000000    0.038764 ^ clkbuf_0_clk/A (sky130_fd_sc_hd__clkbuf_16)
     4    0.037315    0.057438    0.144764    0.183528 ^ clkbuf_0_clk/X (sky130_fd_sc_hd__clkbuf_16)
                                                         clknet_0_clk (net)
                      0.057438    0.000073    0.183601 ^ clkbuf_2_3__f_clk/A (sky130_fd_sc_hd__clkbuf_16)
     8    0.029378    0.050558    0.138663    0.322263 ^ clkbuf_2_3__f_clk/X (sky130_fd_sc_hd__clkbuf_16)
                                                         clknet_2_3__leaf_clk (net)
                      0.050558    0.000052    0.322315 ^ _300_/CLK (sky130_fd_sc_hd__dfrtp_1)
     3    0.009781    0.069379    0.392978    0.715293 v _300_/Q (sky130_fd_sc_hd__dfrtp_1)
                                                         current_state[1] (net)
                      0.069379    0.000001    0.715294 v fanout50/A (sky130_fd_sc_hd__buf_2)
    10    0.027284    0.074317    0.178400    0.893694 v fanout50/X (sky130_fd_sc_hd__buf_2)
                                                         net50 (net)
                      0.074317    0.000024    0.893717 v _147_/A (sky130_fd_sc_hd__or4b_2)
     5    0.018162    0.154109    0.758240    1.651957 v _147_/X (sky130_fd_sc_hd__or4b_2)
                                                         _124_ (net)
                      0.154109    0.000193    1.652150 v _148_/A (sky130_fd_sc_hd__inv_2)
     1    0.003896    0.047420    0.079748    1.731898 ^ _148_/Y (sky130_fd_sc_hd__inv_2)
                                                         net32 (net)
                      0.047420    0.000028    1.731926 ^ fanout42/A (sky130_fd_sc_hd__buf_2)
     8    0.029830    0.149419    0.184517    1.916443 ^ fanout42/X (sky130_fd_sc_hd__buf_2)
                                                         net42 (net)
                      0.149419    0.000327    1.916770 ^ fanout41/A (sky130_fd_sc_hd__buf_2)
    10    0.026714    0.135405    0.209141    2.125911 ^ fanout41/X (sky130_fd_sc_hd__buf_2)
                                                         net41 (net)
                      0.135405    0.000160    2.126071 ^ _198_/C (sky130_fd_sc_hd__nor3_1)
     2    0.004833    0.059008    0.072335    2.198406 v _198_/Y (sky130_fd_sc_hd__nor3_1)
                                                         _053_ (net)
                      0.059008    0.000004    2.198410 v _226_/A2 (sky130_fd_sc_hd__a2111o_1)
     1    0.001853    0.053541    0.393289    2.591699 v _226_/X (sky130_fd_sc_hd__a2111o_1)
                                                         _078_ (net)
                      0.053541    0.000002    2.591702 v _227_/B2 (sky130_fd_sc_hd__o2bb2a_1)
     1    0.002331    0.051761    0.270424    2.862126 v _227_/X (sky130_fd_sc_hd__o2bb2a_1)
                                                         _011_ (net)
                      0.051761    0.000005    2.862130 v _274_/D (sky130_fd_sc_hd__dfrtp_1)
                                              2.862130   data arrival time

                                  5.000000    5.000000   clock clk (rise edge)
                                  0.000000    5.000000   clock source latency
     1    0.011467    0.057956    0.038764    5.038764 ^ clk (in)
                                                         clk (net)
                      0.057957    0.000000    5.038764 ^ clkbuf_0_clk/A (sky130_fd_sc_hd__clkbuf_16)
     4    0.037315    0.057438    0.144765    5.183528 ^ clkbuf_0_clk/X (sky130_fd_sc_hd__clkbuf_16)
                                                         clknet_0_clk (net)
                      0.057438    0.000166    5.183694 ^ clkbuf_2_1__f_clk/A (sky130_fd_sc_hd__clkbuf_16)
    12    0.032280    0.053055    0.140803    5.324497 ^ clkbuf_2_1__f_clk/X (sky130_fd_sc_hd__clkbuf_16)
                                                         clknet_2_1__leaf_clk (net)
                      0.053055    0.000012    5.324509 ^ _274_/CLK (sky130_fd_sc_hd__dfrtp_1)
                                 -0.250000    5.074509   clock uncertainty
                                  0.000000    5.074509   clock reconvergence pessimism
                                 -0.115379    4.959130   library setup time
                                              4.959130   data required time
---------------------------------------------------------------------------------------------
                                              4.959130   data required time
                                             -2.862130   data arrival time
---------------------------------------------------------------------------------------------
                                              2.097000   slack (MET)


Startpoint: _302_ (rising edge-triggered flip-flop clocked by clk)
Endpoint: rresp (output port clocked by clk)
Path Group: clk
Path Type: max

Fanout         Cap        Slew       Delay        Time   Description
---------------------------------------------------------------------------------------------
                                  0.000000    0.000000   clock clk (rise edge)
                                  0.000000    0.000000   clock source latency
     1    0.011467    0.057956    0.038764    0.038764 ^ clk (in)
                                                         clk (net)
                      0.057957    0.000000    0.038764 ^ clkbuf_0_clk/A (sky130_fd_sc_hd__clkbuf_16)
     4    0.037315    0.057438    0.144764    0.183528 ^ clkbuf_0_clk/X (sky130_fd_sc_hd__clkbuf_16)
                                                         clknet_0_clk (net)
                      0.057438    0.000073    0.183601 ^ clkbuf_2_3__f_clk/A (sky130_fd_sc_hd__clkbuf_16)
     8    0.029378    0.050558    0.138663    0.322263 ^ clkbuf_2_3__f_clk/X (sky130_fd_sc_hd__clkbuf_16)
                                                         clknet_2_3__leaf_clk (net)
                      0.050558    0.000060    0.322323 ^ _302_/CLK (sky130_fd_sc_hd__dfrtp_1)
     4    0.010082    0.070712    0.394199    0.716523 v _302_/Q (sky130_fd_sc_hd__dfrtp_1)
                                                         current_state[3] (net)
                      0.070712    0.000013    0.716536 v fanout48/A (sky130_fd_sc_hd__clkbuf_2)
    10    0.025717    0.101993    0.176542    0.893078 v fanout48/X (sky130_fd_sc_hd__clkbuf_2)
                                                         net48 (net)
                      0.101993    0.000024    0.893103 v _144_/B_N (sky130_fd_sc_hd__and4bb_1)
     2    0.007144    0.094460    0.316369    1.209472 ^ _144_/X (sky130_fd_sc_hd__and4bb_1)
                                                         net37 (net)
                      0.094460    0.000031    1.209502 ^ fanout46/A (sky130_fd_sc_hd__buf_2)
    10    0.030491    0.152715    0.204115    1.413617 ^ fanout46/X (sky130_fd_sc_hd__buf_2)
                                                         net46 (net)
                      0.152715    0.000259    1.413877 ^ output37/A (sky130_fd_sc_hd__buf_2)
     1    0.034447    0.171383    0.235714    1.649590 ^ output37/X (sky130_fd_sc_hd__buf_2)
                                                         rresp (net)
                      0.171383    0.000226    1.649816 ^ rresp (out)
                                              1.649816   data arrival time

                                  5.000000    5.000000   clock clk (rise edge)
                                  0.000000    5.000000   clock network delay (propagated)
                                 -0.250000    4.750000   clock uncertainty
                                  0.000000    4.750000   clock reconvergence pessimism
                                 -1.000000    3.750000   output external delay
                                              3.750000   data required time
---------------------------------------------------------------------------------------------
                                              3.750000   data required time
                                             -1.649816   data arrival time
---------------------------------------------------------------------------------------------
                                              2.100184   slack (MET)


Startpoint: _300_ (rising edge-triggered flip-flop clocked by clk)
Endpoint: _264_ (rising edge-triggered flip-flop clocked by clk)
Path Group: clk
Path Type: max

Fanout         Cap        Slew       Delay        Time   Description
---------------------------------------------------------------------------------------------
                                  0.000000    0.000000   clock clk (rise edge)
                                  0.000000    0.000000   clock source latency
     1    0.011467    0.057956    0.038764    0.038764 ^ clk (in)
                                                         clk (net)
                      0.057957    0.000000    0.038764 ^ clkbuf_0_clk/A (sky130_fd_sc_hd__clkbuf_16)
     4    0.037315    0.057438    0.144764    0.183528 ^ clkbuf_0_clk/X (sky130_fd_sc_hd__clkbuf_16)
                                                         clknet_0_clk (net)
                      0.057438    0.000073    0.183601 ^ clkbuf_2_3__f_clk/A (sky130_fd_sc_hd__clkbuf_16)
     8    0.029378    0.050558    0.138663    0.322263 ^ clkbuf_2_3__f_clk/X (sky130_fd_sc_hd__clkbuf_16)
                                                         clknet_2_3__leaf_clk (net)
                      0.050558    0.000052    0.322315 ^ _300_/CLK (sky130_fd_sc_hd__dfrtp_1)
     3    0.009781    0.069379    0.392978    0.715293 v _300_/Q (sky130_fd_sc_hd__dfrtp_1)
                                                         current_state[1] (net)
                      0.069379    0.000001    0.715294 v fanout50/A (sky130_fd_sc_hd__buf_2)
    10    0.027284    0.074317    0.178400    0.893694 v fanout50/X (sky130_fd_sc_hd__buf_2)
                                                         net50 (net)
                      0.074317    0.000024    0.893717 v _147_/A (sky130_fd_sc_hd__or4b_2)
     5    0.018162    0.154109    0.758240    1.651957 v _147_/X (sky130_fd_sc_hd__or4b_2)
                                                         _124_ (net)
                      0.154109    0.000193    1.652150 v _148_/A (sky130_fd_sc_hd__inv_2)
     1    0.003896    0.047420    0.079748    1.731898 ^ _148_/Y (sky130_fd_sc_hd__inv_2)
                                                         net32 (net)
                      0.047420    0.000028    1.731926 ^ fanout42/A (sky130_fd_sc_hd__buf_2)
     8    0.029830    0.149419    0.184517    1.916443 ^ fanout42/X (sky130_fd_sc_hd__buf_2)
                                                         net42 (net)
                      0.149419    0.000327    1.916770 ^ fanout41/A (sky130_fd_sc_hd__buf_2)
    10    0.026714    0.135405    0.209141    2.125911 ^ fanout41/X (sky130_fd_sc_hd__buf_2)
                                                         net41 (net)
                      0.135405    0.000015    2.125926 ^ _157_/B1 (sky130_fd_sc_hd__a2bb2o_2)
     6    0.020679    0.117911    0.242230    2.368155 ^ _157_/X (sky130_fd_sc_hd__a2bb2o_2)
                                                         _020_ (net)
                      0.117911    0.000220    2.368375 ^ _158_/B1 (sky130_fd_sc_hd__a21o_1)
     2    0.007936    0.080324    0.126813    2.495188 ^ _158_/X (sky130_fd_sc_hd__a21o_1)
                                                         _021_ (net)
                      0.080324    0.000025    2.495214 ^ _162_/S (sky130_fd_sc_hd__mux2_1)
     1    0.002652    0.055791    0.317322    2.812535 v _162_/X (sky130_fd_sc_hd__mux2_1)
                                                         _001_ (net)
                      0.055791    0.000007    2.812542 v _264_/D (sky130_fd_sc_hd__dfrtp_1)
                                              2.812542   data arrival time

                                  5.000000    5.000000   clock clk (rise edge)
                                  0.000000    5.000000   clock source latency
     1    0.011467    0.057956    0.038764    5.038764 ^ clk (in)
                                                         clk (net)
                      0.057957    0.000000    5.038764 ^ clkbuf_0_clk/A (sky130_fd_sc_hd__clkbuf_16)
     4    0.037315    0.057438    0.144765    5.183528 ^ clkbuf_0_clk/X (sky130_fd_sc_hd__clkbuf_16)
                                                         clknet_0_clk (net)
                      0.057438    0.000095    5.183624 ^ clkbuf_2_2__f_clk/A (sky130_fd_sc_hd__clkbuf_16)
    10    0.029850    0.050963    0.139009    5.322633 ^ clkbuf_2_2__f_clk/X (sky130_fd_sc_hd__clkbuf_16)
                                                         clknet_2_2__leaf_clk (net)
                      0.050963    0.000083    5.322716 ^ _264_/CLK (sky130_fd_sc_hd__dfrtp_1)
                                 -0.250000    5.072716   clock uncertainty
                                  0.000000    5.072716   clock reconvergence pessimism
                                 -0.117615    4.955101   library setup time
                                              4.955101   data required time
---------------------------------------------------------------------------------------------
                                              4.955101   data required time
                                             -2.812542   data arrival time
---------------------------------------------------------------------------------------------
                                              2.142558   slack (MET)


Startpoint: _300_ (rising edge-triggered flip-flop clocked by clk)
Endpoint: _263_ (rising edge-triggered flip-flop clocked by clk)
Path Group: clk
Path Type: max

Fanout         Cap        Slew       Delay        Time   Description
---------------------------------------------------------------------------------------------
                                  0.000000    0.000000   clock clk (rise edge)
                                  0.000000    0.000000   clock source latency
     1    0.011467    0.057956    0.038764    0.038764 ^ clk (in)
                                                         clk (net)
                      0.057957    0.000000    0.038764 ^ clkbuf_0_clk/A (sky130_fd_sc_hd__clkbuf_16)
     4    0.037315    0.057438    0.144764    0.183528 ^ clkbuf_0_clk/X (sky130_fd_sc_hd__clkbuf_16)
                                                         clknet_0_clk (net)
                      0.057438    0.000073    0.183601 ^ clkbuf_2_3__f_clk/A (sky130_fd_sc_hd__clkbuf_16)
     8    0.029378    0.050558    0.138663    0.322263 ^ clkbuf_2_3__f_clk/X (sky130_fd_sc_hd__clkbuf_16)
                                                         clknet_2_3__leaf_clk (net)
                      0.050558    0.000052    0.322315 ^ _300_/CLK (sky130_fd_sc_hd__dfrtp_1)
     3    0.009781    0.069379    0.392978    0.715293 v _300_/Q (sky130_fd_sc_hd__dfrtp_1)
                                                         current_state[1] (net)
                      0.069379    0.000001    0.715294 v fanout50/A (sky130_fd_sc_hd__buf_2)
    10    0.027284    0.074317    0.178400    0.893694 v fanout50/X (sky130_fd_sc_hd__buf_2)
                                                         net50 (net)
                      0.074317    0.000024    0.893717 v _147_/A (sky130_fd_sc_hd__or4b_2)
     5    0.018162    0.154109    0.758240    1.651957 v _147_/X (sky130_fd_sc_hd__or4b_2)
                                                         _124_ (net)
                      0.154109    0.000193    1.652150 v _148_/A (sky130_fd_sc_hd__inv_2)
     1    0.003896    0.047420    0.079748    1.731898 ^ _148_/Y (sky130_fd_sc_hd__inv_2)
                                                         net32 (net)
                      0.047420    0.000028    1.731926 ^ fanout42/A (sky130_fd_sc_hd__buf_2)
     8    0.029830    0.149419    0.184517    1.916443 ^ fanout42/X (sky130_fd_sc_hd__buf_2)
                                                         net42 (net)
                      0.149419    0.000327    1.916770 ^ fanout41/A (sky130_fd_sc_hd__buf_2)
    10    0.026714    0.135405    0.209141    2.125911 ^ fanout41/X (sky130_fd_sc_hd__buf_2)
                                                         net41 (net)
                      0.135405    0.000015    2.125926 ^ _157_/B1 (sky130_fd_sc_hd__a2bb2o_2)
     6    0.020679    0.117911    0.242230    2.368155 ^ _157_/X (sky130_fd_sc_hd__a2bb2o_2)
                                                         _020_ (net)
                      0.117911    0.000220    2.368375 ^ _158_/B1 (sky130_fd_sc_hd__a21o_1)
     2    0.007936    0.080324    0.126813    2.495188 ^ _158_/X (sky130_fd_sc_hd__a21o_1)
                                                         _021_ (net)
                      0.080324    0.000031    2.495219 ^ _160_/S (sky130_fd_sc_hd__mux2_1)
     1    0.002405    0.054325    0.314990    2.810209 v _160_/X (sky130_fd_sc_hd__mux2_1)
                                                         _000_ (net)
                      0.054325    0.000005    2.810214 v _263_/D (sky130_fd_sc_hd__dfrtp_1)
                                              2.810214   data arrival time

                                  5.000000    5.000000   clock clk (rise edge)
                                  0.000000    5.000000   clock source latency
     1    0.011467    0.057956    0.038764    5.038764 ^ clk (in)
                                                         clk (net)
                      0.057957    0.000000    5.038764 ^ clkbuf_0_clk/A (sky130_fd_sc_hd__clkbuf_16)
     4    0.037315    0.057438    0.144765    5.183528 ^ clkbuf_0_clk/X (sky130_fd_sc_hd__clkbuf_16)
                                                         clknet_0_clk (net)
                      0.057438    0.000095    5.183624 ^ clkbuf_2_2__f_clk/A (sky130_fd_sc_hd__clkbuf_16)
    10    0.029850    0.050963    0.139009    5.322633 ^ clkbuf_2_2__f_clk/X (sky130_fd_sc_hd__clkbuf_16)
                                                         clknet_2_2__leaf_clk (net)
                      0.050963    0.000091    5.322724 ^ _263_/CLK (sky130_fd_sc_hd__dfrtp_1)
                                 -0.250000    5.072724   clock uncertainty
                                  0.000000    5.072724   clock reconvergence pessimism
                                 -0.116976    4.955749   library setup time
                                              4.955749   data required time
---------------------------------------------------------------------------------------------
                                              4.955749   data required time
                                             -2.810214   data arrival time
---------------------------------------------------------------------------------------------
                                              2.145535   slack (MET)


Startpoint: _300_ (rising edge-triggered flip-flop clocked by clk)
Endpoint: _267_ (rising edge-triggered flip-flop clocked by clk)
Path Group: clk
Path Type: max

Fanout         Cap        Slew       Delay        Time   Description
---------------------------------------------------------------------------------------------
                                  0.000000    0.000000   clock clk (rise edge)
                                  0.000000    0.000000   clock source latency
     1    0.011467    0.057956    0.038764    0.038764 ^ clk (in)
                                                         clk (net)
                      0.057957    0.000000    0.038764 ^ clkbuf_0_clk/A (sky130_fd_sc_hd__clkbuf_16)
     4    0.037315    0.057438    0.144764    0.183528 ^ clkbuf_0_clk/X (sky130_fd_sc_hd__clkbuf_16)
                                                         clknet_0_clk (net)
                      0.057438    0.000073    0.183601 ^ clkbuf_2_3__f_clk/A (sky130_fd_sc_hd__clkbuf_16)
     8    0.029378    0.050558    0.138663    0.322263 ^ clkbuf_2_3__f_clk/X (sky130_fd_sc_hd__clkbuf_16)
                                                         clknet_2_3__leaf_clk (net)
                      0.050558    0.000052    0.322315 ^ _300_/CLK (sky130_fd_sc_hd__dfrtp_1)
     3    0.009781    0.069379    0.392978    0.715293 v _300_/Q (sky130_fd_sc_hd__dfrtp_1)
                                                         current_state[1] (net)
                      0.069379    0.000001    0.715294 v fanout50/A (sky130_fd_sc_hd__buf_2)
    10    0.027284    0.074317    0.178400    0.893694 v fanout50/X (sky130_fd_sc_hd__buf_2)
                                                         net50 (net)
                      0.074317    0.000024    0.893717 v _147_/A (sky130_fd_sc_hd__or4b_2)
     5    0.018162    0.154109    0.758240    1.651957 v _147_/X (sky130_fd_sc_hd__or4b_2)
                                                         _124_ (net)
                      0.154109    0.000193    1.652150 v _148_/A (sky130_fd_sc_hd__inv_2)
     1    0.003896    0.047420    0.079748    1.731898 ^ _148_/Y (sky130_fd_sc_hd__inv_2)
                                                         net32 (net)
                      0.047420    0.000028    1.731926 ^ fanout42/A (sky130_fd_sc_hd__buf_2)
     8    0.029830    0.149419    0.184517    1.916443 ^ fanout42/X (sky130_fd_sc_hd__buf_2)
                                                         net42 (net)
                      0.149419    0.000327    1.916770 ^ fanout41/A (sky130_fd_sc_hd__buf_2)
    10    0.026714    0.135405    0.209141    2.125911 ^ fanout41/X (sky130_fd_sc_hd__buf_2)
                                                         net41 (net)
                      0.135405    0.000015    2.125926 ^ _157_/B1 (sky130_fd_sc_hd__a2bb2o_2)
     6    0.020679    0.117911    0.242230    2.368155 ^ _157_/X (sky130_fd_sc_hd__a2bb2o_2)
                                                         _020_ (net)
                      0.117911    0.000254    2.368410 ^ _169_/A (sky130_fd_sc_hd__nor3_2)
     4    0.016195    0.060684    0.088883    2.457293 v _169_/Y (sky130_fd_sc_hd__nor3_2)
                                                         _030_ (net)
                      0.060684    0.000096    2.457389 v _185_/S (sky130_fd_sc_hd__mux2_1)
     1    0.002969    0.057737    0.310862    2.768251 v _185_/X (sky130_fd_sc_hd__mux2_1)
                                                         _004_ (net)
                      0.057737    0.000011    2.768262 v _267_/D (sky130_fd_sc_hd__dfrtp_1)
                                              2.768262   data arrival time

                                  5.000000    5.000000   clock clk (rise edge)
                                  0.000000    5.000000   clock source latency
     1    0.011467    0.057956    0.038764    5.038764 ^ clk (in)
                                                         clk (net)
                      0.057957    0.000000    5.038764 ^ clkbuf_0_clk/A (sky130_fd_sc_hd__clkbuf_16)
     4    0.037315    0.057438    0.144765    5.183528 ^ clkbuf_0_clk/X (sky130_fd_sc_hd__clkbuf_16)
                                                         clknet_0_clk (net)
                      0.057438    0.000171    5.183700 ^ clkbuf_2_0__f_clk/A (sky130_fd_sc_hd__clkbuf_16)
    13    0.034127    0.054652    0.142187    5.325887 ^ clkbuf_2_0__f_clk/X (sky130_fd_sc_hd__clkbuf_16)
                                                         clknet_2_0__leaf_clk (net)
                      0.054652    0.000075    5.325962 ^ _267_/CLK (sky130_fd_sc_hd__dfrtp_1)
                                 -0.250000    5.075962   clock uncertainty
                                  0.000000    5.075962   clock reconvergence pessimism
                                 -0.117619    4.958343   library setup time
                                              4.958343   data required time
---------------------------------------------------------------------------------------------
                                              4.958343   data required time
                                             -2.768262   data arrival time
---------------------------------------------------------------------------------------------
                                              2.190082   slack (MET)


Startpoint: _300_ (rising edge-triggered flip-flop clocked by clk)
Endpoint: _268_ (rising edge-triggered flip-flop clocked by clk)
Path Group: clk
Path Type: max

Fanout         Cap        Slew       Delay        Time   Description
---------------------------------------------------------------------------------------------
                                  0.000000    0.000000   clock clk (rise edge)
                                  0.000000    0.000000   clock source latency
     1    0.011467    0.057956    0.038764    0.038764 ^ clk (in)
                                                         clk (net)
                      0.057957    0.000000    0.038764 ^ clkbuf_0_clk/A (sky130_fd_sc_hd__clkbuf_16)
     4    0.037315    0.057438    0.144764    0.183528 ^ clkbuf_0_clk/X (sky130_fd_sc_hd__clkbuf_16)
                                                         clknet_0_clk (net)
                      0.057438    0.000073    0.183601 ^ clkbuf_2_3__f_clk/A (sky130_fd_sc_hd__clkbuf_16)
     8    0.029378    0.050558    0.138663    0.322263 ^ clkbuf_2_3__f_clk/X (sky130_fd_sc_hd__clkbuf_16)
                                                         clknet_2_3__leaf_clk (net)
                      0.050558    0.000052    0.322315 ^ _300_/CLK (sky130_fd_sc_hd__dfrtp_1)
     3    0.009781    0.069379    0.392978    0.715293 v _300_/Q (sky130_fd_sc_hd__dfrtp_1)
                                                         current_state[1] (net)
                      0.069379    0.000001    0.715294 v fanout50/A (sky130_fd_sc_hd__buf_2)
    10    0.027284    0.074317    0.178400    0.893694 v fanout50/X (sky130_fd_sc_hd__buf_2)
                                                         net50 (net)
                      0.074317    0.000024    0.893717 v _147_/A (sky130_fd_sc_hd__or4b_2)
     5    0.018162    0.154109    0.758240    1.651957 v _147_/X (sky130_fd_sc_hd__or4b_2)
                                                         _124_ (net)
                      0.154109    0.000193    1.652150 v _148_/A (sky130_fd_sc_hd__inv_2)
     1    0.003896    0.047420    0.079748    1.731898 ^ _148_/Y (sky130_fd_sc_hd__inv_2)
                                                         net32 (net)
                      0.047420    0.000028    1.731926 ^ fanout42/A (sky130_fd_sc_hd__buf_2)
     8    0.029830    0.149419    0.184517    1.916443 ^ fanout42/X (sky130_fd_sc_hd__buf_2)
                                                         net42 (net)
                      0.149419    0.000327    1.916770 ^ fanout41/A (sky130_fd_sc_hd__buf_2)
    10    0.026714    0.135405    0.209141    2.125911 ^ fanout41/X (sky130_fd_sc_hd__buf_2)
                                                         net41 (net)
                      0.135405    0.000015    2.125926 ^ _157_/B1 (sky130_fd_sc_hd__a2bb2o_2)
     6    0.020679    0.117911    0.242230    2.368155 ^ _157_/X (sky130_fd_sc_hd__a2bb2o_2)
                                                         _020_ (net)
                      0.117911    0.000254    2.368410 ^ _169_/A (sky130_fd_sc_hd__nor3_2)
     4    0.016195    0.060684    0.088883    2.457293 v _169_/Y (sky130_fd_sc_hd__nor3_2)
                                                         _030_ (net)
                      0.060684    0.000087    2.457379 v _190_/S (sky130_fd_sc_hd__mux2_1)
     1    0.002440    0.054515    0.305888    2.763267 v _190_/X (sky130_fd_sc_hd__mux2_1)
                                                         _005_ (net)
                      0.054515    0.000006    2.763273 v _268_/D (sky130_fd_sc_hd__dfrtp_1)
                                              2.763273   data arrival time

                                  5.000000    5.000000   clock clk (rise edge)
                                  0.000000    5.000000   clock source latency
     1    0.011467    0.057956    0.038764    5.038764 ^ clk (in)
                                                         clk (net)
                      0.057957    0.000000    5.038764 ^ clkbuf_0_clk/A (sky130_fd_sc_hd__clkbuf_16)
     4    0.037315    0.057438    0.144765    5.183528 ^ clkbuf_0_clk/X (sky130_fd_sc_hd__clkbuf_16)
                                                         clknet_0_clk (net)
                      0.057438    0.000072    5.183601 ^ clkbuf_2_3__f_clk/A (sky130_fd_sc_hd__clkbuf_16)
     8    0.029378    0.050558    0.138663    5.322264 ^ clkbuf_2_3__f_clk/X (sky130_fd_sc_hd__clkbuf_16)
                                                         clknet_2_3__leaf_clk (net)
                      0.050558    0.000065    5.322329 ^ _268_/CLK (sky130_fd_sc_hd__dfrtp_1)
                                 -0.250000    5.072329   clock uncertainty
                                  0.000000    5.072329   clock reconvergence pessimism
                                 -0.117152    4.955176   library setup time
                                              4.955176   data required time
---------------------------------------------------------------------------------------------
                                              4.955176   data required time
                                             -2.763273   data arrival time
---------------------------------------------------------------------------------------------
                                              2.191903   slack (MET)


Startpoint: _300_ (rising edge-triggered flip-flop clocked by clk)
Endpoint: _265_ (rising edge-triggered flip-flop clocked by clk)
Path Group: clk
Path Type: max

Fanout         Cap        Slew       Delay        Time   Description
---------------------------------------------------------------------------------------------
                                  0.000000    0.000000   clock clk (rise edge)
                                  0.000000    0.000000   clock source latency
     1    0.011467    0.057956    0.038764    0.038764 ^ clk (in)
                                                         clk (net)
                      0.057957    0.000000    0.038764 ^ clkbuf_0_clk/A (sky130_fd_sc_hd__clkbuf_16)
     4    0.037315    0.057438    0.144764    0.183528 ^ clkbuf_0_clk/X (sky130_fd_sc_hd__clkbuf_16)
                                                         clknet_0_clk (net)
                      0.057438    0.000073    0.183601 ^ clkbuf_2_3__f_clk/A (sky130_fd_sc_hd__clkbuf_16)
     8    0.029378    0.050558    0.138663    0.322263 ^ clkbuf_2_3__f_clk/X (sky130_fd_sc_hd__clkbuf_16)
                                                         clknet_2_3__leaf_clk (net)
                      0.050558    0.000052    0.322315 ^ _300_/CLK (sky130_fd_sc_hd__dfrtp_1)
     3    0.009781    0.069379    0.392978    0.715293 v _300_/Q (sky130_fd_sc_hd__dfrtp_1)
                                                         current_state[1] (net)
                      0.069379    0.000001    0.715294 v fanout50/A (sky130_fd_sc_hd__buf_2)
    10    0.027284    0.074317    0.178400    0.893694 v fanout50/X (sky130_fd_sc_hd__buf_2)
                                                         net50 (net)
                      0.074317    0.000024    0.893717 v _147_/A (sky130_fd_sc_hd__or4b_2)
     5    0.018162    0.154109    0.758240    1.651957 v _147_/X (sky130_fd_sc_hd__or4b_2)
                                                         _124_ (net)
                      0.154109    0.000193    1.652150 v _148_/A (sky130_fd_sc_hd__inv_2)
     1    0.003896    0.047420    0.079748    1.731898 ^ _148_/Y (sky130_fd_sc_hd__inv_2)
                                                         net32 (net)
                      0.047420    0.000028    1.731926 ^ fanout42/A (sky130_fd_sc_hd__buf_2)
     8    0.029830    0.149419    0.184517    1.916443 ^ fanout42/X (sky130_fd_sc_hd__buf_2)
                                                         net42 (net)
                      0.149419    0.000327    1.916770 ^ fanout41/A (sky130_fd_sc_hd__buf_2)
    10    0.026714    0.135405    0.209141    2.125911 ^ fanout41/X (sky130_fd_sc_hd__buf_2)
                                                         net41 (net)
                      0.135405    0.000015    2.125926 ^ _157_/B1 (sky130_fd_sc_hd__a2bb2o_2)
     6    0.020679    0.117911    0.242230    2.368155 ^ _157_/X (sky130_fd_sc_hd__a2bb2o_2)
                                                         _020_ (net)
                      0.117911    0.000254    2.368410 ^ _169_/A (sky130_fd_sc_hd__nor3_2)
     4    0.016195    0.060684    0.088883    2.457293 v _169_/Y (sky130_fd_sc_hd__nor3_2)
                                                         _030_ (net)
                      0.060684    0.000132    2.457425 v _173_/S (sky130_fd_sc_hd__mux2_1)
     1    0.002270    0.053537    0.304293    2.761718 v _173_/X (sky130_fd_sc_hd__mux2_1)
                                                         _002_ (net)
                      0.053537    0.000004    2.761722 v _265_/D (sky130_fd_sc_hd__dfrtp_4)
                                              2.761722   data arrival time

                                  5.000000    5.000000   clock clk (rise edge)
                                  0.000000    5.000000   clock source latency
     1    0.011467    0.057956    0.038764    5.038764 ^ clk (in)
                                                         clk (net)
                      0.057957    0.000000    5.038764 ^ clkbuf_0_clk/A (sky130_fd_sc_hd__clkbuf_16)
     4    0.037315    0.057438    0.144765    5.183528 ^ clkbuf_0_clk/X (sky130_fd_sc_hd__clkbuf_16)
                                                         clknet_0_clk (net)
                      0.057438    0.000171    5.183700 ^ clkbuf_2_0__f_clk/A (sky130_fd_sc_hd__clkbuf_16)
    13    0.034127    0.054652    0.142187    5.325887 ^ clkbuf_2_0__f_clk/X (sky130_fd_sc_hd__clkbuf_16)
                                                         clknet_2_0__leaf_clk (net)
                      0.054652    0.000070    5.325957 ^ _265_/CLK (sky130_fd_sc_hd__dfrtp_4)
                                 -0.250000    5.075957   clock uncertainty
                                  0.000000    5.075957   clock reconvergence pessimism
                                 -0.115788    4.960169   library setup time
                                              4.960169   data required time
---------------------------------------------------------------------------------------------
                                              4.960169   data required time
                                             -2.761722   data arrival time
---------------------------------------------------------------------------------------------
                                              2.198447   slack (MET)


Startpoint: _302_ (rising edge-triggered flip-flop clocked by clk)
Endpoint: rvalid (output port clocked by clk)
Path Group: clk
Path Type: max

Fanout         Cap        Slew       Delay        Time   Description
---------------------------------------------------------------------------------------------
                                  0.000000    0.000000   clock clk (rise edge)
                                  0.000000    0.000000   clock source latency
     1    0.011467    0.057956    0.038764    0.038764 ^ clk (in)
                                                         clk (net)
                      0.057957    0.000000    0.038764 ^ clkbuf_0_clk/A (sky130_fd_sc_hd__clkbuf_16)
     4    0.037315    0.057438    0.144764    0.183528 ^ clkbuf_0_clk/X (sky130_fd_sc_hd__clkbuf_16)
                                                         clknet_0_clk (net)
                      0.057438    0.000073    0.183601 ^ clkbuf_2_3__f_clk/A (sky130_fd_sc_hd__clkbuf_16)
     8    0.029378    0.050558    0.138663    0.322263 ^ clkbuf_2_3__f_clk/X (sky130_fd_sc_hd__clkbuf_16)
                                                         clknet_2_3__leaf_clk (net)
                      0.050558    0.000060    0.322323 ^ _302_/CLK (sky130_fd_sc_hd__dfrtp_1)
     4    0.010082    0.070712    0.394199    0.716523 v _302_/Q (sky130_fd_sc_hd__dfrtp_1)
                                                         current_state[3] (net)
                      0.070712    0.000013    0.716536 v fanout48/A (sky130_fd_sc_hd__clkbuf_2)
    10    0.025717    0.101993    0.176542    0.893078 v fanout48/X (sky130_fd_sc_hd__clkbuf_2)
                                                         net48 (net)
                      0.101993    0.000024    0.893103 v _144_/B_N (sky130_fd_sc_hd__and4bb_1)
     2    0.007144    0.094460    0.316369    1.209472 ^ _144_/X (sky130_fd_sc_hd__and4bb_1)
                                                         net37 (net)
                      0.094460    0.000075    1.209547 ^ _340_/A (sky130_fd_sc_hd__clkbuf_1)
     1    0.002081    0.038233    0.088292    1.297839 ^ _340_/X (sky130_fd_sc_hd__clkbuf_1)
                                                         net38 (net)
                      0.038233    0.000003    1.297843 ^ output38/A (sky130_fd_sc_hd__buf_2)
     1    0.034496    0.171178    0.196432    1.494274 ^ output38/X (sky130_fd_sc_hd__buf_2)
                                                         rvalid (net)
                      0.171178    0.000233    1.494507 ^ rvalid (out)
                                              1.494507   data arrival time

                                  5.000000    5.000000   clock clk (rise edge)
                                  0.000000    5.000000   clock network delay (propagated)
                                 -0.250000    4.750000   clock uncertainty
                                  0.000000    4.750000   clock reconvergence pessimism
                                 -1.000000    3.750000   output external delay
                                              3.750000   data required time
---------------------------------------------------------------------------------------------
                                              3.750000   data required time
                                             -1.494507   data arrival time
---------------------------------------------------------------------------------------------
                                              2.255493   slack (MET)


Startpoint: _300_ (rising edge-triggered flip-flop clocked by clk)
Endpoint: bvalid (output port clocked by clk)
Path Group: clk
Path Type: max

Fanout         Cap        Slew       Delay        Time   Description
---------------------------------------------------------------------------------------------
                                  0.000000    0.000000   clock clk (rise edge)
                                  0.000000    0.000000   clock source latency
     1    0.011467    0.057956    0.038764    0.038764 ^ clk (in)
                                                         clk (net)
                      0.057957    0.000000    0.038764 ^ clkbuf_0_clk/A (sky130_fd_sc_hd__clkbuf_16)
     4    0.037315    0.057438    0.144764    0.183528 ^ clkbuf_0_clk/X (sky130_fd_sc_hd__clkbuf_16)
                                                         clknet_0_clk (net)
                      0.057438    0.000073    0.183601 ^ clkbuf_2_3__f_clk/A (sky130_fd_sc_hd__clkbuf_16)
     8    0.029378    0.050558    0.138663    0.322263 ^ clkbuf_2_3__f_clk/X (sky130_fd_sc_hd__clkbuf_16)
                                                         clknet_2_3__leaf_clk (net)
                      0.050558    0.000052    0.322315 ^ _300_/CLK (sky130_fd_sc_hd__dfrtp_1)
     3    0.009781    0.069379    0.392978    0.715293 v _300_/Q (sky130_fd_sc_hd__dfrtp_1)
                                                         current_state[1] (net)
                      0.069379    0.000001    0.715294 v fanout50/A (sky130_fd_sc_hd__buf_2)
    10    0.027284    0.074317    0.178400    0.893694 v fanout50/X (sky130_fd_sc_hd__buf_2)
                                                         net50 (net)
                      0.074317    0.000108    0.893802 v _149_/A_N (sky130_fd_sc_hd__and4bb_1)
     3    0.006453    0.091162    0.281368    1.175170 ^ _149_/X (sky130_fd_sc_hd__and4bb_1)
                                                         net34 (net)
                      0.091162    0.000013    1.175183 ^ _339_/A (sky130_fd_sc_hd__clkbuf_1)
     1    0.001851    0.035652    0.085527    1.260709 ^ _339_/X (sky130_fd_sc_hd__clkbuf_1)
                                                         net35 (net)
                      0.035652    0.000000    1.260710 ^ output35/A (sky130_fd_sc_hd__buf_2)
     1    0.034120    0.169419    0.194282    1.454992 ^ output35/X (sky130_fd_sc_hd__buf_2)
                                                         bvalid (net)
                      0.169419    0.000111    1.455103 ^ bvalid (out)
                                              1.455103   data arrival time

                                  5.000000    5.000000   clock clk (rise edge)
                                  0.000000    5.000000   clock network delay (propagated)
                                 -0.250000    4.750000   clock uncertainty
                                  0.000000    4.750000   clock reconvergence pessimism
                                 -1.000000    3.750000   output external delay
                                              3.750000   data required time
---------------------------------------------------------------------------------------------
                                              3.750000   data required time
                                             -1.455103   data arrival time
---------------------------------------------------------------------------------------------
                                              2.294898   slack (MET)


Startpoint: _301_ (rising edge-triggered flip-flop clocked by clk)
Endpoint: PWRITE (output port clocked by clk)
Path Group: clk
Path Type: max

Fanout         Cap        Slew       Delay        Time   Description
---------------------------------------------------------------------------------------------
                                  0.000000    0.000000   clock clk (rise edge)
                                  0.000000    0.000000   clock source latency
     1    0.011467    0.057956    0.038764    0.038764 ^ clk (in)
                                                         clk (net)
                      0.057957    0.000000    0.038764 ^ clkbuf_0_clk/A (sky130_fd_sc_hd__clkbuf_16)
     4    0.037315    0.057438    0.144764    0.183528 ^ clkbuf_0_clk/X (sky130_fd_sc_hd__clkbuf_16)
                                                         clknet_0_clk (net)
                      0.057438    0.000073    0.183601 ^ clkbuf_2_3__f_clk/A (sky130_fd_sc_hd__clkbuf_16)
     8    0.029378    0.050558    0.138663    0.322263 ^ clkbuf_2_3__f_clk/X (sky130_fd_sc_hd__clkbuf_16)
                                                         clknet_2_3__leaf_clk (net)
                      0.050558    0.000067    0.322331 ^ _301_/CLK (sky130_fd_sc_hd__dfrtp_1)
     2    0.007243    0.059672    0.379864    0.702195 v _301_/Q (sky130_fd_sc_hd__dfrtp_1)
                                                         current_state[2] (net)
                      0.059672    0.000040    0.702235 v fanout49/A (sky130_fd_sc_hd__clkbuf_2)
    10    0.023118    0.092795    0.164421    0.866656 v fanout49/X (sky130_fd_sc_hd__clkbuf_2)
                                                         net49 (net)
                      0.092795    0.000079    0.866736 v _139_/A_N (sky130_fd_sc_hd__nand3b_4)
     6    0.019813    0.092733    0.204179    1.070915 v _139_/Y (sky130_fd_sc_hd__nand3b_4)
                                                         _120_ (net)
                      0.092733    0.000061    1.070976 v _140_/B (sky130_fd_sc_hd__nor2_1)
     2    0.005948    0.131808    0.138293    1.209269 ^ _140_/Y (sky130_fd_sc_hd__nor2_1)
                                                         net31 (net)
                      0.131808    0.000025    1.209294 ^ output31/A (sky130_fd_sc_hd__buf_2)
     1    0.034033    0.169395    0.228780    1.438074 ^ output31/X (sky130_fd_sc_hd__buf_2)
                                                         PWRITE (net)
                      0.169395    0.000090    1.438164 ^ PWRITE (out)
                                              1.438164   data arrival time

                                  5.000000    5.000000   clock clk (rise edge)
                                  0.000000    5.000000   clock network delay (propagated)
                                 -0.250000    4.750000   clock uncertainty
                                  0.000000    4.750000   clock reconvergence pessimism
                                 -1.000000    3.750000   output external delay
                                              3.750000   data required time
---------------------------------------------------------------------------------------------
                                              3.750000   data required time
                                             -1.438164   data arrival time
---------------------------------------------------------------------------------------------
                                              2.311836   slack (MET)


Startpoint: _300_ (rising edge-triggered flip-flop clocked by clk)
Endpoint: _266_ (rising edge-triggered flip-flop clocked by clk)
Path Group: clk
Path Type: max

Fanout         Cap        Slew       Delay        Time   Description
---------------------------------------------------------------------------------------------
                                  0.000000    0.000000   clock clk (rise edge)
                                  0.000000    0.000000   clock source latency
     1    0.011467    0.057956    0.038764    0.038764 ^ clk (in)
                                                         clk (net)
                      0.057957    0.000000    0.038764 ^ clkbuf_0_clk/A (sky130_fd_sc_hd__clkbuf_16)
     4    0.037315    0.057438    0.144764    0.183528 ^ clkbuf_0_clk/X (sky130_fd_sc_hd__clkbuf_16)
                                                         clknet_0_clk (net)
                      0.057438    0.000073    0.183601 ^ clkbuf_2_3__f_clk/A (sky130_fd_sc_hd__clkbuf_16)
     8    0.029378    0.050558    0.138663    0.322263 ^ clkbuf_2_3__f_clk/X (sky130_fd_sc_hd__clkbuf_16)
                                                         clknet_2_3__leaf_clk (net)
                      0.050558    0.000052    0.322315 ^ _300_/CLK (sky130_fd_sc_hd__dfrtp_1)
     3    0.009781    0.069379    0.392978    0.715293 v _300_/Q (sky130_fd_sc_hd__dfrtp_1)
                                                         current_state[1] (net)
                      0.069379    0.000001    0.715294 v fanout50/A (sky130_fd_sc_hd__buf_2)
    10    0.027284    0.074317    0.178400    0.893694 v fanout50/X (sky130_fd_sc_hd__buf_2)
                                                         net50 (net)
                      0.074317    0.000024    0.893717 v _147_/A (sky130_fd_sc_hd__or4b_2)
     5    0.018162    0.154109    0.758240    1.651957 v _147_/X (sky130_fd_sc_hd__or4b_2)
                                                         _124_ (net)
                      0.154109    0.000193    1.652150 v _148_/A (sky130_fd_sc_hd__inv_2)
     1    0.003896    0.047420    0.079748    1.731898 ^ _148_/Y (sky130_fd_sc_hd__inv_2)
                                                         net32 (net)
                      0.047420    0.000028    1.731926 ^ fanout42/A (sky130_fd_sc_hd__buf_2)
     8    0.029830    0.149419    0.184517    1.916443 ^ fanout42/X (sky130_fd_sc_hd__buf_2)
                                                         net42 (net)
                      0.149419    0.000327    1.916770 ^ fanout41/A (sky130_fd_sc_hd__buf_2)
    10    0.026714    0.135405    0.209141    2.125911 ^ fanout41/X (sky130_fd_sc_hd__buf_2)
                                                         net41 (net)
                      0.135405    0.000015    2.125926 ^ _157_/B1 (sky130_fd_sc_hd__a2bb2o_2)
     6    0.020679    0.117911    0.242230    2.368155 ^ _157_/X (sky130_fd_sc_hd__a2bb2o_2)
                                                         _020_ (net)
                      0.117911    0.000254    2.368410 ^ _169_/A (sky130_fd_sc_hd__nor3_2)
     4    0.016195    0.060684    0.088883    2.457293 v _169_/Y (sky130_fd_sc_hd__nor3_2)
                                                         _030_ (net)
                      0.060684    0.000088    2.457380 v _178_/B2 (sky130_fd_sc_hd__a22o_1)
     1    0.002400    0.039130    0.194268    2.651649 v _178_/X (sky130_fd_sc_hd__a22o_1)
                                                         _003_ (net)
                      0.039130    0.000007    2.651655 v _266_/D (sky130_fd_sc_hd__dfrtp_2)
                                              2.651655   data arrival time

                                  5.000000    5.000000   clock clk (rise edge)
                                  0.000000    5.000000   clock source latency
     1    0.011467    0.057956    0.038764    5.038764 ^ clk (in)
                                                         clk (net)
                      0.057957    0.000000    5.038764 ^ clkbuf_0_clk/A (sky130_fd_sc_hd__clkbuf_16)
     4    0.037315    0.057438    0.144765    5.183528 ^ clkbuf_0_clk/X (sky130_fd_sc_hd__clkbuf_16)
                                                         clknet_0_clk (net)
                      0.057438    0.000171    5.183700 ^ clkbuf_2_0__f_clk/A (sky130_fd_sc_hd__clkbuf_16)
    13    0.034127    0.054652    0.142187    5.325887 ^ clkbuf_2_0__f_clk/X (sky130_fd_sc_hd__clkbuf_16)
                                                         clknet_2_0__leaf_clk (net)
                      0.054652    0.000086    5.325973 ^ _266_/CLK (sky130_fd_sc_hd__dfrtp_2)
                                 -0.250000    5.075973   clock uncertainty
                                  0.000000    5.075973   clock reconvergence pessimism
                                 -0.110687    4.965286   library setup time
                                              4.965286   data required time
---------------------------------------------------------------------------------------------
                                              4.965286   data required time
                                             -2.651655   data arrival time
---------------------------------------------------------------------------------------------
                                              2.313631   slack (MET)


Startpoint: _300_ (rising edge-triggered flip-flop clocked by clk)
Endpoint: bresp (output port clocked by clk)
Path Group: clk
Path Type: max

Fanout         Cap        Slew       Delay        Time   Description
---------------------------------------------------------------------------------------------
                                  0.000000    0.000000   clock clk (rise edge)
                                  0.000000    0.000000   clock source latency
     1    0.011467    0.057956    0.038764    0.038764 ^ clk (in)
                                                         clk (net)
                      0.057957    0.000000    0.038764 ^ clkbuf_0_clk/A (sky130_fd_sc_hd__clkbuf_16)
     4    0.037315    0.057438    0.144764    0.183528 ^ clkbuf_0_clk/X (sky130_fd_sc_hd__clkbuf_16)
                                                         clknet_0_clk (net)
                      0.057438    0.000073    0.183601 ^ clkbuf_2_3__f_clk/A (sky130_fd_sc_hd__clkbuf_16)
     8    0.029378    0.050558    0.138663    0.322263 ^ clkbuf_2_3__f_clk/X (sky130_fd_sc_hd__clkbuf_16)
                                                         clknet_2_3__leaf_clk (net)
                      0.050558    0.000052    0.322315 ^ _300_/CLK (sky130_fd_sc_hd__dfrtp_1)
     3    0.009781    0.069379    0.392978    0.715293 v _300_/Q (sky130_fd_sc_hd__dfrtp_1)
                                                         current_state[1] (net)
                      0.069379    0.000001    0.715294 v fanout50/A (sky130_fd_sc_hd__buf_2)
    10    0.027284    0.074317    0.178400    0.893694 v fanout50/X (sky130_fd_sc_hd__buf_2)
                                                         net50 (net)
                      0.074317    0.000108    0.893802 v _149_/A_N (sky130_fd_sc_hd__and4bb_1)
     3    0.006453    0.091162    0.281368    1.175170 ^ _149_/X (sky130_fd_sc_hd__and4bb_1)
                                                         net34 (net)
                      0.091162    0.000013    1.175183 ^ output34/A (sky130_fd_sc_hd__buf_2)
     1    0.034016    0.169121    0.214664    1.389847 ^ output34/X (sky130_fd_sc_hd__buf_2)
                                                         bresp (net)
                      0.169121    0.000086    1.389933 ^ bresp (out)
                                              1.389933   data arrival time

                                  5.000000    5.000000   clock clk (rise edge)
                                  0.000000    5.000000   clock network delay (propagated)
                                 -0.250000    4.750000   clock uncertainty
                                  0.000000    4.750000   clock reconvergence pessimism
                                 -1.000000    3.750000   output external delay
                                              3.750000   data required time
---------------------------------------------------------------------------------------------
                                              3.750000   data required time
                                             -1.389933   data arrival time
---------------------------------------------------------------------------------------------
                                              2.360067   slack (MET)


Startpoint: _271_ (rising edge-triggered flip-flop clocked by clk)
Endpoint: _300_ (rising edge-triggered flip-flop clocked by clk)
Path Group: clk
Path Type: max

Fanout         Cap        Slew       Delay        Time   Description
---------------------------------------------------------------------------------------------
                                  0.000000    0.000000   clock clk (rise edge)
                                  0.000000    0.000000   clock source latency
     1    0.011467    0.057956    0.038764    0.038764 ^ clk (in)
                                                         clk (net)
                      0.057957    0.000000    0.038764 ^ clkbuf_0_clk/A (sky130_fd_sc_hd__clkbuf_16)
     4    0.037315    0.057438    0.144764    0.183528 ^ clkbuf_0_clk/X (sky130_fd_sc_hd__clkbuf_16)
                                                         clknet_0_clk (net)
                      0.057438    0.000166    0.183694 ^ clkbuf_2_1__f_clk/A (sky130_fd_sc_hd__clkbuf_16)
    12    0.032280    0.053055    0.140803    0.324497 ^ clkbuf_2_1__f_clk/X (sky130_fd_sc_hd__clkbuf_16)
                                                         clknet_2_1__leaf_clk (net)
                      0.053055    0.000123    0.324621 ^ _271_/CLK (sky130_fd_sc_hd__dfrtp_2)
     8    0.017354    0.073091    0.431668    0.756288 v _271_/Q (sky130_fd_sc_hd__dfrtp_2)
                                                         lenM[0] (net)
                      0.073091    0.000079    0.756367 v _200_/A (sky130_fd_sc_hd__or4_1)
     3    0.006311    0.109122    0.554242    1.310609 v _200_/X (sky130_fd_sc_hd__or4_1)
                                                         _055_ (net)
                      0.109122    0.000011    1.310620 v _250_/C (sky130_fd_sc_hd__and3b_1)
     1    0.002921    0.037637    0.201695    1.512315 v _250_/X (sky130_fd_sc_hd__and3b_1)
                                                         _097_ (net)
                      0.037637    0.000010    1.512325 v _251_/C1 (sky130_fd_sc_hd__a311o_1)
     2    0.004563    0.061952    0.274745    1.787070 v _251_/X (sky130_fd_sc_hd__a311o_1)
                                                         _098_ (net)
                      0.061952    0.000022    1.787092 v _256_/A (sky130_fd_sc_hd__or4b_1)
     1    0.002229    0.079633    0.507413    2.294505 v _256_/X (sky130_fd_sc_hd__or4b_1)
                                                         _016_ (net)
                      0.079633    0.000004    2.294508 v _300_/D (sky130_fd_sc_hd__dfrtp_1)
                                              2.294508   data arrival time

                                  5.000000    5.000000   clock clk (rise edge)
                                  0.000000    5.000000   clock source latency
     1    0.011467    0.057956    0.038764    5.038764 ^ clk (in)
                                                         clk (net)
                      0.057957    0.000000    5.038764 ^ clkbuf_0_clk/A (sky130_fd_sc_hd__clkbuf_16)
     4    0.037315    0.057438    0.144765    5.183528 ^ clkbuf_0_clk/X (sky130_fd_sc_hd__clkbuf_16)
                                                         clknet_0_clk (net)
                      0.057438    0.000072    5.183601 ^ clkbuf_2_3__f_clk/A (sky130_fd_sc_hd__clkbuf_16)
     8    0.029378    0.050558    0.138663    5.322264 ^ clkbuf_2_3__f_clk/X (sky130_fd_sc_hd__clkbuf_16)
                                                         clknet_2_3__leaf_clk (net)
                      0.050558    0.000052    5.322315 ^ _300_/CLK (sky130_fd_sc_hd__dfrtp_1)
                                 -0.250000    5.072315   clock uncertainty
                                  0.000000    5.072315   clock reconvergence pessimism
                                 -0.128107    4.944208   library setup time
                                              4.944208   data required time
---------------------------------------------------------------------------------------------
                                              4.944208   data required time
                                             -2.294508   data arrival time
---------------------------------------------------------------------------------------------
                                              2.649700   slack (MET)


Startpoint: _275_ (rising edge-triggered flip-flop clocked by clk)
Endpoint: PADDR[0] (output port clocked by clk)
Path Group: clk
Path Type: max

Fanout         Cap        Slew       Delay        Time   Description
---------------------------------------------------------------------------------------------
                                  0.000000    0.000000   clock clk (rise edge)
                                  0.000000    0.000000   clock source latency
     1    0.011467    0.057956    0.038764    0.038764 ^ clk (in)
                                                         clk (net)
                      0.057957    0.000000    0.038764 ^ clkbuf_0_clk/A (sky130_fd_sc_hd__clkbuf_16)
     4    0.037315    0.057438    0.144764    0.183528 ^ clkbuf_0_clk/X (sky130_fd_sc_hd__clkbuf_16)
                                                         clknet_0_clk (net)
                      0.057438    0.000172    0.183700 ^ clkbuf_2_0__f_clk/A (sky130_fd_sc_hd__clkbuf_16)
    13    0.034127    0.054652    0.142187    0.325887 ^ clkbuf_2_0__f_clk/X (sky130_fd_sc_hd__clkbuf_16)
                                                         clknet_2_0__leaf_clk (net)
                      0.054652    0.000118    0.326004 ^ _275_/CLK (sky130_fd_sc_hd__dfrtp_2)
     7    0.016464    0.071150    0.430136    0.756141 v _275_/Q (sky130_fd_sc_hd__dfrtp_2)
                                                         DADDR[0] (net)
                      0.071150    0.000049    0.756190 v _154_/B (sky130_fd_sc_hd__and2_1)
     1    0.002104    0.032983    0.157754    0.913943 v _154_/X (sky130_fd_sc_hd__and2_1)
                                                         net27 (net)
                      0.032983    0.000006    0.913949 v output27/A (sky130_fd_sc_hd__buf_2)
     1    0.034344    0.089552    0.175436    1.089385 v output27/X (sky130_fd_sc_hd__buf_2)
                                                         PADDR[0] (net)
                      0.089552    0.000198    1.089582 v PADDR[0] (out)
                                              1.089582   data arrival time

                                  5.000000    5.000000   clock clk (rise edge)
                                  0.000000    5.000000   clock network delay (propagated)
                                 -0.250000    4.750000   clock uncertainty
                                  0.000000    4.750000   clock reconvergence pessimism
                                 -1.000000    3.750000   output external delay
                                              3.750000   data required time
---------------------------------------------------------------------------------------------
                                              3.750000   data required time
                                             -1.089582   data arrival time
---------------------------------------------------------------------------------------------
                                              2.660418   slack (MET)


Startpoint: _276_ (rising edge-triggered flip-flop clocked by clk)
Endpoint: PADDR[1] (output port clocked by clk)
Path Group: clk
Path Type: max

Fanout         Cap        Slew       Delay        Time   Description
---------------------------------------------------------------------------------------------
                                  0.000000    0.000000   clock clk (rise edge)
                                  0.000000    0.000000   clock source latency
     1    0.011467    0.057956    0.038764    0.038764 ^ clk (in)
                                                         clk (net)
                      0.057957    0.000000    0.038764 ^ clkbuf_0_clk/A (sky130_fd_sc_hd__clkbuf_16)
     4    0.037315    0.057438    0.144764    0.183528 ^ clkbuf_0_clk/X (sky130_fd_sc_hd__clkbuf_16)
                                                         clknet_0_clk (net)
                      0.057438    0.000172    0.183700 ^ clkbuf_2_0__f_clk/A (sky130_fd_sc_hd__clkbuf_16)
    13    0.034127    0.054652    0.142187    0.325887 ^ clkbuf_2_0__f_clk/X (sky130_fd_sc_hd__clkbuf_16)
                                                         clknet_2_0__leaf_clk (net)
                      0.054653    0.000189    0.326076 ^ _276_/CLK (sky130_fd_sc_hd__dfrtp_1)
     6    0.013107    0.083710    0.407952    0.734028 v _276_/Q (sky130_fd_sc_hd__dfrtp_1)
                                                         DADDR[1] (net)
                      0.083710    0.000030    0.734058 v _155_/B (sky130_fd_sc_hd__and2_1)
     1    0.002660    0.034436    0.166819    0.900877 v _155_/X (sky130_fd_sc_hd__and2_1)
                                                         net28 (net)
                      0.034436    0.000013    0.900890 v output28/A (sky130_fd_sc_hd__buf_2)
     1    0.034344    0.089541    0.176062    1.076951 v output28/X (sky130_fd_sc_hd__buf_2)
                                                         PADDR[1] (net)
                      0.089541    0.000198    1.077149 v PADDR[1] (out)
                                              1.077149   data arrival time

                                  5.000000    5.000000   clock clk (rise edge)
                                  0.000000    5.000000   clock network delay (propagated)
                                 -0.250000    4.750000   clock uncertainty
                                  0.000000    4.750000   clock reconvergence pessimism
                                 -1.000000    3.750000   output external delay
                                              3.750000   data required time
---------------------------------------------------------------------------------------------
                                              3.750000   data required time
                                             -1.077149   data arrival time
---------------------------------------------------------------------------------------------
                                              2.672851   slack (MET)


Startpoint: _277_ (rising edge-triggered flip-flop clocked by clk)
Endpoint: PADDR[2] (output port clocked by clk)
Path Group: clk
Path Type: max

Fanout         Cap        Slew       Delay        Time   Description
---------------------------------------------------------------------------------------------
                                  0.000000    0.000000   clock clk (rise edge)
                                  0.000000    0.000000   clock source latency
     1    0.011467    0.057956    0.038764    0.038764 ^ clk (in)
                                                         clk (net)
                      0.057957    0.000000    0.038764 ^ clkbuf_0_clk/A (sky130_fd_sc_hd__clkbuf_16)
     4    0.037315    0.057438    0.144764    0.183528 ^ clkbuf_0_clk/X (sky130_fd_sc_hd__clkbuf_16)
                                                         clknet_0_clk (net)
                      0.057438    0.000096    0.183624 ^ clkbuf_2_2__f_clk/A (sky130_fd_sc_hd__clkbuf_16)
    10    0.029850    0.050963    0.139009    0.322633 ^ clkbuf_2_2__f_clk/X (sky130_fd_sc_hd__clkbuf_16)
                                                         clknet_2_2__leaf_clk (net)
                      0.050963    0.000145    0.322778 ^ _277_/CLK (sky130_fd_sc_hd__dfrtp_1)
     4    0.009065    0.068769    0.389872    0.712649 v _277_/Q (sky130_fd_sc_hd__dfrtp_1)
                                                         DADDR[2] (net)
                      0.068769    0.000004    0.712653 v _156_/B (sky130_fd_sc_hd__and2_1)
     1    0.002116    0.033038    0.156726    0.869379 v _156_/X (sky130_fd_sc_hd__and2_1)
                                                         net29 (net)
                      0.033038    0.000006    0.869385 v output29/A (sky130_fd_sc_hd__buf_2)
     1    0.034296    0.089444    0.175374    1.044759 v output29/X (sky130_fd_sc_hd__buf_2)
                                                         PADDR[2] (net)
                      0.089444    0.000191    1.044950 v PADDR[2] (out)
                                              1.044950   data arrival time

                                  5.000000    5.000000   clock clk (rise edge)
                                  0.000000    5.000000   clock network delay (propagated)
                                 -0.250000    4.750000   clock uncertainty
                                  0.000000    4.750000   clock reconvergence pessimism
                                 -1.000000    3.750000   output external delay
                                              3.750000   data required time
---------------------------------------------------------------------------------------------
                                              3.750000   data required time
                                             -1.044950   data arrival time
---------------------------------------------------------------------------------------------
                                              2.705050   slack (MET)


Startpoint: _299_ (rising edge-triggered flip-flop clocked by clk)
Endpoint: _301_ (rising edge-triggered flip-flop clocked by clk)
Path Group: clk
Path Type: max

Fanout         Cap        Slew       Delay        Time   Description
---------------------------------------------------------------------------------------------
                                  0.000000    0.000000   clock clk (rise edge)
                                  0.000000    0.000000   clock source latency
     1    0.011467    0.057956    0.038764    0.038764 ^ clk (in)
                                                         clk (net)
                      0.057957    0.000000    0.038764 ^ clkbuf_0_clk/A (sky130_fd_sc_hd__clkbuf_16)
     4    0.037315    0.057438    0.144764    0.183528 ^ clkbuf_0_clk/X (sky130_fd_sc_hd__clkbuf_16)
                                                         clknet_0_clk (net)
                      0.057438    0.000096    0.183624 ^ clkbuf_2_2__f_clk/A (sky130_fd_sc_hd__clkbuf_16)
    10    0.029850    0.050963    0.139009    0.322633 ^ clkbuf_2_2__f_clk/X (sky130_fd_sc_hd__clkbuf_16)
                                                         clknet_2_2__leaf_clk (net)
                      0.050963    0.000029    0.322662 ^ _299_/CLK (sky130_fd_sc_hd__dfrtp_1)
     3    0.010618    0.072989    0.396485    0.719147 v _299_/Q (sky130_fd_sc_hd__dfrtp_1)
                                                         current_state[0] (net)
                      0.072989    0.000044    0.719190 v fanout51/A (sky130_fd_sc_hd__buf_2)
    10    0.026837    0.073352    0.179242    0.898432 v fanout51/X (sky130_fd_sc_hd__buf_2)
                                                         net51 (net)
                      0.073352    0.000040    0.898472 v _142_/A (sky130_fd_sc_hd__or4bb_2)
     4    0.013462    0.134591    0.697976    1.596448 v _142_/X (sky130_fd_sc_hd__or4bb_2)
                                                         _122_ (net)
                      0.134591    0.000062    1.596510 v _143_/A (sky130_fd_sc_hd__inv_2)
     3    0.008938    0.060326    0.096339    1.692849 ^ _143_/Y (sky130_fd_sc_hd__inv_2)
                                                         net33 (net)
                      0.060326    0.000020    1.692869 ^ _246_/B1 (sky130_fd_sc_hd__a32o_1)
     2    0.006917    0.091590    0.147404    1.840273 ^ _246_/X (sky130_fd_sc_hd__a32o_1)
                                                         _094_ (net)
                      0.091590    0.000017    1.840290 ^ _251_/B1 (sky130_fd_sc_hd__a311o_1)
     2    0.004884    0.072455    0.133483    1.973773 ^ _251_/X (sky130_fd_sc_hd__a311o_1)
                                                         _098_ (net)
                      0.072455    0.000003    1.973777 ^ _259_/A (sky130_fd_sc_hd__or2_1)
     1    0.002321    0.038990    0.096172    2.069948 ^ _259_/X (sky130_fd_sc_hd__or2_1)
                                                         _017_ (net)
                      0.038990    0.000004    2.069952 ^ _301_/D (sky130_fd_sc_hd__dfrtp_1)
                                              2.069952   data arrival time

                                  5.000000    5.000000   clock clk (rise edge)
                                  0.000000    5.000000   clock source latency
     1    0.011467    0.057956    0.038764    5.038764 ^ clk (in)
                                                         clk (net)
                      0.057957    0.000000    5.038764 ^ clkbuf_0_clk/A (sky130_fd_sc_hd__clkbuf_16)
     4    0.037315    0.057438    0.144765    5.183528 ^ clkbuf_0_clk/X (sky130_fd_sc_hd__clkbuf_16)
                                                         clknet_0_clk (net)
                      0.057438    0.000072    5.183601 ^ clkbuf_2_3__f_clk/A (sky130_fd_sc_hd__clkbuf_16)
     8    0.029378    0.050558    0.138663    5.322264 ^ clkbuf_2_3__f_clk/X (sky130_fd_sc_hd__clkbuf_16)
                                                         clknet_2_3__leaf_clk (net)
                      0.050558    0.000067    5.322331 ^ _301_/CLK (sky130_fd_sc_hd__dfrtp_1)
                                 -0.250000    5.072330   clock uncertainty
                                  0.000000    5.072330   clock reconvergence pessimism
                                 -0.057607    5.014724   library setup time
                                              5.014724   data required time
---------------------------------------------------------------------------------------------
                                              5.014724   data required time
                                             -2.069952   data arrival time
---------------------------------------------------------------------------------------------
                                              2.944772   slack (MET)


Startpoint: _299_ (rising edge-triggered flip-flop clocked by clk)
Endpoint: _299_ (rising edge-triggered flip-flop clocked by clk)
Path Group: clk
Path Type: max

Fanout         Cap        Slew       Delay        Time   Description
---------------------------------------------------------------------------------------------
                                  0.000000    0.000000   clock clk (rise edge)
                                  0.000000    0.000000   clock source latency
     1    0.011467    0.057956    0.038764    0.038764 ^ clk (in)
                                                         clk (net)
                      0.057957    0.000000    0.038764 ^ clkbuf_0_clk/A (sky130_fd_sc_hd__clkbuf_16)
     4    0.037315    0.057438    0.144764    0.183528 ^ clkbuf_0_clk/X (sky130_fd_sc_hd__clkbuf_16)
                                                         clknet_0_clk (net)
                      0.057438    0.000096    0.183624 ^ clkbuf_2_2__f_clk/A (sky130_fd_sc_hd__clkbuf_16)
    10    0.029850    0.050963    0.139009    0.322633 ^ clkbuf_2_2__f_clk/X (sky130_fd_sc_hd__clkbuf_16)
                                                         clknet_2_2__leaf_clk (net)
                      0.050963    0.000029    0.322662 ^ _299_/CLK (sky130_fd_sc_hd__dfrtp_1)
     3    0.010618    0.072989    0.396485    0.719147 v _299_/Q (sky130_fd_sc_hd__dfrtp_1)
                                                         current_state[0] (net)
                      0.072989    0.000044    0.719190 v fanout51/A (sky130_fd_sc_hd__buf_2)
    10    0.026837    0.073352    0.179242    0.898432 v fanout51/X (sky130_fd_sc_hd__buf_2)
                                                         net51 (net)
                      0.073352    0.000040    0.898472 v _142_/A (sky130_fd_sc_hd__or4bb_2)
     4    0.013462    0.134591    0.697976    1.596448 v _142_/X (sky130_fd_sc_hd__or4bb_2)
                                                         _122_ (net)
                      0.134591    0.000062    1.596510 v _143_/A (sky130_fd_sc_hd__inv_2)
     3    0.008938    0.060326    0.096339    1.692849 ^ _143_/Y (sky130_fd_sc_hd__inv_2)
                                                         net33 (net)
                      0.060326    0.000020    1.692869 ^ _246_/B1 (sky130_fd_sc_hd__a32o_1)
     2    0.006917    0.091590    0.147404    1.840273 ^ _246_/X (sky130_fd_sc_hd__a32o_1)
                                                         _094_ (net)
                      0.091590    0.000024    1.840297 ^ _247_/C1 (sky130_fd_sc_hd__a211o_1)
     1    0.003506    0.045549    0.104436    1.944733 ^ _247_/X (sky130_fd_sc_hd__a211o_1)
                                                         _095_ (net)
                      0.045549    0.000019    1.944752 ^ _248_/B1 (sky130_fd_sc_hd__a21o_1)
     1    0.002394    0.036216    0.073161    2.017913 ^ _248_/X (sky130_fd_sc_hd__a21o_1)
                                                         _015_ (net)
                      0.036216    0.000005    2.017918 ^ _299_/D (sky130_fd_sc_hd__dfrtp_1)
                                              2.017918   data arrival time

                                  5.000000    5.000000   clock clk (rise edge)
                                  0.000000    5.000000   clock source latency
     1    0.011467    0.057956    0.038764    5.038764 ^ clk (in)
                                                         clk (net)
                      0.057957    0.000000    5.038764 ^ clkbuf_0_clk/A (sky130_fd_sc_hd__clkbuf_16)
     4    0.037315    0.057438    0.144765    5.183528 ^ clkbuf_0_clk/X (sky130_fd_sc_hd__clkbuf_16)
                                                         clknet_0_clk (net)
                      0.057438    0.000095    5.183624 ^ clkbuf_2_2__f_clk/A (sky130_fd_sc_hd__clkbuf_16)
    10    0.029850    0.050963    0.139009    5.322633 ^ clkbuf_2_2__f_clk/X (sky130_fd_sc_hd__clkbuf_16)
                                                         clknet_2_2__leaf_clk (net)
                      0.050963    0.000029    5.322662 ^ _299_/CLK (sky130_fd_sc_hd__dfrtp_1)
                                 -0.250000    5.072662   clock uncertainty
                                  0.000000    5.072662   clock reconvergence pessimism
                                 -0.056906    5.015756   library setup time
                                              5.015756   data required time
---------------------------------------------------------------------------------------------
                                              5.015756   data required time
                                             -2.017918   data arrival time
---------------------------------------------------------------------------------------------
                                              2.997837   slack (MET)


Startpoint: _266_ (rising edge-triggered flip-flop clocked by clk)
Endpoint: _302_ (rising edge-triggered flip-flop clocked by clk)
Path Group: clk
Path Type: max

Fanout         Cap        Slew       Delay        Time   Description
---------------------------------------------------------------------------------------------
                                  0.000000    0.000000   clock clk (rise edge)
                                  0.000000    0.000000   clock source latency
     1    0.011467    0.057956    0.038764    0.038764 ^ clk (in)
                                                         clk (net)
                      0.057957    0.000000    0.038764 ^ clkbuf_0_clk/A (sky130_fd_sc_hd__clkbuf_16)
     4    0.037315    0.057438    0.144764    0.183528 ^ clkbuf_0_clk/X (sky130_fd_sc_hd__clkbuf_16)
                                                         clknet_0_clk (net)
                      0.057438    0.000172    0.183700 ^ clkbuf_2_0__f_clk/A (sky130_fd_sc_hd__clkbuf_16)
    13    0.034127    0.054652    0.142187    0.325887 ^ clkbuf_2_0__f_clk/X (sky130_fd_sc_hd__clkbuf_16)
                                                         clknet_2_0__leaf_clk (net)
                      0.054652    0.000086    0.325972 ^ _266_/CLK (sky130_fd_sc_hd__dfrtp_2)
     8    0.018895    0.076571    0.435997    0.761969 v _266_/Q (sky130_fd_sc_hd__dfrtp_2)
                                                         lenS[1] (net)
                      0.076571    0.000116    0.762085 v _253_/A (sky130_fd_sc_hd__or4b_1)
     1    0.002177    0.078822    0.511388    1.273473 v _253_/X (sky130_fd_sc_hd__or4b_1)
                                                         _100_ (net)
                      0.078822    0.000006    1.273479 v _254_/D (sky130_fd_sc_hd__and4_1)
     2    0.006025    0.051817    0.224631    1.498110 v _254_/X (sky130_fd_sc_hd__and4_1)
                                                         _101_ (net)
                      0.051817    0.000035    1.498145 v _262_/B1 (sky130_fd_sc_hd__a211o_1)
     1    0.002249    0.045234    0.257527    1.755671 v _262_/X (sky130_fd_sc_hd__a211o_1)
                                                         _018_ (net)
                      0.045234    0.000004    1.755675 v _302_/D (sky130_fd_sc_hd__dfrtp_1)
                                              1.755675   data arrival time

                                  5.000000    5.000000   clock clk (rise edge)
                                  0.000000    5.000000   clock source latency
     1    0.011467    0.057956    0.038764    5.038764 ^ clk (in)
                                                         clk (net)
                      0.057957    0.000000    5.038764 ^ clkbuf_0_clk/A (sky130_fd_sc_hd__clkbuf_16)
     4    0.037315    0.057438    0.144765    5.183528 ^ clkbuf_0_clk/X (sky130_fd_sc_hd__clkbuf_16)
                                                         clknet_0_clk (net)
                      0.057438    0.000072    5.183601 ^ clkbuf_2_3__f_clk/A (sky130_fd_sc_hd__clkbuf_16)
     8    0.029378    0.050558    0.138663    5.322264 ^ clkbuf_2_3__f_clk/X (sky130_fd_sc_hd__clkbuf_16)
                                                         clknet_2_3__leaf_clk (net)
                      0.050558    0.000060    5.322324 ^ _302_/CLK (sky130_fd_sc_hd__dfrtp_1)
                                 -0.250000    5.072324   clock uncertainty
                                  0.000000    5.072324   clock reconvergence pessimism
                                 -0.113104    4.959219   library setup time
                                              4.959219   data required time
---------------------------------------------------------------------------------------------
                                              4.959219   data required time
                                             -1.755675   data arrival time
---------------------------------------------------------------------------------------------
                                              3.203544   slack (MET)


Startpoint: _302_ (rising edge-triggered flip-flop clocked by clk)
Endpoint: _270_ (rising edge-triggered flip-flop clocked by clk)
Path Group: clk
Path Type: max

Fanout         Cap        Slew       Delay        Time   Description
---------------------------------------------------------------------------------------------
                                  0.000000    0.000000   clock clk (rise edge)
                                  0.000000    0.000000   clock source latency
     1    0.011467    0.057956    0.038764    0.038764 ^ clk (in)
                                                         clk (net)
                      0.057957    0.000000    0.038764 ^ clkbuf_0_clk/A (sky130_fd_sc_hd__clkbuf_16)
     4    0.037315    0.057438    0.144764    0.183528 ^ clkbuf_0_clk/X (sky130_fd_sc_hd__clkbuf_16)
                                                         clknet_0_clk (net)
                      0.057438    0.000073    0.183601 ^ clkbuf_2_3__f_clk/A (sky130_fd_sc_hd__clkbuf_16)
     8    0.029378    0.050558    0.138663    0.322263 ^ clkbuf_2_3__f_clk/X (sky130_fd_sc_hd__clkbuf_16)
                                                         clknet_2_3__leaf_clk (net)
                      0.050558    0.000060    0.322323 ^ _302_/CLK (sky130_fd_sc_hd__dfrtp_1)
     4    0.010082    0.070712    0.394199    0.716523 v _302_/Q (sky130_fd_sc_hd__dfrtp_1)
                                                         current_state[3] (net)
                      0.070712    0.000013    0.716536 v fanout48/A (sky130_fd_sc_hd__clkbuf_2)
    10    0.025717    0.101993    0.176542    0.893078 v fanout48/X (sky130_fd_sc_hd__clkbuf_2)
                                                         net48 (net)
                      0.101993    0.000024    0.893103 v _144_/B_N (sky130_fd_sc_hd__and4bb_1)
     2    0.007144    0.094460    0.316369    1.209472 ^ _144_/X (sky130_fd_sc_hd__and4bb_1)
                                                         net37 (net)
                      0.094460    0.000031    1.209502 ^ fanout46/A (sky130_fd_sc_hd__buf_2)
    10    0.030491    0.152715    0.204115    1.413617 ^ fanout46/X (sky130_fd_sc_hd__buf_2)
                                                         net46 (net)
                      0.152715    0.000185    1.413802 ^ _196_/C1 (sky130_fd_sc_hd__o211a_1)
     1    0.002160    0.041308    0.154616    1.568418 ^ _196_/X (sky130_fd_sc_hd__o211a_1)
                                                         _052_ (net)
                      0.041308    0.000005    1.568423 ^ _197_/B1_N (sky130_fd_sc_hd__o21bai_1)
     1    0.002311    0.099368    0.089840    1.658263 ^ _197_/Y (sky130_fd_sc_hd__o21bai_1)
                                                         _007_ (net)
                      0.099368    0.000004    1.658266 ^ _270_/D (sky130_fd_sc_hd__dfrtp_1)
                                              1.658266   data arrival time

                                  5.000000    5.000000   clock clk (rise edge)
                                  0.000000    5.000000   clock source latency
     1    0.011467    0.057956    0.038764    5.038764 ^ clk (in)
                                                         clk (net)
                      0.057957    0.000000    5.038764 ^ clkbuf_0_clk/A (sky130_fd_sc_hd__clkbuf_16)
     4    0.037315    0.057438    0.144765    5.183528 ^ clkbuf_0_clk/X (sky130_fd_sc_hd__clkbuf_16)
                                                         clknet_0_clk (net)
                      0.057438    0.000072    5.183601 ^ clkbuf_2_3__f_clk/A (sky130_fd_sc_hd__clkbuf_16)
     8    0.029378    0.050558    0.138663    5.322264 ^ clkbuf_2_3__f_clk/X (sky130_fd_sc_hd__clkbuf_16)
                                                         clknet_2_3__leaf_clk (net)
                      0.050558    0.000085    5.322349 ^ _270_/CLK (sky130_fd_sc_hd__dfrtp_1)
                                 -0.250000    5.072349   clock uncertainty
                                  0.000000    5.072349   clock reconvergence pessimism
                                 -0.071533    5.000815   library setup time
                                              5.000815   data required time
---------------------------------------------------------------------------------------------
                                              5.000815   data required time
                                             -1.658266   data arrival time
---------------------------------------------------------------------------------------------
                                              3.342549   slack (MET)


Startpoint: _299_ (rising edge-triggered flip-flop clocked by clk)
Endpoint: _269_ (rising edge-triggered flip-flop clocked by clk)
Path Group: clk
Path Type: max

Fanout         Cap        Slew       Delay        Time   Description
---------------------------------------------------------------------------------------------
                                  0.000000    0.000000   clock clk (rise edge)
                                  0.000000    0.000000   clock source latency
     1    0.011467    0.057956    0.038764    0.038764 ^ clk (in)
                                                         clk (net)
                      0.057957    0.000000    0.038764 ^ clkbuf_0_clk/A (sky130_fd_sc_hd__clkbuf_16)
     4    0.037315    0.057438    0.144764    0.183528 ^ clkbuf_0_clk/X (sky130_fd_sc_hd__clkbuf_16)
                                                         clknet_0_clk (net)
                      0.057438    0.000096    0.183624 ^ clkbuf_2_2__f_clk/A (sky130_fd_sc_hd__clkbuf_16)
    10    0.029850    0.050963    0.139009    0.322633 ^ clkbuf_2_2__f_clk/X (sky130_fd_sc_hd__clkbuf_16)
                                                         clknet_2_2__leaf_clk (net)
                      0.050963    0.000029    0.322662 ^ _299_/CLK (sky130_fd_sc_hd__dfrtp_1)
     3    0.010618    0.072989    0.396485    0.719147 v _299_/Q (sky130_fd_sc_hd__dfrtp_1)
                                                         current_state[0] (net)
                      0.072989    0.000044    0.719190 v fanout51/A (sky130_fd_sc_hd__buf_2)
    10    0.026837    0.073352    0.179242    0.898432 v fanout51/X (sky130_fd_sc_hd__buf_2)
                                                         net51 (net)
                      0.073352    0.000020    0.898452 v _149_/D (sky130_fd_sc_hd__and4bb_1)
     3    0.005988    0.055793    0.224898    1.123350 v _149_/X (sky130_fd_sc_hd__and4bb_1)
                                                         net34 (net)
                      0.055793    0.000009    1.123359 v _193_/B (sky130_fd_sc_hd__and2_1)
     2    0.007255    0.053663    0.175898    1.299257 v _193_/X (sky130_fd_sc_hd__and2_1)
                                                         _050_ (net)
                      0.053663    0.000058    1.299315 v _194_/A3 (sky130_fd_sc_hd__o31a_1)
     1    0.003917    0.052349    0.240984    1.540299 v _194_/X (sky130_fd_sc_hd__o31a_1)
                                                         _006_ (net)
                      0.052349    0.000037    1.540336 v _269_/D (sky130_fd_sc_hd__dfrtp_1)
                                              1.540336   data arrival time

                                  5.000000    5.000000   clock clk (rise edge)
                                  0.000000    5.000000   clock source latency
     1    0.011467    0.057956    0.038764    5.038764 ^ clk (in)
                                                         clk (net)
                      0.057957    0.000000    5.038764 ^ clkbuf_0_clk/A (sky130_fd_sc_hd__clkbuf_16)
     4    0.037315    0.057438    0.144765    5.183528 ^ clkbuf_0_clk/X (sky130_fd_sc_hd__clkbuf_16)
                                                         clknet_0_clk (net)
                      0.057438    0.000072    5.183601 ^ clkbuf_2_3__f_clk/A (sky130_fd_sc_hd__clkbuf_16)
     8    0.029378    0.050558    0.138663    5.322264 ^ clkbuf_2_3__f_clk/X (sky130_fd_sc_hd__clkbuf_16)
                                                         clknet_2_3__leaf_clk (net)
                      0.050558    0.000071    5.322335 ^ _269_/CLK (sky130_fd_sc_hd__dfrtp_1)
                                 -0.250000    5.072335   clock uncertainty
                                  0.000000    5.072335   clock reconvergence pessimism
                                 -0.116207    4.956127   library setup time
                                              4.956127   data required time
---------------------------------------------------------------------------------------------
                                              4.956127   data required time
                                             -1.540336   data arrival time
---------------------------------------------------------------------------------------------
                                              3.415791   slack (MET)


Startpoint: res_n (input port clocked by clk)
Endpoint: _265_ (recovery check against rising-edge clock clk)
Path Group: asynchronous
Path Type: max

Fanout         Cap        Slew       Delay        Time   Description
---------------------------------------------------------------------------------------------
                                  0.000000    0.000000   clock clk (rise edge)
                                  0.000000    0.000000   clock network delay (propagated)
                                  1.000000    1.000000 ^ input external delay
     1    0.002648    0.019761    0.009762    1.009762 ^ res_n (in)
                                                         res_n (net)
                      0.019761    0.000000    1.009762 ^ input23/A (sky130_fd_sc_hd__buf_1)
     3    0.010538    0.130719    0.133275    1.143036 ^ input23/X (sky130_fd_sc_hd__buf_1)
                                                         net23 (net)
                      0.130719    0.000022    1.143058 ^ fanout54/A (sky130_fd_sc_hd__clkbuf_2)
     5    0.022642    0.128536    0.195434    1.338493 ^ fanout54/X (sky130_fd_sc_hd__clkbuf_2)
                                                         net54 (net)
                      0.128536    0.000028    1.338521 ^ fanout52/A (sky130_fd_sc_hd__clkbuf_4)
    10    0.044861    0.142106    0.237889    1.576410 ^ fanout52/X (sky130_fd_sc_hd__clkbuf_4)
                                                         net52 (net)
                      0.142106    0.000154    1.576563 ^ _265_/RESET_B (sky130_fd_sc_hd__dfrtp_4)
                                              1.576563   data arrival time

                                  5.000000    5.000000   clock clk (rise edge)
                                  0.000000    5.000000   clock source latency
     1    0.011467    0.057956    0.038764    5.038764 ^ clk (in)
                                                         clk (net)
                      0.057957    0.000000    5.038764 ^ clkbuf_0_clk/A (sky130_fd_sc_hd__clkbuf_16)
     4    0.037315    0.057438    0.144765    5.183528 ^ clkbuf_0_clk/X (sky130_fd_sc_hd__clkbuf_16)
                                                         clknet_0_clk (net)
                      0.057438    0.000171    5.183700 ^ clkbuf_2_0__f_clk/A (sky130_fd_sc_hd__clkbuf_16)
    13    0.034127    0.054652    0.142187    5.325887 ^ clkbuf_2_0__f_clk/X (sky130_fd_sc_hd__clkbuf_16)
                                                         clknet_2_0__leaf_clk (net)
                      0.054652    0.000070    5.325957 ^ _265_/CLK (sky130_fd_sc_hd__dfrtp_4)
                                 -0.250000    5.075957   clock uncertainty
                                  0.000000    5.075957   clock reconvergence pessimism
                                  0.188788    5.264744   library recovery time
                                              5.264744   data required time
---------------------------------------------------------------------------------------------
                                              5.264744   data required time
                                             -1.576563   data arrival time
---------------------------------------------------------------------------------------------
                                              3.688181   slack (MET)


Startpoint: res_n (input port clocked by clk)
Endpoint: _266_ (recovery check against rising-edge clock clk)
Path Group: asynchronous
Path Type: max

Fanout         Cap        Slew       Delay        Time   Description
---------------------------------------------------------------------------------------------
                                  0.000000    0.000000   clock clk (rise edge)
                                  0.000000    0.000000   clock network delay (propagated)
                                  1.000000    1.000000 ^ input external delay
     1    0.002648    0.019761    0.009762    1.009762 ^ res_n (in)
                                                         res_n (net)
                      0.019761    0.000000    1.009762 ^ input23/A (sky130_fd_sc_hd__buf_1)
     3    0.010538    0.130719    0.133275    1.143036 ^ input23/X (sky130_fd_sc_hd__buf_1)
                                                         net23 (net)
                      0.130719    0.000022    1.143058 ^ fanout54/A (sky130_fd_sc_hd__clkbuf_2)
     5    0.022642    0.128536    0.195434    1.338493 ^ fanout54/X (sky130_fd_sc_hd__clkbuf_2)
                                                         net54 (net)
                      0.128536    0.000028    1.338521 ^ fanout52/A (sky130_fd_sc_hd__clkbuf_4)
    10    0.044861    0.142106    0.237889    1.576410 ^ fanout52/X (sky130_fd_sc_hd__clkbuf_4)
                                                         net52 (net)
                      0.142106    0.000500    1.576909 ^ _266_/RESET_B (sky130_fd_sc_hd__dfrtp_2)
                                              1.576909   data arrival time

                                  5.000000    5.000000   clock clk (rise edge)
                                  0.000000    5.000000   clock source latency
     1    0.011467    0.057956    0.038764    5.038764 ^ clk (in)
                                                         clk (net)
                      0.057957    0.000000    5.038764 ^ clkbuf_0_clk/A (sky130_fd_sc_hd__clkbuf_16)
     4    0.037315    0.057438    0.144765    5.183528 ^ clkbuf_0_clk/X (sky130_fd_sc_hd__clkbuf_16)
                                                         clknet_0_clk (net)
                      0.057438    0.000171    5.183700 ^ clkbuf_2_0__f_clk/A (sky130_fd_sc_hd__clkbuf_16)
    13    0.034127    0.054652    0.142187    5.325887 ^ clkbuf_2_0__f_clk/X (sky130_fd_sc_hd__clkbuf_16)
                                                         clknet_2_0__leaf_clk (net)
                      0.054652    0.000086    5.325973 ^ _266_/CLK (sky130_fd_sc_hd__dfrtp_2)
                                 -0.250000    5.075973   clock uncertainty
                                  0.000000    5.075973   clock reconvergence pessimism
                                  0.193218    5.269191   library recovery time
                                              5.269191   data required time
---------------------------------------------------------------------------------------------
                                              5.269191   data required time
                                             -1.576909   data arrival time
---------------------------------------------------------------------------------------------
                                              3.692282   slack (MET)


Startpoint: res_n (input port clocked by clk)
Endpoint: _275_ (recovery check against rising-edge clock clk)
Path Group: asynchronous
Path Type: max

Fanout         Cap        Slew       Delay        Time   Description
---------------------------------------------------------------------------------------------
                                  0.000000    0.000000   clock clk (rise edge)
                                  0.000000    0.000000   clock network delay (propagated)
                                  1.000000    1.000000 ^ input external delay
     1    0.002648    0.019761    0.009762    1.009762 ^ res_n (in)
                                                         res_n (net)
                      0.019761    0.000000    1.009762 ^ input23/A (sky130_fd_sc_hd__buf_1)
     3    0.010538    0.130719    0.133275    1.143036 ^ input23/X (sky130_fd_sc_hd__buf_1)
                                                         net23 (net)
                      0.130719    0.000022    1.143058 ^ fanout54/A (sky130_fd_sc_hd__clkbuf_2)
     5    0.022642    0.128536    0.195434    1.338493 ^ fanout54/X (sky130_fd_sc_hd__clkbuf_2)
                                                         net54 (net)
                      0.128536    0.000028    1.338521 ^ fanout52/A (sky130_fd_sc_hd__clkbuf_4)
    10    0.044861    0.142106    0.237889    1.576410 ^ fanout52/X (sky130_fd_sc_hd__clkbuf_4)
                                                         net52 (net)
                      0.142106    0.000527    1.576937 ^ _275_/RESET_B (sky130_fd_sc_hd__dfrtp_2)
                                              1.576937   data arrival time

                                  5.000000    5.000000   clock clk (rise edge)
                                  0.000000    5.000000   clock source latency
     1    0.011467    0.057956    0.038764    5.038764 ^ clk (in)
                                                         clk (net)
                      0.057957    0.000000    5.038764 ^ clkbuf_0_clk/A (sky130_fd_sc_hd__clkbuf_16)
     4    0.037315    0.057438    0.144765    5.183528 ^ clkbuf_0_clk/X (sky130_fd_sc_hd__clkbuf_16)
                                                         clknet_0_clk (net)
                      0.057438    0.000171    5.183700 ^ clkbuf_2_0__f_clk/A (sky130_fd_sc_hd__clkbuf_16)
    13    0.034127    0.054652    0.142187    5.325887 ^ clkbuf_2_0__f_clk/X (sky130_fd_sc_hd__clkbuf_16)
                                                         clknet_2_0__leaf_clk (net)
                      0.054652    0.000118    5.326005 ^ _275_/CLK (sky130_fd_sc_hd__dfrtp_2)
                                 -0.250000    5.076005   clock uncertainty
                                  0.000000    5.076005   clock reconvergence pessimism
                                  0.193218    5.269223   library recovery time
                                              5.269223   data required time
---------------------------------------------------------------------------------------------
                                              5.269223   data required time
                                             -1.576937   data arrival time
---------------------------------------------------------------------------------------------
                                              3.692286   slack (MET)


Startpoint: res_n (input port clocked by clk)
Endpoint: _269_ (recovery check against rising-edge clock clk)
Path Group: asynchronous
Path Type: max

Fanout         Cap        Slew       Delay        Time   Description
---------------------------------------------------------------------------------------------
                                  0.000000    0.000000   clock clk (rise edge)
                                  0.000000    0.000000   clock network delay (propagated)
                                  1.000000    1.000000 ^ input external delay
     1    0.002648    0.019761    0.009762    1.009762 ^ res_n (in)
                                                         res_n (net)
                      0.019761    0.000000    1.009762 ^ input23/A (sky130_fd_sc_hd__buf_1)
     3    0.010538    0.130719    0.133275    1.143036 ^ input23/X (sky130_fd_sc_hd__buf_1)
                                                         net23 (net)
                      0.130719    0.000022    1.143058 ^ fanout54/A (sky130_fd_sc_hd__clkbuf_2)
     5    0.022642    0.128536    0.195434    1.338493 ^ fanout54/X (sky130_fd_sc_hd__clkbuf_2)
                                                         net54 (net)
                      0.128536    0.000223    1.338716 ^ fanout53/A (sky130_fd_sc_hd__clkbuf_4)
    10    0.043388    0.137916    0.235066    1.573781 ^ fanout53/X (sky130_fd_sc_hd__clkbuf_4)
                                                         net53 (net)
                      0.137916    0.000026    1.573807 ^ _269_/RESET_B (sky130_fd_sc_hd__dfrtp_1)
                                              1.573807   data arrival time

                                  5.000000    5.000000   clock clk (rise edge)
                                  0.000000    5.000000   clock source latency
     1    0.011467    0.057956    0.038764    5.038764 ^ clk (in)
                                                         clk (net)
                      0.057957    0.000000    5.038764 ^ clkbuf_0_clk/A (sky130_fd_sc_hd__clkbuf_16)
     4    0.037315    0.057438    0.144765    5.183528 ^ clkbuf_0_clk/X (sky130_fd_sc_hd__clkbuf_16)
                                                         clknet_0_clk (net)
                      0.057438    0.000072    5.183601 ^ clkbuf_2_3__f_clk/A (sky130_fd_sc_hd__clkbuf_16)
     8    0.029378    0.050558    0.138663    5.322264 ^ clkbuf_2_3__f_clk/X (sky130_fd_sc_hd__clkbuf_16)
                                                         clknet_2_3__leaf_clk (net)
                      0.050558    0.000071    5.322335 ^ _269_/CLK (sky130_fd_sc_hd__dfrtp_1)
                                 -0.250000    5.072335   clock uncertainty
                                  0.000000    5.072335   clock reconvergence pessimism
                                  0.208002    5.280337   library recovery time
                                              5.280337   data required time
---------------------------------------------------------------------------------------------
                                              5.280337   data required time
                                             -1.573807   data arrival time
---------------------------------------------------------------------------------------------
                                              3.706530   slack (MET)


Startpoint: res_n (input port clocked by clk)
Endpoint: _299_ (recovery check against rising-edge clock clk)
Path Group: asynchronous
Path Type: max

Fanout         Cap        Slew       Delay        Time   Description
---------------------------------------------------------------------------------------------
                                  0.000000    0.000000   clock clk (rise edge)
                                  0.000000    0.000000   clock network delay (propagated)
                                  1.000000    1.000000 ^ input external delay
     1    0.002648    0.019761    0.009762    1.009762 ^ res_n (in)
                                                         res_n (net)
                      0.019761    0.000000    1.009762 ^ input23/A (sky130_fd_sc_hd__buf_1)
     3    0.010538    0.130719    0.133275    1.143036 ^ input23/X (sky130_fd_sc_hd__buf_1)
                                                         net23 (net)
                      0.130719    0.000022    1.143058 ^ fanout54/A (sky130_fd_sc_hd__clkbuf_2)
     5    0.022642    0.128536    0.195434    1.338493 ^ fanout54/X (sky130_fd_sc_hd__clkbuf_2)
                                                         net54 (net)
                      0.128536    0.000223    1.338716 ^ fanout53/A (sky130_fd_sc_hd__clkbuf_4)
    10    0.043388    0.137916    0.235066    1.573781 ^ fanout53/X (sky130_fd_sc_hd__clkbuf_4)
                                                         net53 (net)
                      0.137916    0.000175    1.573956 ^ _299_/RESET_B (sky130_fd_sc_hd__dfrtp_1)
                                              1.573956   data arrival time

                                  5.000000    5.000000   clock clk (rise edge)
                                  0.000000    5.000000   clock source latency
     1    0.011467    0.057956    0.038764    5.038764 ^ clk (in)
                                                         clk (net)
                      0.057957    0.000000    5.038764 ^ clkbuf_0_clk/A (sky130_fd_sc_hd__clkbuf_16)
     4    0.037315    0.057438    0.144765    5.183528 ^ clkbuf_0_clk/X (sky130_fd_sc_hd__clkbuf_16)
                                                         clknet_0_clk (net)
                      0.057438    0.000095    5.183624 ^ clkbuf_2_2__f_clk/A (sky130_fd_sc_hd__clkbuf_16)
    10    0.029850    0.050963    0.139009    5.322633 ^ clkbuf_2_2__f_clk/X (sky130_fd_sc_hd__clkbuf_16)
                                                         clknet_2_2__leaf_clk (net)
                      0.050963    0.000029    5.322662 ^ _299_/CLK (sky130_fd_sc_hd__dfrtp_1)
                                 -0.250000    5.072662   clock uncertainty
                                  0.000000    5.072662   clock reconvergence pessimism
                                  0.208128    5.280790   library recovery time
                                              5.280790   data required time
---------------------------------------------------------------------------------------------
                                              5.280790   data required time
                                             -1.573956   data arrival time
---------------------------------------------------------------------------------------------
                                              3.706834   slack (MET)


Startpoint: res_n (input port clocked by clk)
Endpoint: _288_ (recovery check against rising-edge clock clk)
Path Group: asynchronous
Path Type: max

Fanout         Cap        Slew       Delay        Time   Description
---------------------------------------------------------------------------------------------
                                  0.000000    0.000000   clock clk (rise edge)
                                  0.000000    0.000000   clock network delay (propagated)
                                  1.000000    1.000000 ^ input external delay
     1    0.002648    0.019761    0.009762    1.009762 ^ res_n (in)
                                                         res_n (net)
                      0.019761    0.000000    1.009762 ^ input23/A (sky130_fd_sc_hd__buf_1)
     3    0.010538    0.130719    0.133275    1.143036 ^ input23/X (sky130_fd_sc_hd__buf_1)
                                                         net23 (net)
                      0.130719    0.000022    1.143058 ^ fanout54/A (sky130_fd_sc_hd__clkbuf_2)
     5    0.022642    0.128536    0.195434    1.338493 ^ fanout54/X (sky130_fd_sc_hd__clkbuf_2)
                                                         net54 (net)
                      0.128536    0.000223    1.338716 ^ fanout53/A (sky130_fd_sc_hd__clkbuf_4)
    10    0.043388    0.137916    0.235066    1.573781 ^ fanout53/X (sky130_fd_sc_hd__clkbuf_4)
                                                         net53 (net)
                      0.137916    0.000196    1.573978 ^ _288_/RESET_B (sky130_fd_sc_hd__dfrtp_1)
                                              1.573978   data arrival time

                                  5.000000    5.000000   clock clk (rise edge)
                                  0.000000    5.000000   clock source latency
     1    0.011467    0.057956    0.038764    5.038764 ^ clk (in)
                                                         clk (net)
                      0.057957    0.000000    5.038764 ^ clkbuf_0_clk/A (sky130_fd_sc_hd__clkbuf_16)
     4    0.037315    0.057438    0.144765    5.183528 ^ clkbuf_0_clk/X (sky130_fd_sc_hd__clkbuf_16)
                                                         clknet_0_clk (net)
                      0.057438    0.000095    5.183624 ^ clkbuf_2_2__f_clk/A (sky130_fd_sc_hd__clkbuf_16)
    10    0.029850    0.050963    0.139009    5.322633 ^ clkbuf_2_2__f_clk/X (sky130_fd_sc_hd__clkbuf_16)
                                                         clknet_2_2__leaf_clk (net)
                      0.050963    0.000065    5.322699 ^ _288_/CLK (sky130_fd_sc_hd__dfrtp_1)
                                 -0.250000    5.072699   clock uncertainty
                                  0.000000    5.072699   clock reconvergence pessimism
                                  0.208128    5.280826   library recovery time
                                              5.280826   data required time
---------------------------------------------------------------------------------------------
                                              5.280826   data required time
                                             -1.573978   data arrival time
---------------------------------------------------------------------------------------------
                                              3.706849   slack (MET)


Startpoint: res_n (input port clocked by clk)
Endpoint: _285_ (recovery check against rising-edge clock clk)
Path Group: asynchronous
Path Type: max

Fanout         Cap        Slew       Delay        Time   Description
---------------------------------------------------------------------------------------------
                                  0.000000    0.000000   clock clk (rise edge)
                                  0.000000    0.000000   clock network delay (propagated)
                                  1.000000    1.000000 ^ input external delay
     1    0.002648    0.019761    0.009762    1.009762 ^ res_n (in)
                                                         res_n (net)
                      0.019761    0.000000    1.009762 ^ input23/A (sky130_fd_sc_hd__buf_1)
     3    0.010538    0.130719    0.133275    1.143036 ^ input23/X (sky130_fd_sc_hd__buf_1)
                                                         net23 (net)
                      0.130719    0.000022    1.143058 ^ fanout54/A (sky130_fd_sc_hd__clkbuf_2)
     5    0.022642    0.128536    0.195434    1.338493 ^ fanout54/X (sky130_fd_sc_hd__clkbuf_2)
                                                         net54 (net)
                      0.128536    0.000223    1.338716 ^ fanout53/A (sky130_fd_sc_hd__clkbuf_4)
    10    0.043388    0.137916    0.235066    1.573781 ^ fanout53/X (sky130_fd_sc_hd__clkbuf_4)
                                                         net53 (net)
                      0.137916    0.000158    1.573940 ^ _285_/RESET_B (sky130_fd_sc_hd__dfrtp_1)
                                              1.573940   data arrival time

                                  5.000000    5.000000   clock clk (rise edge)
                                  0.000000    5.000000   clock source latency
     1    0.011467    0.057956    0.038764    5.038764 ^ clk (in)
                                                         clk (net)
                      0.057957    0.000000    5.038764 ^ clkbuf_0_clk/A (sky130_fd_sc_hd__clkbuf_16)
     4    0.037315    0.057438    0.144765    5.183528 ^ clkbuf_0_clk/X (sky130_fd_sc_hd__clkbuf_16)
                                                         clknet_0_clk (net)
                      0.057438    0.000095    5.183624 ^ clkbuf_2_2__f_clk/A (sky130_fd_sc_hd__clkbuf_16)
    10    0.029850    0.050963    0.139009    5.322633 ^ clkbuf_2_2__f_clk/X (sky130_fd_sc_hd__clkbuf_16)
                                                         clknet_2_2__leaf_clk (net)
                      0.050963    0.000039    5.322672 ^ _285_/CLK (sky130_fd_sc_hd__dfrtp_1)
                                 -0.250000    5.072672   clock uncertainty
                                  0.000000    5.072672   clock reconvergence pessimism
                                  0.208128    5.280799   library recovery time
                                              5.280799   data required time
---------------------------------------------------------------------------------------------
                                              5.280799   data required time
                                             -1.573940   data arrival time
---------------------------------------------------------------------------------------------
                                              3.706860   slack (MET)


Startpoint: res_n (input port clocked by clk)
Endpoint: _287_ (recovery check against rising-edge clock clk)
Path Group: asynchronous
Path Type: max

Fanout         Cap        Slew       Delay        Time   Description
---------------------------------------------------------------------------------------------
                                  0.000000    0.000000   clock clk (rise edge)
                                  0.000000    0.000000   clock network delay (propagated)
                                  1.000000    1.000000 ^ input external delay
     1    0.002648    0.019761    0.009762    1.009762 ^ res_n (in)
                                                         res_n (net)
                      0.019761    0.000000    1.009762 ^ input23/A (sky130_fd_sc_hd__buf_1)
     3    0.010538    0.130719    0.133275    1.143036 ^ input23/X (sky130_fd_sc_hd__buf_1)
                                                         net23 (net)
                      0.130719    0.000022    1.143058 ^ fanout54/A (sky130_fd_sc_hd__clkbuf_2)
     5    0.022642    0.128536    0.195434    1.338493 ^ fanout54/X (sky130_fd_sc_hd__clkbuf_2)
                                                         net54 (net)
                      0.128536    0.000223    1.338716 ^ fanout53/A (sky130_fd_sc_hd__clkbuf_4)
    10    0.043388    0.137916    0.235066    1.573781 ^ fanout53/X (sky130_fd_sc_hd__clkbuf_4)
                                                         net53 (net)
                      0.137916    0.000192    1.573973 ^ _287_/RESET_B (sky130_fd_sc_hd__dfrtp_1)
                                              1.573973   data arrival time

                                  5.000000    5.000000   clock clk (rise edge)
                                  0.000000    5.000000   clock source latency
     1    0.011467    0.057956    0.038764    5.038764 ^ clk (in)
                                                         clk (net)
                      0.057957    0.000000    5.038764 ^ clkbuf_0_clk/A (sky130_fd_sc_hd__clkbuf_16)
     4    0.037315    0.057438    0.144765    5.183528 ^ clkbuf_0_clk/X (sky130_fd_sc_hd__clkbuf_16)
                                                         clknet_0_clk (net)
                      0.057438    0.000095    5.183624 ^ clkbuf_2_2__f_clk/A (sky130_fd_sc_hd__clkbuf_16)
    10    0.029850    0.050963    0.139009    5.322633 ^ clkbuf_2_2__f_clk/X (sky130_fd_sc_hd__clkbuf_16)
                                                         clknet_2_2__leaf_clk (net)
                      0.050963    0.000133    5.322766 ^ _287_/CLK (sky130_fd_sc_hd__dfrtp_1)
                                 -0.250000    5.072766   clock uncertainty
                                  0.000000    5.072766   clock reconvergence pessimism
                                  0.208128    5.280894   library recovery time
                                              5.280894   data required time
---------------------------------------------------------------------------------------------
                                              5.280894   data required time
                                             -1.573973   data arrival time
---------------------------------------------------------------------------------------------
                                              3.706921   slack (MET)


Startpoint: res_n (input port clocked by clk)
Endpoint: _289_ (recovery check against rising-edge clock clk)
Path Group: asynchronous
Path Type: max

Fanout         Cap        Slew       Delay        Time   Description
---------------------------------------------------------------------------------------------
                                  0.000000    0.000000   clock clk (rise edge)
                                  0.000000    0.000000   clock network delay (propagated)
                                  1.000000    1.000000 ^ input external delay
     1    0.002648    0.019761    0.009762    1.009762 ^ res_n (in)
                                                         res_n (net)
                      0.019761    0.000000    1.009762 ^ input23/A (sky130_fd_sc_hd__buf_1)
     3    0.010538    0.130719    0.133275    1.143036 ^ input23/X (sky130_fd_sc_hd__buf_1)
                                                         net23 (net)
                      0.130719    0.000022    1.143058 ^ fanout54/A (sky130_fd_sc_hd__clkbuf_2)
     5    0.022642    0.128536    0.195434    1.338493 ^ fanout54/X (sky130_fd_sc_hd__clkbuf_2)
                                                         net54 (net)
                      0.128536    0.000223    1.338716 ^ fanout53/A (sky130_fd_sc_hd__clkbuf_4)
    10    0.043388    0.137916    0.235066    1.573781 ^ fanout53/X (sky130_fd_sc_hd__clkbuf_4)
                                                         net53 (net)
                      0.137916    0.000183    1.573964 ^ _289_/RESET_B (sky130_fd_sc_hd__dfrtp_1)
                                              1.573964   data arrival time

                                  5.000000    5.000000   clock clk (rise edge)
                                  0.000000    5.000000   clock source latency
     1    0.011467    0.057956    0.038764    5.038764 ^ clk (in)
                                                         clk (net)
                      0.057957    0.000000    5.038764 ^ clkbuf_0_clk/A (sky130_fd_sc_hd__clkbuf_16)
     4    0.037315    0.057438    0.144765    5.183528 ^ clkbuf_0_clk/X (sky130_fd_sc_hd__clkbuf_16)
                                                         clknet_0_clk (net)
                      0.057438    0.000095    5.183624 ^ clkbuf_2_2__f_clk/A (sky130_fd_sc_hd__clkbuf_16)
    10    0.029850    0.050963    0.139009    5.322633 ^ clkbuf_2_2__f_clk/X (sky130_fd_sc_hd__clkbuf_16)
                                                         clknet_2_2__leaf_clk (net)
                      0.050963    0.000135    5.322768 ^ _289_/CLK (sky130_fd_sc_hd__dfrtp_1)
                                 -0.250000    5.072768   clock uncertainty
                                  0.000000    5.072768   clock reconvergence pessimism
                                  0.208128    5.280896   library recovery time
                                              5.280896   data required time
---------------------------------------------------------------------------------------------
                                              5.280896   data required time
                                             -1.573964   data arrival time
---------------------------------------------------------------------------------------------
                                              3.706932   slack (MET)


Startpoint: res_n (input port clocked by clk)
Endpoint: _263_ (recovery check against rising-edge clock clk)
Path Group: asynchronous
Path Type: max

Fanout         Cap        Slew       Delay        Time   Description
---------------------------------------------------------------------------------------------
                                  0.000000    0.000000   clock clk (rise edge)
                                  0.000000    0.000000   clock network delay (propagated)
                                  1.000000    1.000000 ^ input external delay
     1    0.002648    0.019761    0.009762    1.009762 ^ res_n (in)
                                                         res_n (net)
                      0.019761    0.000000    1.009762 ^ input23/A (sky130_fd_sc_hd__buf_1)
     3    0.010538    0.130719    0.133275    1.143036 ^ input23/X (sky130_fd_sc_hd__buf_1)
                                                         net23 (net)
                      0.130719    0.000022    1.143058 ^ fanout54/A (sky130_fd_sc_hd__clkbuf_2)
     5    0.022642    0.128536    0.195434    1.338493 ^ fanout54/X (sky130_fd_sc_hd__clkbuf_2)
                                                         net54 (net)
                      0.128536    0.000223    1.338716 ^ fanout53/A (sky130_fd_sc_hd__clkbuf_4)
    10    0.043388    0.137916    0.235066    1.573781 ^ fanout53/X (sky130_fd_sc_hd__clkbuf_4)
                                                         net53 (net)
                      0.137916    0.000104    1.573885 ^ _263_/RESET_B (sky130_fd_sc_hd__dfrtp_1)
                                              1.573885   data arrival time

                                  5.000000    5.000000   clock clk (rise edge)
                                  0.000000    5.000000   clock source latency
     1    0.011467    0.057956    0.038764    5.038764 ^ clk (in)
                                                         clk (net)
                      0.057957    0.000000    5.038764 ^ clkbuf_0_clk/A (sky130_fd_sc_hd__clkbuf_16)
     4    0.037315    0.057438    0.144765    5.183528 ^ clkbuf_0_clk/X (sky130_fd_sc_hd__clkbuf_16)
                                                         clknet_0_clk (net)
                      0.057438    0.000095    5.183624 ^ clkbuf_2_2__f_clk/A (sky130_fd_sc_hd__clkbuf_16)
    10    0.029850    0.050963    0.139009    5.322633 ^ clkbuf_2_2__f_clk/X (sky130_fd_sc_hd__clkbuf_16)
                                                         clknet_2_2__leaf_clk (net)
                      0.050963    0.000091    5.322724 ^ _263_/CLK (sky130_fd_sc_hd__dfrtp_1)
                                 -0.250000    5.072724   clock uncertainty
                                  0.000000    5.072724   clock reconvergence pessimism
                                  0.208128    5.280852   library recovery time
                                              5.280852   data required time
---------------------------------------------------------------------------------------------
                                              5.280852   data required time
                                             -1.573885   data arrival time
---------------------------------------------------------------------------------------------
                                              3.706967   slack (MET)


Startpoint: res_n (input port clocked by clk)
Endpoint: _290_ (recovery check against rising-edge clock clk)
Path Group: asynchronous
Path Type: max

Fanout         Cap        Slew       Delay        Time   Description
---------------------------------------------------------------------------------------------
                                  0.000000    0.000000   clock clk (rise edge)
                                  0.000000    0.000000   clock network delay (propagated)
                                  1.000000    1.000000 ^ input external delay
     1    0.002648    0.019761    0.009762    1.009762 ^ res_n (in)
                                                         res_n (net)
                      0.019761    0.000000    1.009762 ^ input23/A (sky130_fd_sc_hd__buf_1)
     3    0.010538    0.130719    0.133275    1.143036 ^ input23/X (sky130_fd_sc_hd__buf_1)
                                                         net23 (net)
                      0.130719    0.000022    1.143058 ^ fanout54/A (sky130_fd_sc_hd__clkbuf_2)
     5    0.022642    0.128536    0.195434    1.338493 ^ fanout54/X (sky130_fd_sc_hd__clkbuf_2)
                                                         net54 (net)
                      0.128536    0.000223    1.338716 ^ fanout53/A (sky130_fd_sc_hd__clkbuf_4)
    10    0.043388    0.137916    0.235066    1.573781 ^ fanout53/X (sky130_fd_sc_hd__clkbuf_4)
                                                         net53 (net)
                      0.137916    0.000154    1.573935 ^ _290_/RESET_B (sky130_fd_sc_hd__dfrtp_1)
                                              1.573935   data arrival time

                                  5.000000    5.000000   clock clk (rise edge)
                                  0.000000    5.000000   clock source latency
     1    0.011467    0.057956    0.038764    5.038764 ^ clk (in)
                                                         clk (net)
                      0.057957    0.000000    5.038764 ^ clkbuf_0_clk/A (sky130_fd_sc_hd__clkbuf_16)
     4    0.037315    0.057438    0.144765    5.183528 ^ clkbuf_0_clk/X (sky130_fd_sc_hd__clkbuf_16)
                                                         clknet_0_clk (net)
                      0.057438    0.000095    5.183624 ^ clkbuf_2_2__f_clk/A (sky130_fd_sc_hd__clkbuf_16)
    10    0.029850    0.050963    0.139009    5.322633 ^ clkbuf_2_2__f_clk/X (sky130_fd_sc_hd__clkbuf_16)
                                                         clknet_2_2__leaf_clk (net)
                      0.050963    0.000146    5.322779 ^ _290_/CLK (sky130_fd_sc_hd__dfrtp_1)
                                 -0.250000    5.072779   clock uncertainty
                                  0.000000    5.072779   clock reconvergence pessimism
                                  0.208128    5.280907   library recovery time
                                              5.280907   data required time
---------------------------------------------------------------------------------------------
                                              5.280907   data required time
                                             -1.573935   data arrival time
---------------------------------------------------------------------------------------------
                                              3.706971   slack (MET)


Startpoint: res_n (input port clocked by clk)
Endpoint: _264_ (recovery check against rising-edge clock clk)
Path Group: asynchronous
Path Type: max

Fanout         Cap        Slew       Delay        Time   Description
---------------------------------------------------------------------------------------------
                                  0.000000    0.000000   clock clk (rise edge)
                                  0.000000    0.000000   clock network delay (propagated)
                                  1.000000    1.000000 ^ input external delay
     1    0.002648    0.019761    0.009762    1.009762 ^ res_n (in)
                                                         res_n (net)
                      0.019761    0.000000    1.009762 ^ input23/A (sky130_fd_sc_hd__buf_1)
     3    0.010538    0.130719    0.133275    1.143036 ^ input23/X (sky130_fd_sc_hd__buf_1)
                                                         net23 (net)
                      0.130719    0.000022    1.143058 ^ fanout54/A (sky130_fd_sc_hd__clkbuf_2)
     5    0.022642    0.128536    0.195434    1.338493 ^ fanout54/X (sky130_fd_sc_hd__clkbuf_2)
                                                         net54 (net)
                      0.128536    0.000223    1.338716 ^ fanout53/A (sky130_fd_sc_hd__clkbuf_4)
    10    0.043388    0.137916    0.235066    1.573781 ^ fanout53/X (sky130_fd_sc_hd__clkbuf_4)
                                                         net53 (net)
                      0.137916    0.000057    1.573838 ^ _264_/RESET_B (sky130_fd_sc_hd__dfrtp_1)
                                              1.573838   data arrival time

                                  5.000000    5.000000   clock clk (rise edge)
                                  0.000000    5.000000   clock source latency
     1    0.011467    0.057956    0.038764    5.038764 ^ clk (in)
                                                         clk (net)
                      0.057957    0.000000    5.038764 ^ clkbuf_0_clk/A (sky130_fd_sc_hd__clkbuf_16)
     4    0.037315    0.057438    0.144765    5.183528 ^ clkbuf_0_clk/X (sky130_fd_sc_hd__clkbuf_16)
                                                         clknet_0_clk (net)
                      0.057438    0.000095    5.183624 ^ clkbuf_2_2__f_clk/A (sky130_fd_sc_hd__clkbuf_16)
    10    0.029850    0.050963    0.139009    5.322633 ^ clkbuf_2_2__f_clk/X (sky130_fd_sc_hd__clkbuf_16)
                                                         clknet_2_2__leaf_clk (net)
                      0.050963    0.000083    5.322716 ^ _264_/CLK (sky130_fd_sc_hd__dfrtp_1)
                                 -0.250000    5.072716   clock uncertainty
                                  0.000000    5.072716   clock reconvergence pessimism
                                  0.208128    5.280843   library recovery time
                                              5.280843   data required time
---------------------------------------------------------------------------------------------
                                              5.280843   data required time
                                             -1.573838   data arrival time
---------------------------------------------------------------------------------------------
                                              3.707006   slack (MET)


Startpoint: res_n (input port clocked by clk)
Endpoint: _277_ (recovery check against rising-edge clock clk)
Path Group: asynchronous
Path Type: max

Fanout         Cap        Slew       Delay        Time   Description
---------------------------------------------------------------------------------------------
                                  0.000000    0.000000   clock clk (rise edge)
                                  0.000000    0.000000   clock network delay (propagated)
                                  1.000000    1.000000 ^ input external delay
     1    0.002648    0.019761    0.009762    1.009762 ^ res_n (in)
                                                         res_n (net)
                      0.019761    0.000000    1.009762 ^ input23/A (sky130_fd_sc_hd__buf_1)
     3    0.010538    0.130719    0.133275    1.143036 ^ input23/X (sky130_fd_sc_hd__buf_1)
                                                         net23 (net)
                      0.130719    0.000022    1.143058 ^ fanout54/A (sky130_fd_sc_hd__clkbuf_2)
     5    0.022642    0.128536    0.195434    1.338493 ^ fanout54/X (sky130_fd_sc_hd__clkbuf_2)
                                                         net54 (net)
                      0.128536    0.000223    1.338716 ^ fanout53/A (sky130_fd_sc_hd__clkbuf_4)
    10    0.043388    0.137916    0.235066    1.573781 ^ fanout53/X (sky130_fd_sc_hd__clkbuf_4)
                                                         net53 (net)
                      0.137916    0.000047    1.573828 ^ _277_/RESET_B (sky130_fd_sc_hd__dfrtp_1)
                                              1.573828   data arrival time

                                  5.000000    5.000000   clock clk (rise edge)
                                  0.000000    5.000000   clock source latency
     1    0.011467    0.057956    0.038764    5.038764 ^ clk (in)
                                                         clk (net)
                      0.057957    0.000000    5.038764 ^ clkbuf_0_clk/A (sky130_fd_sc_hd__clkbuf_16)
     4    0.037315    0.057438    0.144765    5.183528 ^ clkbuf_0_clk/X (sky130_fd_sc_hd__clkbuf_16)
                                                         clknet_0_clk (net)
                      0.057438    0.000095    5.183624 ^ clkbuf_2_2__f_clk/A (sky130_fd_sc_hd__clkbuf_16)
    10    0.029850    0.050963    0.139009    5.322633 ^ clkbuf_2_2__f_clk/X (sky130_fd_sc_hd__clkbuf_16)
                                                         clknet_2_2__leaf_clk (net)
                      0.050963    0.000145    5.322778 ^ _277_/CLK (sky130_fd_sc_hd__dfrtp_1)
                                 -0.250000    5.072778   clock uncertainty
                                  0.000000    5.072778   clock reconvergence pessimism
                                  0.208128    5.280906   library recovery time
                                              5.280906   data required time
---------------------------------------------------------------------------------------------
                                              5.280906   data required time
                                             -1.573828   data arrival time
---------------------------------------------------------------------------------------------
                                              3.707078   slack (MET)


Startpoint: res_n (input port clocked by clk)
Endpoint: _283_ (recovery check against rising-edge clock clk)
Path Group: asynchronous
Path Type: max

Fanout         Cap        Slew       Delay        Time   Description
---------------------------------------------------------------------------------------------
                                  0.000000    0.000000   clock clk (rise edge)
                                  0.000000    0.000000   clock network delay (propagated)
                                  1.000000    1.000000 ^ input external delay
     1    0.002648    0.019761    0.009762    1.009762 ^ res_n (in)
                                                         res_n (net)
                      0.019761    0.000000    1.009762 ^ input23/A (sky130_fd_sc_hd__buf_1)
     3    0.010538    0.130719    0.133275    1.143036 ^ input23/X (sky130_fd_sc_hd__buf_1)
                                                         net23 (net)
                      0.130719    0.000022    1.143058 ^ fanout54/A (sky130_fd_sc_hd__clkbuf_2)
     5    0.022642    0.128536    0.195434    1.338493 ^ fanout54/X (sky130_fd_sc_hd__clkbuf_2)
                                                         net54 (net)
                      0.128536    0.000028    1.338521 ^ fanout52/A (sky130_fd_sc_hd__clkbuf_4)
    10    0.044861    0.142106    0.237889    1.576410 ^ fanout52/X (sky130_fd_sc_hd__clkbuf_4)
                                                         net52 (net)
                      0.142106    0.000629    1.577039 ^ _283_/RESET_B (sky130_fd_sc_hd__dfrtp_1)
                                              1.577039   data arrival time

                                  5.000000    5.000000   clock clk (rise edge)
                                  0.000000    5.000000   clock source latency
     1    0.011467    0.057956    0.038764    5.038764 ^ clk (in)
                                                         clk (net)
                      0.057957    0.000000    5.038764 ^ clkbuf_0_clk/A (sky130_fd_sc_hd__clkbuf_16)
     4    0.037315    0.057438    0.144765    5.183528 ^ clkbuf_0_clk/X (sky130_fd_sc_hd__clkbuf_16)
                                                         clknet_0_clk (net)
                      0.057438    0.000171    5.183700 ^ clkbuf_2_0__f_clk/A (sky130_fd_sc_hd__clkbuf_16)
    13    0.034127    0.054652    0.142187    5.325887 ^ clkbuf_2_0__f_clk/X (sky130_fd_sc_hd__clkbuf_16)
                                                         clknet_2_0__leaf_clk (net)
                      0.054653    0.000193    5.326080 ^ _283_/CLK (sky130_fd_sc_hd__dfrtp_1)
                                 -0.250000    5.076080   clock uncertainty
                                  0.000000    5.076080   clock reconvergence pessimism
                                  0.208190    5.284270   library recovery time
                                              5.284270   data required time
---------------------------------------------------------------------------------------------
                                              5.284270   data required time
                                             -1.577039   data arrival time
---------------------------------------------------------------------------------------------
                                              3.707231   slack (MET)


Startpoint: res_n (input port clocked by clk)
Endpoint: _280_ (recovery check against rising-edge clock clk)
Path Group: asynchronous
Path Type: max

Fanout         Cap        Slew       Delay        Time   Description
---------------------------------------------------------------------------------------------
                                  0.000000    0.000000   clock clk (rise edge)
                                  0.000000    0.000000   clock network delay (propagated)
                                  1.000000    1.000000 ^ input external delay
     1    0.002648    0.019761    0.009762    1.009762 ^ res_n (in)
                                                         res_n (net)
                      0.019761    0.000000    1.009762 ^ input23/A (sky130_fd_sc_hd__buf_1)
     3    0.010538    0.130719    0.133275    1.143036 ^ input23/X (sky130_fd_sc_hd__buf_1)
                                                         net23 (net)
                      0.130719    0.000022    1.143058 ^ fanout54/A (sky130_fd_sc_hd__clkbuf_2)
     5    0.022642    0.128536    0.195434    1.338493 ^ fanout54/X (sky130_fd_sc_hd__clkbuf_2)
                                                         net54 (net)
                      0.128536    0.000028    1.338521 ^ fanout52/A (sky130_fd_sc_hd__clkbuf_4)
    10    0.044861    0.142106    0.237889    1.576410 ^ fanout52/X (sky130_fd_sc_hd__clkbuf_4)
                                                         net52 (net)
                      0.142106    0.000614    1.577024 ^ _280_/RESET_B (sky130_fd_sc_hd__dfrtp_1)
                                              1.577024   data arrival time

                                  5.000000    5.000000   clock clk (rise edge)
                                  0.000000    5.000000   clock source latency
     1    0.011467    0.057956    0.038764    5.038764 ^ clk (in)
                                                         clk (net)
                      0.057957    0.000000    5.038764 ^ clkbuf_0_clk/A (sky130_fd_sc_hd__clkbuf_16)
     4    0.037315    0.057438    0.144765    5.183528 ^ clkbuf_0_clk/X (sky130_fd_sc_hd__clkbuf_16)
                                                         clknet_0_clk (net)
                      0.057438    0.000171    5.183700 ^ clkbuf_2_0__f_clk/A (sky130_fd_sc_hd__clkbuf_16)
    13    0.034127    0.054652    0.142187    5.325887 ^ clkbuf_2_0__f_clk/X (sky130_fd_sc_hd__clkbuf_16)
                                                         clknet_2_0__leaf_clk (net)
                      0.054653    0.000183    5.326070 ^ _280_/CLK (sky130_fd_sc_hd__dfrtp_1)
                                 -0.250000    5.076070   clock uncertainty
                                  0.000000    5.076070   clock reconvergence pessimism
                                  0.208190    5.284260   library recovery time
                                              5.284260   data required time
---------------------------------------------------------------------------------------------
                                              5.284260   data required time
                                             -1.577024   data arrival time
---------------------------------------------------------------------------------------------
                                              3.707236   slack (MET)


Startpoint: res_n (input port clocked by clk)
Endpoint: _276_ (recovery check against rising-edge clock clk)
Path Group: asynchronous
Path Type: max

Fanout         Cap        Slew       Delay        Time   Description
---------------------------------------------------------------------------------------------
                                  0.000000    0.000000   clock clk (rise edge)
                                  0.000000    0.000000   clock network delay (propagated)
                                  1.000000    1.000000 ^ input external delay
     1    0.002648    0.019761    0.009762    1.009762 ^ res_n (in)
                                                         res_n (net)
                      0.019761    0.000000    1.009762 ^ input23/A (sky130_fd_sc_hd__buf_1)
     3    0.010538    0.130719    0.133275    1.143036 ^ input23/X (sky130_fd_sc_hd__buf_1)
                                                         net23 (net)
                      0.130719    0.000022    1.143058 ^ fanout54/A (sky130_fd_sc_hd__clkbuf_2)
     5    0.022642    0.128536    0.195434    1.338493 ^ fanout54/X (sky130_fd_sc_hd__clkbuf_2)
                                                         net54 (net)
                      0.128536    0.000028    1.338521 ^ fanout52/A (sky130_fd_sc_hd__clkbuf_4)
    10    0.044861    0.142106    0.237889    1.576410 ^ fanout52/X (sky130_fd_sc_hd__clkbuf_4)
                                                         net52 (net)
                      0.142106    0.000611    1.577020 ^ _276_/RESET_B (sky130_fd_sc_hd__dfrtp_1)
                                              1.577020   data arrival time

                                  5.000000    5.000000   clock clk (rise edge)
                                  0.000000    5.000000   clock source latency
     1    0.011467    0.057956    0.038764    5.038764 ^ clk (in)
                                                         clk (net)
                      0.057957    0.000000    5.038764 ^ clkbuf_0_clk/A (sky130_fd_sc_hd__clkbuf_16)
     4    0.037315    0.057438    0.144765    5.183528 ^ clkbuf_0_clk/X (sky130_fd_sc_hd__clkbuf_16)
                                                         clknet_0_clk (net)
                      0.057438    0.000171    5.183700 ^ clkbuf_2_0__f_clk/A (sky130_fd_sc_hd__clkbuf_16)
    13    0.034127    0.054652    0.142187    5.325887 ^ clkbuf_2_0__f_clk/X (sky130_fd_sc_hd__clkbuf_16)
                                                         clknet_2_0__leaf_clk (net)
                      0.054653    0.000189    5.326076 ^ _276_/CLK (sky130_fd_sc_hd__dfrtp_1)
                                 -0.250000    5.076076   clock uncertainty
                                  0.000000    5.076076   clock reconvergence pessimism
                                  0.208190    5.284266   library recovery time
                                              5.284266   data required time
---------------------------------------------------------------------------------------------
                                              5.284266   data required time
                                             -1.577020   data arrival time
---------------------------------------------------------------------------------------------
                                              3.707245   slack (MET)


Startpoint: res_n (input port clocked by clk)
Endpoint: _282_ (recovery check against rising-edge clock clk)
Path Group: asynchronous
Path Type: max

Fanout         Cap        Slew       Delay        Time   Description
---------------------------------------------------------------------------------------------
                                  0.000000    0.000000   clock clk (rise edge)
                                  0.000000    0.000000   clock network delay (propagated)
                                  1.000000    1.000000 ^ input external delay
     1    0.002648    0.019761    0.009762    1.009762 ^ res_n (in)
                                                         res_n (net)
                      0.019761    0.000000    1.009762 ^ input23/A (sky130_fd_sc_hd__buf_1)
     3    0.010538    0.130719    0.133275    1.143036 ^ input23/X (sky130_fd_sc_hd__buf_1)
                                                         net23 (net)
                      0.130719    0.000022    1.143058 ^ fanout54/A (sky130_fd_sc_hd__clkbuf_2)
     5    0.022642    0.128536    0.195434    1.338493 ^ fanout54/X (sky130_fd_sc_hd__clkbuf_2)
                                                         net54 (net)
                      0.128536    0.000028    1.338521 ^ fanout52/A (sky130_fd_sc_hd__clkbuf_4)
    10    0.044861    0.142106    0.237889    1.576410 ^ fanout52/X (sky130_fd_sc_hd__clkbuf_4)
                                                         net52 (net)
                      0.142106    0.000627    1.577037 ^ _282_/RESET_B (sky130_fd_sc_hd__dfrtp_1)
                                              1.577037   data arrival time

                                  5.000000    5.000000   clock clk (rise edge)
                                  0.000000    5.000000   clock source latency
     1    0.011467    0.057956    0.038764    5.038764 ^ clk (in)
                                                         clk (net)
                      0.057957    0.000000    5.038764 ^ clkbuf_0_clk/A (sky130_fd_sc_hd__clkbuf_16)
     4    0.037315    0.057438    0.144765    5.183528 ^ clkbuf_0_clk/X (sky130_fd_sc_hd__clkbuf_16)
                                                         clknet_0_clk (net)
                      0.057438    0.000171    5.183700 ^ clkbuf_2_0__f_clk/A (sky130_fd_sc_hd__clkbuf_16)
    13    0.034127    0.054652    0.142187    5.325887 ^ clkbuf_2_0__f_clk/X (sky130_fd_sc_hd__clkbuf_16)
                                                         clknet_2_0__leaf_clk (net)
                      0.054653    0.000202    5.326089 ^ _282_/CLK (sky130_fd_sc_hd__dfrtp_1)
                                 -0.250000    5.076089   clock uncertainty
                                  0.000000    5.076089   clock reconvergence pessimism
                                  0.208190    5.284278   library recovery time
                                              5.284278   data required time
---------------------------------------------------------------------------------------------
                                              5.284278   data required time
                                             -1.577037   data arrival time
---------------------------------------------------------------------------------------------
                                              3.707242   slack (MET)


Startpoint: res_n (input port clocked by clk)
Endpoint: _278_ (recovery check against rising-edge clock clk)
Path Group: asynchronous
Path Type: max

Fanout         Cap        Slew       Delay        Time   Description
---------------------------------------------------------------------------------------------
                                  0.000000    0.000000   clock clk (rise edge)
                                  0.000000    0.000000   clock network delay (propagated)
                                  1.000000    1.000000 ^ input external delay
     1    0.002648    0.019761    0.009762    1.009762 ^ res_n (in)
                                                         res_n (net)
                      0.019761    0.000000    1.009762 ^ input23/A (sky130_fd_sc_hd__buf_1)
     3    0.010538    0.130719    0.133275    1.143036 ^ input23/X (sky130_fd_sc_hd__buf_1)
                                                         net23 (net)
                      0.130719    0.000022    1.143058 ^ fanout54/A (sky130_fd_sc_hd__clkbuf_2)
     5    0.022642    0.128536    0.195434    1.338493 ^ fanout54/X (sky130_fd_sc_hd__clkbuf_2)
                                                         net54 (net)
                      0.128536    0.000028    1.338521 ^ fanout52/A (sky130_fd_sc_hd__clkbuf_4)
    10    0.044861    0.142106    0.237889    1.576410 ^ fanout52/X (sky130_fd_sc_hd__clkbuf_4)
                                                         net52 (net)
                      0.142106    0.000413    1.576823 ^ _278_/RESET_B (sky130_fd_sc_hd__dfrtp_1)
                                              1.576823   data arrival time

                                  5.000000    5.000000   clock clk (rise edge)
                                  0.000000    5.000000   clock source latency
     1    0.011467    0.057956    0.038764    5.038764 ^ clk (in)
                                                         clk (net)
                      0.057957    0.000000    5.038764 ^ clkbuf_0_clk/A (sky130_fd_sc_hd__clkbuf_16)
     4    0.037315    0.057438    0.144765    5.183528 ^ clkbuf_0_clk/X (sky130_fd_sc_hd__clkbuf_16)
                                                         clknet_0_clk (net)
                      0.057438    0.000171    5.183700 ^ clkbuf_2_0__f_clk/A (sky130_fd_sc_hd__clkbuf_16)
    13    0.034127    0.054652    0.142187    5.325887 ^ clkbuf_2_0__f_clk/X (sky130_fd_sc_hd__clkbuf_16)
                                                         clknet_2_0__leaf_clk (net)
                      0.054652    0.000111    5.325998 ^ _278_/CLK (sky130_fd_sc_hd__dfrtp_1)
                                 -0.250000    5.075998   clock uncertainty
                                  0.000000    5.075998   clock reconvergence pessimism
                                  0.208190    5.284187   library recovery time
                                              5.284187   data required time
---------------------------------------------------------------------------------------------
                                              5.284187   data required time
                                             -1.576823   data arrival time
---------------------------------------------------------------------------------------------
                                              3.707365   slack (MET)


Startpoint: res_n (input port clocked by clk)
Endpoint: _267_ (recovery check against rising-edge clock clk)
Path Group: asynchronous
Path Type: max

Fanout         Cap        Slew       Delay        Time   Description
---------------------------------------------------------------------------------------------
                                  0.000000    0.000000   clock clk (rise edge)
                                  0.000000    0.000000   clock network delay (propagated)
                                  1.000000    1.000000 ^ input external delay
     1    0.002648    0.019761    0.009762    1.009762 ^ res_n (in)
                                                         res_n (net)
                      0.019761    0.000000    1.009762 ^ input23/A (sky130_fd_sc_hd__buf_1)
     3    0.010538    0.130719    0.133275    1.143036 ^ input23/X (sky130_fd_sc_hd__buf_1)
                                                         net23 (net)
                      0.130719    0.000022    1.143058 ^ fanout54/A (sky130_fd_sc_hd__clkbuf_2)
     5    0.022642    0.128536    0.195434    1.338493 ^ fanout54/X (sky130_fd_sc_hd__clkbuf_2)
                                                         net54 (net)
                      0.128536    0.000028    1.338521 ^ fanout52/A (sky130_fd_sc_hd__clkbuf_4)
    10    0.044861    0.142106    0.237889    1.576410 ^ fanout52/X (sky130_fd_sc_hd__clkbuf_4)
                                                         net52 (net)
                      0.142106    0.000306    1.576716 ^ _267_/RESET_B (sky130_fd_sc_hd__dfrtp_1)
                                              1.576716   data arrival time

                                  5.000000    5.000000   clock clk (rise edge)
                                  0.000000    5.000000   clock source latency
     1    0.011467    0.057956    0.038764    5.038764 ^ clk (in)
                                                         clk (net)
                      0.057957    0.000000    5.038764 ^ clkbuf_0_clk/A (sky130_fd_sc_hd__clkbuf_16)
     4    0.037315    0.057438    0.144765    5.183528 ^ clkbuf_0_clk/X (sky130_fd_sc_hd__clkbuf_16)
                                                         clknet_0_clk (net)
                      0.057438    0.000171    5.183700 ^ clkbuf_2_0__f_clk/A (sky130_fd_sc_hd__clkbuf_16)
    13    0.034127    0.054652    0.142187    5.325887 ^ clkbuf_2_0__f_clk/X (sky130_fd_sc_hd__clkbuf_16)
                                                         clknet_2_0__leaf_clk (net)
                      0.054652    0.000075    5.325962 ^ _267_/CLK (sky130_fd_sc_hd__dfrtp_1)
                                 -0.250000    5.075962   clock uncertainty
                                  0.000000    5.075962   clock reconvergence pessimism
                                  0.208190    5.284152   library recovery time
                                              5.284152   data required time
---------------------------------------------------------------------------------------------
                                              5.284152   data required time
                                             -1.576716   data arrival time
---------------------------------------------------------------------------------------------
                                              3.707435   slack (MET)


Startpoint: res_n (input port clocked by clk)
Endpoint: _279_ (recovery check against rising-edge clock clk)
Path Group: asynchronous
Path Type: max

Fanout         Cap        Slew       Delay        Time   Description
---------------------------------------------------------------------------------------------
                                  0.000000    0.000000   clock clk (rise edge)
                                  0.000000    0.000000   clock network delay (propagated)
                                  1.000000    1.000000 ^ input external delay
     1    0.002648    0.019761    0.009762    1.009762 ^ res_n (in)
                                                         res_n (net)
                      0.019761    0.000000    1.009762 ^ input23/A (sky130_fd_sc_hd__buf_1)
     3    0.010538    0.130719    0.133275    1.143036 ^ input23/X (sky130_fd_sc_hd__buf_1)
                                                         net23 (net)
                      0.130719    0.000022    1.143058 ^ fanout54/A (sky130_fd_sc_hd__clkbuf_2)
     5    0.022642    0.128536    0.195434    1.338493 ^ fanout54/X (sky130_fd_sc_hd__clkbuf_2)
                                                         net54 (net)
                      0.128536    0.000028    1.338521 ^ fanout52/A (sky130_fd_sc_hd__clkbuf_4)
    10    0.044861    0.142106    0.237889    1.576410 ^ fanout52/X (sky130_fd_sc_hd__clkbuf_4)
                                                         net52 (net)
                      0.142106    0.000440    1.576850 ^ _279_/RESET_B (sky130_fd_sc_hd__dfrtp_1)
                                              1.576850   data arrival time

                                  5.000000    5.000000   clock clk (rise edge)
                                  0.000000    5.000000   clock source latency
     1    0.011467    0.057956    0.038764    5.038764 ^ clk (in)
                                                         clk (net)
                      0.057957    0.000000    5.038764 ^ clkbuf_0_clk/A (sky130_fd_sc_hd__clkbuf_16)
     4    0.037315    0.057438    0.144765    5.183528 ^ clkbuf_0_clk/X (sky130_fd_sc_hd__clkbuf_16)
                                                         clknet_0_clk (net)
                      0.057438    0.000171    5.183700 ^ clkbuf_2_0__f_clk/A (sky130_fd_sc_hd__clkbuf_16)
    13    0.034127    0.054652    0.142187    5.325887 ^ clkbuf_2_0__f_clk/X (sky130_fd_sc_hd__clkbuf_16)
                                                         clknet_2_0__leaf_clk (net)
                      0.054653    0.000206    5.326093 ^ _279_/CLK (sky130_fd_sc_hd__dfrtp_1)
                                 -0.250000    5.076093   clock uncertainty
                                  0.000000    5.076093   clock reconvergence pessimism
                                  0.208190    5.284283   library recovery time
                                              5.284283   data required time
---------------------------------------------------------------------------------------------
                                              5.284283   data required time
                                             -1.576850   data arrival time
---------------------------------------------------------------------------------------------
                                              3.707433   slack (MET)


Startpoint: awvalid (input port clocked by clk)
Endpoint: _284_ (rising edge-triggered flip-flop clocked by clk)
Path Group: clk
Path Type: max

Fanout         Cap        Slew       Delay        Time   Description
---------------------------------------------------------------------------------------------
                                  0.000000    0.000000   clock clk (rise edge)
                                  0.000000    0.000000   clock network delay (propagated)
                                  1.000000    1.000000 v input external delay
     1    0.003050    0.009211    0.004837    1.004837 v awvalid (in)
                                                         awvalid (net)
                      0.009211    0.000000    1.004837 v input21/A (sky130_fd_sc_hd__clkbuf_1)
     1    0.003232    0.028692    0.074776    1.079614 v input21/X (sky130_fd_sc_hd__clkbuf_1)
                                                         net21 (net)
                      0.028692    0.000023    1.079636 v _284_/D (sky130_fd_sc_hd__dfrtp_1)
                                              1.079636   data arrival time

                                  5.000000    5.000000   clock clk (rise edge)
                                  0.000000    5.000000   clock source latency
     1    0.011467    0.057956    0.038764    5.038764 ^ clk (in)
                                                         clk (net)
                      0.057957    0.000000    5.038764 ^ clkbuf_0_clk/A (sky130_fd_sc_hd__clkbuf_16)
     4    0.037315    0.057438    0.144765    5.183528 ^ clkbuf_0_clk/X (sky130_fd_sc_hd__clkbuf_16)
                                                         clknet_0_clk (net)
                      0.057438    0.000072    5.183601 ^ clkbuf_2_3__f_clk/A (sky130_fd_sc_hd__clkbuf_16)
     8    0.029378    0.050558    0.138663    5.322264 ^ clkbuf_2_3__f_clk/X (sky130_fd_sc_hd__clkbuf_16)
                                                         clknet_2_3__leaf_clk (net)
                      0.050558    0.000076    5.322340 ^ _284_/CLK (sky130_fd_sc_hd__dfrtp_1)
                                 -0.250000    5.072340   clock uncertainty
                                  0.000000    5.072340   clock reconvergence pessimism
                                 -0.105889    4.966451   library setup time
                                              4.966451   data required time
---------------------------------------------------------------------------------------------
                                              4.966451   data required time
                                             -1.079636   data arrival time
---------------------------------------------------------------------------------------------
                                              3.886815   slack (MET)


Startpoint: awburst[1] (input port clocked by clk)
Endpoint: _288_ (rising edge-triggered flip-flop clocked by clk)
Path Group: clk
Path Type: max

Fanout         Cap        Slew       Delay        Time   Description
---------------------------------------------------------------------------------------------
                                  0.000000    0.000000   clock clk (rise edge)
                                  0.000000    0.000000   clock network delay (propagated)
                                  1.000000    1.000000 v input external delay
     1    0.003478    0.010206    0.005561    1.005561 v awburst[1] (in)
                                                         awburst[1] (net)
                      0.010206    0.000000    1.005561 v input16/A (sky130_fd_sc_hd__clkbuf_1)
     1    0.002755    0.026259    0.072561    1.078121 v input16/X (sky130_fd_sc_hd__clkbuf_1)
                                                         net16 (net)
                      0.026259    0.000009    1.078131 v _288_/D (sky130_fd_sc_hd__dfrtp_1)
                                              1.078131   data arrival time

                                  5.000000    5.000000   clock clk (rise edge)
                                  0.000000    5.000000   clock source latency
     1    0.011467    0.057956    0.038764    5.038764 ^ clk (in)
                                                         clk (net)
                      0.057957    0.000000    5.038764 ^ clkbuf_0_clk/A (sky130_fd_sc_hd__clkbuf_16)
     4    0.037315    0.057438    0.144765    5.183528 ^ clkbuf_0_clk/X (sky130_fd_sc_hd__clkbuf_16)
                                                         clknet_0_clk (net)
                      0.057438    0.000095    5.183624 ^ clkbuf_2_2__f_clk/A (sky130_fd_sc_hd__clkbuf_16)
    10    0.029850    0.050963    0.139009    5.322633 ^ clkbuf_2_2__f_clk/X (sky130_fd_sc_hd__clkbuf_16)
                                                         clknet_2_2__leaf_clk (net)
                      0.050963    0.000065    5.322699 ^ _288_/CLK (sky130_fd_sc_hd__dfrtp_1)
                                 -0.250000    5.072699   clock uncertainty
                                  0.000000    5.072699   clock reconvergence pessimism
                                 -0.104735    4.967964   library setup time
                                              4.967964   data required time
---------------------------------------------------------------------------------------------
                                              4.967964   data required time
                                             -1.078131   data arrival time
---------------------------------------------------------------------------------------------
                                              3.889833   slack (MET)


Startpoint: arvalid (input port clocked by clk)
Endpoint: _285_ (rising edge-triggered flip-flop clocked by clk)
Path Group: clk
Path Type: max

Fanout         Cap        Slew       Delay        Time   Description
---------------------------------------------------------------------------------------------
                                  0.000000    0.000000   clock clk (rise edge)
                                  0.000000    0.000000   clock network delay (propagated)
                                  1.000000    1.000000 v input external delay
     1    0.002598    0.008166    0.004072    1.004072 v arvalid (in)
                                                         arvalid (net)
                      0.008166    0.000000    1.004072 v input11/A (sky130_fd_sc_hd__clkbuf_1)
     1    0.002914    0.027055    0.072664    1.076736 v input11/X (sky130_fd_sc_hd__clkbuf_1)
                                                         net11 (net)
                      0.027055    0.000011    1.076747 v _285_/D (sky130_fd_sc_hd__dfrtp_1)
                                              1.076747   data arrival time

                                  5.000000    5.000000   clock clk (rise edge)
                                  0.000000    5.000000   clock source latency
     1    0.011467    0.057956    0.038764    5.038764 ^ clk (in)
                                                         clk (net)
                      0.057957    0.000000    5.038764 ^ clkbuf_0_clk/A (sky130_fd_sc_hd__clkbuf_16)
     4    0.037315    0.057438    0.144765    5.183528 ^ clkbuf_0_clk/X (sky130_fd_sc_hd__clkbuf_16)
                                                         clknet_0_clk (net)
                      0.057438    0.000095    5.183624 ^ clkbuf_2_2__f_clk/A (sky130_fd_sc_hd__clkbuf_16)
    10    0.029850    0.050963    0.139009    5.322633 ^ clkbuf_2_2__f_clk/X (sky130_fd_sc_hd__clkbuf_16)
                                                         clknet_2_2__leaf_clk (net)
                      0.050963    0.000039    5.322672 ^ _285_/CLK (sky130_fd_sc_hd__dfrtp_1)
                                 -0.250000    5.072672   clock uncertainty
                                  0.000000    5.072672   clock reconvergence pessimism
                                 -0.105082    4.967589   library setup time
                                              4.967589   data required time
---------------------------------------------------------------------------------------------
                                              4.967589   data required time
                                             -1.076747   data arrival time
---------------------------------------------------------------------------------------------
                                              3.890842   slack (MET)


Startpoint: res_n (input port clocked by clk)
Endpoint: _272_ (recovery check against rising-edge clock clk)
Path Group: asynchronous
Path Type: max

Fanout         Cap        Slew       Delay        Time   Description
---------------------------------------------------------------------------------------------
                                  0.000000    0.000000   clock clk (rise edge)
                                  0.000000    0.000000   clock network delay (propagated)
                                  1.000000    1.000000 ^ input external delay
     1    0.002648    0.019761    0.009762    1.009762 ^ res_n (in)
                                                         res_n (net)
                      0.019761    0.000000    1.009762 ^ input23/A (sky130_fd_sc_hd__buf_1)
     3    0.010538    0.130719    0.133275    1.143036 ^ input23/X (sky130_fd_sc_hd__buf_1)
                                                         net23 (net)
                      0.130719    0.000044    1.143080 ^ fanout55/A (sky130_fd_sc_hd__clkbuf_4)
    10    0.042316    0.134983    0.233433    1.376514 ^ fanout55/X (sky130_fd_sc_hd__clkbuf_4)
                                                         net55 (net)
                      0.134983    0.000497    1.377011 ^ _272_/RESET_B (sky130_fd_sc_hd__dfrtp_2)
                                              1.377011   data arrival time

                                  5.000000    5.000000   clock clk (rise edge)
                                  0.000000    5.000000   clock source latency
     1    0.011467    0.057956    0.038764    5.038764 ^ clk (in)
                                                         clk (net)
                      0.057957    0.000000    5.038764 ^ clkbuf_0_clk/A (sky130_fd_sc_hd__clkbuf_16)
     4    0.037315    0.057438    0.144765    5.183528 ^ clkbuf_0_clk/X (sky130_fd_sc_hd__clkbuf_16)
                                                         clknet_0_clk (net)
                      0.057438    0.000166    5.183694 ^ clkbuf_2_1__f_clk/A (sky130_fd_sc_hd__clkbuf_16)
    12    0.032280    0.053055    0.140803    5.324497 ^ clkbuf_2_1__f_clk/X (sky130_fd_sc_hd__clkbuf_16)
                                                         clknet_2_1__leaf_clk (net)
                      0.053055    0.000109    5.324606 ^ _272_/CLK (sky130_fd_sc_hd__dfrtp_2)
                                 -0.250000    5.074606   clock uncertainty
                                  0.000000    5.074606   clock reconvergence pessimism
                                  0.194842    5.269449   library recovery time
                                              5.269449   data required time
---------------------------------------------------------------------------------------------
                                              5.269449   data required time
                                             -1.377011   data arrival time
---------------------------------------------------------------------------------------------
                                              3.892438   slack (MET)


Startpoint: arlen[0] (input port clocked by clk)
Endpoint: _295_ (rising edge-triggered flip-flop clocked by clk)
Path Group: clk
Path Type: max

Fanout         Cap        Slew       Delay        Time   Description
---------------------------------------------------------------------------------------------
                                  0.000000    0.000000   clock clk (rise edge)
                                  0.000000    0.000000   clock network delay (propagated)
                                  1.000000    1.000000 v input external delay
     1    0.002496    0.007930    0.003899    1.003899 v arlen[0] (in)
                                                         arlen[0] (net)
                      0.007930    0.000000    1.003899 v input7/A (sky130_fd_sc_hd__clkbuf_1)
     1    0.002985    0.027418    0.072967    1.076866 v input7/X (sky130_fd_sc_hd__clkbuf_1)
                                                         net7 (net)
                      0.027418    0.000014    1.076880 v _295_/D (sky130_fd_sc_hd__dfrtp_1)
                                              1.076880   data arrival time

                                  5.000000    5.000000   clock clk (rise edge)
                                  0.000000    5.000000   clock source latency
     1    0.011467    0.057956    0.038764    5.038764 ^ clk (in)
                                                         clk (net)
                      0.057957    0.000000    5.038764 ^ clkbuf_0_clk/A (sky130_fd_sc_hd__clkbuf_16)
     4    0.037315    0.057438    0.144765    5.183528 ^ clkbuf_0_clk/X (sky130_fd_sc_hd__clkbuf_16)
                                                         clknet_0_clk (net)
                      0.057438    0.000166    5.183694 ^ clkbuf_2_1__f_clk/A (sky130_fd_sc_hd__clkbuf_16)
    12    0.032280    0.053055    0.140803    5.324497 ^ clkbuf_2_1__f_clk/X (sky130_fd_sc_hd__clkbuf_16)
                                                         clknet_2_1__leaf_clk (net)
                      0.053055    0.000119    5.324617 ^ _295_/CLK (sky130_fd_sc_hd__dfrtp_1)
                                 -0.250000    5.074617   clock uncertainty
                                  0.000000    5.074617   clock reconvergence pessimism
                                 -0.104763    4.969854   library setup time
                                              4.969854   data required time
---------------------------------------------------------------------------------------------
                                              4.969854   data required time
                                             -1.076880   data arrival time
---------------------------------------------------------------------------------------------
                                              3.892974   slack (MET)


Startpoint: arburst[0] (input port clocked by clk)
Endpoint: _289_ (rising edge-triggered flip-flop clocked by clk)
Path Group: clk
Path Type: max

Fanout         Cap        Slew       Delay        Time   Description
---------------------------------------------------------------------------------------------
                                  0.000000    0.000000   clock clk (rise edge)
                                  0.000000    0.000000   clock network delay (propagated)
                                  1.000000    1.000000 v input external delay
     1    0.002898    0.008859    0.004580    1.004580 v arburst[0] (in)
                                                         arburst[0] (net)
                      0.008859    0.000000    1.004580 v input5/A (sky130_fd_sc_hd__clkbuf_1)
     1    0.002435    0.025519    0.070291    1.074871 v input5/X (sky130_fd_sc_hd__clkbuf_1)
                                                         net5 (net)
                      0.025519    0.000007    1.074878 v _289_/D (sky130_fd_sc_hd__dfrtp_1)
                                              1.074878   data arrival time

                                  5.000000    5.000000   clock clk (rise edge)
                                  0.000000    5.000000   clock source latency
     1    0.011467    0.057956    0.038764    5.038764 ^ clk (in)
                                                         clk (net)
                      0.057957    0.000000    5.038764 ^ clkbuf_0_clk/A (sky130_fd_sc_hd__clkbuf_16)
     4    0.037315    0.057438    0.144765    5.183528 ^ clkbuf_0_clk/X (sky130_fd_sc_hd__clkbuf_16)
                                                         clknet_0_clk (net)
                      0.057438    0.000095    5.183624 ^ clkbuf_2_2__f_clk/A (sky130_fd_sc_hd__clkbuf_16)
    10    0.029850    0.050963    0.139009    5.322633 ^ clkbuf_2_2__f_clk/X (sky130_fd_sc_hd__clkbuf_16)
                                                         clknet_2_2__leaf_clk (net)
                      0.050963    0.000135    5.322768 ^ _289_/CLK (sky130_fd_sc_hd__dfrtp_1)
                                 -0.250000    5.072768   clock uncertainty
                                  0.000000    5.072768   clock reconvergence pessimism
                                 -0.104412    4.968356   library setup time
                                              4.968356   data required time
---------------------------------------------------------------------------------------------
                                              4.968356   data required time
                                             -1.074878   data arrival time
---------------------------------------------------------------------------------------------
                                              3.893478   slack (MET)


Startpoint: arburst[1] (input port clocked by clk)
Endpoint: _290_ (rising edge-triggered flip-flop clocked by clk)
Path Group: clk
Path Type: max

Fanout         Cap        Slew       Delay        Time   Description
---------------------------------------------------------------------------------------------
                                  0.000000    0.000000   clock clk (rise edge)
                                  0.000000    0.000000   clock network delay (propagated)
                                  1.000000    1.000000 v input external delay
     1    0.002898    0.008859    0.004580    1.004580 v arburst[1] (in)
                                                         arburst[1] (net)
                      0.008859    0.000000    1.004580 v input6/A (sky130_fd_sc_hd__clkbuf_1)
     1    0.002396    0.025309    0.070072    1.074652 v input6/X (sky130_fd_sc_hd__clkbuf_1)
                                                         net6 (net)
                      0.025309    0.000007    1.074659 v _290_/D (sky130_fd_sc_hd__dfrtp_1)
                                              1.074659   data arrival time

                                  5.000000    5.000000   clock clk (rise edge)
                                  0.000000    5.000000   clock source latency
     1    0.011467    0.057956    0.038764    5.038764 ^ clk (in)
                                                         clk (net)
                      0.057957    0.000000    5.038764 ^ clkbuf_0_clk/A (sky130_fd_sc_hd__clkbuf_16)
     4    0.037315    0.057438    0.144765    5.183528 ^ clkbuf_0_clk/X (sky130_fd_sc_hd__clkbuf_16)
                                                         clknet_0_clk (net)
                      0.057438    0.000095    5.183624 ^ clkbuf_2_2__f_clk/A (sky130_fd_sc_hd__clkbuf_16)
    10    0.029850    0.050963    0.139009    5.322633 ^ clkbuf_2_2__f_clk/X (sky130_fd_sc_hd__clkbuf_16)
                                                         clknet_2_2__leaf_clk (net)
                      0.050963    0.000146    5.322779 ^ _290_/CLK (sky130_fd_sc_hd__dfrtp_1)
                                 -0.250000    5.072779   clock uncertainty
                                  0.000000    5.072779   clock reconvergence pessimism
                                 -0.104321    4.968458   library setup time
                                              4.968458   data required time
---------------------------------------------------------------------------------------------
                                              4.968458   data required time
                                             -1.074659   data arrival time
---------------------------------------------------------------------------------------------
                                              3.893799   slack (MET)


Startpoint: awburst[0] (input port clocked by clk)
Endpoint: _287_ (rising edge-triggered flip-flop clocked by clk)
Path Group: clk
Path Type: max

Fanout         Cap        Slew       Delay        Time   Description
---------------------------------------------------------------------------------------------
                                  0.000000    0.000000   clock clk (rise edge)
                                  0.000000    0.000000   clock network delay (propagated)
                                  1.000000    1.000000 v input external delay
     1    0.002898    0.008859    0.004580    1.004580 v awburst[0] (in)
                                                         awburst[0] (net)
                      0.008859    0.000000    1.004580 v input15/A (sky130_fd_sc_hd__clkbuf_1)
     1    0.002308    0.024846    0.069589    1.074170 v input15/X (sky130_fd_sc_hd__clkbuf_1)
                                                         net15 (net)
                      0.024846    0.000004    1.074174 v _287_/D (sky130_fd_sc_hd__dfrtp_1)
                                              1.074174   data arrival time

                                  5.000000    5.000000   clock clk (rise edge)
                                  0.000000    5.000000   clock source latency
     1    0.011467    0.057956    0.038764    5.038764 ^ clk (in)
                                                         clk (net)
                      0.057957    0.000000    5.038764 ^ clkbuf_0_clk/A (sky130_fd_sc_hd__clkbuf_16)
     4    0.037315    0.057438    0.144765    5.183528 ^ clkbuf_0_clk/X (sky130_fd_sc_hd__clkbuf_16)
                                                         clknet_0_clk (net)
                      0.057438    0.000095    5.183624 ^ clkbuf_2_2__f_clk/A (sky130_fd_sc_hd__clkbuf_16)
    10    0.029850    0.050963    0.139009    5.322633 ^ clkbuf_2_2__f_clk/X (sky130_fd_sc_hd__clkbuf_16)
                                                         clknet_2_2__leaf_clk (net)
                      0.050963    0.000133    5.322766 ^ _287_/CLK (sky130_fd_sc_hd__dfrtp_1)
                                 -0.250000    5.072766   clock uncertainty
                                  0.000000    5.072766   clock reconvergence pessimism
                                 -0.104119    4.968648   library setup time
                                              4.968648   data required time
---------------------------------------------------------------------------------------------
                                              4.968648   data required time
                                             -1.074174   data arrival time
---------------------------------------------------------------------------------------------
                                              3.894474   slack (MET)


Startpoint: wvalid (input port clocked by clk)
Endpoint: _286_ (rising edge-triggered flip-flop clocked by clk)
Path Group: clk
Path Type: max

Fanout         Cap        Slew       Delay        Time   Description
---------------------------------------------------------------------------------------------
                                  0.000000    0.000000   clock clk (rise edge)
                                  0.000000    0.000000   clock network delay (propagated)
                                  1.000000    1.000000 v input external delay
     1    0.002719    0.008445    0.004276    1.004276 v wvalid (in)
                                                         wvalid (net)
                      0.008445    0.000000    1.004276 v input26/A (sky130_fd_sc_hd__clkbuf_1)
     1    0.002527    0.026003    0.070640    1.074916 v input26/X (sky130_fd_sc_hd__clkbuf_1)
                                                         net26 (net)
                      0.026003    0.000006    1.074922 v _286_/D (sky130_fd_sc_hd__dfrtp_1)
                                              1.074922   data arrival time

                                  5.000000    5.000000   clock clk (rise edge)
                                  0.000000    5.000000   clock source latency
     1    0.011467    0.057956    0.038764    5.038764 ^ clk (in)
                                                         clk (net)
                      0.057957    0.000000    5.038764 ^ clkbuf_0_clk/A (sky130_fd_sc_hd__clkbuf_16)
     4    0.037315    0.057438    0.144765    5.183528 ^ clkbuf_0_clk/X (sky130_fd_sc_hd__clkbuf_16)
                                                         clknet_0_clk (net)
                      0.057438    0.000166    5.183694 ^ clkbuf_2_1__f_clk/A (sky130_fd_sc_hd__clkbuf_16)
    12    0.032280    0.053055    0.140803    5.324497 ^ clkbuf_2_1__f_clk/X (sky130_fd_sc_hd__clkbuf_16)
                                                         clknet_2_1__leaf_clk (net)
                      0.053055    0.000117    5.324614 ^ _286_/CLK (sky130_fd_sc_hd__dfrtp_1)
                                 -0.250000    5.074614   clock uncertainty
                                  0.000000    5.074614   clock reconvergence pessimism
                                 -0.104146    4.970469   library setup time
                                              4.970469   data required time
---------------------------------------------------------------------------------------------
                                              4.970469   data required time
                                             -1.074922   data arrival time
---------------------------------------------------------------------------------------------
                                              3.895547   slack (MET)


Startpoint: awlen[1] (input port clocked by clk)
Endpoint: _292_ (rising edge-triggered flip-flop clocked by clk)
Path Group: clk
Path Type: max

Fanout         Cap        Slew       Delay        Time   Description
---------------------------------------------------------------------------------------------
                                  0.000000    0.000000   clock clk (rise edge)
                                  0.000000    0.000000   clock network delay (propagated)
                                  1.000000    1.000000 v input external delay
     1    0.002862    0.008775    0.004518    1.004518 v awlen[1] (in)
                                                         awlen[1] (net)
                      0.008775    0.000000    1.004518 v input18/A (sky130_fd_sc_hd__clkbuf_1)
     1    0.002431    0.025493    0.070232    1.074749 v input18/X (sky130_fd_sc_hd__clkbuf_1)
                                                         net18 (net)
                      0.025493    0.000007    1.074756 v _292_/D (sky130_fd_sc_hd__dfrtp_1)
                                              1.074756   data arrival time

                                  5.000000    5.000000   clock clk (rise edge)
                                  0.000000    5.000000   clock source latency
     1    0.011467    0.057956    0.038764    5.038764 ^ clk (in)
                                                         clk (net)
                      0.057957    0.000000    5.038764 ^ clkbuf_0_clk/A (sky130_fd_sc_hd__clkbuf_16)
     4    0.037315    0.057438    0.144765    5.183528 ^ clkbuf_0_clk/X (sky130_fd_sc_hd__clkbuf_16)
                                                         clknet_0_clk (net)
                      0.057438    0.000166    5.183694 ^ clkbuf_2_1__f_clk/A (sky130_fd_sc_hd__clkbuf_16)
    12    0.032280    0.053055    0.140803    5.324497 ^ clkbuf_2_1__f_clk/X (sky130_fd_sc_hd__clkbuf_16)
                                                         clknet_2_1__leaf_clk (net)
                      0.053055    0.000230    5.324727 ^ _292_/CLK (sky130_fd_sc_hd__dfrtp_1)
                                 -0.250000    5.074727   clock uncertainty
                                  0.000000    5.074727   clock reconvergence pessimism
                                 -0.103923    4.970804   library setup time
                                              4.970804   data required time
---------------------------------------------------------------------------------------------
                                              4.970804   data required time
                                             -1.074756   data arrival time
---------------------------------------------------------------------------------------------
                                              3.896048   slack (MET)


Startpoint: arlen[3] (input port clocked by clk)
Endpoint: _298_ (rising edge-triggered flip-flop clocked by clk)
Path Group: clk
Path Type: max

Fanout         Cap        Slew       Delay        Time   Description
---------------------------------------------------------------------------------------------
                                  0.000000    0.000000   clock clk (rise edge)
                                  0.000000    0.000000   clock network delay (propagated)
                                  1.000000    1.000000 v input external delay
     1    0.002600    0.008171    0.004076    1.004076 v arlen[3] (in)
                                                         arlen[3] (net)
                      0.008171    0.000000    1.004076 v input10/A (sky130_fd_sc_hd__clkbuf_1)
     1    0.002470    0.025700    0.070222    1.074298 v input10/X (sky130_fd_sc_hd__clkbuf_1)
                                                         net10 (net)
                      0.025700    0.000007    1.074305 v _298_/D (sky130_fd_sc_hd__dfrtp_1)
                                              1.074305   data arrival time

                                  5.000000    5.000000   clock clk (rise edge)
                                  0.000000    5.000000   clock source latency
     1    0.011467    0.057956    0.038764    5.038764 ^ clk (in)
                                                         clk (net)
                      0.057957    0.000000    5.038764 ^ clkbuf_0_clk/A (sky130_fd_sc_hd__clkbuf_16)
     4    0.037315    0.057438    0.144765    5.183528 ^ clkbuf_0_clk/X (sky130_fd_sc_hd__clkbuf_16)
                                                         clknet_0_clk (net)
                      0.057438    0.000166    5.183694 ^ clkbuf_2_1__f_clk/A (sky130_fd_sc_hd__clkbuf_16)
    12    0.032280    0.053055    0.140803    5.324497 ^ clkbuf_2_1__f_clk/X (sky130_fd_sc_hd__clkbuf_16)
                                                         clknet_2_1__leaf_clk (net)
                      0.053055    0.000160    5.324658 ^ _298_/CLK (sky130_fd_sc_hd__dfrtp_1)
                                 -0.250000    5.074658   clock uncertainty
                                  0.000000    5.074658   clock reconvergence pessimism
                                 -0.104014    4.970644   library setup time
                                              4.970644   data required time
---------------------------------------------------------------------------------------------
                                              4.970644   data required time
                                             -1.074305   data arrival time
---------------------------------------------------------------------------------------------
                                              3.896339   slack (MET)


Startpoint: awaddr[2] (input port clocked by clk)
Endpoint: _280_ (rising edge-triggered flip-flop clocked by clk)
Path Group: clk
Path Type: max

Fanout         Cap        Slew       Delay        Time   Description
---------------------------------------------------------------------------------------------
                                  0.000000    0.000000   clock clk (rise edge)
                                  0.000000    0.000000   clock network delay (propagated)
                                  1.000000    1.000000 v input external delay
     1    0.002898    0.008859    0.004580    1.004580 v awaddr[2] (in)
                                                         awaddr[2] (net)
                      0.008859    0.000000    1.004580 v input14/A (sky130_fd_sc_hd__clkbuf_1)
     1    0.002515    0.025939    0.070728    1.075308 v input14/X (sky130_fd_sc_hd__clkbuf_1)
                                                         net14 (net)
                      0.025939    0.000008    1.075316 v _280_/D (sky130_fd_sc_hd__dfrtp_1)
                                              1.075316   data arrival time

                                  5.000000    5.000000   clock clk (rise edge)
                                  0.000000    5.000000   clock source latency
     1    0.011467    0.057956    0.038764    5.038764 ^ clk (in)
                                                         clk (net)
                      0.057957    0.000000    5.038764 ^ clkbuf_0_clk/A (sky130_fd_sc_hd__clkbuf_16)
     4    0.037315    0.057438    0.144765    5.183528 ^ clkbuf_0_clk/X (sky130_fd_sc_hd__clkbuf_16)
                                                         clknet_0_clk (net)
                      0.057438    0.000171    5.183700 ^ clkbuf_2_0__f_clk/A (sky130_fd_sc_hd__clkbuf_16)
    13    0.034127    0.054652    0.142187    5.325887 ^ clkbuf_2_0__f_clk/X (sky130_fd_sc_hd__clkbuf_16)
                                                         clknet_2_0__leaf_clk (net)
                      0.054653    0.000183    5.326070 ^ _280_/CLK (sky130_fd_sc_hd__dfrtp_1)
                                 -0.250000    5.076070   clock uncertainty
                                  0.000000    5.076070   clock reconvergence pessimism
                                 -0.103753    4.972317   library setup time
                                              4.972317   data required time
---------------------------------------------------------------------------------------------
                                              4.972317   data required time
                                             -1.075316   data arrival time
---------------------------------------------------------------------------------------------
                                              3.897001   slack (MET)


Startpoint: araddr[0] (input port clocked by clk)
Endpoint: _281_ (rising edge-triggered flip-flop clocked by clk)
Path Group: clk
Path Type: max

Fanout         Cap        Slew       Delay        Time   Description
---------------------------------------------------------------------------------------------
                                  0.000000    0.000000   clock clk (rise edge)
                                  0.000000    0.000000   clock network delay (propagated)
                                  1.000000    1.000000 v input external delay
     1    0.002496    0.007930    0.003899    1.003899 v araddr[0] (in)
                                                         araddr[0] (net)
                      0.007930    0.000000    1.003899 v input2/A (sky130_fd_sc_hd__clkbuf_1)
     1    0.002606    0.026420    0.070883    1.074782 v input2/X (sky130_fd_sc_hd__clkbuf_1)
                                                         net2 (net)
                      0.026420    0.000006    1.074788 v _281_/D (sky130_fd_sc_hd__dfrtp_1)
                                              1.074788   data arrival time

                                  5.000000    5.000000   clock clk (rise edge)
                                  0.000000    5.000000   clock source latency
     1    0.011467    0.057956    0.038764    5.038764 ^ clk (in)
                                                         clk (net)
                      0.057957    0.000000    5.038764 ^ clkbuf_0_clk/A (sky130_fd_sc_hd__clkbuf_16)
     4    0.037315    0.057438    0.144765    5.183528 ^ clkbuf_0_clk/X (sky130_fd_sc_hd__clkbuf_16)
                                                         clknet_0_clk (net)
                      0.057438    0.000171    5.183700 ^ clkbuf_2_0__f_clk/A (sky130_fd_sc_hd__clkbuf_16)
    13    0.034127    0.054652    0.142187    5.325887 ^ clkbuf_2_0__f_clk/X (sky130_fd_sc_hd__clkbuf_16)
                                                         clknet_2_0__leaf_clk (net)
                      0.054652    0.000102    5.325989 ^ _281_/CLK (sky130_fd_sc_hd__dfrtp_1)
                                 -0.250000    5.075989   clock uncertainty
                                  0.000000    5.075989   clock reconvergence pessimism
                                 -0.103963    4.972026   library setup time
                                              4.972026   data required time
---------------------------------------------------------------------------------------------
                                              4.972026   data required time
                                             -1.074788   data arrival time
---------------------------------------------------------------------------------------------
                                              3.897238   slack (MET)


Startpoint: arlen[1] (input port clocked by clk)
Endpoint: _296_ (rising edge-triggered flip-flop clocked by clk)
Path Group: clk
Path Type: max

Fanout         Cap        Slew       Delay        Time   Description
---------------------------------------------------------------------------------------------
                                  0.000000    0.000000   clock clk (rise edge)
                                  0.000000    0.000000   clock network delay (propagated)
                                  1.000000    1.000000 v input external delay
     1    0.002519    0.007983    0.003938    1.003938 v arlen[1] (in)
                                                         arlen[1] (net)
                      0.007983    0.000000    1.003938 v input8/A (sky130_fd_sc_hd__clkbuf_1)
     1    0.002373    0.025186    0.069617    1.073555 v input8/X (sky130_fd_sc_hd__clkbuf_1)
                                                         net8 (net)
                      0.025186    0.000006    1.073561 v _296_/D (sky130_fd_sc_hd__dfrtp_1)
                                              1.073561   data arrival time

                                  5.000000    5.000000   clock clk (rise edge)
                                  0.000000    5.000000   clock source latency
     1    0.011467    0.057956    0.038764    5.038764 ^ clk (in)
                                                         clk (net)
                      0.057957    0.000000    5.038764 ^ clkbuf_0_clk/A (sky130_fd_sc_hd__clkbuf_16)
     4    0.037315    0.057438    0.144765    5.183528 ^ clkbuf_0_clk/X (sky130_fd_sc_hd__clkbuf_16)
                                                         clknet_0_clk (net)
                      0.057438    0.000166    5.183694 ^ clkbuf_2_1__f_clk/A (sky130_fd_sc_hd__clkbuf_16)
    12    0.032280    0.053055    0.140803    5.324497 ^ clkbuf_2_1__f_clk/X (sky130_fd_sc_hd__clkbuf_16)
                                                         clknet_2_1__leaf_clk (net)
                      0.053055    0.000157    5.324655 ^ _296_/CLK (sky130_fd_sc_hd__dfrtp_1)
                                 -0.250000    5.074655   clock uncertainty
                                  0.000000    5.074655   clock reconvergence pessimism
                                 -0.103789    4.970865   library setup time
                                              4.970865   data required time
---------------------------------------------------------------------------------------------
                                              4.970865   data required time
                                             -1.073561   data arrival time
---------------------------------------------------------------------------------------------
                                              3.897305   slack (MET)


Startpoint: awlen[2] (input port clocked by clk)
Endpoint: _293_ (rising edge-triggered flip-flop clocked by clk)
Path Group: clk
Path Type: max

Fanout         Cap        Slew       Delay        Time   Description
---------------------------------------------------------------------------------------------
                                  0.000000    0.000000   clock clk (rise edge)
                                  0.000000    0.000000   clock network delay (propagated)
                                  1.000000    1.000000 v input external delay
     1    0.002519    0.007983    0.003938    1.003938 v awlen[2] (in)
                                                         awlen[2] (net)
                      0.007983    0.000000    1.003938 v input19/A (sky130_fd_sc_hd__clkbuf_1)
     1    0.002373    0.025186    0.069617    1.073555 v input19/X (sky130_fd_sc_hd__clkbuf_1)
                                                         net19 (net)
                      0.025186    0.000006    1.073561 v _293_/D (sky130_fd_sc_hd__dfrtp_1)
                                              1.073561   data arrival time

                                  5.000000    5.000000   clock clk (rise edge)
                                  0.000000    5.000000   clock source latency
     1    0.011467    0.057956    0.038764    5.038764 ^ clk (in)
                                                         clk (net)
                      0.057957    0.000000    5.038764 ^ clkbuf_0_clk/A (sky130_fd_sc_hd__clkbuf_16)
     4    0.037315    0.057438    0.144765    5.183528 ^ clkbuf_0_clk/X (sky130_fd_sc_hd__clkbuf_16)
                                                         clknet_0_clk (net)
                      0.057438    0.000166    5.183694 ^ clkbuf_2_1__f_clk/A (sky130_fd_sc_hd__clkbuf_16)
    12    0.032280    0.053055    0.140803    5.324497 ^ clkbuf_2_1__f_clk/X (sky130_fd_sc_hd__clkbuf_16)
                                                         clknet_2_1__leaf_clk (net)
                      0.053055    0.000232    5.324730 ^ _293_/CLK (sky130_fd_sc_hd__dfrtp_1)
                                 -0.250000    5.074729   clock uncertainty
                                  0.000000    5.074729   clock reconvergence pessimism
                                 -0.103789    4.970940   library setup time
                                              4.970940   data required time
---------------------------------------------------------------------------------------------
                                              4.970940   data required time
                                             -1.073561   data arrival time
---------------------------------------------------------------------------------------------
                                              3.897379   slack (MET)


Startpoint: res_n (input port clocked by clk)
Endpoint: _271_ (recovery check against rising-edge clock clk)
Path Group: asynchronous
Path Type: max

Fanout         Cap        Slew       Delay        Time   Description
---------------------------------------------------------------------------------------------
                                  0.000000    0.000000   clock clk (rise edge)
                                  0.000000    0.000000   clock network delay (propagated)
                                  1.000000    1.000000 ^ input external delay
     1    0.002648    0.019761    0.009762    1.009762 ^ res_n (in)
                                                         res_n (net)
                      0.019761    0.000000    1.009762 ^ input23/A (sky130_fd_sc_hd__buf_1)
     3    0.010538    0.130719    0.133275    1.143036 ^ input23/X (sky130_fd_sc_hd__buf_1)
                                                         net23 (net)
                      0.130719    0.000065    1.143101 ^ fanout56/A (sky130_fd_sc_hd__buf_2)
     7    0.031807    0.159071    0.220903    1.364004 ^ fanout56/X (sky130_fd_sc_hd__buf_2)
                                                         net56 (net)
                      0.159071    0.000486    1.364490 ^ _271_/RESET_B (sky130_fd_sc_hd__dfrtp_2)
                                              1.364490   data arrival time

                                  5.000000    5.000000   clock clk (rise edge)
                                  0.000000    5.000000   clock source latency
     1    0.011467    0.057956    0.038764    5.038764 ^ clk (in)
                                                         clk (net)
                      0.057957    0.000000    5.038764 ^ clkbuf_0_clk/A (sky130_fd_sc_hd__clkbuf_16)
     4    0.037315    0.057438    0.144765    5.183528 ^ clkbuf_0_clk/X (sky130_fd_sc_hd__clkbuf_16)
                                                         clknet_0_clk (net)
                      0.057438    0.000166    5.183694 ^ clkbuf_2_1__f_clk/A (sky130_fd_sc_hd__clkbuf_16)
    12    0.032280    0.053055    0.140803    5.324497 ^ clkbuf_2_1__f_clk/X (sky130_fd_sc_hd__clkbuf_16)
                                                         clknet_2_1__leaf_clk (net)
                      0.053055    0.000123    5.324620 ^ _271_/CLK (sky130_fd_sc_hd__dfrtp_2)
                                 -0.250000    5.074620   clock uncertainty
                                  0.000000    5.074620   clock reconvergence pessimism
                                  0.187665    5.262285   library recovery time
                                              5.262285   data required time
---------------------------------------------------------------------------------------------
                                              5.262285   data required time
                                             -1.364490   data arrival time
---------------------------------------------------------------------------------------------
                                              3.897795   slack (MET)


Startpoint: awlen[3] (input port clocked by clk)
Endpoint: _294_ (rising edge-triggered flip-flop clocked by clk)
Path Group: clk
Path Type: max

Fanout         Cap        Slew       Delay        Time   Description
---------------------------------------------------------------------------------------------
                                  0.000000    0.000000   clock clk (rise edge)
                                  0.000000    0.000000   clock network delay (propagated)
                                  1.000000    1.000000 v input external delay
     1    0.002653    0.008291    0.004164    1.004164 v awlen[3] (in)
                                                         awlen[3] (net)
                      0.008291    0.000000    1.004164 v input20/A (sky130_fd_sc_hd__clkbuf_1)
     1    0.002185    0.024187    0.068692    1.072856 v input20/X (sky130_fd_sc_hd__clkbuf_1)
                                                         net20 (net)
                      0.024187    0.000003    1.072859 v _294_/D (sky130_fd_sc_hd__dfrtp_1)
                                              1.072859   data arrival time

                                  5.000000    5.000000   clock clk (rise edge)
                                  0.000000    5.000000   clock source latency
     1    0.011467    0.057956    0.038764    5.038764 ^ clk (in)
                                                         clk (net)
                      0.057957    0.000000    5.038764 ^ clkbuf_0_clk/A (sky130_fd_sc_hd__clkbuf_16)
     4    0.037315    0.057438    0.144765    5.183528 ^ clkbuf_0_clk/X (sky130_fd_sc_hd__clkbuf_16)
                                                         clknet_0_clk (net)
                      0.057438    0.000166    5.183694 ^ clkbuf_2_1__f_clk/A (sky130_fd_sc_hd__clkbuf_16)
    12    0.032280    0.053055    0.140803    5.324497 ^ clkbuf_2_1__f_clk/X (sky130_fd_sc_hd__clkbuf_16)
                                                         clknet_2_1__leaf_clk (net)
                      0.053055    0.000190    5.324687 ^ _294_/CLK (sky130_fd_sc_hd__dfrtp_1)
                                 -0.250000    5.074687   clock uncertainty
                                  0.000000    5.074687   clock reconvergence pessimism
                                 -0.103354    4.971333   library setup time
                                              4.971333   data required time
---------------------------------------------------------------------------------------------
                                              4.971333   data required time
                                             -1.072859   data arrival time
---------------------------------------------------------------------------------------------
                                              3.898474   slack (MET)


Startpoint: awlen[0] (input port clocked by clk)
Endpoint: _291_ (rising edge-triggered flip-flop clocked by clk)
Path Group: clk
Path Type: max

Fanout         Cap        Slew       Delay        Time   Description
---------------------------------------------------------------------------------------------
                                  0.000000    0.000000   clock clk (rise edge)
                                  0.000000    0.000000   clock network delay (propagated)
                                  1.000000    1.000000 v input external delay
     1    0.002658    0.008303    0.004172    1.004172 v awlen[0] (in)
                                                         awlen[0] (net)
                      0.008303    0.000000    1.004172 v input17/A (sky130_fd_sc_hd__clkbuf_1)
     1    0.002166    0.024089    0.068594    1.072766 v input17/X (sky130_fd_sc_hd__clkbuf_1)
                                                         net17 (net)
                      0.024089    0.000003    1.072769 v _291_/D (sky130_fd_sc_hd__dfrtp_1)
                                              1.072769   data arrival time

                                  5.000000    5.000000   clock clk (rise edge)
                                  0.000000    5.000000   clock source latency
     1    0.011467    0.057956    0.038764    5.038764 ^ clk (in)
                                                         clk (net)
                      0.057957    0.000000    5.038764 ^ clkbuf_0_clk/A (sky130_fd_sc_hd__clkbuf_16)
     4    0.037315    0.057438    0.144765    5.183528 ^ clkbuf_0_clk/X (sky130_fd_sc_hd__clkbuf_16)
                                                         clknet_0_clk (net)
                      0.057438    0.000166    5.183694 ^ clkbuf_2_1__f_clk/A (sky130_fd_sc_hd__clkbuf_16)
    12    0.032280    0.053055    0.140803    5.324497 ^ clkbuf_2_1__f_clk/X (sky130_fd_sc_hd__clkbuf_16)
                                                         clknet_2_1__leaf_clk (net)
                      0.053055    0.000218    5.324716 ^ _291_/CLK (sky130_fd_sc_hd__dfrtp_1)
                                 -0.250000    5.074716   clock uncertainty
                                  0.000000    5.074716   clock reconvergence pessimism
                                 -0.103311    4.971405   library setup time
                                              4.971405   data required time
---------------------------------------------------------------------------------------------
                                              4.971405   data required time
                                             -1.072769   data arrival time
---------------------------------------------------------------------------------------------
                                              3.898635   slack (MET)


Startpoint: araddr[2] (input port clocked by clk)
Endpoint: _283_ (rising edge-triggered flip-flop clocked by clk)
Path Group: clk
Path Type: max

Fanout         Cap        Slew       Delay        Time   Description
---------------------------------------------------------------------------------------------
                                  0.000000    0.000000   clock clk (rise edge)
                                  0.000000    0.000000   clock network delay (propagated)
                                  1.000000    1.000000 v input external delay
     1    0.002898    0.008859    0.004580    1.004580 v araddr[2] (in)
                                                         araddr[2] (net)
                      0.008859    0.000000    1.004580 v input4/A (sky130_fd_sc_hd__clkbuf_1)
     1    0.002150    0.024006    0.068715    1.073295 v input4/X (sky130_fd_sc_hd__clkbuf_1)
                                                         net4 (net)
                      0.024006    0.000003    1.073298 v _283_/D (sky130_fd_sc_hd__dfrtp_1)
                                              1.073298   data arrival time

                                  5.000000    5.000000   clock clk (rise edge)
                                  0.000000    5.000000   clock source latency
     1    0.011467    0.057956    0.038764    5.038764 ^ clk (in)
                                                         clk (net)
                      0.057957    0.000000    5.038764 ^ clkbuf_0_clk/A (sky130_fd_sc_hd__clkbuf_16)
     4    0.037315    0.057438    0.144765    5.183528 ^ clkbuf_0_clk/X (sky130_fd_sc_hd__clkbuf_16)
                                                         clknet_0_clk (net)
                      0.057438    0.000171    5.183700 ^ clkbuf_2_0__f_clk/A (sky130_fd_sc_hd__clkbuf_16)
    13    0.034127    0.054652    0.142187    5.325887 ^ clkbuf_2_0__f_clk/X (sky130_fd_sc_hd__clkbuf_16)
                                                         clknet_2_0__leaf_clk (net)
                      0.054653    0.000193    5.326080 ^ _283_/CLK (sky130_fd_sc_hd__dfrtp_1)
                                 -0.250000    5.076080   clock uncertainty
                                  0.000000    5.076080   clock reconvergence pessimism
                                 -0.102910    4.973170   library setup time
                                              4.973170   data required time
---------------------------------------------------------------------------------------------
                                              4.973170   data required time
                                             -1.073298   data arrival time
---------------------------------------------------------------------------------------------
                                              3.899872   slack (MET)


Startpoint: araddr[1] (input port clocked by clk)
Endpoint: _282_ (rising edge-triggered flip-flop clocked by clk)
Path Group: clk
Path Type: max

Fanout         Cap        Slew       Delay        Time   Description
---------------------------------------------------------------------------------------------
                                  0.000000    0.000000   clock clk (rise edge)
                                  0.000000    0.000000   clock network delay (propagated)
                                  1.000000    1.000000 v input external delay
     1    0.002898    0.008859    0.004580    1.004580 v araddr[1] (in)
                                                         araddr[1] (net)
                      0.008859    0.000000    1.004580 v input3/A (sky130_fd_sc_hd__clkbuf_1)
     1    0.002150    0.024006    0.068715    1.073295 v input3/X (sky130_fd_sc_hd__clkbuf_1)
                                                         net3 (net)
                      0.024006    0.000003    1.073298 v _282_/D (sky130_fd_sc_hd__dfrtp_1)
                                              1.073298   data arrival time

                                  5.000000    5.000000   clock clk (rise edge)
                                  0.000000    5.000000   clock source latency
     1    0.011467    0.057956    0.038764    5.038764 ^ clk (in)
                                                         clk (net)
                      0.057957    0.000000    5.038764 ^ clkbuf_0_clk/A (sky130_fd_sc_hd__clkbuf_16)
     4    0.037315    0.057438    0.144765    5.183528 ^ clkbuf_0_clk/X (sky130_fd_sc_hd__clkbuf_16)
                                                         clknet_0_clk (net)
                      0.057438    0.000171    5.183700 ^ clkbuf_2_0__f_clk/A (sky130_fd_sc_hd__clkbuf_16)
    13    0.034127    0.054652    0.142187    5.325887 ^ clkbuf_2_0__f_clk/X (sky130_fd_sc_hd__clkbuf_16)
                                                         clknet_2_0__leaf_clk (net)
                      0.054653    0.000202    5.326089 ^ _282_/CLK (sky130_fd_sc_hd__dfrtp_1)
                                 -0.250000    5.076089   clock uncertainty
                                  0.000000    5.076089   clock reconvergence pessimism
                                 -0.102910    4.973179   library setup time
                                              4.973179   data required time
---------------------------------------------------------------------------------------------
                                              4.973179   data required time
                                             -1.073298   data arrival time
---------------------------------------------------------------------------------------------
                                              3.899881   slack (MET)


Startpoint: awaddr[0] (input port clocked by clk)
Endpoint: _278_ (rising edge-triggered flip-flop clocked by clk)
Path Group: clk
Path Type: max

Fanout         Cap        Slew       Delay        Time   Description
---------------------------------------------------------------------------------------------
                                  0.000000    0.000000   clock clk (rise edge)
                                  0.000000    0.000000   clock network delay (propagated)
                                  1.000000    1.000000 v input external delay
     1    0.002653    0.008291    0.004164    1.004164 v awaddr[0] (in)
                                                         awaddr[0] (net)
                      0.008291    0.000000    1.004164 v input12/A (sky130_fd_sc_hd__clkbuf_1)
     1    0.002185    0.024187    0.068692    1.072856 v input12/X (sky130_fd_sc_hd__clkbuf_1)
                                                         net12 (net)
                      0.024187    0.000003    1.072859 v _278_/D (sky130_fd_sc_hd__dfrtp_1)
                                              1.072859   data arrival time

                                  5.000000    5.000000   clock clk (rise edge)
                                  0.000000    5.000000   clock source latency
     1    0.011467    0.057956    0.038764    5.038764 ^ clk (in)
                                                         clk (net)
                      0.057957    0.000000    5.038764 ^ clkbuf_0_clk/A (sky130_fd_sc_hd__clkbuf_16)
     4    0.037315    0.057438    0.144765    5.183528 ^ clkbuf_0_clk/X (sky130_fd_sc_hd__clkbuf_16)
                                                         clknet_0_clk (net)
                      0.057438    0.000171    5.183700 ^ clkbuf_2_0__f_clk/A (sky130_fd_sc_hd__clkbuf_16)
    13    0.034127    0.054652    0.142187    5.325887 ^ clkbuf_2_0__f_clk/X (sky130_fd_sc_hd__clkbuf_16)
                                                         clknet_2_0__leaf_clk (net)
                      0.054652    0.000111    5.325998 ^ _278_/CLK (sky130_fd_sc_hd__dfrtp_1)
                                 -0.250000    5.075998   clock uncertainty
                                  0.000000    5.075998   clock reconvergence pessimism
                                 -0.102989    4.973009   library setup time
                                              4.973009   data required time
---------------------------------------------------------------------------------------------
                                              4.973009   data required time
                                             -1.072859   data arrival time
---------------------------------------------------------------------------------------------
                                              3.900150   slack (MET)


Startpoint: awaddr[1] (input port clocked by clk)
Endpoint: _279_ (rising edge-triggered flip-flop clocked by clk)
Path Group: clk
Path Type: max

Fanout         Cap        Slew       Delay        Time   Description
---------------------------------------------------------------------------------------------
                                  0.000000    0.000000   clock clk (rise edge)
                                  0.000000    0.000000   clock network delay (propagated)
                                  1.000000    1.000000 v input external delay
     1    0.002623    0.008224    0.004115    1.004115 v awaddr[1] (in)
                                                         awaddr[1] (net)
                      0.008224    0.000000    1.004115 v input13/A (sky130_fd_sc_hd__clkbuf_1)
     1    0.002201    0.024273    0.068755    1.072870 v input13/X (sky130_fd_sc_hd__clkbuf_1)
                                                         net13 (net)
                      0.024273    0.000003    1.072873 v _279_/D (sky130_fd_sc_hd__dfrtp_1)
                                              1.072873   data arrival time

                                  5.000000    5.000000   clock clk (rise edge)
                                  0.000000    5.000000   clock source latency
     1    0.011467    0.057956    0.038764    5.038764 ^ clk (in)
                                                         clk (net)
                      0.057957    0.000000    5.038764 ^ clkbuf_0_clk/A (sky130_fd_sc_hd__clkbuf_16)
     4    0.037315    0.057438    0.144765    5.183528 ^ clkbuf_0_clk/X (sky130_fd_sc_hd__clkbuf_16)
                                                         clknet_0_clk (net)
                      0.057438    0.000171    5.183700 ^ clkbuf_2_0__f_clk/A (sky130_fd_sc_hd__clkbuf_16)
    13    0.034127    0.054652    0.142187    5.325887 ^ clkbuf_2_0__f_clk/X (sky130_fd_sc_hd__clkbuf_16)
                                                         clknet_2_0__leaf_clk (net)
                      0.054653    0.000206    5.326093 ^ _279_/CLK (sky130_fd_sc_hd__dfrtp_1)
                                 -0.250000    5.076093   clock uncertainty
                                  0.000000    5.076093   clock reconvergence pessimism
                                 -0.103027    4.973066   library setup time
                                              4.973066   data required time
---------------------------------------------------------------------------------------------
                                              4.973066   data required time
                                             -1.072873   data arrival time
---------------------------------------------------------------------------------------------
                                              3.900193   slack (MET)


Startpoint: arlen[2] (input port clocked by clk)
Endpoint: _297_ (rising edge-triggered flip-flop clocked by clk)
Path Group: clk
Path Type: max

Fanout         Cap        Slew       Delay        Time   Description
---------------------------------------------------------------------------------------------
                                  0.000000    0.000000   clock clk (rise edge)
                                  0.000000    0.000000   clock network delay (propagated)
                                  1.000000    1.000000 v input external delay
     1    0.002600    0.008171    0.004076    1.004076 v arlen[2] (in)
                                                         arlen[2] (net)
                      0.008171    0.000000    1.004076 v input9/A (sky130_fd_sc_hd__clkbuf_1)
     1    0.002185    0.024187    0.068646    1.072722 v input9/X (sky130_fd_sc_hd__clkbuf_1)
                                                         net9 (net)
                      0.024187    0.000003    1.072725 v _297_/D (sky130_fd_sc_hd__dfrtp_1)
                                              1.072725   data arrival time

                                  5.000000    5.000000   clock clk (rise edge)
                                  0.000000    5.000000   clock source latency
     1    0.011467    0.057956    0.038764    5.038764 ^ clk (in)
                                                         clk (net)
                      0.057957    0.000000    5.038764 ^ clkbuf_0_clk/A (sky130_fd_sc_hd__clkbuf_16)
     4    0.037315    0.057438    0.144765    5.183528 ^ clkbuf_0_clk/X (sky130_fd_sc_hd__clkbuf_16)
                                                         clknet_0_clk (net)
                      0.057438    0.000171    5.183700 ^ clkbuf_2_0__f_clk/A (sky130_fd_sc_hd__clkbuf_16)
    13    0.034127    0.054652    0.142187    5.325887 ^ clkbuf_2_0__f_clk/X (sky130_fd_sc_hd__clkbuf_16)
                                                         clknet_2_0__leaf_clk (net)
                      0.054652    0.000120    5.326007 ^ _297_/CLK (sky130_fd_sc_hd__dfrtp_1)
                                 -0.250000    5.076007   clock uncertainty
                                  0.000000    5.076007   clock reconvergence pessimism
                                 -0.102989    4.973018   library setup time
                                              4.973018   data required time
---------------------------------------------------------------------------------------------
                                              4.973018   data required time
                                             -1.072725   data arrival time
---------------------------------------------------------------------------------------------
                                              3.900293   slack (MET)


Startpoint: res_n (input port clocked by clk)
Endpoint: _273_ (recovery check against rising-edge clock clk)
Path Group: asynchronous
Path Type: max

Fanout         Cap        Slew       Delay        Time   Description
---------------------------------------------------------------------------------------------
                                  0.000000    0.000000   clock clk (rise edge)
                                  0.000000    0.000000   clock network delay (propagated)
                                  1.000000    1.000000 ^ input external delay
     1    0.002648    0.019761    0.009762    1.009762 ^ res_n (in)
                                                         res_n (net)
                      0.019761    0.000000    1.009762 ^ input23/A (sky130_fd_sc_hd__buf_1)
     3    0.010538    0.130719    0.133275    1.143036 ^ input23/X (sky130_fd_sc_hd__buf_1)
                                                         net23 (net)
                      0.130719    0.000044    1.143080 ^ fanout55/A (sky130_fd_sc_hd__clkbuf_4)
    10    0.042316    0.134983    0.233433    1.376514 ^ fanout55/X (sky130_fd_sc_hd__clkbuf_4)
                                                         net55 (net)
                      0.134983    0.000482    1.376995 ^ _273_/RESET_B (sky130_fd_sc_hd__dfrtp_1)
                                              1.376995   data arrival time

                                  5.000000    5.000000   clock clk (rise edge)
                                  0.000000    5.000000   clock source latency
     1    0.011467    0.057956    0.038764    5.038764 ^ clk (in)
                                                         clk (net)
                      0.057957    0.000000    5.038764 ^ clkbuf_0_clk/A (sky130_fd_sc_hd__clkbuf_16)
     4    0.037315    0.057438    0.144765    5.183528 ^ clkbuf_0_clk/X (sky130_fd_sc_hd__clkbuf_16)
                                                         clknet_0_clk (net)
                      0.057438    0.000166    5.183694 ^ clkbuf_2_1__f_clk/A (sky130_fd_sc_hd__clkbuf_16)
    12    0.032280    0.053055    0.140803    5.324497 ^ clkbuf_2_1__f_clk/X (sky130_fd_sc_hd__clkbuf_16)
                                                         clknet_2_1__leaf_clk (net)
                      0.053055    0.000105    5.324603 ^ _273_/CLK (sky130_fd_sc_hd__dfrtp_1)
                                 -0.250000    5.074603   clock uncertainty
                                  0.000000    5.074603   clock reconvergence pessimism
                                  0.209535    5.284138   library recovery time
                                              5.284138   data required time
---------------------------------------------------------------------------------------------
                                              5.284138   data required time
                                             -1.376995   data arrival time
---------------------------------------------------------------------------------------------
                                              3.907142   slack (MET)


Startpoint: res_n (input port clocked by clk)
Endpoint: _286_ (recovery check against rising-edge clock clk)
Path Group: asynchronous
Path Type: max

Fanout         Cap        Slew       Delay        Time   Description
---------------------------------------------------------------------------------------------
                                  0.000000    0.000000   clock clk (rise edge)
                                  0.000000    0.000000   clock network delay (propagated)
                                  1.000000    1.000000 ^ input external delay
     1    0.002648    0.019761    0.009762    1.009762 ^ res_n (in)
                                                         res_n (net)
                      0.019761    0.000000    1.009762 ^ input23/A (sky130_fd_sc_hd__buf_1)
     3    0.010538    0.130719    0.133275    1.143036 ^ input23/X (sky130_fd_sc_hd__buf_1)
                                                         net23 (net)
                      0.130719    0.000044    1.143080 ^ fanout55/A (sky130_fd_sc_hd__clkbuf_4)
    10    0.042316    0.134983    0.233433    1.376514 ^ fanout55/X (sky130_fd_sc_hd__clkbuf_4)
                                                         net55 (net)
                      0.134983    0.000467    1.376980 ^ _286_/RESET_B (sky130_fd_sc_hd__dfrtp_1)
                                              1.376980   data arrival time

                                  5.000000    5.000000   clock clk (rise edge)
                                  0.000000    5.000000   clock source latency
     1    0.011467    0.057956    0.038764    5.038764 ^ clk (in)
                                                         clk (net)
                      0.057957    0.000000    5.038764 ^ clkbuf_0_clk/A (sky130_fd_sc_hd__clkbuf_16)
     4    0.037315    0.057438    0.144765    5.183528 ^ clkbuf_0_clk/X (sky130_fd_sc_hd__clkbuf_16)
                                                         clknet_0_clk (net)
                      0.057438    0.000166    5.183694 ^ clkbuf_2_1__f_clk/A (sky130_fd_sc_hd__clkbuf_16)
    12    0.032280    0.053055    0.140803    5.324497 ^ clkbuf_2_1__f_clk/X (sky130_fd_sc_hd__clkbuf_16)
                                                         clknet_2_1__leaf_clk (net)
                      0.053055    0.000117    5.324614 ^ _286_/CLK (sky130_fd_sc_hd__dfrtp_1)
                                 -0.250000    5.074614   clock uncertainty
                                  0.000000    5.074614   clock reconvergence pessimism
                                  0.209535    5.284149   library recovery time
                                              5.284149   data required time
---------------------------------------------------------------------------------------------
                                              5.284149   data required time
                                             -1.376980   data arrival time
---------------------------------------------------------------------------------------------
                                              3.907169   slack (MET)


Startpoint: res_n (input port clocked by clk)
Endpoint: _293_ (recovery check against rising-edge clock clk)
Path Group: asynchronous
Path Type: max

Fanout         Cap        Slew       Delay        Time   Description
---------------------------------------------------------------------------------------------
                                  0.000000    0.000000   clock clk (rise edge)
                                  0.000000    0.000000   clock network delay (propagated)
                                  1.000000    1.000000 ^ input external delay
     1    0.002648    0.019761    0.009762    1.009762 ^ res_n (in)
                                                         res_n (net)
                      0.019761    0.000000    1.009762 ^ input23/A (sky130_fd_sc_hd__buf_1)
     3    0.010538    0.130719    0.133275    1.143036 ^ input23/X (sky130_fd_sc_hd__buf_1)
                                                         net23 (net)
                      0.130719    0.000044    1.143080 ^ fanout55/A (sky130_fd_sc_hd__clkbuf_4)
    10    0.042316    0.134983    0.233433    1.376514 ^ fanout55/X (sky130_fd_sc_hd__clkbuf_4)
                                                         net55 (net)
                      0.134983    0.000448    1.376962 ^ _293_/RESET_B (sky130_fd_sc_hd__dfrtp_1)
                                              1.376962   data arrival time

                                  5.000000    5.000000   clock clk (rise edge)
                                  0.000000    5.000000   clock source latency
     1    0.011467    0.057956    0.038764    5.038764 ^ clk (in)
                                                         clk (net)
                      0.057957    0.000000    5.038764 ^ clkbuf_0_clk/A (sky130_fd_sc_hd__clkbuf_16)
     4    0.037315    0.057438    0.144765    5.183528 ^ clkbuf_0_clk/X (sky130_fd_sc_hd__clkbuf_16)
                                                         clknet_0_clk (net)
                      0.057438    0.000166    5.183694 ^ clkbuf_2_1__f_clk/A (sky130_fd_sc_hd__clkbuf_16)
    12    0.032280    0.053055    0.140803    5.324497 ^ clkbuf_2_1__f_clk/X (sky130_fd_sc_hd__clkbuf_16)
                                                         clknet_2_1__leaf_clk (net)
                      0.053055    0.000232    5.324730 ^ _293_/CLK (sky130_fd_sc_hd__dfrtp_1)
                                 -0.250000    5.074729   clock uncertainty
                                  0.000000    5.074729   clock reconvergence pessimism
                                  0.209535    5.284265   library recovery time
                                              5.284265   data required time
---------------------------------------------------------------------------------------------
                                              5.284265   data required time
                                             -1.376962   data arrival time
---------------------------------------------------------------------------------------------
                                              3.907303   slack (MET)


Startpoint: res_n (input port clocked by clk)
Endpoint: _292_ (recovery check against rising-edge clock clk)
Path Group: asynchronous
Path Type: max

Fanout         Cap        Slew       Delay        Time   Description
---------------------------------------------------------------------------------------------
                                  0.000000    0.000000   clock clk (rise edge)
                                  0.000000    0.000000   clock network delay (propagated)
                                  1.000000    1.000000 ^ input external delay
     1    0.002648    0.019761    0.009762    1.009762 ^ res_n (in)
                                                         res_n (net)
                      0.019761    0.000000    1.009762 ^ input23/A (sky130_fd_sc_hd__buf_1)
     3    0.010538    0.130719    0.133275    1.143036 ^ input23/X (sky130_fd_sc_hd__buf_1)
                                                         net23 (net)
                      0.130719    0.000044    1.143080 ^ fanout55/A (sky130_fd_sc_hd__clkbuf_4)
    10    0.042316    0.134983    0.233433    1.376514 ^ fanout55/X (sky130_fd_sc_hd__clkbuf_4)
                                                         net55 (net)
                      0.134983    0.000440    1.376954 ^ _292_/RESET_B (sky130_fd_sc_hd__dfrtp_1)
                                              1.376954   data arrival time

                                  5.000000    5.000000   clock clk (rise edge)
                                  0.000000    5.000000   clock source latency
     1    0.011467    0.057956    0.038764    5.038764 ^ clk (in)
                                                         clk (net)
                      0.057957    0.000000    5.038764 ^ clkbuf_0_clk/A (sky130_fd_sc_hd__clkbuf_16)
     4    0.037315    0.057438    0.144765    5.183528 ^ clkbuf_0_clk/X (sky130_fd_sc_hd__clkbuf_16)
                                                         clknet_0_clk (net)
                      0.057438    0.000166    5.183694 ^ clkbuf_2_1__f_clk/A (sky130_fd_sc_hd__clkbuf_16)
    12    0.032280    0.053055    0.140803    5.324497 ^ clkbuf_2_1__f_clk/X (sky130_fd_sc_hd__clkbuf_16)
                                                         clknet_2_1__leaf_clk (net)
                      0.053055    0.000230    5.324727 ^ _292_/CLK (sky130_fd_sc_hd__dfrtp_1)
                                 -0.250000    5.074727   clock uncertainty
                                  0.000000    5.074727   clock reconvergence pessimism
                                  0.209535    5.284262   library recovery time
                                              5.284262   data required time
---------------------------------------------------------------------------------------------
                                              5.284262   data required time
                                             -1.376954   data arrival time
---------------------------------------------------------------------------------------------
                                              3.907308   slack (MET)


Startpoint: res_n (input port clocked by clk)
Endpoint: _291_ (recovery check against rising-edge clock clk)
Path Group: asynchronous
Path Type: max

Fanout         Cap        Slew       Delay        Time   Description
---------------------------------------------------------------------------------------------
                                  0.000000    0.000000   clock clk (rise edge)
                                  0.000000    0.000000   clock network delay (propagated)
                                  1.000000    1.000000 ^ input external delay
     1    0.002648    0.019761    0.009762    1.009762 ^ res_n (in)
                                                         res_n (net)
                      0.019761    0.000000    1.009762 ^ input23/A (sky130_fd_sc_hd__buf_1)
     3    0.010538    0.130719    0.133275    1.143036 ^ input23/X (sky130_fd_sc_hd__buf_1)
                                                         net23 (net)
                      0.130719    0.000044    1.143080 ^ fanout55/A (sky130_fd_sc_hd__clkbuf_4)
    10    0.042316    0.134983    0.233433    1.376514 ^ fanout55/X (sky130_fd_sc_hd__clkbuf_4)
                                                         net55 (net)
                      0.134983    0.000379    1.376893 ^ _291_/RESET_B (sky130_fd_sc_hd__dfrtp_1)
                                              1.376893   data arrival time

                                  5.000000    5.000000   clock clk (rise edge)
                                  0.000000    5.000000   clock source latency
     1    0.011467    0.057956    0.038764    5.038764 ^ clk (in)
                                                         clk (net)
                      0.057957    0.000000    5.038764 ^ clkbuf_0_clk/A (sky130_fd_sc_hd__clkbuf_16)
     4    0.037315    0.057438    0.144765    5.183528 ^ clkbuf_0_clk/X (sky130_fd_sc_hd__clkbuf_16)
                                                         clknet_0_clk (net)
                      0.057438    0.000166    5.183694 ^ clkbuf_2_1__f_clk/A (sky130_fd_sc_hd__clkbuf_16)
    12    0.032280    0.053055    0.140803    5.324497 ^ clkbuf_2_1__f_clk/X (sky130_fd_sc_hd__clkbuf_16)
                                                         clknet_2_1__leaf_clk (net)
                      0.053055    0.000218    5.324716 ^ _291_/CLK (sky130_fd_sc_hd__dfrtp_1)
                                 -0.250000    5.074716   clock uncertainty
                                  0.000000    5.074716   clock reconvergence pessimism
                                  0.209535    5.284251   library recovery time
                                              5.284251   data required time
---------------------------------------------------------------------------------------------
                                              5.284251   data required time
                                             -1.376893   data arrival time
---------------------------------------------------------------------------------------------
                                              3.907357   slack (MET)


Startpoint: res_n (input port clocked by clk)
Endpoint: _294_ (recovery check against rising-edge clock clk)
Path Group: asynchronous
Path Type: max

Fanout         Cap        Slew       Delay        Time   Description
---------------------------------------------------------------------------------------------
                                  0.000000    0.000000   clock clk (rise edge)
                                  0.000000    0.000000   clock network delay (propagated)
                                  1.000000    1.000000 ^ input external delay
     1    0.002648    0.019761    0.009762    1.009762 ^ res_n (in)
                                                         res_n (net)
                      0.019761    0.000000    1.009762 ^ input23/A (sky130_fd_sc_hd__buf_1)
     3    0.010538    0.130719    0.133275    1.143036 ^ input23/X (sky130_fd_sc_hd__buf_1)
                                                         net23 (net)
                      0.130719    0.000044    1.143080 ^ fanout55/A (sky130_fd_sc_hd__clkbuf_4)
    10    0.042316    0.134983    0.233433    1.376514 ^ fanout55/X (sky130_fd_sc_hd__clkbuf_4)
                                                         net55 (net)
                      0.134983    0.000257    1.376771 ^ _294_/RESET_B (sky130_fd_sc_hd__dfrtp_1)
                                              1.376771   data arrival time

                                  5.000000    5.000000   clock clk (rise edge)
                                  0.000000    5.000000   clock source latency
     1    0.011467    0.057956    0.038764    5.038764 ^ clk (in)
                                                         clk (net)
                      0.057957    0.000000    5.038764 ^ clkbuf_0_clk/A (sky130_fd_sc_hd__clkbuf_16)
     4    0.037315    0.057438    0.144765    5.183528 ^ clkbuf_0_clk/X (sky130_fd_sc_hd__clkbuf_16)
                                                         clknet_0_clk (net)
                      0.057438    0.000166    5.183694 ^ clkbuf_2_1__f_clk/A (sky130_fd_sc_hd__clkbuf_16)
    12    0.032280    0.053055    0.140803    5.324497 ^ clkbuf_2_1__f_clk/X (sky130_fd_sc_hd__clkbuf_16)
                                                         clknet_2_1__leaf_clk (net)
                      0.053055    0.000190    5.324687 ^ _294_/CLK (sky130_fd_sc_hd__dfrtp_1)
                                 -0.250000    5.074687   clock uncertainty
                                  0.000000    5.074687   clock reconvergence pessimism
                                  0.209535    5.284222   library recovery time
                                              5.284222   data required time
---------------------------------------------------------------------------------------------
                                              5.284222   data required time
                                             -1.376771   data arrival time
---------------------------------------------------------------------------------------------
                                              3.907451   slack (MET)


Startpoint: res_n (input port clocked by clk)
Endpoint: _296_ (recovery check against rising-edge clock clk)
Path Group: asynchronous
Path Type: max

Fanout         Cap        Slew       Delay        Time   Description
---------------------------------------------------------------------------------------------
                                  0.000000    0.000000   clock clk (rise edge)
                                  0.000000    0.000000   clock network delay (propagated)
                                  1.000000    1.000000 ^ input external delay
     1    0.002648    0.019761    0.009762    1.009762 ^ res_n (in)
                                                         res_n (net)
                      0.019761    0.000000    1.009762 ^ input23/A (sky130_fd_sc_hd__buf_1)
     3    0.010538    0.130719    0.133275    1.143036 ^ input23/X (sky130_fd_sc_hd__buf_1)
                                                         net23 (net)
                      0.130719    0.000044    1.143080 ^ fanout55/A (sky130_fd_sc_hd__clkbuf_4)
    10    0.042316    0.134983    0.233433    1.376514 ^ fanout55/X (sky130_fd_sc_hd__clkbuf_4)
                                                         net55 (net)
                      0.134983    0.000096    1.376610 ^ _296_/RESET_B (sky130_fd_sc_hd__dfrtp_1)
                                              1.376610   data arrival time

                                  5.000000    5.000000   clock clk (rise edge)
                                  0.000000    5.000000   clock source latency
     1    0.011467    0.057956    0.038764    5.038764 ^ clk (in)
                                                         clk (net)
                      0.057957    0.000000    5.038764 ^ clkbuf_0_clk/A (sky130_fd_sc_hd__clkbuf_16)
     4    0.037315    0.057438    0.144765    5.183528 ^ clkbuf_0_clk/X (sky130_fd_sc_hd__clkbuf_16)
                                                         clknet_0_clk (net)
                      0.057438    0.000166    5.183694 ^ clkbuf_2_1__f_clk/A (sky130_fd_sc_hd__clkbuf_16)
    12    0.032280    0.053055    0.140803    5.324497 ^ clkbuf_2_1__f_clk/X (sky130_fd_sc_hd__clkbuf_16)
                                                         clknet_2_1__leaf_clk (net)
                      0.053055    0.000157    5.324655 ^ _296_/CLK (sky130_fd_sc_hd__dfrtp_1)
                                 -0.250000    5.074655   clock uncertainty
                                  0.000000    5.074655   clock reconvergence pessimism
                                  0.209535    5.284190   library recovery time
                                              5.284190   data required time
---------------------------------------------------------------------------------------------
                                              5.284190   data required time
                                             -1.376610   data arrival time
---------------------------------------------------------------------------------------------
                                              3.907580   slack (MET)


Startpoint: res_n (input port clocked by clk)
Endpoint: _298_ (recovery check against rising-edge clock clk)
Path Group: asynchronous
Path Type: max

Fanout         Cap        Slew       Delay        Time   Description
---------------------------------------------------------------------------------------------
                                  0.000000    0.000000   clock clk (rise edge)
                                  0.000000    0.000000   clock network delay (propagated)
                                  1.000000    1.000000 ^ input external delay
     1    0.002648    0.019761    0.009762    1.009762 ^ res_n (in)
                                                         res_n (net)
                      0.019761    0.000000    1.009762 ^ input23/A (sky130_fd_sc_hd__buf_1)
     3    0.010538    0.130719    0.133275    1.143036 ^ input23/X (sky130_fd_sc_hd__buf_1)
                                                         net23 (net)
                      0.130719    0.000044    1.143080 ^ fanout55/A (sky130_fd_sc_hd__clkbuf_4)
    10    0.042316    0.134983    0.233433    1.376514 ^ fanout55/X (sky130_fd_sc_hd__clkbuf_4)
                                                         net55 (net)
                      0.134983    0.000100    1.376614 ^ _298_/RESET_B (sky130_fd_sc_hd__dfrtp_1)
                                              1.376614   data arrival time

                                  5.000000    5.000000   clock clk (rise edge)
                                  0.000000    5.000000   clock source latency
     1    0.011467    0.057956    0.038764    5.038764 ^ clk (in)
                                                         clk (net)
                      0.057957    0.000000    5.038764 ^ clkbuf_0_clk/A (sky130_fd_sc_hd__clkbuf_16)
     4    0.037315    0.057438    0.144765    5.183528 ^ clkbuf_0_clk/X (sky130_fd_sc_hd__clkbuf_16)
                                                         clknet_0_clk (net)
                      0.057438    0.000166    5.183694 ^ clkbuf_2_1__f_clk/A (sky130_fd_sc_hd__clkbuf_16)
    12    0.032280    0.053055    0.140803    5.324497 ^ clkbuf_2_1__f_clk/X (sky130_fd_sc_hd__clkbuf_16)
                                                         clknet_2_1__leaf_clk (net)
                      0.053055    0.000160    5.324658 ^ _298_/CLK (sky130_fd_sc_hd__dfrtp_1)
                                 -0.250000    5.074658   clock uncertainty
                                  0.000000    5.074658   clock reconvergence pessimism
                                  0.209535    5.284193   library recovery time
                                              5.284193   data required time
---------------------------------------------------------------------------------------------
                                              5.284193   data required time
                                             -1.376614   data arrival time
---------------------------------------------------------------------------------------------
                                              3.907579   slack (MET)


Startpoint: res_n (input port clocked by clk)
Endpoint: _295_ (recovery check against rising-edge clock clk)
Path Group: asynchronous
Path Type: max

Fanout         Cap        Slew       Delay        Time   Description
---------------------------------------------------------------------------------------------
                                  0.000000    0.000000   clock clk (rise edge)
                                  0.000000    0.000000   clock network delay (propagated)
                                  1.000000    1.000000 ^ input external delay
     1    0.002648    0.019761    0.009762    1.009762 ^ res_n (in)
                                                         res_n (net)
                      0.019761    0.000000    1.009762 ^ input23/A (sky130_fd_sc_hd__buf_1)
     3    0.010538    0.130719    0.133275    1.143036 ^ input23/X (sky130_fd_sc_hd__buf_1)
                                                         net23 (net)
                      0.130719    0.000044    1.143080 ^ fanout55/A (sky130_fd_sc_hd__clkbuf_4)
    10    0.042316    0.134983    0.233433    1.376514 ^ fanout55/X (sky130_fd_sc_hd__clkbuf_4)
                                                         net55 (net)
                      0.134983    0.000013    1.376527 ^ _295_/RESET_B (sky130_fd_sc_hd__dfrtp_1)
                                              1.376527   data arrival time

                                  5.000000    5.000000   clock clk (rise edge)
                                  0.000000    5.000000   clock source latency
     1    0.011467    0.057956    0.038764    5.038764 ^ clk (in)
                                                         clk (net)
                      0.057957    0.000000    5.038764 ^ clkbuf_0_clk/A (sky130_fd_sc_hd__clkbuf_16)
     4    0.037315    0.057438    0.144765    5.183528 ^ clkbuf_0_clk/X (sky130_fd_sc_hd__clkbuf_16)
                                                         clknet_0_clk (net)
                      0.057438    0.000166    5.183694 ^ clkbuf_2_1__f_clk/A (sky130_fd_sc_hd__clkbuf_16)
    12    0.032280    0.053055    0.140803    5.324497 ^ clkbuf_2_1__f_clk/X (sky130_fd_sc_hd__clkbuf_16)
                                                         clknet_2_1__leaf_clk (net)
                      0.053055    0.000119    5.324617 ^ _295_/CLK (sky130_fd_sc_hd__dfrtp_1)
                                 -0.250000    5.074617   clock uncertainty
                                  0.000000    5.074617   clock reconvergence pessimism
                                  0.209535    5.284152   library recovery time
                                              5.284152   data required time
---------------------------------------------------------------------------------------------
                                              5.284152   data required time
                                             -1.376527   data arrival time
---------------------------------------------------------------------------------------------
                                              3.907625   slack (MET)


Startpoint: res_n (input port clocked by clk)
Endpoint: _301_ (recovery check against rising-edge clock clk)
Path Group: asynchronous
Path Type: max

Fanout         Cap        Slew       Delay        Time   Description
---------------------------------------------------------------------------------------------
                                  0.000000    0.000000   clock clk (rise edge)
                                  0.000000    0.000000   clock network delay (propagated)
                                  1.000000    1.000000 ^ input external delay
     1    0.002648    0.019761    0.009762    1.009762 ^ res_n (in)
                                                         res_n (net)
                      0.019761    0.000000    1.009762 ^ input23/A (sky130_fd_sc_hd__buf_1)
     3    0.010538    0.130719    0.133275    1.143036 ^ input23/X (sky130_fd_sc_hd__buf_1)
                                                         net23 (net)
                      0.130719    0.000065    1.143101 ^ fanout56/A (sky130_fd_sc_hd__buf_2)
     7    0.031807    0.159071    0.220903    1.364004 ^ fanout56/X (sky130_fd_sc_hd__buf_2)
                                                         net56 (net)
                      0.159071    0.000510    1.364514 ^ _301_/RESET_B (sky130_fd_sc_hd__dfrtp_1)
                                              1.364514   data arrival time

                                  5.000000    5.000000   clock clk (rise edge)
                                  0.000000    5.000000   clock source latency
     1    0.011467    0.057956    0.038764    5.038764 ^ clk (in)
                                                         clk (net)
                      0.057957    0.000000    5.038764 ^ clkbuf_0_clk/A (sky130_fd_sc_hd__clkbuf_16)
     4    0.037315    0.057438    0.144765    5.183528 ^ clkbuf_0_clk/X (sky130_fd_sc_hd__clkbuf_16)
                                                         clknet_0_clk (net)
                      0.057438    0.000072    5.183601 ^ clkbuf_2_3__f_clk/A (sky130_fd_sc_hd__clkbuf_16)
     8    0.029378    0.050558    0.138663    5.322264 ^ clkbuf_2_3__f_clk/X (sky130_fd_sc_hd__clkbuf_16)
                                                         clknet_2_3__leaf_clk (net)
                      0.050558    0.000067    5.322331 ^ _301_/CLK (sky130_fd_sc_hd__dfrtp_1)
                                 -0.250000    5.072330   clock uncertainty
                                  0.000000    5.072330   clock reconvergence pessimism
                                  0.202530    5.274861   library recovery time
                                              5.274861   data required time
---------------------------------------------------------------------------------------------
                                              5.274861   data required time
                                             -1.364514   data arrival time
---------------------------------------------------------------------------------------------
                                              3.910346   slack (MET)


Startpoint: res_n (input port clocked by clk)
Endpoint: _284_ (recovery check against rising-edge clock clk)
Path Group: asynchronous
Path Type: max

Fanout         Cap        Slew       Delay        Time   Description
---------------------------------------------------------------------------------------------
                                  0.000000    0.000000   clock clk (rise edge)
                                  0.000000    0.000000   clock network delay (propagated)
                                  1.000000    1.000000 ^ input external delay
     1    0.002648    0.019761    0.009762    1.009762 ^ res_n (in)
                                                         res_n (net)
                      0.019761    0.000000    1.009762 ^ input23/A (sky130_fd_sc_hd__buf_1)
     3    0.010538    0.130719    0.133275    1.143036 ^ input23/X (sky130_fd_sc_hd__buf_1)
                                                         net23 (net)
                      0.130719    0.000065    1.143101 ^ fanout56/A (sky130_fd_sc_hd__buf_2)
     7    0.031807    0.159071    0.220903    1.364004 ^ fanout56/X (sky130_fd_sc_hd__buf_2)
                                                         net56 (net)
                      0.159071    0.000506    1.364511 ^ _284_/RESET_B (sky130_fd_sc_hd__dfrtp_1)
                                              1.364511   data arrival time

                                  5.000000    5.000000   clock clk (rise edge)
                                  0.000000    5.000000   clock source latency
     1    0.011467    0.057956    0.038764    5.038764 ^ clk (in)
                                                         clk (net)
                      0.057957    0.000000    5.038764 ^ clkbuf_0_clk/A (sky130_fd_sc_hd__clkbuf_16)
     4    0.037315    0.057438    0.144765    5.183528 ^ clkbuf_0_clk/X (sky130_fd_sc_hd__clkbuf_16)
                                                         clknet_0_clk (net)
                      0.057438    0.000072    5.183601 ^ clkbuf_2_3__f_clk/A (sky130_fd_sc_hd__clkbuf_16)
     8    0.029378    0.050558    0.138663    5.322264 ^ clkbuf_2_3__f_clk/X (sky130_fd_sc_hd__clkbuf_16)
                                                         clknet_2_3__leaf_clk (net)
                      0.050558    0.000076    5.322340 ^ _284_/CLK (sky130_fd_sc_hd__dfrtp_1)
                                 -0.250000    5.072340   clock uncertainty
                                  0.000000    5.072340   clock reconvergence pessimism
                                  0.202530    5.274870   library recovery time
                                              5.274870   data required time
---------------------------------------------------------------------------------------------
                                              5.274870   data required time
                                             -1.364511   data arrival time
---------------------------------------------------------------------------------------------
                                              3.910359   slack (MET)


Startpoint: res_n (input port clocked by clk)
Endpoint: _270_ (recovery check against rising-edge clock clk)
Path Group: asynchronous
Path Type: max

Fanout         Cap        Slew       Delay        Time   Description
---------------------------------------------------------------------------------------------
                                  0.000000    0.000000   clock clk (rise edge)
                                  0.000000    0.000000   clock network delay (propagated)
                                  1.000000    1.000000 ^ input external delay
     1    0.002648    0.019761    0.009762    1.009762 ^ res_n (in)
                                                         res_n (net)
                      0.019761    0.000000    1.009762 ^ input23/A (sky130_fd_sc_hd__buf_1)
     3    0.010538    0.130719    0.133275    1.143036 ^ input23/X (sky130_fd_sc_hd__buf_1)
                                                         net23 (net)
                      0.130719    0.000065    1.143101 ^ fanout56/A (sky130_fd_sc_hd__buf_2)
     7    0.031807    0.159071    0.220903    1.364004 ^ fanout56/X (sky130_fd_sc_hd__buf_2)
                                                         net56 (net)
                      0.159071    0.000471    1.364475 ^ _270_/RESET_B (sky130_fd_sc_hd__dfrtp_1)
                                              1.364475   data arrival time

                                  5.000000    5.000000   clock clk (rise edge)
                                  0.000000    5.000000   clock source latency
     1    0.011467    0.057956    0.038764    5.038764 ^ clk (in)
                                                         clk (net)
                      0.057957    0.000000    5.038764 ^ clkbuf_0_clk/A (sky130_fd_sc_hd__clkbuf_16)
     4    0.037315    0.057438    0.144765    5.183528 ^ clkbuf_0_clk/X (sky130_fd_sc_hd__clkbuf_16)
                                                         clknet_0_clk (net)
                      0.057438    0.000072    5.183601 ^ clkbuf_2_3__f_clk/A (sky130_fd_sc_hd__clkbuf_16)
     8    0.029378    0.050558    0.138663    5.322264 ^ clkbuf_2_3__f_clk/X (sky130_fd_sc_hd__clkbuf_16)
                                                         clknet_2_3__leaf_clk (net)
                      0.050558    0.000085    5.322349 ^ _270_/CLK (sky130_fd_sc_hd__dfrtp_1)
                                 -0.250000    5.072349   clock uncertainty
                                  0.000000    5.072349   clock reconvergence pessimism
                                  0.202530    5.274879   library recovery time
                                              5.274879   data required time
---------------------------------------------------------------------------------------------
                                              5.274879   data required time
                                             -1.364475   data arrival time
---------------------------------------------------------------------------------------------
                                              3.910403   slack (MET)


Startpoint: res_n (input port clocked by clk)
Endpoint: _302_ (recovery check against rising-edge clock clk)
Path Group: asynchronous
Path Type: max

Fanout         Cap        Slew       Delay        Time   Description
---------------------------------------------------------------------------------------------
                                  0.000000    0.000000   clock clk (rise edge)
                                  0.000000    0.000000   clock network delay (propagated)
                                  1.000000    1.000000 ^ input external delay
     1    0.002648    0.019761    0.009762    1.009762 ^ res_n (in)
                                                         res_n (net)
                      0.019761    0.000000    1.009762 ^ input23/A (sky130_fd_sc_hd__buf_1)
     3    0.010538    0.130719    0.133275    1.143036 ^ input23/X (sky130_fd_sc_hd__buf_1)
                                                         net23 (net)
                      0.130719    0.000065    1.143101 ^ fanout56/A (sky130_fd_sc_hd__buf_2)
     7    0.031807    0.159071    0.220903    1.364004 ^ fanout56/X (sky130_fd_sc_hd__buf_2)
                                                         net56 (net)
                      0.159071    0.000310    1.364314 ^ _302_/RESET_B (sky130_fd_sc_hd__dfrtp_1)
                                              1.364314   data arrival time

                                  5.000000    5.000000   clock clk (rise edge)
                                  0.000000    5.000000   clock source latency
     1    0.011467    0.057956    0.038764    5.038764 ^ clk (in)
                                                         clk (net)
                      0.057957    0.000000    5.038764 ^ clkbuf_0_clk/A (sky130_fd_sc_hd__clkbuf_16)
     4    0.037315    0.057438    0.144765    5.183528 ^ clkbuf_0_clk/X (sky130_fd_sc_hd__clkbuf_16)
                                                         clknet_0_clk (net)
                      0.057438    0.000072    5.183601 ^ clkbuf_2_3__f_clk/A (sky130_fd_sc_hd__clkbuf_16)
     8    0.029378    0.050558    0.138663    5.322264 ^ clkbuf_2_3__f_clk/X (sky130_fd_sc_hd__clkbuf_16)
                                                         clknet_2_3__leaf_clk (net)
                      0.050558    0.000060    5.322324 ^ _302_/CLK (sky130_fd_sc_hd__dfrtp_1)
                                 -0.250000    5.072324   clock uncertainty
                                  0.000000    5.072324   clock reconvergence pessimism
                                  0.202530    5.274854   library recovery time
                                              5.274854   data required time
---------------------------------------------------------------------------------------------
                                              5.274854   data required time
                                             -1.364314   data arrival time
---------------------------------------------------------------------------------------------
                                              3.910539   slack (MET)


Startpoint: res_n (input port clocked by clk)
Endpoint: _268_ (recovery check against rising-edge clock clk)
Path Group: asynchronous
Path Type: max

Fanout         Cap        Slew       Delay        Time   Description
---------------------------------------------------------------------------------------------
                                  0.000000    0.000000   clock clk (rise edge)
                                  0.000000    0.000000   clock network delay (propagated)
                                  1.000000    1.000000 ^ input external delay
     1    0.002648    0.019761    0.009762    1.009762 ^ res_n (in)
                                                         res_n (net)
                      0.019761    0.000000    1.009762 ^ input23/A (sky130_fd_sc_hd__buf_1)
     3    0.010538    0.130719    0.133275    1.143036 ^ input23/X (sky130_fd_sc_hd__buf_1)
                                                         net23 (net)
                      0.130719    0.000065    1.143101 ^ fanout56/A (sky130_fd_sc_hd__buf_2)
     7    0.031807    0.159071    0.220903    1.364004 ^ fanout56/X (sky130_fd_sc_hd__buf_2)
                                                         net56 (net)
                      0.159071    0.000112    1.364116 ^ _268_/RESET_B (sky130_fd_sc_hd__dfrtp_1)
                                              1.364116   data arrival time

                                  5.000000    5.000000   clock clk (rise edge)
                                  0.000000    5.000000   clock source latency
     1    0.011467    0.057956    0.038764    5.038764 ^ clk (in)
                                                         clk (net)
                      0.057957    0.000000    5.038764 ^ clkbuf_0_clk/A (sky130_fd_sc_hd__clkbuf_16)
     4    0.037315    0.057438    0.144765    5.183528 ^ clkbuf_0_clk/X (sky130_fd_sc_hd__clkbuf_16)
                                                         clknet_0_clk (net)
                      0.057438    0.000072    5.183601 ^ clkbuf_2_3__f_clk/A (sky130_fd_sc_hd__clkbuf_16)
     8    0.029378    0.050558    0.138663    5.322264 ^ clkbuf_2_3__f_clk/X (sky130_fd_sc_hd__clkbuf_16)
                                                         clknet_2_3__leaf_clk (net)
                      0.050558    0.000065    5.322329 ^ _268_/CLK (sky130_fd_sc_hd__dfrtp_1)
                                 -0.250000    5.072329   clock uncertainty
                                  0.000000    5.072329   clock reconvergence pessimism
                                  0.202530    5.274858   library recovery time
                                              5.274858   data required time
---------------------------------------------------------------------------------------------
                                              5.274858   data required time
                                             -1.364116   data arrival time
---------------------------------------------------------------------------------------------
                                              3.910743   slack (MET)


Startpoint: res_n (input port clocked by clk)
Endpoint: _274_ (recovery check against rising-edge clock clk)
Path Group: asynchronous
Path Type: max

Fanout         Cap        Slew       Delay        Time   Description
---------------------------------------------------------------------------------------------
                                  0.000000    0.000000   clock clk (rise edge)
                                  0.000000    0.000000   clock network delay (propagated)
                                  1.000000    1.000000 ^ input external delay
     1    0.002648    0.019761    0.009762    1.009762 ^ res_n (in)
                                                         res_n (net)
                      0.019761    0.000000    1.009762 ^ input23/A (sky130_fd_sc_hd__buf_1)
     3    0.010538    0.130719    0.133275    1.143036 ^ input23/X (sky130_fd_sc_hd__buf_1)
                                                         net23 (net)
                      0.130719    0.000065    1.143101 ^ fanout56/A (sky130_fd_sc_hd__buf_2)
     7    0.031807    0.159071    0.220903    1.364004 ^ fanout56/X (sky130_fd_sc_hd__buf_2)
                                                         net56 (net)
                      0.159071    0.000250    1.364254 ^ _274_/RESET_B (sky130_fd_sc_hd__dfrtp_1)
                                              1.364254   data arrival time

                                  5.000000    5.000000   clock clk (rise edge)
                                  0.000000    5.000000   clock source latency
     1    0.011467    0.057956    0.038764    5.038764 ^ clk (in)
                                                         clk (net)
                      0.057957    0.000000    5.038764 ^ clkbuf_0_clk/A (sky130_fd_sc_hd__clkbuf_16)
     4    0.037315    0.057438    0.144765    5.183528 ^ clkbuf_0_clk/X (sky130_fd_sc_hd__clkbuf_16)
                                                         clknet_0_clk (net)
                      0.057438    0.000166    5.183694 ^ clkbuf_2_1__f_clk/A (sky130_fd_sc_hd__clkbuf_16)
    12    0.032280    0.053055    0.140803    5.324497 ^ clkbuf_2_1__f_clk/X (sky130_fd_sc_hd__clkbuf_16)
                                                         clknet_2_1__leaf_clk (net)
                      0.053055    0.000012    5.324509 ^ _274_/CLK (sky130_fd_sc_hd__dfrtp_1)
                                 -0.250000    5.074509   clock uncertainty
                                  0.000000    5.074509   clock reconvergence pessimism
                                  0.203307    5.277816   library recovery time
                                              5.277816   data required time
---------------------------------------------------------------------------------------------
                                              5.277816   data required time
                                             -1.364254   data arrival time
---------------------------------------------------------------------------------------------
                                              3.913562   slack (MET)


Startpoint: res_n (input port clocked by clk)
Endpoint: _300_ (recovery check against rising-edge clock clk)
Path Group: asynchronous
Path Type: max

Fanout         Cap        Slew       Delay        Time   Description
---------------------------------------------------------------------------------------------
                                  0.000000    0.000000   clock clk (rise edge)
                                  0.000000    0.000000   clock network delay (propagated)
                                  1.000000    1.000000 ^ input external delay
     1    0.002648    0.019761    0.009762    1.009762 ^ res_n (in)
                                                         res_n (net)
                      0.019761    0.000000    1.009762 ^ input23/A (sky130_fd_sc_hd__buf_1)
     3    0.010538    0.130719    0.133275    1.143036 ^ input23/X (sky130_fd_sc_hd__buf_1)
                                                         net23 (net)
                      0.130719    0.000022    1.143058 ^ fanout54/A (sky130_fd_sc_hd__clkbuf_2)
     5    0.022642    0.128536    0.195434    1.338493 ^ fanout54/X (sky130_fd_sc_hd__clkbuf_2)
                                                         net54 (net)
                      0.128536    0.000257    1.338750 ^ _300_/RESET_B (sky130_fd_sc_hd__dfrtp_1)
                                              1.338750   data arrival time

                                  5.000000    5.000000   clock clk (rise edge)
                                  0.000000    5.000000   clock source latency
     1    0.011467    0.057956    0.038764    5.038764 ^ clk (in)
                                                         clk (net)
                      0.057957    0.000000    5.038764 ^ clkbuf_0_clk/A (sky130_fd_sc_hd__clkbuf_16)
     4    0.037315    0.057438    0.144765    5.183528 ^ clkbuf_0_clk/X (sky130_fd_sc_hd__clkbuf_16)
                                                         clknet_0_clk (net)
                      0.057438    0.000072    5.183601 ^ clkbuf_2_3__f_clk/A (sky130_fd_sc_hd__clkbuf_16)
     8    0.029378    0.050558    0.138663    5.322264 ^ clkbuf_2_3__f_clk/X (sky130_fd_sc_hd__clkbuf_16)
                                                         clknet_2_3__leaf_clk (net)
                      0.050558    0.000052    5.322315 ^ _300_/CLK (sky130_fd_sc_hd__dfrtp_1)
                                 -0.250000    5.072315   clock uncertainty
                                  0.000000    5.072315   clock reconvergence pessimism
                                  0.210428    5.282743   library recovery time
                                              5.282743   data required time
---------------------------------------------------------------------------------------------
                                              5.282743   data required time
                                             -1.338750   data arrival time
---------------------------------------------------------------------------------------------
                                              3.943994   slack (MET)


Startpoint: res_n (input port clocked by clk)
Endpoint: _281_ (recovery check against rising-edge clock clk)
Path Group: asynchronous
Path Type: max

Fanout         Cap        Slew       Delay        Time   Description
---------------------------------------------------------------------------------------------
                                  0.000000    0.000000   clock clk (rise edge)
                                  0.000000    0.000000   clock network delay (propagated)
                                  1.000000    1.000000 ^ input external delay
     1    0.002648    0.019761    0.009762    1.009762 ^ res_n (in)
                                                         res_n (net)
                      0.019761    0.000000    1.009762 ^ input23/A (sky130_fd_sc_hd__buf_1)
     3    0.010538    0.130719    0.133275    1.143036 ^ input23/X (sky130_fd_sc_hd__buf_1)
                                                         net23 (net)
                      0.130719    0.000022    1.143058 ^ fanout54/A (sky130_fd_sc_hd__clkbuf_2)
     5    0.022642    0.128536    0.195434    1.338493 ^ fanout54/X (sky130_fd_sc_hd__clkbuf_2)
                                                         net54 (net)
                      0.128536    0.000097    1.338589 ^ _281_/RESET_B (sky130_fd_sc_hd__dfrtp_1)
                                              1.338589   data arrival time

                                  5.000000    5.000000   clock clk (rise edge)
                                  0.000000    5.000000   clock source latency
     1    0.011467    0.057956    0.038764    5.038764 ^ clk (in)
                                                         clk (net)
                      0.057957    0.000000    5.038764 ^ clkbuf_0_clk/A (sky130_fd_sc_hd__clkbuf_16)
     4    0.037315    0.057438    0.144765    5.183528 ^ clkbuf_0_clk/X (sky130_fd_sc_hd__clkbuf_16)
                                                         clknet_0_clk (net)
                      0.057438    0.000171    5.183700 ^ clkbuf_2_0__f_clk/A (sky130_fd_sc_hd__clkbuf_16)
    13    0.034127    0.054652    0.142187    5.325887 ^ clkbuf_2_0__f_clk/X (sky130_fd_sc_hd__clkbuf_16)
                                                         clknet_2_0__leaf_clk (net)
                      0.054652    0.000102    5.325989 ^ _281_/CLK (sky130_fd_sc_hd__dfrtp_1)
                                 -0.250000    5.075989   clock uncertainty
                                  0.000000    5.075989   clock reconvergence pessimism
                                  0.211697    5.287686   library recovery time
                                              5.287686   data required time
---------------------------------------------------------------------------------------------
                                              5.287686   data required time
                                             -1.338589   data arrival time
---------------------------------------------------------------------------------------------
                                              3.949097   slack (MET)


Startpoint: res_n (input port clocked by clk)
Endpoint: _297_ (recovery check against rising-edge clock clk)
Path Group: asynchronous
Path Type: max

Fanout         Cap        Slew       Delay        Time   Description
---------------------------------------------------------------------------------------------
                                  0.000000    0.000000   clock clk (rise edge)
                                  0.000000    0.000000   clock network delay (propagated)
                                  1.000000    1.000000 ^ input external delay
     1    0.002648    0.019761    0.009762    1.009762 ^ res_n (in)
                                                         res_n (net)
                      0.019761    0.000000    1.009762 ^ input23/A (sky130_fd_sc_hd__buf_1)
     3    0.010538    0.130719    0.133275    1.143036 ^ input23/X (sky130_fd_sc_hd__buf_1)
                                                         net23 (net)
                      0.130719    0.000022    1.143058 ^ fanout54/A (sky130_fd_sc_hd__clkbuf_2)
     5    0.022642    0.128536    0.195434    1.338493 ^ fanout54/X (sky130_fd_sc_hd__clkbuf_2)
                                                         net54 (net)
                      0.128536    0.000012    1.338505 ^ _297_/RESET_B (sky130_fd_sc_hd__dfrtp_1)
                                              1.338505   data arrival time

                                  5.000000    5.000000   clock clk (rise edge)
                                  0.000000    5.000000   clock source latency
     1    0.011467    0.057956    0.038764    5.038764 ^ clk (in)
                                                         clk (net)
                      0.057957    0.000000    5.038764 ^ clkbuf_0_clk/A (sky130_fd_sc_hd__clkbuf_16)
     4    0.037315    0.057438    0.144765    5.183528 ^ clkbuf_0_clk/X (sky130_fd_sc_hd__clkbuf_16)
                                                         clknet_0_clk (net)
                      0.057438    0.000171    5.183700 ^ clkbuf_2_0__f_clk/A (sky130_fd_sc_hd__clkbuf_16)
    13    0.034127    0.054652    0.142187    5.325887 ^ clkbuf_2_0__f_clk/X (sky130_fd_sc_hd__clkbuf_16)
                                                         clknet_2_0__leaf_clk (net)
                      0.054652    0.000120    5.326007 ^ _297_/CLK (sky130_fd_sc_hd__dfrtp_1)
                                 -0.250000    5.076007   clock uncertainty
                                  0.000000    5.076007   clock reconvergence pessimism
                                  0.211697    5.287704   library recovery time
                                              5.287704   data required time
---------------------------------------------------------------------------------------------
                                              5.287704   data required time
                                             -1.338505   data arrival time
---------------------------------------------------------------------------------------------
                                              3.949199   slack (MET)



