
===========================================================================
report_checks -path_delay max (Setup)
============================================================================
======================= max_ff_n40C_1v95 Corner ===================================

Startpoint: _0796_ (rising edge-triggered flip-flop clocked by clk)
Endpoint: PSEL1 (output port clocked by clk)
Path Group: clk
Path Type: max

Fanout         Cap        Slew       Delay        Time   Description
---------------------------------------------------------------------------------------------
                                  0.000000    0.000000   clock clk (rise edge)
                                  0.000000    0.000000   clock source latency
     1    0.016820    0.060981    0.042209    0.042209 ^ clk (in)
                                                         clk (net)
                      0.061053    0.000000    0.042209 ^ clkbuf_0_clk/A (sky130_fd_sc_hd__clkbuf_16)
     2    0.019386    0.030991    0.092220    0.134430 ^ clkbuf_0_clk/X (sky130_fd_sc_hd__clkbuf_16)
                                                         clknet_0_clk (net)
                      0.031007    0.001126    0.135556 ^ clkbuf_1_1__f_clk/A (sky130_fd_sc_hd__clkbuf_16)
    10    0.036003    0.042228    0.094438    0.229994 ^ clkbuf_1_1__f_clk/X (sky130_fd_sc_hd__clkbuf_16)
                                                         clknet_1_1__leaf_clk (net)
                      0.042328    0.001471    0.231465 ^ _0796_/CLK (sky130_fd_sc_hd__dfrtp_1)
     5    0.015801    0.067247    0.267345    0.498810 v _0796_/Q (sky130_fd_sc_hd__dfrtp_1)
                                                         current_state[1] (net)
                      0.067251    0.000551    0.499361 v fanout242/A (sky130_fd_sc_hd__clkbuf_2)
    10    0.028911    0.078568    0.131234    0.630595 v fanout242/X (sky130_fd_sc_hd__clkbuf_2)
                                                         net242 (net)
                      0.078619    0.001823    0.632418 v _0438_/A (sky130_fd_sc_hd__or4b_4)
     6    0.020902    0.079330    0.364592    0.997010 v _0438_/X (sky130_fd_sc_hd__or4b_4)
                                                         _0125_ (net)
                      0.079330    0.001441    0.998450 v _0439_/A (sky130_fd_sc_hd__inv_2)
     1    0.004988    0.031931    0.049913    1.048363 ^ _0439_/Y (sky130_fd_sc_hd__inv_2)
                                                         net88 (net)
                      0.031932    0.000381    1.048745 ^ fanout181/A (sky130_fd_sc_hd__clkbuf_2)
     8    0.032816    0.139424    0.141717    1.190462 ^ fanout181/X (sky130_fd_sc_hd__clkbuf_2)
                                                         net181 (net)
                      0.139444    0.001383    1.191845 ^ fanout180/A (sky130_fd_sc_hd__clkbuf_4)
    10    0.054907    0.129189    0.183045    1.374890 ^ fanout180/X (sky130_fd_sc_hd__clkbuf_4)
                                                         net180 (net)
                      0.129408    0.004376    1.379266 ^ _0443_/A (sky130_fd_sc_hd__nor2_2)
     6    0.026244    0.065556    0.070555    1.449821 v _0443_/Y (sky130_fd_sc_hd__nor2_2)
                                                         _0129_ (net)
                      0.065605    0.001426    1.451247 v _0446_/A2 (sky130_fd_sc_hd__a211oi_1)
     1    0.007556    0.218663    0.231385    1.682632 ^ _0446_/Y (sky130_fd_sc_hd__a211oi_1)
                                                         net67 (net)
                      0.218663    0.000621    1.683253 ^ output67/A (sky130_fd_sc_hd__buf_2)
     1    0.036600    0.136386    0.174453    1.857706 ^ output67/X (sky130_fd_sc_hd__buf_2)
                                                         PSEL1 (net)
                      0.136487    0.002275    1.859980 ^ PSEL1 (out)
                                              1.859980   data arrival time

                                 20.000000   20.000000   clock clk (rise edge)
                                  0.000000   20.000000   clock network delay (propagated)
                                 -0.250000   19.750002   clock uncertainty
                                  0.000000   19.750002   clock reconvergence pessimism
                                 -4.000000   15.750001   output external delay
                                             15.750001   data required time
---------------------------------------------------------------------------------------------
                                             15.750001   data required time
                                             -1.859980   data arrival time
---------------------------------------------------------------------------------------------
                                             13.890020   slack (MET)


Startpoint: _0796_ (rising edge-triggered flip-flop clocked by clk)
Endpoint: PSEL3 (output port clocked by clk)
Path Group: clk
Path Type: max

Fanout         Cap        Slew       Delay        Time   Description
---------------------------------------------------------------------------------------------
                                  0.000000    0.000000   clock clk (rise edge)
                                  0.000000    0.000000   clock source latency
     1    0.016820    0.060981    0.042209    0.042209 ^ clk (in)
                                                         clk (net)
                      0.061053    0.000000    0.042209 ^ clkbuf_0_clk/A (sky130_fd_sc_hd__clkbuf_16)
     2    0.019386    0.030991    0.092220    0.134430 ^ clkbuf_0_clk/X (sky130_fd_sc_hd__clkbuf_16)
                                                         clknet_0_clk (net)
                      0.031007    0.001126    0.135556 ^ clkbuf_1_1__f_clk/A (sky130_fd_sc_hd__clkbuf_16)
    10    0.036003    0.042228    0.094438    0.229994 ^ clkbuf_1_1__f_clk/X (sky130_fd_sc_hd__clkbuf_16)
                                                         clknet_1_1__leaf_clk (net)
                      0.042328    0.001471    0.231465 ^ _0796_/CLK (sky130_fd_sc_hd__dfrtp_1)
     5    0.015801    0.067247    0.267345    0.498810 v _0796_/Q (sky130_fd_sc_hd__dfrtp_1)
                                                         current_state[1] (net)
                      0.067251    0.000551    0.499361 v fanout242/A (sky130_fd_sc_hd__clkbuf_2)
    10    0.028911    0.078568    0.131234    0.630595 v fanout242/X (sky130_fd_sc_hd__clkbuf_2)
                                                         net242 (net)
                      0.078619    0.001823    0.632418 v _0438_/A (sky130_fd_sc_hd__or4b_4)
     6    0.020902    0.079330    0.364592    0.997010 v _0438_/X (sky130_fd_sc_hd__or4b_4)
                                                         _0125_ (net)
                      0.079330    0.001441    0.998450 v _0439_/A (sky130_fd_sc_hd__inv_2)
     1    0.004988    0.031931    0.049913    1.048363 ^ _0439_/Y (sky130_fd_sc_hd__inv_2)
                                                         net88 (net)
                      0.031932    0.000381    1.048745 ^ fanout181/A (sky130_fd_sc_hd__clkbuf_2)
     8    0.032816    0.139424    0.141717    1.190462 ^ fanout181/X (sky130_fd_sc_hd__clkbuf_2)
                                                         net181 (net)
                      0.139444    0.001383    1.191845 ^ fanout180/A (sky130_fd_sc_hd__clkbuf_4)
    10    0.054907    0.129189    0.183045    1.374890 ^ fanout180/X (sky130_fd_sc_hd__clkbuf_4)
                                                         net180 (net)
                      0.129408    0.004376    1.379266 ^ _0443_/A (sky130_fd_sc_hd__nor2_2)
     6    0.026244    0.065556    0.070555    1.449821 v _0443_/Y (sky130_fd_sc_hd__nor2_2)
                                                         _0129_ (net)
                      0.065607    0.001459    1.451281 v _0445_/B (sky130_fd_sc_hd__nand2_1)
     4    0.010204    0.080347    0.091363    1.542644 ^ _0445_/Y (sky130_fd_sc_hd__nand2_1)
                                                         _0131_ (net)
                      0.080348    0.000284    1.542928 ^ _0448_/C (sky130_fd_sc_hd__and3b_1)
     1    0.006081    0.056486    0.115620    1.658548 ^ _0448_/X (sky130_fd_sc_hd__and3b_1)
                                                         net69 (net)
                      0.056489    0.000449    1.658996 ^ output69/A (sky130_fd_sc_hd__buf_2)
     1    0.036549    0.136431    0.149206    1.808202 ^ output69/X (sky130_fd_sc_hd__buf_2)
                                                         PSEL3 (net)
                      0.136485    0.002252    1.810454 ^ PSEL3 (out)
                                              1.810454   data arrival time

                                 20.000000   20.000000   clock clk (rise edge)
                                  0.000000   20.000000   clock network delay (propagated)
                                 -0.250000   19.750002   clock uncertainty
                                  0.000000   19.750002   clock reconvergence pessimism
                                 -4.000000   15.750001   output external delay
                                             15.750001   data required time
---------------------------------------------------------------------------------------------
                                             15.750001   data required time
                                             -1.810454   data arrival time
---------------------------------------------------------------------------------------------
                                             13.939547   slack (MET)


Startpoint: _0796_ (rising edge-triggered flip-flop clocked by clk)
Endpoint: PSEL2 (output port clocked by clk)
Path Group: clk
Path Type: max

Fanout         Cap        Slew       Delay        Time   Description
---------------------------------------------------------------------------------------------
                                  0.000000    0.000000   clock clk (rise edge)
                                  0.000000    0.000000   clock source latency
     1    0.016820    0.060981    0.042209    0.042209 ^ clk (in)
                                                         clk (net)
                      0.061053    0.000000    0.042209 ^ clkbuf_0_clk/A (sky130_fd_sc_hd__clkbuf_16)
     2    0.019386    0.030991    0.092220    0.134430 ^ clkbuf_0_clk/X (sky130_fd_sc_hd__clkbuf_16)
                                                         clknet_0_clk (net)
                      0.031007    0.001126    0.135556 ^ clkbuf_1_1__f_clk/A (sky130_fd_sc_hd__clkbuf_16)
    10    0.036003    0.042228    0.094438    0.229994 ^ clkbuf_1_1__f_clk/X (sky130_fd_sc_hd__clkbuf_16)
                                                         clknet_1_1__leaf_clk (net)
                      0.042328    0.001471    0.231465 ^ _0796_/CLK (sky130_fd_sc_hd__dfrtp_1)
     5    0.015801    0.067247    0.267345    0.498810 v _0796_/Q (sky130_fd_sc_hd__dfrtp_1)
                                                         current_state[1] (net)
                      0.067251    0.000551    0.499361 v fanout242/A (sky130_fd_sc_hd__clkbuf_2)
    10    0.028911    0.078568    0.131234    0.630595 v fanout242/X (sky130_fd_sc_hd__clkbuf_2)
                                                         net242 (net)
                      0.078619    0.001823    0.632418 v _0438_/A (sky130_fd_sc_hd__or4b_4)
     6    0.020902    0.079330    0.364592    0.997010 v _0438_/X (sky130_fd_sc_hd__or4b_4)
                                                         _0125_ (net)
                      0.079330    0.001441    0.998450 v _0439_/A (sky130_fd_sc_hd__inv_2)
     1    0.004988    0.031931    0.049913    1.048363 ^ _0439_/Y (sky130_fd_sc_hd__inv_2)
                                                         net88 (net)
                      0.031932    0.000381    1.048745 ^ fanout181/A (sky130_fd_sc_hd__clkbuf_2)
     8    0.032816    0.139424    0.141717    1.190462 ^ fanout181/X (sky130_fd_sc_hd__clkbuf_2)
                                                         net181 (net)
                      0.139444    0.001383    1.191845 ^ fanout180/A (sky130_fd_sc_hd__clkbuf_4)
    10    0.054907    0.129189    0.183045    1.374890 ^ fanout180/X (sky130_fd_sc_hd__clkbuf_4)
                                                         net180 (net)
                      0.129408    0.004376    1.379266 ^ _0443_/A (sky130_fd_sc_hd__nor2_2)
     6    0.026244    0.065556    0.070555    1.449821 v _0443_/Y (sky130_fd_sc_hd__nor2_2)
                                                         _0129_ (net)
                      0.065607    0.001459    1.451281 v _0445_/B (sky130_fd_sc_hd__nand2_1)
     4    0.010204    0.080347    0.091363    1.542644 ^ _0445_/Y (sky130_fd_sc_hd__nand2_1)
                                                         _0131_ (net)
                      0.080352    0.000503    1.543147 ^ _0447_/B (sky130_fd_sc_hd__and3b_1)
     1    0.003865    0.041725    0.102478    1.645625 ^ _0447_/X (sky130_fd_sc_hd__and3b_1)
                                                         net68 (net)
                      0.041726    0.000234    1.645859 ^ output68/A (sky130_fd_sc_hd__buf_2)
     1    0.035311    0.131594    0.142243    1.788102 ^ output68/X (sky130_fd_sc_hd__buf_2)
                                                         PSEL2 (net)
                      0.131634    0.001908    1.790010 ^ PSEL2 (out)
                                              1.790010   data arrival time

                                 20.000000   20.000000   clock clk (rise edge)
                                  0.000000   20.000000   clock network delay (propagated)
                                 -0.250000   19.750002   clock uncertainty
                                  0.000000   19.750002   clock reconvergence pessimism
                                 -4.000000   15.750001   output external delay
                                             15.750001   data required time
---------------------------------------------------------------------------------------------
                                             15.750001   data required time
                                             -1.790010   data arrival time
---------------------------------------------------------------------------------------------
                                             13.959991   slack (MET)


Startpoint: _0796_ (rising edge-triggered flip-flop clocked by clk)
Endpoint: PSEL4 (output port clocked by clk)
Path Group: clk
Path Type: max

Fanout         Cap        Slew       Delay        Time   Description
---------------------------------------------------------------------------------------------
                                  0.000000    0.000000   clock clk (rise edge)
                                  0.000000    0.000000   clock source latency
     1    0.016820    0.060981    0.042209    0.042209 ^ clk (in)
                                                         clk (net)
                      0.061053    0.000000    0.042209 ^ clkbuf_0_clk/A (sky130_fd_sc_hd__clkbuf_16)
     2    0.019386    0.030991    0.092220    0.134430 ^ clkbuf_0_clk/X (sky130_fd_sc_hd__clkbuf_16)
                                                         clknet_0_clk (net)
                      0.031007    0.001126    0.135556 ^ clkbuf_1_1__f_clk/A (sky130_fd_sc_hd__clkbuf_16)
    10    0.036003    0.042228    0.094438    0.229994 ^ clkbuf_1_1__f_clk/X (sky130_fd_sc_hd__clkbuf_16)
                                                         clknet_1_1__leaf_clk (net)
                      0.042328    0.001471    0.231465 ^ _0796_/CLK (sky130_fd_sc_hd__dfrtp_1)
     5    0.015801    0.067247    0.267345    0.498810 v _0796_/Q (sky130_fd_sc_hd__dfrtp_1)
                                                         current_state[1] (net)
                      0.067251    0.000551    0.499361 v fanout242/A (sky130_fd_sc_hd__clkbuf_2)
    10    0.028911    0.078568    0.131234    0.630595 v fanout242/X (sky130_fd_sc_hd__clkbuf_2)
                                                         net242 (net)
                      0.078619    0.001823    0.632418 v _0438_/A (sky130_fd_sc_hd__or4b_4)
     6    0.020902    0.079330    0.364592    0.997010 v _0438_/X (sky130_fd_sc_hd__or4b_4)
                                                         _0125_ (net)
                      0.079330    0.001441    0.998450 v _0439_/A (sky130_fd_sc_hd__inv_2)
     1    0.004988    0.031931    0.049913    1.048363 ^ _0439_/Y (sky130_fd_sc_hd__inv_2)
                                                         net88 (net)
                      0.031932    0.000381    1.048745 ^ fanout181/A (sky130_fd_sc_hd__clkbuf_2)
     8    0.032816    0.139424    0.141717    1.190462 ^ fanout181/X (sky130_fd_sc_hd__clkbuf_2)
                                                         net181 (net)
                      0.139444    0.001383    1.191845 ^ fanout180/A (sky130_fd_sc_hd__clkbuf_4)
    10    0.054907    0.129189    0.183045    1.374890 ^ fanout180/X (sky130_fd_sc_hd__clkbuf_4)
                                                         net180 (net)
                      0.129408    0.004376    1.379266 ^ _0443_/A (sky130_fd_sc_hd__nor2_2)
     6    0.026244    0.065556    0.070555    1.449821 v _0443_/Y (sky130_fd_sc_hd__nor2_2)
                                                         _0129_ (net)
                      0.065607    0.001459    1.451281 v _0445_/B (sky130_fd_sc_hd__nand2_1)
     4    0.010204    0.080347    0.091363    1.542644 ^ _0445_/Y (sky130_fd_sc_hd__nand2_1)
                                                         _0131_ (net)
                      0.080352    0.000516    1.543161 ^ _0449_/C (sky130_fd_sc_hd__and3_1)
     1    0.002502    0.032963    0.094101    1.637262 ^ _0449_/X (sky130_fd_sc_hd__and3_1)
                                                         net70 (net)
                      0.032963    0.000169    1.637430 ^ output70/A (sky130_fd_sc_hd__buf_2)
     1    0.034240    0.127827    0.137137    1.774567 ^ output70/X (sky130_fd_sc_hd__buf_2)
                                                         PSEL4 (net)
                      0.127857    0.001628    1.776196 ^ PSEL4 (out)
                                              1.776196   data arrival time

                                 20.000000   20.000000   clock clk (rise edge)
                                  0.000000   20.000000   clock network delay (propagated)
                                 -0.250000   19.750002   clock uncertainty
                                  0.000000   19.750002   clock reconvergence pessimism
                                 -4.000000   15.750001   output external delay
                                             15.750001   data required time
---------------------------------------------------------------------------------------------
                                             15.750001   data required time
                                             -1.776196   data arrival time
---------------------------------------------------------------------------------------------
                                             13.973804   slack (MET)


Startpoint: _0796_ (rising edge-triggered flip-flop clocked by clk)
Endpoint: PWRITE (output port clocked by clk)
Path Group: clk
Path Type: max

Fanout         Cap        Slew       Delay        Time   Description
---------------------------------------------------------------------------------------------
                                  0.000000    0.000000   clock clk (rise edge)
                                  0.000000    0.000000   clock source latency
     1    0.016820    0.060981    0.042209    0.042209 ^ clk (in)
                                                         clk (net)
                      0.061053    0.000000    0.042209 ^ clkbuf_0_clk/A (sky130_fd_sc_hd__clkbuf_16)
     2    0.019386    0.030991    0.092220    0.134430 ^ clkbuf_0_clk/X (sky130_fd_sc_hd__clkbuf_16)
                                                         clknet_0_clk (net)
                      0.031007    0.001126    0.135556 ^ clkbuf_1_1__f_clk/A (sky130_fd_sc_hd__clkbuf_16)
    10    0.036003    0.042228    0.094438    0.229994 ^ clkbuf_1_1__f_clk/X (sky130_fd_sc_hd__clkbuf_16)
                                                         clknet_1_1__leaf_clk (net)
                      0.042328    0.001471    0.231465 ^ _0796_/CLK (sky130_fd_sc_hd__dfrtp_1)
     5    0.015801    0.067247    0.267345    0.498810 v _0796_/Q (sky130_fd_sc_hd__dfrtp_1)
                                                         current_state[1] (net)
                      0.067251    0.000551    0.499361 v fanout242/A (sky130_fd_sc_hd__clkbuf_2)
    10    0.028911    0.078568    0.131234    0.630595 v fanout242/X (sky130_fd_sc_hd__clkbuf_2)
                                                         net242 (net)
                      0.078619    0.001823    0.632418 v _0438_/A (sky130_fd_sc_hd__or4b_4)
     6    0.020902    0.079330    0.364592    0.997010 v _0438_/X (sky130_fd_sc_hd__or4b_4)
                                                         _0125_ (net)
                      0.079330    0.001441    0.998450 v _0439_/A (sky130_fd_sc_hd__inv_2)
     1    0.004988    0.031931    0.049913    1.048363 ^ _0439_/Y (sky130_fd_sc_hd__inv_2)
                                                         net88 (net)
                      0.031932    0.000381    1.048745 ^ fanout181/A (sky130_fd_sc_hd__clkbuf_2)
     8    0.032816    0.139424    0.141717    1.190462 ^ fanout181/X (sky130_fd_sc_hd__clkbuf_2)
                                                         net181 (net)
                      0.139444    0.001383    1.191845 ^ fanout180/A (sky130_fd_sc_hd__clkbuf_4)
    10    0.054907    0.129189    0.183045    1.374890 ^ fanout180/X (sky130_fd_sc_hd__clkbuf_4)
                                                         net180 (net)
                      0.129408    0.004376    1.379266 ^ _0443_/A (sky130_fd_sc_hd__nor2_2)
     6    0.026244    0.065556    0.070555    1.449821 v _0443_/Y (sky130_fd_sc_hd__nor2_2)
                                                         _0129_ (net)
                      0.065607    0.001459    1.451281 v _0445_/B (sky130_fd_sc_hd__nand2_1)
     4    0.010204    0.080347    0.091363    1.542644 ^ _0445_/Y (sky130_fd_sc_hd__nand2_1)
                                                         _0131_ (net)
                      0.080351    0.000473    1.543117 ^ _0450_/B (sky130_fd_sc_hd__and2_1)
     1    0.002372    0.030483    0.079250    1.622367 ^ _0450_/X (sky130_fd_sc_hd__and2_1)
                                                         net87 (net)
                      0.030483    0.000162    1.622529 ^ output87/A (sky130_fd_sc_hd__buf_2)
     1    0.034894    0.130146    0.137876    1.760405 ^ output87/X (sky130_fd_sc_hd__buf_2)
                                                         PWRITE (net)
                      0.130182    0.001804    1.762208 ^ PWRITE (out)
                                              1.762208   data arrival time

                                 20.000000   20.000000   clock clk (rise edge)
                                  0.000000   20.000000   clock network delay (propagated)
                                 -0.250000   19.750002   clock uncertainty
                                  0.000000   19.750002   clock reconvergence pessimism
                                 -4.000000   15.750001   output external delay
                                             15.750001   data required time
---------------------------------------------------------------------------------------------
                                             15.750001   data required time
                                             -1.762208   data arrival time
---------------------------------------------------------------------------------------------
                                             13.987793   slack (MET)


Startpoint: _0798_ (rising edge-triggered flip-flop clocked by clk)
Endpoint: rlast (output port clocked by clk)
Path Group: clk
Path Type: max

Fanout         Cap        Slew       Delay        Time   Description
---------------------------------------------------------------------------------------------
                                  0.000000    0.000000   clock clk (rise edge)
                                  0.000000    0.000000   clock source latency
     1    0.016820    0.060981    0.042209    0.042209 ^ clk (in)
                                                         clk (net)
                      0.061053    0.000000    0.042209 ^ clkbuf_0_clk/A (sky130_fd_sc_hd__clkbuf_16)
     2    0.019386    0.030991    0.092220    0.134430 ^ clkbuf_0_clk/X (sky130_fd_sc_hd__clkbuf_16)
                                                         clknet_0_clk (net)
                      0.031007    0.001126    0.135556 ^ clkbuf_1_1__f_clk/A (sky130_fd_sc_hd__clkbuf_16)
    10    0.036003    0.042228    0.094438    0.229994 ^ clkbuf_1_1__f_clk/X (sky130_fd_sc_hd__clkbuf_16)
                                                         clknet_1_1__leaf_clk (net)
                      0.042346    0.001648    0.231642 ^ _0798_/CLK (sky130_fd_sc_hd__dfrtp_1)
     3    0.014082    0.062125    0.262714    0.494356 v _0798_/Q (sky130_fd_sc_hd__dfrtp_1)
                                                         current_state[3] (net)
                      0.062127    0.000470    0.494826 v fanout240/A (sky130_fd_sc_hd__clkbuf_2)
    10    0.028230    0.076910    0.127689    0.622516 v fanout240/X (sky130_fd_sc_hd__clkbuf_2)
                                                         net240 (net)
                      0.076960    0.001791    0.624307 v _0453_/B (sky130_fd_sc_hd__or4bb_1)
     1    0.003648    0.055635    0.283570    0.907877 v _0453_/X (sky130_fd_sc_hd__or4bb_1)
                                                         _0133_ (net)
                      0.055635    0.000269    0.908146 v fanout187/A (sky130_fd_sc_hd__clkbuf_4)
    10    0.054626    0.082517    0.152927    1.061073 v fanout187/X (sky130_fd_sc_hd__clkbuf_4)
                                                         net187 (net)
                      0.082816    0.003923    1.064995 v _0454_/A (sky130_fd_sc_hd__inv_2)
    10    0.041810    0.145166    0.138434    1.203430 ^ _0454_/Y (sky130_fd_sc_hd__inv_2)
                                                         net109 (net)
                      0.145311    0.003795    1.207224 ^ _0455_/B (sky130_fd_sc_hd__and2_1)
     1    0.002860    0.034670    0.090529    1.297754 ^ _0455_/X (sky130_fd_sc_hd__and2_1)
                                                         net108 (net)
                      0.034670    0.000188    1.297942 ^ output108/A (sky130_fd_sc_hd__buf_2)
     1    0.034505    0.128761    0.138287    1.436229 ^ output108/X (sky130_fd_sc_hd__buf_2)
                                                         rlast (net)
                      0.128792    0.001669    1.437899 ^ rlast (out)
                                              1.437899   data arrival time

                                 20.000000   20.000000   clock clk (rise edge)
                                  0.000000   20.000000   clock network delay (propagated)
                                 -0.250000   19.750002   clock uncertainty
                                  0.000000   19.750002   clock reconvergence pessimism
                                 -4.000000   15.750001   output external delay
                                             15.750001   data required time
---------------------------------------------------------------------------------------------
                                             15.750001   data required time
                                             -1.437899   data arrival time
---------------------------------------------------------------------------------------------
                                             14.312102   slack (MET)


Startpoint: _0798_ (rising edge-triggered flip-flop clocked by clk)
Endpoint: rvalid (output port clocked by clk)
Path Group: clk
Path Type: max

Fanout         Cap        Slew       Delay        Time   Description
---------------------------------------------------------------------------------------------
                                  0.000000    0.000000   clock clk (rise edge)
                                  0.000000    0.000000   clock source latency
     1    0.016820    0.060981    0.042209    0.042209 ^ clk (in)
                                                         clk (net)
                      0.061053    0.000000    0.042209 ^ clkbuf_0_clk/A (sky130_fd_sc_hd__clkbuf_16)
     2    0.019386    0.030991    0.092220    0.134430 ^ clkbuf_0_clk/X (sky130_fd_sc_hd__clkbuf_16)
                                                         clknet_0_clk (net)
                      0.031007    0.001126    0.135556 ^ clkbuf_1_1__f_clk/A (sky130_fd_sc_hd__clkbuf_16)
    10    0.036003    0.042228    0.094438    0.229994 ^ clkbuf_1_1__f_clk/X (sky130_fd_sc_hd__clkbuf_16)
                                                         clknet_1_1__leaf_clk (net)
                      0.042346    0.001648    0.231642 ^ _0798_/CLK (sky130_fd_sc_hd__dfrtp_1)
     3    0.014082    0.062125    0.262714    0.494356 v _0798_/Q (sky130_fd_sc_hd__dfrtp_1)
                                                         current_state[3] (net)
                      0.062127    0.000470    0.494826 v fanout240/A (sky130_fd_sc_hd__clkbuf_2)
    10    0.028230    0.076910    0.127689    0.622516 v fanout240/X (sky130_fd_sc_hd__clkbuf_2)
                                                         net240 (net)
                      0.076960    0.001791    0.624307 v _0453_/B (sky130_fd_sc_hd__or4bb_1)
     1    0.003648    0.055635    0.283570    0.907877 v _0453_/X (sky130_fd_sc_hd__or4bb_1)
                                                         _0133_ (net)
                      0.055635    0.000269    0.908146 v fanout187/A (sky130_fd_sc_hd__clkbuf_4)
    10    0.054626    0.082517    0.152927    1.061073 v fanout187/X (sky130_fd_sc_hd__clkbuf_4)
                                                         net187 (net)
                      0.082816    0.003923    1.064995 v _0454_/A (sky130_fd_sc_hd__inv_2)
    10    0.041810    0.145166    0.138434    1.203430 ^ _0454_/Y (sky130_fd_sc_hd__inv_2)
                                                         net109 (net)
                      0.145378    0.004567    1.207997 ^ _1110_/A (sky130_fd_sc_hd__clkbuf_1)
     1    0.002724    0.032926    0.060062    1.268059 ^ _1110_/X (sky130_fd_sc_hd__clkbuf_1)
                                                         net110 (net)
                      0.032927    0.000187    1.268246 ^ output110/A (sky130_fd_sc_hd__buf_2)
     1    0.034481    0.128683    0.137702    1.405948 ^ output110/X (sky130_fd_sc_hd__buf_2)
                                                         rvalid (net)
                      0.128714    0.001669    1.407617 ^ rvalid (out)
                                              1.407617   data arrival time

                                 20.000000   20.000000   clock clk (rise edge)
                                  0.000000   20.000000   clock network delay (propagated)
                                 -0.250000   19.750002   clock uncertainty
                                  0.000000   19.750002   clock reconvergence pessimism
                                 -4.000000   15.750001   output external delay
                                             15.750001   data required time
---------------------------------------------------------------------------------------------
                                             15.750001   data required time
                                             -1.407617   data arrival time
---------------------------------------------------------------------------------------------
                                             14.342383   slack (MET)


Startpoint: _0795_ (rising edge-triggered flip-flop clocked by clk)
Endpoint: PENABLE (output port clocked by clk)
Path Group: clk
Path Type: max

Fanout         Cap        Slew       Delay        Time   Description
---------------------------------------------------------------------------------------------
                                  0.000000    0.000000   clock clk (rise edge)
                                  0.000000    0.000000   clock source latency
     1    0.016820    0.060981    0.042209    0.042209 ^ clk (in)
                                                         clk (net)
                      0.061053    0.000000    0.042209 ^ clkbuf_0_clk/A (sky130_fd_sc_hd__clkbuf_16)
     2    0.019386    0.030991    0.092220    0.134430 ^ clkbuf_0_clk/X (sky130_fd_sc_hd__clkbuf_16)
                                                         clknet_0_clk (net)
                      0.031010    0.001237    0.135667 ^ clkbuf_1_0__f_clk/A (sky130_fd_sc_hd__clkbuf_16)
    10    0.030098    0.038443    0.090341    0.226008 ^ clkbuf_1_0__f_clk/X (sky130_fd_sc_hd__clkbuf_16)
                                                         clknet_1_0__leaf_clk (net)
                      0.038597    0.001864    0.227872 ^ _0795_/CLK (sky130_fd_sc_hd__dfrtp_1)
     2    0.009795    0.051125    0.249074    0.476947 v _0795_/Q (sky130_fd_sc_hd__dfrtp_1)
                                                         current_state[0] (net)
                      0.051130    0.000534    0.477480 v fanout243/A (sky130_fd_sc_hd__clkbuf_2)
    10    0.028291    0.076985    0.123488    0.600968 v fanout243/X (sky130_fd_sc_hd__clkbuf_2)
                                                         net243 (net)
                      0.077123    0.002459    0.603427 v _0399_/A (sky130_fd_sc_hd__or3b_1)
     4    0.012753    0.078829    0.268951    0.872378 v _0399_/X (sky130_fd_sc_hd__or3b_1)
                                                         _0102_ (net)
                      0.078832    0.000600    0.872978 v _0400_/B (sky130_fd_sc_hd__nor2_1)
     1    0.004157    0.071967    0.084522    0.957500 ^ _0400_/Y (sky130_fd_sc_hd__nor2_1)
                                                         _0103_ (net)
                      0.071967    0.000263    0.957763 ^ fanout183/A (sky130_fd_sc_hd__clkbuf_4)
     9    0.065284    0.151245    0.181684    1.139447 ^ fanout183/X (sky130_fd_sc_hd__clkbuf_4)
                                                         net183 (net)
                      0.151359    0.003449    1.142897 ^ _0451_/A (sky130_fd_sc_hd__or2_1)
     1    0.005053    0.044621    0.089619    1.232515 ^ _0451_/X (sky130_fd_sc_hd__or2_1)
                                                         net66 (net)
                      0.044623    0.000356    1.232871 ^ output66/A (sky130_fd_sc_hd__buf_2)
     1    0.034974    0.130391    0.142338    1.375209 ^ output66/X (sky130_fd_sc_hd__buf_2)
                                                         PENABLE (net)
                      0.130429    0.001830    1.377039 ^ PENABLE (out)
                                              1.377039   data arrival time

                                 20.000000   20.000000   clock clk (rise edge)
                                  0.000000   20.000000   clock network delay (propagated)
                                 -0.250000   19.750002   clock uncertainty
                                  0.000000   19.750002   clock reconvergence pessimism
                                 -4.000000   15.750001   output external delay
                                             15.750001   data required time
---------------------------------------------------------------------------------------------
                                             15.750001   data required time
                                             -1.377039   data arrival time
---------------------------------------------------------------------------------------------
                                             14.372962   slack (MET)


Startpoint: _0798_ (rising edge-triggered flip-flop clocked by clk)
Endpoint: rresp (output port clocked by clk)
Path Group: clk
Path Type: max

Fanout         Cap        Slew       Delay        Time   Description
---------------------------------------------------------------------------------------------
                                  0.000000    0.000000   clock clk (rise edge)
                                  0.000000    0.000000   clock source latency
     1    0.016820    0.060981    0.042209    0.042209 ^ clk (in)
                                                         clk (net)
                      0.061053    0.000000    0.042209 ^ clkbuf_0_clk/A (sky130_fd_sc_hd__clkbuf_16)
     2    0.019386    0.030991    0.092220    0.134430 ^ clkbuf_0_clk/X (sky130_fd_sc_hd__clkbuf_16)
                                                         clknet_0_clk (net)
                      0.031007    0.001126    0.135556 ^ clkbuf_1_1__f_clk/A (sky130_fd_sc_hd__clkbuf_16)
    10    0.036003    0.042228    0.094438    0.229994 ^ clkbuf_1_1__f_clk/X (sky130_fd_sc_hd__clkbuf_16)
                                                         clknet_1_1__leaf_clk (net)
                      0.042346    0.001648    0.231642 ^ _0798_/CLK (sky130_fd_sc_hd__dfrtp_1)
     3    0.014082    0.062125    0.262714    0.494356 v _0798_/Q (sky130_fd_sc_hd__dfrtp_1)
                                                         current_state[3] (net)
                      0.062127    0.000470    0.494826 v fanout240/A (sky130_fd_sc_hd__clkbuf_2)
    10    0.028230    0.076910    0.127689    0.622516 v fanout240/X (sky130_fd_sc_hd__clkbuf_2)
                                                         net240 (net)
                      0.076960    0.001791    0.624307 v _0453_/B (sky130_fd_sc_hd__or4bb_1)
     1    0.003648    0.055635    0.283570    0.907877 v _0453_/X (sky130_fd_sc_hd__or4bb_1)
                                                         _0133_ (net)
                      0.055635    0.000269    0.908146 v fanout187/A (sky130_fd_sc_hd__clkbuf_4)
    10    0.054626    0.082517    0.152927    1.061073 v fanout187/X (sky130_fd_sc_hd__clkbuf_4)
                                                         net187 (net)
                      0.082816    0.003923    1.064995 v _0454_/A (sky130_fd_sc_hd__inv_2)
    10    0.041810    0.145166    0.138434    1.203430 ^ _0454_/Y (sky130_fd_sc_hd__inv_2)
                                                         net109 (net)
                      0.145302    0.003671    1.207101 ^ output109/A (sky130_fd_sc_hd__buf_2)
     1    0.034505    0.128765    0.162151    1.369251 ^ output109/X (sky130_fd_sc_hd__buf_2)
                                                         rresp (net)
                      0.128838    0.001670    1.370921 ^ rresp (out)
                                              1.370921   data arrival time

                                 20.000000   20.000000   clock clk (rise edge)
                                  0.000000   20.000000   clock network delay (propagated)
                                 -0.250000   19.750002   clock uncertainty
                                  0.000000   19.750002   clock reconvergence pessimism
                                 -4.000000   15.750001   output external delay
                                             15.750001   data required time
---------------------------------------------------------------------------------------------
                                             15.750001   data required time
                                             -1.370921   data arrival time
---------------------------------------------------------------------------------------------
                                             14.379080   slack (MET)


Startpoint: _0796_ (rising edge-triggered flip-flop clocked by clk)
Endpoint: arready (output port clocked by clk)
Path Group: clk
Path Type: max

Fanout         Cap        Slew       Delay        Time   Description
---------------------------------------------------------------------------------------------
                                  0.000000    0.000000   clock clk (rise edge)
                                  0.000000    0.000000   clock source latency
     1    0.016820    0.060981    0.042209    0.042209 ^ clk (in)
                                                         clk (net)
                      0.061053    0.000000    0.042209 ^ clkbuf_0_clk/A (sky130_fd_sc_hd__clkbuf_16)
     2    0.019386    0.030991    0.092220    0.134430 ^ clkbuf_0_clk/X (sky130_fd_sc_hd__clkbuf_16)
                                                         clknet_0_clk (net)
                      0.031007    0.001126    0.135556 ^ clkbuf_1_1__f_clk/A (sky130_fd_sc_hd__clkbuf_16)
    10    0.036003    0.042228    0.094438    0.229994 ^ clkbuf_1_1__f_clk/X (sky130_fd_sc_hd__clkbuf_16)
                                                         clknet_1_1__leaf_clk (net)
                      0.042328    0.001471    0.231465 ^ _0796_/CLK (sky130_fd_sc_hd__dfrtp_1)
     5    0.015801    0.067247    0.267345    0.498810 v _0796_/Q (sky130_fd_sc_hd__dfrtp_1)
                                                         current_state[1] (net)
                      0.067251    0.000551    0.499361 v fanout242/A (sky130_fd_sc_hd__clkbuf_2)
    10    0.028911    0.078568    0.131234    0.630595 v fanout242/X (sky130_fd_sc_hd__clkbuf_2)
                                                         net242 (net)
                      0.078619    0.001823    0.632418 v _0438_/A (sky130_fd_sc_hd__or4b_4)
     6    0.020902    0.079330    0.364592    0.997010 v _0438_/X (sky130_fd_sc_hd__or4b_4)
                                                         _0125_ (net)
                      0.079330    0.001441    0.998450 v _0439_/A (sky130_fd_sc_hd__inv_2)
     1    0.004988    0.031931    0.049913    1.048363 ^ _0439_/Y (sky130_fd_sc_hd__inv_2)
                                                         net88 (net)
                      0.031932    0.000381    1.048745 ^ fanout181/A (sky130_fd_sc_hd__clkbuf_2)
     8    0.032816    0.139424    0.141717    1.190462 ^ fanout181/X (sky130_fd_sc_hd__clkbuf_2)
                                                         net181 (net)
                      0.139450    0.001567    1.192029 ^ output88/A (sky130_fd_sc_hd__buf_2)
     1    0.034070    0.127215    0.160518    1.352547 ^ output88/X (sky130_fd_sc_hd__buf_2)
                                                         arready (net)
                      0.127285    0.001598    1.354145 ^ arready (out)
                                              1.354145   data arrival time

                                 20.000000   20.000000   clock clk (rise edge)
                                  0.000000   20.000000   clock network delay (propagated)
                                 -0.250000   19.750002   clock uncertainty
                                  0.000000   19.750002   clock reconvergence pessimism
                                 -4.000000   15.750001   output external delay
                                             15.750001   data required time
---------------------------------------------------------------------------------------------
                                             15.750001   data required time
                                             -1.354145   data arrival time
---------------------------------------------------------------------------------------------
                                             14.395857   slack (MET)


Startpoint: _0798_ (rising edge-triggered flip-flop clocked by clk)
Endpoint: wready (output port clocked by clk)
Path Group: clk
Path Type: max

Fanout         Cap        Slew       Delay        Time   Description
---------------------------------------------------------------------------------------------
                                  0.000000    0.000000   clock clk (rise edge)
                                  0.000000    0.000000   clock source latency
     1    0.016820    0.060981    0.042209    0.042209 ^ clk (in)
                                                         clk (net)
                      0.061053    0.000000    0.042209 ^ clkbuf_0_clk/A (sky130_fd_sc_hd__clkbuf_16)
     2    0.019386    0.030991    0.092220    0.134430 ^ clkbuf_0_clk/X (sky130_fd_sc_hd__clkbuf_16)
                                                         clknet_0_clk (net)
                      0.031007    0.001126    0.135556 ^ clkbuf_1_1__f_clk/A (sky130_fd_sc_hd__clkbuf_16)
    10    0.036003    0.042228    0.094438    0.229994 ^ clkbuf_1_1__f_clk/X (sky130_fd_sc_hd__clkbuf_16)
                                                         clknet_1_1__leaf_clk (net)
                      0.042346    0.001648    0.231642 ^ _0798_/CLK (sky130_fd_sc_hd__dfrtp_1)
     3    0.014731    0.103784    0.256813    0.488455 ^ _0798_/Q (sky130_fd_sc_hd__dfrtp_1)
                                                         current_state[3] (net)
                      0.103785    0.000498    0.488954 ^ fanout240/A (sky130_fd_sc_hd__clkbuf_2)
    10    0.030195    0.128921    0.151333    0.640287 ^ fanout240/X (sky130_fd_sc_hd__clkbuf_2)
                                                         net240 (net)
                      0.128960    0.001858    0.642145 ^ _0394_/B (sky130_fd_sc_hd__and2b_1)
     4    0.014059    0.101345    0.139448    0.781593 ^ _0394_/X (sky130_fd_sc_hd__and2b_1)
                                                         _0098_ (net)
                      0.101349    0.000744    0.782337 ^ _0395_/C_N (sky130_fd_sc_hd__or3b_2)
     4    0.017996    0.082957    0.298289    1.080626 v _0395_/X (sky130_fd_sc_hd__or3b_2)
                                                         _0099_ (net)
                      0.082978    0.001200    1.081826 v _0396_/A (sky130_fd_sc_hd__inv_2)
     3    0.015785    0.062042    0.079703    1.161529 ^ _0396_/Y (sky130_fd_sc_hd__inv_2)
                                                         net111 (net)
                      0.062078    0.001207    1.162736 ^ output111/A (sky130_fd_sc_hd__buf_2)
     1    0.034603    0.129444    0.146111    1.308846 ^ output111/X (sky130_fd_sc_hd__buf_2)
                                                         wready (net)
                      0.129476    0.001678    1.310525 ^ wready (out)
                                              1.310525   data arrival time

                                 20.000000   20.000000   clock clk (rise edge)
                                  0.000000   20.000000   clock network delay (propagated)
                                 -0.250000   19.750002   clock uncertainty
                                  0.000000   19.750002   clock reconvergence pessimism
                                 -4.000000   15.750001   output external delay
                                             15.750001   data required time
---------------------------------------------------------------------------------------------
                                             15.750001   data required time
                                             -1.310525   data arrival time
---------------------------------------------------------------------------------------------
                                             14.439476   slack (MET)


Startpoint: _0798_ (rising edge-triggered flip-flop clocked by clk)
Endpoint: bvalid (output port clocked by clk)
Path Group: clk
Path Type: max

Fanout         Cap        Slew       Delay        Time   Description
---------------------------------------------------------------------------------------------
                                  0.000000    0.000000   clock clk (rise edge)
                                  0.000000    0.000000   clock source latency
     1    0.016820    0.060981    0.042209    0.042209 ^ clk (in)
                                                         clk (net)
                      0.061053    0.000000    0.042209 ^ clkbuf_0_clk/A (sky130_fd_sc_hd__clkbuf_16)
     2    0.019386    0.030991    0.092220    0.134430 ^ clkbuf_0_clk/X (sky130_fd_sc_hd__clkbuf_16)
                                                         clknet_0_clk (net)
                      0.031007    0.001126    0.135556 ^ clkbuf_1_1__f_clk/A (sky130_fd_sc_hd__clkbuf_16)
    10    0.036003    0.042228    0.094438    0.229994 ^ clkbuf_1_1__f_clk/X (sky130_fd_sc_hd__clkbuf_16)
                                                         clknet_1_1__leaf_clk (net)
                      0.042346    0.001648    0.231642 ^ _0798_/CLK (sky130_fd_sc_hd__dfrtp_1)
     3    0.014731    0.103784    0.256813    0.488455 ^ _0798_/Q (sky130_fd_sc_hd__dfrtp_1)
                                                         current_state[3] (net)
                      0.103785    0.000498    0.488954 ^ fanout240/A (sky130_fd_sc_hd__clkbuf_2)
    10    0.030195    0.128921    0.151333    0.640287 ^ fanout240/X (sky130_fd_sc_hd__clkbuf_2)
                                                         net240 (net)
                      0.128960    0.001858    0.642145 ^ _0394_/B (sky130_fd_sc_hd__and2b_1)
     4    0.014059    0.101345    0.139448    0.781593 ^ _0394_/X (sky130_fd_sc_hd__and2b_1)
                                                         _0098_ (net)
                      0.101345    0.000482    0.782075 ^ _0459_/B (sky130_fd_sc_hd__and3b_1)
     5    0.022230    0.169465    0.198981    0.981056 ^ _0459_/X (sky130_fd_sc_hd__and3b_1)
                                                         net90 (net)
                      0.169514    0.002363    0.983418 ^ _1109_/A (sky130_fd_sc_hd__clkbuf_1)
     1    0.003032    0.035558    0.061708    1.045127 ^ _1109_/X (sky130_fd_sc_hd__clkbuf_1)
                                                         net91 (net)
                      0.035559    0.000207    1.045334 ^ output91/A (sky130_fd_sc_hd__buf_2)
     1    0.034886    0.130110    0.139446    1.184780 ^ output91/X (sky130_fd_sc_hd__buf_2)
                                                         bvalid (net)
                      0.130144    0.001742    1.186522 ^ bvalid (out)
                                              1.186522   data arrival time

                                 20.000000   20.000000   clock clk (rise edge)
                                  0.000000   20.000000   clock network delay (propagated)
                                 -0.250000   19.750002   clock uncertainty
                                  0.000000   19.750002   clock reconvergence pessimism
                                 -4.000000   15.750001   output external delay
                                             15.750001   data required time
---------------------------------------------------------------------------------------------
                                             15.750001   data required time
                                             -1.186522   data arrival time
---------------------------------------------------------------------------------------------
                                             14.563478   slack (MET)


Startpoint: _0798_ (rising edge-triggered flip-flop clocked by clk)
Endpoint: bresp (output port clocked by clk)
Path Group: clk
Path Type: max

Fanout         Cap        Slew       Delay        Time   Description
---------------------------------------------------------------------------------------------
                                  0.000000    0.000000   clock clk (rise edge)
                                  0.000000    0.000000   clock source latency
     1    0.016820    0.060981    0.042209    0.042209 ^ clk (in)
                                                         clk (net)
                      0.061053    0.000000    0.042209 ^ clkbuf_0_clk/A (sky130_fd_sc_hd__clkbuf_16)
     2    0.019386    0.030991    0.092220    0.134430 ^ clkbuf_0_clk/X (sky130_fd_sc_hd__clkbuf_16)
                                                         clknet_0_clk (net)
                      0.031007    0.001126    0.135556 ^ clkbuf_1_1__f_clk/A (sky130_fd_sc_hd__clkbuf_16)
    10    0.036003    0.042228    0.094438    0.229994 ^ clkbuf_1_1__f_clk/X (sky130_fd_sc_hd__clkbuf_16)
                                                         clknet_1_1__leaf_clk (net)
                      0.042346    0.001648    0.231642 ^ _0798_/CLK (sky130_fd_sc_hd__dfrtp_1)
     3    0.014731    0.103784    0.256813    0.488455 ^ _0798_/Q (sky130_fd_sc_hd__dfrtp_1)
                                                         current_state[3] (net)
                      0.103785    0.000498    0.488954 ^ fanout240/A (sky130_fd_sc_hd__clkbuf_2)
    10    0.030195    0.128921    0.151333    0.640287 ^ fanout240/X (sky130_fd_sc_hd__clkbuf_2)
                                                         net240 (net)
                      0.128960    0.001858    0.642145 ^ _0394_/B (sky130_fd_sc_hd__and2b_1)
     4    0.014059    0.101345    0.139448    0.781593 ^ _0394_/X (sky130_fd_sc_hd__and2b_1)
                                                         _0098_ (net)
                      0.101345    0.000482    0.782075 ^ _0459_/B (sky130_fd_sc_hd__and3b_1)
     5    0.022230    0.169465    0.198981    0.981056 ^ _0459_/X (sky130_fd_sc_hd__and3b_1)
                                                         net90 (net)
                      0.169516    0.002423    0.983479 ^ output90/A (sky130_fd_sc_hd__buf_2)
     1    0.034507    0.128893    0.164659    1.148137 ^ output90/X (sky130_fd_sc_hd__buf_2)
                                                         bresp (net)
                      0.128967    0.001670    1.149807 ^ bresp (out)
                                              1.149807   data arrival time

                                 20.000000   20.000000   clock clk (rise edge)
                                  0.000000   20.000000   clock network delay (propagated)
                                 -0.250000   19.750002   clock uncertainty
                                  0.000000   19.750002   clock reconvergence pessimism
                                 -4.000000   15.750001   output external delay
                                             15.750001   data required time
---------------------------------------------------------------------------------------------
                                             15.750001   data required time
                                             -1.149807   data arrival time
---------------------------------------------------------------------------------------------
                                             14.600194   slack (MET)


Startpoint: _0798_ (rising edge-triggered flip-flop clocked by clk)
Endpoint: awready (output port clocked by clk)
Path Group: clk
Path Type: max

Fanout         Cap        Slew       Delay        Time   Description
---------------------------------------------------------------------------------------------
                                  0.000000    0.000000   clock clk (rise edge)
                                  0.000000    0.000000   clock source latency
     1    0.016820    0.060981    0.042209    0.042209 ^ clk (in)
                                                         clk (net)
                      0.061053    0.000000    0.042209 ^ clkbuf_0_clk/A (sky130_fd_sc_hd__clkbuf_16)
     2    0.019386    0.030991    0.092220    0.134430 ^ clkbuf_0_clk/X (sky130_fd_sc_hd__clkbuf_16)
                                                         clknet_0_clk (net)
                      0.031007    0.001126    0.135556 ^ clkbuf_1_1__f_clk/A (sky130_fd_sc_hd__clkbuf_16)
    10    0.036003    0.042228    0.094438    0.229994 ^ clkbuf_1_1__f_clk/X (sky130_fd_sc_hd__clkbuf_16)
                                                         clknet_1_1__leaf_clk (net)
                      0.042346    0.001648    0.231642 ^ _0798_/CLK (sky130_fd_sc_hd__dfrtp_1)
     3    0.014082    0.062125    0.262714    0.494356 v _0798_/Q (sky130_fd_sc_hd__dfrtp_1)
                                                         current_state[3] (net)
                      0.062127    0.000470    0.494826 v fanout240/A (sky130_fd_sc_hd__clkbuf_2)
    10    0.028230    0.076910    0.127689    0.622516 v fanout240/X (sky130_fd_sc_hd__clkbuf_2)
                                                         net240 (net)
                      0.076973    0.001989    0.624505 v _0676_/B_N (sky130_fd_sc_hd__and4bb_1)
     5    0.022146    0.171222    0.276371    0.900876 ^ _0676_/X (sky130_fd_sc_hd__and4bb_1)
                                                         net89 (net)
                      0.171298    0.002126    0.903003 ^ output89/A (sky130_fd_sc_hd__buf_2)
     1    0.034505    0.128894    0.164837    1.067840 ^ output89/X (sky130_fd_sc_hd__buf_2)
                                                         awready (net)
                      0.128968    0.001670    1.069510 ^ awready (out)
                                              1.069510   data arrival time

                                 20.000000   20.000000   clock clk (rise edge)
                                  0.000000   20.000000   clock network delay (propagated)
                                 -0.250000   19.750002   clock uncertainty
                                  0.000000   19.750002   clock reconvergence pessimism
                                 -4.000000   15.750001   output external delay
                                             15.750001   data required time
---------------------------------------------------------------------------------------------
                                             15.750001   data required time
                                             -1.069510   data arrival time
---------------------------------------------------------------------------------------------
                                             14.680491   slack (MET)


Startpoint: PREADY (input port clocked by clk)
Endpoint: _1108_ (rising edge-triggered flip-flop clocked by clk)
Path Group: clk
Path Type: max

Fanout         Cap        Slew       Delay        Time   Description
---------------------------------------------------------------------------------------------
                                  0.000000    0.000000   clock clk (rise edge)
                                  0.000000    0.000000   clock network delay (propagated)
                                  4.000000    4.000000 v input external delay
     1    0.003114    0.005173    0.002598    4.002598 v PREADY (in)
                                                         PREADY (net)
                      0.005182    0.000000    4.002598 v input17/A (sky130_fd_sc_hd__clkbuf_2)
     7    0.032494    0.087614    0.112078    4.114677 v input17/X (sky130_fd_sc_hd__clkbuf_2)
                                                         net17 (net)
                      0.087810    0.003196    4.117873 v _0773_/A1 (sky130_fd_sc_hd__a32o_1)
     1    0.001828    0.023987    0.126772    4.244645 v _0773_/X (sky130_fd_sc_hd__a32o_1)
                                                         _0372_ (net)
                      0.023987    0.000083    4.244728 v _0776_/B (sky130_fd_sc_hd__or4_2)
     5    0.018144    0.101263    0.410574    4.655302 v _0776_/X (sky130_fd_sc_hd__or4_2)
                                                         _0375_ (net)
                      0.101295    0.001211    4.656513 v _0777_/A_N (sky130_fd_sc_hd__and2b_1)
     4    0.014565    0.104417    0.198249    4.854763 ^ _0777_/X (sky130_fd_sc_hd__and2b_1)
                                                         _0376_ (net)
                      0.104418    0.000565    4.855328 ^ _0794_/B1 (sky130_fd_sc_hd__a22o_1)
     1    0.004619    0.042998    0.084998    4.940326 ^ _0794_/X (sky130_fd_sc_hd__a22o_1)
                                                         _0093_ (net)
                      0.043001    0.000356    4.940681 ^ _1108_/D (sky130_fd_sc_hd__dfrtp_1)
                                              4.940681   data arrival time

                                 20.000000   20.000000   clock clk (rise edge)
                                  0.000000   20.000000   clock source latency
     1    0.016820    0.060981    0.042210   20.042210 ^ clk (in)
                                                         clk (net)
                      0.061053    0.000000   20.042210 ^ clkbuf_0_clk/A (sky130_fd_sc_hd__clkbuf_16)
     2    0.019386    0.030991    0.092220   20.134430 ^ clkbuf_0_clk/X (sky130_fd_sc_hd__clkbuf_16)
                                                         clknet_0_clk (net)
                      0.031010    0.001238   20.135668 ^ clkbuf_1_0__f_clk/A (sky130_fd_sc_hd__clkbuf_16)
    10    0.030098    0.038443    0.090340   20.226007 ^ clkbuf_1_0__f_clk/X (sky130_fd_sc_hd__clkbuf_16)
                                                         clknet_1_0__leaf_clk (net)
                      0.038638    0.002103   20.228111 ^ _1108_/CLK (sky130_fd_sc_hd__dfrtp_1)
                                 -0.250000   19.978111   clock uncertainty
                                  0.000000   19.978111   clock reconvergence pessimism
                                 -0.034676   19.943436   library setup time
                                             19.943436   data required time
---------------------------------------------------------------------------------------------
                                             19.943436   data required time
                                             -4.940681   data arrival time
---------------------------------------------------------------------------------------------
                                             15.002755   slack (MET)


Startpoint: PREADY (input port clocked by clk)
Endpoint: _1105_ (rising edge-triggered flip-flop clocked by clk)
Path Group: clk
Path Type: max

Fanout         Cap        Slew       Delay        Time   Description
---------------------------------------------------------------------------------------------
                                  0.000000    0.000000   clock clk (rise edge)
                                  0.000000    0.000000   clock network delay (propagated)
                                  4.000000    4.000000 v input external delay
     1    0.003114    0.005173    0.002598    4.002598 v PREADY (in)
                                                         PREADY (net)
                      0.005182    0.000000    4.002598 v input17/A (sky130_fd_sc_hd__clkbuf_2)
     7    0.032494    0.087614    0.112078    4.114677 v input17/X (sky130_fd_sc_hd__clkbuf_2)
                                                         net17 (net)
                      0.087810    0.003196    4.117873 v _0773_/A1 (sky130_fd_sc_hd__a32o_1)
     1    0.001828    0.023987    0.126772    4.244645 v _0773_/X (sky130_fd_sc_hd__a32o_1)
                                                         _0372_ (net)
                      0.023987    0.000083    4.244728 v _0776_/B (sky130_fd_sc_hd__or4_2)
     5    0.018144    0.101263    0.410574    4.655302 v _0776_/X (sky130_fd_sc_hd__or4_2)
                                                         _0375_ (net)
                      0.101295    0.001211    4.656513 v _0777_/A_N (sky130_fd_sc_hd__and2b_1)
     4    0.014565    0.104417    0.198249    4.854763 ^ _0777_/X (sky130_fd_sc_hd__and2b_1)
                                                         _0376_ (net)
                      0.104419    0.000639    4.855402 ^ _0778_/A0 (sky130_fd_sc_hd__mux2_1)
     1    0.002513    0.028301    0.086640    4.942042 ^ _0778_/X (sky130_fd_sc_hd__mux2_1)
                                                         _0090_ (net)
                      0.028301    0.000113    4.942156 ^ _1105_/D (sky130_fd_sc_hd__dfrtp_1)
                                              4.942156   data arrival time

                                 20.000000   20.000000   clock clk (rise edge)
                                  0.000000   20.000000   clock source latency
     1    0.016820    0.060981    0.042210   20.042210 ^ clk (in)
                                                         clk (net)
                      0.061053    0.000000   20.042210 ^ clkbuf_0_clk/A (sky130_fd_sc_hd__clkbuf_16)
     2    0.019386    0.030991    0.092220   20.134430 ^ clkbuf_0_clk/X (sky130_fd_sc_hd__clkbuf_16)
                                                         clknet_0_clk (net)
                      0.031010    0.001238   20.135668 ^ clkbuf_1_0__f_clk/A (sky130_fd_sc_hd__clkbuf_16)
    10    0.030098    0.038443    0.090340   20.226007 ^ clkbuf_1_0__f_clk/X (sky130_fd_sc_hd__clkbuf_16)
                                                         clknet_1_0__leaf_clk (net)
                      0.038760    0.002705   20.228714 ^ _1105_/CLK (sky130_fd_sc_hd__dfrtp_1)
                                 -0.250000   19.978714   clock uncertainty
                                  0.000000   19.978714   clock reconvergence pessimism
                                 -0.033282   19.945433   library setup time
                                             19.945433   data required time
---------------------------------------------------------------------------------------------
                                             19.945433   data required time
                                             -4.942156   data arrival time
---------------------------------------------------------------------------------------------
                                             15.003277   slack (MET)


Startpoint: PREADY (input port clocked by clk)
Endpoint: _1106_ (rising edge-triggered flip-flop clocked by clk)
Path Group: clk
Path Type: max

Fanout         Cap        Slew       Delay        Time   Description
---------------------------------------------------------------------------------------------
                                  0.000000    0.000000   clock clk (rise edge)
                                  0.000000    0.000000   clock network delay (propagated)
                                  4.000000    4.000000 v input external delay
     1    0.003114    0.005173    0.002598    4.002598 v PREADY (in)
                                                         PREADY (net)
                      0.005182    0.000000    4.002598 v input17/A (sky130_fd_sc_hd__clkbuf_2)
     7    0.032494    0.087614    0.112078    4.114677 v input17/X (sky130_fd_sc_hd__clkbuf_2)
                                                         net17 (net)
                      0.087810    0.003196    4.117873 v _0773_/A1 (sky130_fd_sc_hd__a32o_1)
     1    0.001828    0.023987    0.126772    4.244645 v _0773_/X (sky130_fd_sc_hd__a32o_1)
                                                         _0372_ (net)
                      0.023987    0.000083    4.244728 v _0776_/B (sky130_fd_sc_hd__or4_2)
     5    0.018144    0.101263    0.410574    4.655302 v _0776_/X (sky130_fd_sc_hd__or4_2)
                                                         _0375_ (net)
                      0.101295    0.001211    4.656513 v _0777_/A_N (sky130_fd_sc_hd__and2b_1)
     4    0.014565    0.104417    0.198249    4.854763 ^ _0777_/X (sky130_fd_sc_hd__and2b_1)
                                                         _0376_ (net)
                      0.104419    0.000677    4.855439 ^ _0784_/B1 (sky130_fd_sc_hd__a22o_1)
     1    0.003278    0.035464    0.078089    4.933528 ^ _0784_/X (sky130_fd_sc_hd__a22o_1)
                                                         _0091_ (net)
                      0.035466    0.000239    4.933767 ^ _1106_/D (sky130_fd_sc_hd__dfrtp_1)
                                              4.933767   data arrival time

                                 20.000000   20.000000   clock clk (rise edge)
                                  0.000000   20.000000   clock source latency
     1    0.016820    0.060981    0.042210   20.042210 ^ clk (in)
                                                         clk (net)
                      0.061053    0.000000   20.042210 ^ clkbuf_0_clk/A (sky130_fd_sc_hd__clkbuf_16)
     2    0.019386    0.030991    0.092220   20.134430 ^ clkbuf_0_clk/X (sky130_fd_sc_hd__clkbuf_16)
                                                         clknet_0_clk (net)
                      0.031010    0.001238   20.135668 ^ clkbuf_1_0__f_clk/A (sky130_fd_sc_hd__clkbuf_16)
    10    0.030098    0.038443    0.090340   20.226007 ^ clkbuf_1_0__f_clk/X (sky130_fd_sc_hd__clkbuf_16)
                                                         clknet_1_0__leaf_clk (net)
                      0.038769    0.002746   20.228754 ^ _1106_/CLK (sky130_fd_sc_hd__dfrtp_1)
                                 -0.250000   19.978756   clock uncertainty
                                  0.000000   19.978756   clock reconvergence pessimism
                                 -0.033959   19.944798   library setup time
                                             19.944798   data required time
---------------------------------------------------------------------------------------------
                                             19.944798   data required time
                                             -4.933767   data arrival time
---------------------------------------------------------------------------------------------
                                             15.011029   slack (MET)


Startpoint: PREADY (input port clocked by clk)
Endpoint: _1107_ (rising edge-triggered flip-flop clocked by clk)
Path Group: clk
Path Type: max

Fanout         Cap        Slew       Delay        Time   Description
---------------------------------------------------------------------------------------------
                                  0.000000    0.000000   clock clk (rise edge)
                                  0.000000    0.000000   clock network delay (propagated)
                                  4.000000    4.000000 v input external delay
     1    0.003114    0.005173    0.002598    4.002598 v PREADY (in)
                                                         PREADY (net)
                      0.005182    0.000000    4.002598 v input17/A (sky130_fd_sc_hd__clkbuf_2)
     7    0.032494    0.087614    0.112078    4.114677 v input17/X (sky130_fd_sc_hd__clkbuf_2)
                                                         net17 (net)
                      0.087810    0.003196    4.117873 v _0773_/A1 (sky130_fd_sc_hd__a32o_1)
     1    0.001828    0.023987    0.126772    4.244645 v _0773_/X (sky130_fd_sc_hd__a32o_1)
                                                         _0372_ (net)
                      0.023987    0.000083    4.244728 v _0776_/B (sky130_fd_sc_hd__or4_2)
     5    0.018144    0.101263    0.410574    4.655302 v _0776_/X (sky130_fd_sc_hd__or4_2)
                                                         _0375_ (net)
                      0.101295    0.001211    4.656513 v _0777_/A_N (sky130_fd_sc_hd__and2b_1)
     4    0.014565    0.104417    0.198249    4.854763 ^ _0777_/X (sky130_fd_sc_hd__and2b_1)
                                                         _0376_ (net)
                      0.104457    0.000710    4.855472 ^ _0790_/B1 (sky130_fd_sc_hd__a22o_1)
     1    0.002961    0.032612    0.076380    4.931852 ^ _0790_/X (sky130_fd_sc_hd__a22o_1)
                                                         _0092_ (net)
                      0.032613    0.000198    4.932050 ^ _1107_/D (sky130_fd_sc_hd__dfrtp_1)
                                              4.932050   data arrival time

                                 20.000000   20.000000   clock clk (rise edge)
                                  0.000000   20.000000   clock source latency
     1    0.016820    0.060981    0.042210   20.042210 ^ clk (in)
                                                         clk (net)
                      0.061053    0.000000   20.042210 ^ clkbuf_0_clk/A (sky130_fd_sc_hd__clkbuf_16)
     2    0.019386    0.030991    0.092220   20.134430 ^ clkbuf_0_clk/X (sky130_fd_sc_hd__clkbuf_16)
                                                         clknet_0_clk (net)
                      0.031010    0.001238   20.135668 ^ clkbuf_1_0__f_clk/A (sky130_fd_sc_hd__clkbuf_16)
    10    0.030098    0.038443    0.090340   20.226007 ^ clkbuf_1_0__f_clk/X (sky130_fd_sc_hd__clkbuf_16)
                                                         clknet_1_0__leaf_clk (net)
                      0.038748    0.002649   20.228657 ^ _1107_/CLK (sky130_fd_sc_hd__dfrtp_1)
                                 -0.250000   19.978657   clock uncertainty
                                  0.000000   19.978657   clock reconvergence pessimism
                                 -0.033690   19.944967   library setup time
                                             19.944967   data required time
---------------------------------------------------------------------------------------------
                                             19.944967   data required time
                                             -4.932050   data arrival time
---------------------------------------------------------------------------------------------
                                             15.012918   slack (MET)


Startpoint: _1102_ (rising edge-triggered flip-flop clocked by clk)
Endpoint: PADDR[0] (output port clocked by clk)
Path Group: clk
Path Type: max

Fanout         Cap        Slew       Delay        Time   Description
---------------------------------------------------------------------------------------------
                                  0.000000    0.000000   clock clk (rise edge)
                                  0.000000    0.000000   clock source latency
     1    0.016820    0.060981    0.042209    0.042209 ^ clk (in)
                                                         clk (net)
                      0.061053    0.000000    0.042209 ^ clkbuf_0_clk/A (sky130_fd_sc_hd__clkbuf_16)
     2    0.019386    0.030991    0.092220    0.134430 ^ clkbuf_0_clk/X (sky130_fd_sc_hd__clkbuf_16)
                                                         clknet_0_clk (net)
                      0.031007    0.001126    0.135556 ^ clkbuf_1_1__f_clk/A (sky130_fd_sc_hd__clkbuf_16)
    10    0.036003    0.042228    0.094438    0.229994 ^ clkbuf_1_1__f_clk/X (sky130_fd_sc_hd__clkbuf_16)
                                                         clknet_1_1__leaf_clk (net)
                      0.042307    0.001255    0.231248 ^ _1102_/CLK (sky130_fd_sc_hd__dfrtp_1)
     6    0.017050    0.118526    0.267195    0.498443 ^ _1102_/Q (sky130_fd_sc_hd__dfrtp_1)
                                                         DADDR[0] (net)
                      0.118532    0.000982    0.499425 ^ _0456_/B (sky130_fd_sc_hd__and2_1)
     1    0.002272    0.030662    0.085134    0.584559 ^ _0456_/X (sky130_fd_sc_hd__and2_1)
                                                         net63 (net)
                      0.030662    0.000160    0.584719 ^ output63/A (sky130_fd_sc_hd__buf_2)
     1    0.035283    0.131527    0.138872    0.723591 ^ output63/X (sky130_fd_sc_hd__buf_2)
                                                         PADDR[0] (net)
                      0.131564    0.001832    0.725424 ^ PADDR[0] (out)
                                              0.725424   data arrival time

                                 20.000000   20.000000   clock clk (rise edge)
                                  0.000000   20.000000   clock network delay (propagated)
                                 -0.250000   19.750002   clock uncertainty
                                  0.000000   19.750002   clock reconvergence pessimism
                                 -4.000000   15.750001   output external delay
                                             15.750001   data required time
---------------------------------------------------------------------------------------------
                                             15.750001   data required time
                                             -0.725424   data arrival time
---------------------------------------------------------------------------------------------
                                             15.024577   slack (MET)


Startpoint: _1103_ (rising edge-triggered flip-flop clocked by clk)
Endpoint: PADDR[1] (output port clocked by clk)
Path Group: clk
Path Type: max

Fanout         Cap        Slew       Delay        Time   Description
---------------------------------------------------------------------------------------------
                                  0.000000    0.000000   clock clk (rise edge)
                                  0.000000    0.000000   clock source latency
     1    0.016820    0.060981    0.042209    0.042209 ^ clk (in)
                                                         clk (net)
                      0.061053    0.000000    0.042209 ^ clkbuf_0_clk/A (sky130_fd_sc_hd__clkbuf_16)
     2    0.019386    0.030991    0.092220    0.134430 ^ clkbuf_0_clk/X (sky130_fd_sc_hd__clkbuf_16)
                                                         clknet_0_clk (net)
                      0.031007    0.001126    0.135556 ^ clkbuf_1_1__f_clk/A (sky130_fd_sc_hd__clkbuf_16)
    10    0.036003    0.042228    0.094438    0.229994 ^ clkbuf_1_1__f_clk/X (sky130_fd_sc_hd__clkbuf_16)
                                                         clknet_1_1__leaf_clk (net)
                      0.042286    0.001030    0.231024 ^ _1103_/CLK (sky130_fd_sc_hd__dfrtp_1)
     5    0.012302    0.056870    0.257963    0.488987 v _1103_/Q (sky130_fd_sc_hd__dfrtp_1)
                                                         DADDR[1] (net)
                      0.056876    0.000582    0.489569 v _0457_/B (sky130_fd_sc_hd__and2_1)
     1    0.003345    0.027098    0.107253    0.596821 v _0457_/X (sky130_fd_sc_hd__and2_1)
                                                         net64 (net)
                      0.027098    0.000209    0.597030 v output64/A (sky130_fd_sc_hd__buf_2)
     1    0.035640    0.065217    0.116845    0.713875 v output64/X (sky130_fd_sc_hd__buf_2)
                                                         PADDR[1] (net)
                      0.065286    0.001888    0.715763 v PADDR[1] (out)
                                              0.715763   data arrival time

                                 20.000000   20.000000   clock clk (rise edge)
                                  0.000000   20.000000   clock network delay (propagated)
                                 -0.250000   19.750002   clock uncertainty
                                  0.000000   19.750002   clock reconvergence pessimism
                                 -4.000000   15.750001   output external delay
                                             15.750001   data required time
---------------------------------------------------------------------------------------------
                                             15.750001   data required time
                                             -0.715763   data arrival time
---------------------------------------------------------------------------------------------
                                             15.034238   slack (MET)


Startpoint: _1104_ (rising edge-triggered flip-flop clocked by clk)
Endpoint: PADDR[2] (output port clocked by clk)
Path Group: clk
Path Type: max

Fanout         Cap        Slew       Delay        Time   Description
---------------------------------------------------------------------------------------------
                                  0.000000    0.000000   clock clk (rise edge)
                                  0.000000    0.000000   clock source latency
     1    0.016820    0.060981    0.042209    0.042209 ^ clk (in)
                                                         clk (net)
                      0.061053    0.000000    0.042209 ^ clkbuf_0_clk/A (sky130_fd_sc_hd__clkbuf_16)
     2    0.019386    0.030991    0.092220    0.134430 ^ clkbuf_0_clk/X (sky130_fd_sc_hd__clkbuf_16)
                                                         clknet_0_clk (net)
                      0.031007    0.001126    0.135556 ^ clkbuf_1_1__f_clk/A (sky130_fd_sc_hd__clkbuf_16)
    10    0.036003    0.042228    0.094438    0.229994 ^ clkbuf_1_1__f_clk/X (sky130_fd_sc_hd__clkbuf_16)
                                                         clknet_1_1__leaf_clk (net)
                      0.042299    0.001169    0.231163 ^ _1104_/CLK (sky130_fd_sc_hd__dfrtp_1)
     3    0.007978    0.044832    0.243657    0.474820 v _1104_/Q (sky130_fd_sc_hd__dfrtp_1)
                                                         DADDR[2] (net)
                      0.044835    0.000417    0.475237 v _0458_/B (sky130_fd_sc_hd__and2_1)
     1    0.002135    0.023414    0.097397    0.572634 v _0458_/X (sky130_fd_sc_hd__and2_1)
                                                         net65 (net)
                      0.023414    0.000148    0.572782 v output65/A (sky130_fd_sc_hd__buf_2)
     1    0.034639    0.063347    0.114303    0.687085 v output65/X (sky130_fd_sc_hd__buf_2)
                                                         PADDR[2] (net)
                      0.063404    0.001696    0.688781 v PADDR[2] (out)
                                              0.688781   data arrival time

                                 20.000000   20.000000   clock clk (rise edge)
                                  0.000000   20.000000   clock network delay (propagated)
                                 -0.250000   19.750002   clock uncertainty
                                  0.000000   19.750002   clock reconvergence pessimism
                                 -4.000000   15.750001   output external delay
                                             15.750001   data required time
---------------------------------------------------------------------------------------------
                                             15.750001   data required time
                                             -0.688781   data arrival time
---------------------------------------------------------------------------------------------
                                             15.061220   slack (MET)


Startpoint: arvalid (input port clocked by clk)
Endpoint: _1103_ (rising edge-triggered flip-flop clocked by clk)
Path Group: clk
Path Type: max

Fanout         Cap        Slew       Delay        Time   Description
---------------------------------------------------------------------------------------------
                                  0.000000    0.000000   clock clk (rise edge)
                                  0.000000    0.000000   clock network delay (propagated)
                                  4.000000    4.000000 ^ input external delay
     1    0.002991    0.014602    0.007783    4.007782 ^ arvalid (in)
                                                         arvalid (net)
                      0.014604    0.000000    4.007782 ^ input29/A (sky130_fd_sc_hd__dlymetal6s2s_1)
     5    0.026086    0.207660    0.174666    4.182449 ^ input29/X (sky130_fd_sc_hd__dlymetal6s2s_1)
                                                         net29 (net)
                      0.207696    0.002236    4.184684 ^ _0712_/B1 (sky130_fd_sc_hd__o2bb2a_1)
     2    0.008234    0.071094    0.141110    4.325795 ^ _0712_/X (sky130_fd_sc_hd__o2bb2a_1)
                                                         _0322_ (net)
                      0.071094    0.000263    4.326057 ^ _0715_/B1 (sky130_fd_sc_hd__o211a_2)
     6    0.026838    0.124094    0.160542    4.486599 ^ _0715_/X (sky130_fd_sc_hd__o211a_2)
                                                         _0325_ (net)
                      0.124217    0.002398    4.488998 ^ _0761_/B1 (sky130_fd_sc_hd__o41a_2)
     5    0.018840    0.077901    0.109587    4.598584 ^ _0761_/X (sky130_fd_sc_hd__o41a_2)
                                                         _0363_ (net)
                      0.077915    0.001054    4.599638 ^ _0767_/A1_N (sky130_fd_sc_hd__o2bb2a_1)
     1    0.003707    0.041707    0.133669    4.733307 v _0767_/X (sky130_fd_sc_hd__o2bb2a_1)
                                                         _0368_ (net)
                      0.041707    0.000248    4.733555 v _0769_/B1 (sky130_fd_sc_hd__o22a_1)
     1    0.002757    0.026404    0.104826    4.838381 v _0769_/X (sky130_fd_sc_hd__o22a_1)
                                                         _0088_ (net)
                      0.026404    0.000185    4.838567 v _1103_/D (sky130_fd_sc_hd__dfrtp_1)
                                              4.838567   data arrival time

                                 20.000000   20.000000   clock clk (rise edge)
                                  0.000000   20.000000   clock source latency
     1    0.016820    0.060981    0.042210   20.042210 ^ clk (in)
                                                         clk (net)
                      0.061053    0.000000   20.042210 ^ clkbuf_0_clk/A (sky130_fd_sc_hd__clkbuf_16)
     2    0.019386    0.030991    0.092220   20.134430 ^ clkbuf_0_clk/X (sky130_fd_sc_hd__clkbuf_16)
                                                         clknet_0_clk (net)
                      0.031007    0.001126   20.135555 ^ clkbuf_1_1__f_clk/A (sky130_fd_sc_hd__clkbuf_16)
    10    0.036003    0.042228    0.094438   20.229994 ^ clkbuf_1_1__f_clk/X (sky130_fd_sc_hd__clkbuf_16)
                                                         clknet_1_1__leaf_clk (net)
                      0.042286    0.001030   20.231024 ^ _1103_/CLK (sky130_fd_sc_hd__dfrtp_1)
                                 -0.250000   19.981026   clock uncertainty
                                  0.000000   19.981026   clock reconvergence pessimism
                                 -0.069457   19.911568   library setup time
                                             19.911568   data required time
---------------------------------------------------------------------------------------------
                                             19.911568   data required time
                                             -4.838567   data arrival time
---------------------------------------------------------------------------------------------
                                             15.073001   slack (MET)


Startpoint: arvalid (input port clocked by clk)
Endpoint: _1102_ (rising edge-triggered flip-flop clocked by clk)
Path Group: clk
Path Type: max

Fanout         Cap        Slew       Delay        Time   Description
---------------------------------------------------------------------------------------------
                                  0.000000    0.000000   clock clk (rise edge)
                                  0.000000    0.000000   clock network delay (propagated)
                                  4.000000    4.000000 ^ input external delay
     1    0.002991    0.014602    0.007783    4.007782 ^ arvalid (in)
                                                         arvalid (net)
                      0.014604    0.000000    4.007782 ^ input29/A (sky130_fd_sc_hd__dlymetal6s2s_1)
     5    0.026086    0.207660    0.174666    4.182449 ^ input29/X (sky130_fd_sc_hd__dlymetal6s2s_1)
                                                         net29 (net)
                      0.207696    0.002236    4.184684 ^ _0712_/B1 (sky130_fd_sc_hd__o2bb2a_1)
     2    0.008234    0.071094    0.141110    4.325795 ^ _0712_/X (sky130_fd_sc_hd__o2bb2a_1)
                                                         _0322_ (net)
                      0.071094    0.000263    4.326057 ^ _0715_/B1 (sky130_fd_sc_hd__o211a_2)
     6    0.026838    0.124094    0.160542    4.486599 ^ _0715_/X (sky130_fd_sc_hd__o211a_2)
                                                         _0325_ (net)
                      0.124217    0.002398    4.488998 ^ _0761_/B1 (sky130_fd_sc_hd__o41a_2)
     5    0.018840    0.077901    0.109587    4.598584 ^ _0761_/X (sky130_fd_sc_hd__o41a_2)
                                                         _0363_ (net)
                      0.077923    0.001277    4.599861 ^ _0764_/S (sky130_fd_sc_hd__mux2_1)
     1    0.002918    0.038405    0.188304    4.788165 v _0764_/X (sky130_fd_sc_hd__mux2_1)
                                                         _0087_ (net)
                      0.038405    0.000210    4.788375 v _1102_/D (sky130_fd_sc_hd__dfrtp_1)
                                              4.788375   data arrival time

                                 20.000000   20.000000   clock clk (rise edge)
                                  0.000000   20.000000   clock source latency
     1    0.016820    0.060981    0.042210   20.042210 ^ clk (in)
                                                         clk (net)
                      0.061053    0.000000   20.042210 ^ clkbuf_0_clk/A (sky130_fd_sc_hd__clkbuf_16)
     2    0.019386    0.030991    0.092220   20.134430 ^ clkbuf_0_clk/X (sky130_fd_sc_hd__clkbuf_16)
                                                         clknet_0_clk (net)
                      0.031007    0.001126   20.135555 ^ clkbuf_1_1__f_clk/A (sky130_fd_sc_hd__clkbuf_16)
    10    0.036003    0.042228    0.094438   20.229994 ^ clkbuf_1_1__f_clk/X (sky130_fd_sc_hd__clkbuf_16)
                                                         clknet_1_1__leaf_clk (net)
                      0.042307    0.001254   20.231249 ^ _1102_/CLK (sky130_fd_sc_hd__dfrtp_1)
                                 -0.250000   19.981249   clock uncertainty
                                  0.000000   19.981249   clock reconvergence pessimism
                                 -0.073739   19.907509   library setup time
                                             19.907509   data required time
---------------------------------------------------------------------------------------------
                                             19.907509   data required time
                                             -4.788375   data arrival time
---------------------------------------------------------------------------------------------
                                             15.119135   slack (MET)


Startpoint: arvalid (input port clocked by clk)
Endpoint: _1104_ (rising edge-triggered flip-flop clocked by clk)
Path Group: clk
Path Type: max

Fanout         Cap        Slew       Delay        Time   Description
---------------------------------------------------------------------------------------------
                                  0.000000    0.000000   clock clk (rise edge)
                                  0.000000    0.000000   clock network delay (propagated)
                                  4.000000    4.000000 ^ input external delay
     1    0.002991    0.014602    0.007783    4.007782 ^ arvalid (in)
                                                         arvalid (net)
                      0.014604    0.000000    4.007782 ^ input29/A (sky130_fd_sc_hd__dlymetal6s2s_1)
     5    0.026086    0.207660    0.174666    4.182449 ^ input29/X (sky130_fd_sc_hd__dlymetal6s2s_1)
                                                         net29 (net)
                      0.207696    0.002236    4.184684 ^ _0712_/B1 (sky130_fd_sc_hd__o2bb2a_1)
     2    0.008234    0.071094    0.141110    4.325795 ^ _0712_/X (sky130_fd_sc_hd__o2bb2a_1)
                                                         _0322_ (net)
                      0.071094    0.000263    4.326057 ^ _0715_/B1 (sky130_fd_sc_hd__o211a_2)
     6    0.026838    0.124094    0.160542    4.486599 ^ _0715_/X (sky130_fd_sc_hd__o211a_2)
                                                         _0325_ (net)
                      0.124217    0.002398    4.488998 ^ _0761_/B1 (sky130_fd_sc_hd__o41a_2)
     5    0.018840    0.077901    0.109587    4.598584 ^ _0761_/X (sky130_fd_sc_hd__o41a_2)
                                                         _0363_ (net)
                      0.077905    0.000671    4.599255 ^ _0766_/A (sky130_fd_sc_hd__nand2_1)
     1    0.003516    0.031265    0.033491    4.632746 v _0766_/Y (sky130_fd_sc_hd__nand2_1)
                                                         _0367_ (net)
                      0.031273    0.000254    4.633001 v _0772_/A2 (sky130_fd_sc_hd__a22o_1)
     1    0.003515    0.028702    0.117488    4.750489 v _0772_/X (sky130_fd_sc_hd__a22o_1)
                                                         _0089_ (net)
                      0.028713    0.000230    4.750719 v _1104_/D (sky130_fd_sc_hd__dfrtp_1)
                                              4.750719   data arrival time

                                 20.000000   20.000000   clock clk (rise edge)
                                  0.000000   20.000000   clock source latency
     1    0.016820    0.060981    0.042210   20.042210 ^ clk (in)
                                                         clk (net)
                      0.061053    0.000000   20.042210 ^ clkbuf_0_clk/A (sky130_fd_sc_hd__clkbuf_16)
     2    0.019386    0.030991    0.092220   20.134430 ^ clkbuf_0_clk/X (sky130_fd_sc_hd__clkbuf_16)
                                                         clknet_0_clk (net)
                      0.031007    0.001126   20.135555 ^ clkbuf_1_1__f_clk/A (sky130_fd_sc_hd__clkbuf_16)
    10    0.036003    0.042228    0.094438   20.229994 ^ clkbuf_1_1__f_clk/X (sky130_fd_sc_hd__clkbuf_16)
                                                         clknet_1_1__leaf_clk (net)
                      0.042299    0.001169   20.231163 ^ _1104_/CLK (sky130_fd_sc_hd__dfrtp_1)
                                 -0.250000   19.981163   clock uncertainty
                                  0.000000   19.981163   clock reconvergence pessimism
                                 -0.070280   19.910885   library setup time
                                             19.910885   data required time
---------------------------------------------------------------------------------------------
                                             19.910885   data required time
                                             -4.750719   data arrival time
---------------------------------------------------------------------------------------------
                                             15.160165   slack (MET)


Startpoint: arvalid (input port clocked by clk)
Endpoint: _0796_ (rising edge-triggered flip-flop clocked by clk)
Path Group: clk
Path Type: max

Fanout         Cap        Slew       Delay        Time   Description
---------------------------------------------------------------------------------------------
                                  0.000000    0.000000   clock clk (rise edge)
                                  0.000000    0.000000   clock network delay (propagated)
                                  4.000000    4.000000 ^ input external delay
     1    0.002991    0.014602    0.007783    4.007782 ^ arvalid (in)
                                                         arvalid (net)
                      0.014604    0.000000    4.007782 ^ input29/A (sky130_fd_sc_hd__dlymetal6s2s_1)
     5    0.026086    0.207660    0.174666    4.182449 ^ input29/X (sky130_fd_sc_hd__dlymetal6s2s_1)
                                                         net29 (net)
                      0.207697    0.002256    4.184705 ^ _0700_/A (sky130_fd_sc_hd__or3_1)
     1    0.004101    0.038488    0.096038    4.280744 ^ _0700_/X (sky130_fd_sc_hd__or3_1)
                                                         _0313_ (net)
                      0.038490    0.000267    4.281010 ^ _0701_/C1 (sky130_fd_sc_hd__o311a_1)
     1    0.005091    0.050051    0.078919    4.359929 ^ _0701_/X (sky130_fd_sc_hd__o311a_1)
                                                         _0314_ (net)
                      0.050055    0.000506    4.360435 ^ _0702_/B1 (sky130_fd_sc_hd__o31ai_1)
     2    0.008018    0.054583    0.042456    4.402892 v _0702_/Y (sky130_fd_sc_hd__o31ai_1)
                                                         _0315_ (net)
                      0.054584    0.000351    4.403242 v _0707_/A (sky130_fd_sc_hd__or4b_1)
     1    0.004127    0.060057    0.305393    4.708635 v _0707_/X (sky130_fd_sc_hd__or4b_1)
                                                         _0076_ (net)
                      0.060057    0.000280    4.708915 v _0796_/D (sky130_fd_sc_hd__dfrtp_1)
                                              4.708915   data arrival time

                                 20.000000   20.000000   clock clk (rise edge)
                                  0.000000   20.000000   clock source latency
     1    0.016820    0.060981    0.042210   20.042210 ^ clk (in)
                                                         clk (net)
                      0.061053    0.000000   20.042210 ^ clkbuf_0_clk/A (sky130_fd_sc_hd__clkbuf_16)
     2    0.019386    0.030991    0.092220   20.134430 ^ clkbuf_0_clk/X (sky130_fd_sc_hd__clkbuf_16)
                                                         clknet_0_clk (net)
                      0.031007    0.001126   20.135555 ^ clkbuf_1_1__f_clk/A (sky130_fd_sc_hd__clkbuf_16)
    10    0.036003    0.042228    0.094438   20.229994 ^ clkbuf_1_1__f_clk/X (sky130_fd_sc_hd__clkbuf_16)
                                                         clknet_1_1__leaf_clk (net)
                      0.042328    0.001471   20.231464 ^ _0796_/CLK (sky130_fd_sc_hd__dfrtp_1)
                                 -0.250000   19.981466   clock uncertainty
                                  0.000000   19.981466   clock reconvergence pessimism
                                 -0.081467   19.899998   library setup time
                                             19.899998   data required time
---------------------------------------------------------------------------------------------
                                             19.899998   data required time
                                             -4.708915   data arrival time
---------------------------------------------------------------------------------------------
                                             15.191084   slack (MET)


Startpoint: arvalid (input port clocked by clk)
Endpoint: _0802_ (rising edge-triggered flip-flop clocked by clk)
Path Group: clk
Path Type: max

Fanout         Cap        Slew       Delay        Time   Description
---------------------------------------------------------------------------------------------
                                  0.000000    0.000000   clock clk (rise edge)
                                  0.000000    0.000000   clock network delay (propagated)
                                  4.000000    4.000000 ^ input external delay
     1    0.002991    0.014602    0.007783    4.007782 ^ arvalid (in)
                                                         arvalid (net)
                      0.014604    0.000000    4.007782 ^ input29/A (sky130_fd_sc_hd__dlymetal6s2s_1)
     5    0.026086    0.207660    0.174666    4.182449 ^ input29/X (sky130_fd_sc_hd__dlymetal6s2s_1)
                                                         net29 (net)
                      0.207696    0.002236    4.184684 ^ _0712_/B1 (sky130_fd_sc_hd__o2bb2a_1)
     2    0.008234    0.071094    0.141110    4.325795 ^ _0712_/X (sky130_fd_sc_hd__o2bb2a_1)
                                                         _0322_ (net)
                      0.071094    0.000263    4.326057 ^ _0715_/B1 (sky130_fd_sc_hd__o211a_2)
     6    0.026838    0.124094    0.160542    4.486599 ^ _0715_/X (sky130_fd_sc_hd__o211a_2)
                                                         _0325_ (net)
                      0.124208    0.002250    4.488850 ^ _0732_/B1_N (sky130_fd_sc_hd__a21bo_1)
     1    0.004390    0.030211    0.111258    4.600108 v _0732_/X (sky130_fd_sc_hd__a21bo_1)
                                                         _0339_ (net)
                      0.030220    0.000312    4.600420 v _0735_/A2 (sky130_fd_sc_hd__a22o_1)
     1    0.002455    0.024812    0.112137    4.712557 v _0735_/X (sky130_fd_sc_hd__a22o_1)
                                                         _0082_ (net)
                      0.024812    0.000177    4.712733 v _0802_/D (sky130_fd_sc_hd__dfrtp_1)
                                              4.712733   data arrival time

                                 20.000000   20.000000   clock clk (rise edge)
                                  0.000000   20.000000   clock source latency
     1    0.016820    0.060981    0.042210   20.042210 ^ clk (in)
                                                         clk (net)
                      0.061053    0.000000   20.042210 ^ clkbuf_0_clk/A (sky130_fd_sc_hd__clkbuf_16)
     2    0.019386    0.030991    0.092220   20.134430 ^ clkbuf_0_clk/X (sky130_fd_sc_hd__clkbuf_16)
                                                         clknet_0_clk (net)
                      0.031007    0.001126   20.135555 ^ clkbuf_1_1__f_clk/A (sky130_fd_sc_hd__clkbuf_16)
    10    0.036003    0.042228    0.094438   20.229994 ^ clkbuf_1_1__f_clk/X (sky130_fd_sc_hd__clkbuf_16)
                                                         clknet_1_1__leaf_clk (net)
                      0.042280    0.000965   20.230959 ^ _0802_/CLK (sky130_fd_sc_hd__dfrtp_1)
                                 -0.250000   19.980959   clock uncertainty
                                  0.000000   19.980959   clock reconvergence pessimism
                                 -0.068890   19.912071   library setup time
                                             19.912071   data required time
---------------------------------------------------------------------------------------------
                                             19.912071   data required time
                                             -4.712733   data arrival time
---------------------------------------------------------------------------------------------
                                             15.199337   slack (MET)


Startpoint: arvalid (input port clocked by clk)
Endpoint: _1099_ (rising edge-triggered flip-flop clocked by clk)
Path Group: clk
Path Type: max

Fanout         Cap        Slew       Delay        Time   Description
---------------------------------------------------------------------------------------------
                                  0.000000    0.000000   clock clk (rise edge)
                                  0.000000    0.000000   clock network delay (propagated)
                                  4.000000    4.000000 ^ input external delay
     1    0.002991    0.014602    0.007783    4.007782 ^ arvalid (in)
                                                         arvalid (net)
                      0.014604    0.000000    4.007782 ^ input29/A (sky130_fd_sc_hd__dlymetal6s2s_1)
     5    0.026086    0.207660    0.174666    4.182449 ^ input29/X (sky130_fd_sc_hd__dlymetal6s2s_1)
                                                         net29 (net)
                      0.207696    0.002236    4.184684 ^ _0712_/B1 (sky130_fd_sc_hd__o2bb2a_1)
     2    0.008234    0.071094    0.141110    4.325795 ^ _0712_/X (sky130_fd_sc_hd__o2bb2a_1)
                                                         _0322_ (net)
                      0.071096    0.000465    4.326260 ^ _0740_/C1 (sky130_fd_sc_hd__o221a_2)
     7    0.023458    0.104427    0.138672    4.464931 ^ _0740_/X (sky130_fd_sc_hd__o221a_2)
                                                         _0346_ (net)
                      0.104455    0.001671    4.466602 ^ _0741_/B1_N (sky130_fd_sc_hd__a21bo_1)
     1    0.003445    0.027338    0.105520    4.572123 v _0741_/X (sky130_fd_sc_hd__a21bo_1)
                                                         _0347_ (net)
                      0.027338    0.000148    4.572271 v _0749_/A2 (sky130_fd_sc_hd__a22o_1)
     1    0.005570    0.035239    0.123422    4.695693 v _0749_/X (sky130_fd_sc_hd__a22o_1)
                                                         _0084_ (net)
                      0.035240    0.000244    4.695937 v _1099_/D (sky130_fd_sc_hd__dfrtp_1)
                                              4.695937   data arrival time

                                 20.000000   20.000000   clock clk (rise edge)
                                  0.000000   20.000000   clock source latency
     1    0.016820    0.060981    0.042210   20.042210 ^ clk (in)
                                                         clk (net)
                      0.061053    0.000000   20.042210 ^ clkbuf_0_clk/A (sky130_fd_sc_hd__clkbuf_16)
     2    0.019386    0.030991    0.092220   20.134430 ^ clkbuf_0_clk/X (sky130_fd_sc_hd__clkbuf_16)
                                                         clknet_0_clk (net)
                      0.031010    0.001238   20.135668 ^ clkbuf_1_0__f_clk/A (sky130_fd_sc_hd__clkbuf_16)
    10    0.030098    0.038443    0.090340   20.226007 ^ clkbuf_1_0__f_clk/X (sky130_fd_sc_hd__clkbuf_16)
                                                         clknet_1_0__leaf_clk (net)
                      0.038798    0.002871   20.228878 ^ _1099_/CLK (sky130_fd_sc_hd__dfrtp_1)
                                 -0.250000   19.978880   clock uncertainty
                                  0.000000   19.978880   clock reconvergence pessimism
                                 -0.072947   19.905931   library setup time
                                             19.905931   data required time
---------------------------------------------------------------------------------------------
                                             19.905931   data required time
                                             -4.695937   data arrival time
---------------------------------------------------------------------------------------------
                                             15.209995   slack (MET)


Startpoint: awlen[0] (input port clocked by clk)
Endpoint: _0801_ (rising edge-triggered flip-flop clocked by clk)
Path Group: clk
Path Type: max

Fanout         Cap        Slew       Delay        Time   Description
---------------------------------------------------------------------------------------------
                                  0.000000    0.000000   clock clk (rise edge)
                                  0.000000    0.000000   clock network delay (propagated)
                                  4.000000    4.000000 ^ input external delay
     1    0.003019    0.014702    0.007856    4.007856 ^ awlen[0] (in)
                                                         awlen[0] (net)
                      0.014704    0.000000    4.007856 ^ input37/A (sky130_fd_sc_hd__dlymetal6s2s_1)
     5    0.018981    0.157711    0.139831    4.147687 ^ input37/X (sky130_fd_sc_hd__dlymetal6s2s_1)
                                                         net37 (net)
                      0.157721    0.000982    4.148670 ^ _0725_/A (sky130_fd_sc_hd__and3_1)
     2    0.007188    0.064648    0.127967    4.276637 ^ _0725_/X (sky130_fd_sc_hd__and3_1)
                                                         _0333_ (net)
                      0.064648    0.000277    4.276914 ^ _0726_/B (sky130_fd_sc_hd__or2_1)
     2    0.010106    0.077373    0.100741    4.377655 ^ _0726_/X (sky130_fd_sc_hd__or2_1)
                                                         _0334_ (net)
                      0.077412    0.000755    4.378409 ^ _0727_/A (sky130_fd_sc_hd__inv_2)
     1    0.005871    0.023380    0.022124    4.400533 v _0727_/Y (sky130_fd_sc_hd__inv_2)
                                                         _0335_ (net)
                      0.023389    0.000356    4.400888 v _0730_/B2 (sky130_fd_sc_hd__a221o_1)
     1    0.003359    0.035177    0.150889    4.551777 v _0730_/X (sky130_fd_sc_hd__a221o_1)
                                                         _0338_ (net)
                      0.035177    0.000213    4.551990 v _0731_/A1 (sky130_fd_sc_hd__mux2_1)
     1    0.002397    0.036500    0.144983    4.696973 v _0731_/X (sky130_fd_sc_hd__mux2_1)
                                                         _0081_ (net)
                      0.036500    0.000170    4.697143 v _0801_/D (sky130_fd_sc_hd__dfrtp_1)
                                              4.697143   data arrival time

                                 20.000000   20.000000   clock clk (rise edge)
                                  0.000000   20.000000   clock source latency
     1    0.016820    0.060981    0.042210   20.042210 ^ clk (in)
                                                         clk (net)
                      0.061053    0.000000   20.042210 ^ clkbuf_0_clk/A (sky130_fd_sc_hd__clkbuf_16)
     2    0.019386    0.030991    0.092220   20.134430 ^ clkbuf_0_clk/X (sky130_fd_sc_hd__clkbuf_16)
                                                         clknet_0_clk (net)
                      0.031007    0.001126   20.135555 ^ clkbuf_1_1__f_clk/A (sky130_fd_sc_hd__clkbuf_16)
    10    0.036003    0.042228    0.094438   20.229994 ^ clkbuf_1_1__f_clk/X (sky130_fd_sc_hd__clkbuf_16)
                                                         clknet_1_1__leaf_clk (net)
                      0.042326    0.001455   20.231449 ^ _0801_/CLK (sky130_fd_sc_hd__dfrtp_1)
                                 -0.250000   19.981449   clock uncertainty
                                  0.000000   19.981449   clock reconvergence pessimism
                                 -0.073057   19.908392   library setup time
                                             19.908392   data required time
---------------------------------------------------------------------------------------------
                                             19.908392   data required time
                                             -4.697143   data arrival time
---------------------------------------------------------------------------------------------
                                             15.211249   slack (MET)


Startpoint: arvalid (input port clocked by clk)
Endpoint: _1101_ (rising edge-triggered flip-flop clocked by clk)
Path Group: clk
Path Type: max

Fanout         Cap        Slew       Delay        Time   Description
---------------------------------------------------------------------------------------------
                                  0.000000    0.000000   clock clk (rise edge)
                                  0.000000    0.000000   clock network delay (propagated)
                                  4.000000    4.000000 ^ input external delay
     1    0.002991    0.014602    0.007783    4.007782 ^ arvalid (in)
                                                         arvalid (net)
                      0.014604    0.000000    4.007782 ^ input29/A (sky130_fd_sc_hd__dlymetal6s2s_1)
     5    0.026086    0.207660    0.174666    4.182449 ^ input29/X (sky130_fd_sc_hd__dlymetal6s2s_1)
                                                         net29 (net)
                      0.207696    0.002236    4.184684 ^ _0712_/B1 (sky130_fd_sc_hd__o2bb2a_1)
     2    0.008234    0.071094    0.141110    4.325795 ^ _0712_/X (sky130_fd_sc_hd__o2bb2a_1)
                                                         _0322_ (net)
                      0.071096    0.000465    4.326260 ^ _0740_/C1 (sky130_fd_sc_hd__o221a_2)
     7    0.023458    0.104427    0.138672    4.464931 ^ _0740_/X (sky130_fd_sc_hd__o221a_2)
                                                         _0346_ (net)
                      0.104444    0.001357    4.466289 ^ _0755_/B1_N (sky130_fd_sc_hd__a21bo_1)
     1    0.004340    0.030116    0.108493    4.574781 v _0755_/X (sky130_fd_sc_hd__a21bo_1)
                                                         _0358_ (net)
                      0.030136    0.000318    4.575099 v _0759_/A2 (sky130_fd_sc_hd__a22o_1)
     1    0.004224    0.031019    0.119797    4.694896 v _0759_/X (sky130_fd_sc_hd__a22o_1)
                                                         _0086_ (net)
                      0.031031    0.000302    4.695198 v _1101_/D (sky130_fd_sc_hd__dfrtp_1)
                                              4.695198   data arrival time

                                 20.000000   20.000000   clock clk (rise edge)
                                  0.000000   20.000000   clock source latency
     1    0.016820    0.060981    0.042210   20.042210 ^ clk (in)
                                                         clk (net)
                      0.061053    0.000000   20.042210 ^ clkbuf_0_clk/A (sky130_fd_sc_hd__clkbuf_16)
     2    0.019386    0.030991    0.092220   20.134430 ^ clkbuf_0_clk/X (sky130_fd_sc_hd__clkbuf_16)
                                                         clknet_0_clk (net)
                      0.031010    0.001238   20.135668 ^ clkbuf_1_0__f_clk/A (sky130_fd_sc_hd__clkbuf_16)
    10    0.030098    0.038443    0.090340   20.226007 ^ clkbuf_1_0__f_clk/X (sky130_fd_sc_hd__clkbuf_16)
                                                         clknet_1_0__leaf_clk (net)
                      0.038794    0.002853   20.228861 ^ _1101_/CLK (sky130_fd_sc_hd__dfrtp_1)
                                 -0.250000   19.978861   clock uncertainty
                                  0.000000   19.978861   clock reconvergence pessimism
                                 -0.071445   19.907417   library setup time
                                             19.907417   data required time
---------------------------------------------------------------------------------------------
                                             19.907417   data required time
                                             -4.695198   data arrival time
---------------------------------------------------------------------------------------------
                                             15.212219   slack (MET)


Startpoint: arvalid (input port clocked by clk)
Endpoint: _0797_ (rising edge-triggered flip-flop clocked by clk)
Path Group: clk
Path Type: max

Fanout         Cap        Slew       Delay        Time   Description
---------------------------------------------------------------------------------------------
                                  0.000000    0.000000   clock clk (rise edge)
                                  0.000000    0.000000   clock network delay (propagated)
                                  4.000000    4.000000 ^ input external delay
     1    0.002991    0.014602    0.007783    4.007782 ^ arvalid (in)
                                                         arvalid (net)
                      0.014604    0.000000    4.007782 ^ input29/A (sky130_fd_sc_hd__dlymetal6s2s_1)
     5    0.026086    0.207660    0.174666    4.182449 ^ input29/X (sky130_fd_sc_hd__dlymetal6s2s_1)
                                                         net29 (net)
                      0.207697    0.002256    4.184705 ^ _0700_/A (sky130_fd_sc_hd__or3_1)
     1    0.004101    0.038488    0.096038    4.280744 ^ _0700_/X (sky130_fd_sc_hd__or3_1)
                                                         _0313_ (net)
                      0.038490    0.000267    4.281010 ^ _0701_/C1 (sky130_fd_sc_hd__o311a_1)
     1    0.005091    0.050051    0.078919    4.359929 ^ _0701_/X (sky130_fd_sc_hd__o311a_1)
                                                         _0314_ (net)
                      0.050055    0.000506    4.360435 ^ _0702_/B1 (sky130_fd_sc_hd__o31ai_1)
     2    0.008018    0.054583    0.042456    4.402892 v _0702_/Y (sky130_fd_sc_hd__o31ai_1)
                                                         _0315_ (net)
                      0.054585    0.000377    4.403268 v _0709_/B (sky130_fd_sc_hd__or4b_1)
     1    0.002955    0.053871    0.286128    4.689396 v _0709_/X (sky130_fd_sc_hd__or4b_1)
                                                         _0077_ (net)
                      0.053871    0.000197    4.689593 v _0797_/D (sky130_fd_sc_hd__dfrtp_1)
                                              4.689593   data arrival time

                                 20.000000   20.000000   clock clk (rise edge)
                                  0.000000   20.000000   clock source latency
     1    0.016820    0.060981    0.042210   20.042210 ^ clk (in)
                                                         clk (net)
                      0.061053    0.000000   20.042210 ^ clkbuf_0_clk/A (sky130_fd_sc_hd__clkbuf_16)
     2    0.019386    0.030991    0.092220   20.134430 ^ clkbuf_0_clk/X (sky130_fd_sc_hd__clkbuf_16)
                                                         clknet_0_clk (net)
                      0.031007    0.001126   20.135555 ^ clkbuf_1_1__f_clk/A (sky130_fd_sc_hd__clkbuf_16)
    10    0.036003    0.042228    0.094438   20.229994 ^ clkbuf_1_1__f_clk/X (sky130_fd_sc_hd__clkbuf_16)
                                                         clknet_1_1__leaf_clk (net)
                      0.042356    0.001748   20.231743 ^ _0797_/CLK (sky130_fd_sc_hd__dfrtp_1)
                                 -0.250000   19.981743   clock uncertainty
                                  0.000000   19.981743   clock reconvergence pessimism
                                 -0.079256   19.902487   library setup time
                                             19.902487   data required time
---------------------------------------------------------------------------------------------
                                             19.902487   data required time
                                             -4.689593   data arrival time
---------------------------------------------------------------------------------------------
                                             15.212894   slack (MET)


Startpoint: arvalid (input port clocked by clk)
Endpoint: _0800_ (rising edge-triggered flip-flop clocked by clk)
Path Group: clk
Path Type: max

Fanout         Cap        Slew       Delay        Time   Description
---------------------------------------------------------------------------------------------
                                  0.000000    0.000000   clock clk (rise edge)
                                  0.000000    0.000000   clock network delay (propagated)
                                  4.000000    4.000000 ^ input external delay
     1    0.002991    0.014602    0.007783    4.007782 ^ arvalid (in)
                                                         arvalid (net)
                      0.014604    0.000000    4.007782 ^ input29/A (sky130_fd_sc_hd__dlymetal6s2s_1)
     5    0.026086    0.207660    0.174666    4.182449 ^ input29/X (sky130_fd_sc_hd__dlymetal6s2s_1)
                                                         net29 (net)
                      0.207696    0.002236    4.184684 ^ _0712_/B1 (sky130_fd_sc_hd__o2bb2a_1)
     2    0.008234    0.071094    0.141110    4.325795 ^ _0712_/X (sky130_fd_sc_hd__o2bb2a_1)
                                                         _0322_ (net)
                      0.071094    0.000263    4.326057 ^ _0715_/B1 (sky130_fd_sc_hd__o211a_2)
     6    0.026838    0.124094    0.160542    4.486599 ^ _0715_/X (sky130_fd_sc_hd__o211a_2)
                                                         _0325_ (net)
                      0.124234    0.002669    4.489269 ^ _0723_/S (sky130_fd_sc_hd__mux2_1)
     1    0.002611    0.037286    0.190137    4.679405 v _0723_/X (sky130_fd_sc_hd__mux2_1)
                                                         _0080_ (net)
                      0.037286    0.000179    4.679584 v _0800_/D (sky130_fd_sc_hd__dfrtp_1)
                                              4.679584   data arrival time

                                 20.000000   20.000000   clock clk (rise edge)
                                  0.000000   20.000000   clock source latency
     1    0.016820    0.060981    0.042210   20.042210 ^ clk (in)
                                                         clk (net)
                      0.061053    0.000000   20.042210 ^ clkbuf_0_clk/A (sky130_fd_sc_hd__clkbuf_16)
     2    0.019386    0.030991    0.092220   20.134430 ^ clkbuf_0_clk/X (sky130_fd_sc_hd__clkbuf_16)
                                                         clknet_0_clk (net)
                      0.031007    0.001126   20.135555 ^ clkbuf_1_1__f_clk/A (sky130_fd_sc_hd__clkbuf_16)
    10    0.036003    0.042228    0.094438   20.229994 ^ clkbuf_1_1__f_clk/X (sky130_fd_sc_hd__clkbuf_16)
                                                         clknet_1_1__leaf_clk (net)
                      0.042316    0.001357   20.231352 ^ _0800_/CLK (sky130_fd_sc_hd__dfrtp_1)
                                 -0.250000   19.981352   clock uncertainty
                                  0.000000   19.981352   clock reconvergence pessimism
                                 -0.073339   19.908014   library setup time
                                             19.908014   data required time
---------------------------------------------------------------------------------------------
                                             19.908014   data required time
                                             -4.679584   data arrival time
---------------------------------------------------------------------------------------------
                                             15.228431   slack (MET)


Startpoint: arvalid (input port clocked by clk)
Endpoint: _0799_ (rising edge-triggered flip-flop clocked by clk)
Path Group: clk
Path Type: max

Fanout         Cap        Slew       Delay        Time   Description
---------------------------------------------------------------------------------------------
                                  0.000000    0.000000   clock clk (rise edge)
                                  0.000000    0.000000   clock network delay (propagated)
                                  4.000000    4.000000 ^ input external delay
     1    0.002991    0.014602    0.007783    4.007782 ^ arvalid (in)
                                                         arvalid (net)
                      0.014604    0.000000    4.007782 ^ input29/A (sky130_fd_sc_hd__dlymetal6s2s_1)
     5    0.026086    0.207660    0.174666    4.182449 ^ input29/X (sky130_fd_sc_hd__dlymetal6s2s_1)
                                                         net29 (net)
                      0.207696    0.002236    4.184684 ^ _0712_/B1 (sky130_fd_sc_hd__o2bb2a_1)
     2    0.008234    0.071094    0.141110    4.325795 ^ _0712_/X (sky130_fd_sc_hd__o2bb2a_1)
                                                         _0322_ (net)
                      0.071094    0.000263    4.326057 ^ _0715_/B1 (sky130_fd_sc_hd__o211a_2)
     6    0.026838    0.124094    0.160542    4.486599 ^ _0715_/X (sky130_fd_sc_hd__o211a_2)
                                                         _0325_ (net)
                      0.124187    0.001840    4.488440 ^ _0718_/S (sky130_fd_sc_hd__mux2_1)
     1    0.002384    0.036452    0.188742    4.677182 v _0718_/X (sky130_fd_sc_hd__mux2_1)
                                                         _0079_ (net)
                      0.036452    0.000171    4.677353 v _0799_/D (sky130_fd_sc_hd__dfrtp_1)
                                              4.677353   data arrival time

                                 20.000000   20.000000   clock clk (rise edge)
                                  0.000000   20.000000   clock source latency
     1    0.016820    0.060981    0.042210   20.042210 ^ clk (in)
                                                         clk (net)
                      0.061053    0.000000   20.042210 ^ clkbuf_0_clk/A (sky130_fd_sc_hd__clkbuf_16)
     2    0.019386    0.030991    0.092220   20.134430 ^ clkbuf_0_clk/X (sky130_fd_sc_hd__clkbuf_16)
                                                         clknet_0_clk (net)
                      0.031007    0.001126   20.135555 ^ clkbuf_1_1__f_clk/A (sky130_fd_sc_hd__clkbuf_16)
    10    0.036003    0.042228    0.094438   20.229994 ^ clkbuf_1_1__f_clk/X (sky130_fd_sc_hd__clkbuf_16)
                                                         clknet_1_1__leaf_clk (net)
                      0.042334    0.001531   20.231525 ^ _0799_/CLK (sky130_fd_sc_hd__dfrtp_1)
                                 -0.250000   19.981525   clock uncertainty
                                  0.000000   19.981525   clock reconvergence pessimism
                                 -0.073039   19.908485   library setup time
                                             19.908485   data required time
---------------------------------------------------------------------------------------------
                                             19.908485   data required time
                                             -4.677353   data arrival time
---------------------------------------------------------------------------------------------
                                             15.231134   slack (MET)


Startpoint: arvalid (input port clocked by clk)
Endpoint: _1098_ (rising edge-triggered flip-flop clocked by clk)
Path Group: clk
Path Type: max

Fanout         Cap        Slew       Delay        Time   Description
---------------------------------------------------------------------------------------------
                                  0.000000    0.000000   clock clk (rise edge)
                                  0.000000    0.000000   clock network delay (propagated)
                                  4.000000    4.000000 ^ input external delay
     1    0.002991    0.014602    0.007783    4.007782 ^ arvalid (in)
                                                         arvalid (net)
                      0.014604    0.000000    4.007782 ^ input29/A (sky130_fd_sc_hd__dlymetal6s2s_1)
     5    0.026086    0.207660    0.174666    4.182449 ^ input29/X (sky130_fd_sc_hd__dlymetal6s2s_1)
                                                         net29 (net)
                      0.207696    0.002236    4.184684 ^ _0712_/B1 (sky130_fd_sc_hd__o2bb2a_1)
     2    0.008234    0.071094    0.141110    4.325795 ^ _0712_/X (sky130_fd_sc_hd__o2bb2a_1)
                                                         _0322_ (net)
                      0.071096    0.000465    4.326260 ^ _0740_/C1 (sky130_fd_sc_hd__o221a_2)
     7    0.023458    0.104427    0.138672    4.464931 ^ _0740_/X (sky130_fd_sc_hd__o221a_2)
                                                         _0346_ (net)
                      0.104459    0.001745    4.466677 ^ _0744_/S (sky130_fd_sc_hd__mux2_1)
     1    0.003077    0.039118    0.191513    4.658190 v _0744_/X (sky130_fd_sc_hd__mux2_1)
                                                         _0083_ (net)
                      0.039118    0.000132    4.658322 v _1098_/D (sky130_fd_sc_hd__dfrtp_1)
                                              4.658322   data arrival time

                                 20.000000   20.000000   clock clk (rise edge)
                                  0.000000   20.000000   clock source latency
     1    0.016820    0.060981    0.042210   20.042210 ^ clk (in)
                                                         clk (net)
                      0.061053    0.000000   20.042210 ^ clkbuf_0_clk/A (sky130_fd_sc_hd__clkbuf_16)
     2    0.019386    0.030991    0.092220   20.134430 ^ clkbuf_0_clk/X (sky130_fd_sc_hd__clkbuf_16)
                                                         clknet_0_clk (net)
                      0.031010    0.001238   20.135668 ^ clkbuf_1_0__f_clk/A (sky130_fd_sc_hd__clkbuf_16)
    10    0.030098    0.038443    0.090340   20.226007 ^ clkbuf_1_0__f_clk/X (sky130_fd_sc_hd__clkbuf_16)
                                                         clknet_1_0__leaf_clk (net)
                      0.038806    0.002904   20.228912 ^ _1098_/CLK (sky130_fd_sc_hd__dfrtp_1)
                                 -0.250000   19.978914   clock uncertainty
                                  0.000000   19.978914   clock reconvergence pessimism
                                 -0.074331   19.904581   library setup time
                                             19.904581   data required time
---------------------------------------------------------------------------------------------
                                             19.904581   data required time
                                             -4.658322   data arrival time
---------------------------------------------------------------------------------------------
                                             15.246260   slack (MET)


Startpoint: arvalid (input port clocked by clk)
Endpoint: _1100_ (rising edge-triggered flip-flop clocked by clk)
Path Group: clk
Path Type: max

Fanout         Cap        Slew       Delay        Time   Description
---------------------------------------------------------------------------------------------
                                  0.000000    0.000000   clock clk (rise edge)
                                  0.000000    0.000000   clock network delay (propagated)
                                  4.000000    4.000000 ^ input external delay
     1    0.002991    0.014602    0.007783    4.007782 ^ arvalid (in)
                                                         arvalid (net)
                      0.014604    0.000000    4.007782 ^ input29/A (sky130_fd_sc_hd__dlymetal6s2s_1)
     5    0.026086    0.207660    0.174666    4.182449 ^ input29/X (sky130_fd_sc_hd__dlymetal6s2s_1)
                                                         net29 (net)
                      0.207696    0.002236    4.184684 ^ _0712_/B1 (sky130_fd_sc_hd__o2bb2a_1)
     2    0.008234    0.071094    0.141110    4.325795 ^ _0712_/X (sky130_fd_sc_hd__o2bb2a_1)
                                                         _0322_ (net)
                      0.071096    0.000465    4.326260 ^ _0740_/C1 (sky130_fd_sc_hd__o221a_2)
     7    0.023458    0.104427    0.138672    4.464931 ^ _0740_/X (sky130_fd_sc_hd__o221a_2)
                                                         _0346_ (net)
                      0.104435    0.001020    4.465951 ^ _0745_/B1 (sky130_fd_sc_hd__o21ai_1)
     1    0.003416    0.042128    0.032487    4.498439 v _0745_/Y (sky130_fd_sc_hd__o21ai_1)
                                                         _0350_ (net)
                      0.042128    0.000147    4.498586 v _0754_/A2 (sky130_fd_sc_hd__a22o_1)
     1    0.004791    0.032781    0.126580    4.625165 v _0754_/X (sky130_fd_sc_hd__a22o_1)
                                                         _0085_ (net)
                      0.032781    0.000195    4.625360 v _1100_/D (sky130_fd_sc_hd__dfrtp_1)
                                              4.625360   data arrival time

                                 20.000000   20.000000   clock clk (rise edge)
                                  0.000000   20.000000   clock source latency
     1    0.016820    0.060981    0.042210   20.042210 ^ clk (in)
                                                         clk (net)
                      0.061053    0.000000   20.042210 ^ clkbuf_0_clk/A (sky130_fd_sc_hd__clkbuf_16)
     2    0.019386    0.030991    0.092220   20.134430 ^ clkbuf_0_clk/X (sky130_fd_sc_hd__clkbuf_16)
                                                         clknet_0_clk (net)
                      0.031010    0.001238   20.135668 ^ clkbuf_1_0__f_clk/A (sky130_fd_sc_hd__clkbuf_16)
    10    0.030098    0.038443    0.090340   20.226007 ^ clkbuf_1_0__f_clk/X (sky130_fd_sc_hd__clkbuf_16)
                                                         clknet_1_0__leaf_clk (net)
                      0.038788    0.002828   20.228836 ^ _1100_/CLK (sky130_fd_sc_hd__dfrtp_1)
                                 -0.250000   19.978836   clock uncertainty
                                  0.000000   19.978836   clock reconvergence pessimism
                                 -0.072070   19.906767   library setup time
                                             19.906767   data required time
---------------------------------------------------------------------------------------------
                                             19.906767   data required time
                                             -4.625360   data arrival time
---------------------------------------------------------------------------------------------
                                             15.281405   slack (MET)


Startpoint: wlast (input port clocked by clk)
Endpoint: _0798_ (rising edge-triggered flip-flop clocked by clk)
Path Group: clk
Path Type: max

Fanout         Cap        Slew       Delay        Time   Description
---------------------------------------------------------------------------------------------
                                  0.000000    0.000000   clock clk (rise edge)
                                  0.000000    0.000000   clock network delay (propagated)
                                  4.000000    4.000000 v input external delay
     1    0.003505    0.005751    0.002948    4.002948 v wlast (in)
                                                         wlast (net)
                      0.005759    0.000000    4.002948 v input61/A (sky130_fd_sc_hd__clkbuf_1)
     2    0.008525    0.038943    0.064842    4.067790 v input61/X (sky130_fd_sc_hd__clkbuf_1)
                                                         net61 (net)
                      0.038952    0.000559    4.068349 v _0699_/A (sky130_fd_sc_hd__or4_1)
     1    0.004226    0.059902    0.302630    4.370979 v _0699_/X (sky130_fd_sc_hd__or4_1)
                                                         _0312_ (net)
                      0.059902    0.000262    4.371241 v _0710_/A3 (sky130_fd_sc_hd__a31o_1)
     1    0.003429    0.029490    0.147628    4.518869 v _0710_/X (sky130_fd_sc_hd__a31o_1)
                                                         _0321_ (net)
                      0.029490    0.000143    4.519013 v _0711_/B1 (sky130_fd_sc_hd__a21o_1)
     1    0.003754    0.026942    0.069604    4.588617 v _0711_/X (sky130_fd_sc_hd__a21o_1)
                                                         _0078_ (net)
                      0.026952    0.000250    4.588867 v _0798_/D (sky130_fd_sc_hd__dfrtp_1)
                                              4.588867   data arrival time

                                 20.000000   20.000000   clock clk (rise edge)
                                  0.000000   20.000000   clock source latency
     1    0.016820    0.060981    0.042210   20.042210 ^ clk (in)
                                                         clk (net)
                      0.061053    0.000000   20.042210 ^ clkbuf_0_clk/A (sky130_fd_sc_hd__clkbuf_16)
     2    0.019386    0.030991    0.092220   20.134430 ^ clkbuf_0_clk/X (sky130_fd_sc_hd__clkbuf_16)
                                                         clknet_0_clk (net)
                      0.031007    0.001126   20.135555 ^ clkbuf_1_1__f_clk/A (sky130_fd_sc_hd__clkbuf_16)
    10    0.036003    0.042228    0.094438   20.229994 ^ clkbuf_1_1__f_clk/X (sky130_fd_sc_hd__clkbuf_16)
                                                         clknet_1_1__leaf_clk (net)
                      0.042346    0.001648   20.231642 ^ _0798_/CLK (sky130_fd_sc_hd__dfrtp_1)
                                 -0.250000   19.981644   clock uncertainty
                                  0.000000   19.981644   clock reconvergence pessimism
                                 -0.069647   19.911997   library setup time
                                             19.911997   data required time
---------------------------------------------------------------------------------------------
                                             19.911997   data required time
                                             -4.588867   data arrival time
---------------------------------------------------------------------------------------------
                                             15.323130   slack (MET)


Startpoint: bready (input port clocked by clk)
Endpoint: _0795_ (rising edge-triggered flip-flop clocked by clk)
Path Group: clk
Path Type: max

Fanout         Cap        Slew       Delay        Time   Description
---------------------------------------------------------------------------------------------
                                  0.000000    0.000000   clock clk (rise edge)
                                  0.000000    0.000000   clock network delay (propagated)
                                  4.000000    4.000000 ^ input external delay
     1    0.008009    0.031742    0.020440    4.020440 ^ bready (in)
                                                         bready (net)
                      0.031750    0.000000    4.020440 ^ input42/A (sky130_fd_sc_hd__buf_1)
     2    0.009486    0.088206    0.091023    4.111463 ^ input42/X (sky130_fd_sc_hd__buf_1)
                                                         net42 (net)
                      0.088213    0.000627    4.112090 ^ _0691_/A (sky130_fd_sc_hd__nand2_1)
     1    0.005400    0.049210    0.042266    4.154356 v _0691_/Y (sky130_fd_sc_hd__nand2_1)
                                                         _0305_ (net)
                      0.049214    0.000364    4.154719 v _0692_/C (sky130_fd_sc_hd__and3_1)
     1    0.004548    0.032634    0.123994    4.278713 v _0692_/X (sky130_fd_sc_hd__and3_1)
                                                         _0306_ (net)
                      0.032635    0.000279    4.278992 v _0697_/A (sky130_fd_sc_hd__or3b_1)
     1    0.003062    0.043716    0.212284    4.491277 v _0697_/X (sky130_fd_sc_hd__or3b_1)
                                                         _0311_ (net)
                      0.043716    0.000203    4.491479 v _0698_/B1 (sky130_fd_sc_hd__a31o_1)
     1    0.003643    0.030272    0.076160    4.567639 v _0698_/X (sky130_fd_sc_hd__a31o_1)
                                                         _0075_ (net)
                      0.030272    0.000252    4.567891 v _0795_/D (sky130_fd_sc_hd__dfrtp_1)
                                              4.567891   data arrival time

                                 20.000000   20.000000   clock clk (rise edge)
                                  0.000000   20.000000   clock source latency
     1    0.016820    0.060981    0.042210   20.042210 ^ clk (in)
                                                         clk (net)
                      0.061053    0.000000   20.042210 ^ clkbuf_0_clk/A (sky130_fd_sc_hd__clkbuf_16)
     2    0.019386    0.030991    0.092220   20.134430 ^ clkbuf_0_clk/X (sky130_fd_sc_hd__clkbuf_16)
                                                         clknet_0_clk (net)
                      0.031010    0.001238   20.135668 ^ clkbuf_1_0__f_clk/A (sky130_fd_sc_hd__clkbuf_16)
    10    0.030098    0.038443    0.090340   20.226007 ^ clkbuf_1_0__f_clk/X (sky130_fd_sc_hd__clkbuf_16)
                                                         clknet_1_0__leaf_clk (net)
                      0.038597    0.001865   20.227873 ^ _0795_/CLK (sky130_fd_sc_hd__dfrtp_1)
                                 -0.250000   19.977875   clock uncertainty
                                  0.000000   19.977875   clock reconvergence pessimism
                                 -0.071193   19.906681   library setup time
                                             19.906681   data required time
---------------------------------------------------------------------------------------------
                                             19.906681   data required time
                                             -4.567891   data arrival time
---------------------------------------------------------------------------------------------
                                             15.338790   slack (MET)


Startpoint: res_n (input port clocked by clk)
Endpoint: _0795_ (recovery check against rising-edge clock clk)
Path Group: asynchronous
Path Type: max

Fanout         Cap        Slew       Delay        Time   Description
---------------------------------------------------------------------------------------------
                                  0.000000    0.000000   clock clk (rise edge)
                                  0.000000    0.000000   clock network delay (propagated)
                                  4.000000    4.000000 ^ input external delay
     1    0.003493    0.016407    0.009104    4.009104 ^ res_n (in)
                                                         res_n (net)
                      0.016409    0.000000    4.009104 ^ input43/A (sky130_fd_sc_hd__buf_1)
     2    0.013486    0.122283    0.110420    4.119524 ^ input43/X (sky130_fd_sc_hd__buf_1)
                                                         net43 (net)
                      0.122293    0.000936    4.120460 ^ fanout245/A (sky130_fd_sc_hd__clkbuf_4)
    10    0.050333    0.119187    0.173882    4.294343 ^ fanout245/X (sky130_fd_sc_hd__clkbuf_4)
                                                         net245 (net)
                      0.119496    0.004929    4.299272 ^ _0795_/RESET_B (sky130_fd_sc_hd__dfrtp_1)
                                              4.299272   data arrival time

                                 20.000000   20.000000   clock clk (rise edge)
                                  0.000000   20.000000   clock source latency
     1    0.016820    0.060981    0.042210   20.042210 ^ clk (in)
                                                         clk (net)
                      0.061053    0.000000   20.042210 ^ clkbuf_0_clk/A (sky130_fd_sc_hd__clkbuf_16)
     2    0.019386    0.030991    0.092220   20.134430 ^ clkbuf_0_clk/X (sky130_fd_sc_hd__clkbuf_16)
                                                         clknet_0_clk (net)
                      0.031010    0.001238   20.135668 ^ clkbuf_1_0__f_clk/A (sky130_fd_sc_hd__clkbuf_16)
    10    0.030098    0.038443    0.090340   20.226007 ^ clkbuf_1_0__f_clk/X (sky130_fd_sc_hd__clkbuf_16)
                                                         clknet_1_0__leaf_clk (net)
                      0.038597    0.001865   20.227873 ^ _0795_/CLK (sky130_fd_sc_hd__dfrtp_1)
                                 -0.250000   19.977875   clock uncertainty
                                  0.000000   19.977875   clock reconvergence pessimism
                                  0.128273   20.106146   library recovery time
                                             20.106146   data required time
---------------------------------------------------------------------------------------------
                                             20.106146   data required time
                                             -4.299272   data arrival time
---------------------------------------------------------------------------------------------
                                             15.806874   slack (MET)


Startpoint: res_n (input port clocked by clk)
Endpoint: _1108_ (recovery check against rising-edge clock clk)
Path Group: asynchronous
Path Type: max

Fanout         Cap        Slew       Delay        Time   Description
---------------------------------------------------------------------------------------------
                                  0.000000    0.000000   clock clk (rise edge)
                                  0.000000    0.000000   clock network delay (propagated)
                                  4.000000    4.000000 ^ input external delay
     1    0.003493    0.016407    0.009104    4.009104 ^ res_n (in)
                                                         res_n (net)
                      0.016409    0.000000    4.009104 ^ input43/A (sky130_fd_sc_hd__buf_1)
     2    0.013486    0.122283    0.110420    4.119524 ^ input43/X (sky130_fd_sc_hd__buf_1)
                                                         net43 (net)
                      0.122293    0.000936    4.120460 ^ fanout245/A (sky130_fd_sc_hd__clkbuf_4)
    10    0.050333    0.119187    0.173882    4.294343 ^ fanout245/X (sky130_fd_sc_hd__clkbuf_4)
                                                         net245 (net)
                      0.119454    0.004593    4.298935 ^ _1108_/RESET_B (sky130_fd_sc_hd__dfrtp_1)
                                              4.298935   data arrival time

                                 20.000000   20.000000   clock clk (rise edge)
                                  0.000000   20.000000   clock source latency
     1    0.016820    0.060981    0.042210   20.042210 ^ clk (in)
                                                         clk (net)
                      0.061053    0.000000   20.042210 ^ clkbuf_0_clk/A (sky130_fd_sc_hd__clkbuf_16)
     2    0.019386    0.030991    0.092220   20.134430 ^ clkbuf_0_clk/X (sky130_fd_sc_hd__clkbuf_16)
                                                         clknet_0_clk (net)
                      0.031010    0.001238   20.135668 ^ clkbuf_1_0__f_clk/A (sky130_fd_sc_hd__clkbuf_16)
    10    0.030098    0.038443    0.090340   20.226007 ^ clkbuf_1_0__f_clk/X (sky130_fd_sc_hd__clkbuf_16)
                                                         clknet_1_0__leaf_clk (net)
                      0.038638    0.002103   20.228111 ^ _1108_/CLK (sky130_fd_sc_hd__dfrtp_1)
                                 -0.250000   19.978111   clock uncertainty
                                  0.000000   19.978111   clock reconvergence pessimism
                                  0.128287   20.106400   library recovery time
                                             20.106400   data required time
---------------------------------------------------------------------------------------------
                                             20.106400   data required time
                                             -4.298935   data arrival time
---------------------------------------------------------------------------------------------
                                             15.807463   slack (MET)


Startpoint: res_n (input port clocked by clk)
Endpoint: _1107_ (recovery check against rising-edge clock clk)
Path Group: asynchronous
Path Type: max

Fanout         Cap        Slew       Delay        Time   Description
---------------------------------------------------------------------------------------------
                                  0.000000    0.000000   clock clk (rise edge)
                                  0.000000    0.000000   clock network delay (propagated)
                                  4.000000    4.000000 ^ input external delay
     1    0.003493    0.016407    0.009104    4.009104 ^ res_n (in)
                                                         res_n (net)
                      0.016409    0.000000    4.009104 ^ input43/A (sky130_fd_sc_hd__buf_1)
     2    0.013486    0.122283    0.110420    4.119524 ^ input43/X (sky130_fd_sc_hd__buf_1)
                                                         net43 (net)
                      0.122293    0.000936    4.120460 ^ fanout245/A (sky130_fd_sc_hd__clkbuf_4)
    10    0.050333    0.119187    0.173882    4.294343 ^ fanout245/X (sky130_fd_sc_hd__clkbuf_4)
                                                         net245 (net)
                      0.119415    0.004257    4.298600 ^ _1107_/RESET_B (sky130_fd_sc_hd__dfrtp_1)
                                              4.298600   data arrival time

                                 20.000000   20.000000   clock clk (rise edge)
                                  0.000000   20.000000   clock source latency
     1    0.016820    0.060981    0.042210   20.042210 ^ clk (in)
                                                         clk (net)
                      0.061053    0.000000   20.042210 ^ clkbuf_0_clk/A (sky130_fd_sc_hd__clkbuf_16)
     2    0.019386    0.030991    0.092220   20.134430 ^ clkbuf_0_clk/X (sky130_fd_sc_hd__clkbuf_16)
                                                         clknet_0_clk (net)
                      0.031010    0.001238   20.135668 ^ clkbuf_1_0__f_clk/A (sky130_fd_sc_hd__clkbuf_16)
    10    0.030098    0.038443    0.090340   20.226007 ^ clkbuf_1_0__f_clk/X (sky130_fd_sc_hd__clkbuf_16)
                                                         clknet_1_0__leaf_clk (net)
                      0.038748    0.002649   20.228657 ^ _1107_/CLK (sky130_fd_sc_hd__dfrtp_1)
                                 -0.250000   19.978657   clock uncertainty
                                  0.000000   19.978657   clock reconvergence pessimism
                                  0.128311   20.106970   library recovery time
                                             20.106970   data required time
---------------------------------------------------------------------------------------------
                                             20.106970   data required time
                                             -4.298600   data arrival time
---------------------------------------------------------------------------------------------
                                             15.808369   slack (MET)


Startpoint: res_n (input port clocked by clk)
Endpoint: _1105_ (recovery check against rising-edge clock clk)
Path Group: asynchronous
Path Type: max

Fanout         Cap        Slew       Delay        Time   Description
---------------------------------------------------------------------------------------------
                                  0.000000    0.000000   clock clk (rise edge)
                                  0.000000    0.000000   clock network delay (propagated)
                                  4.000000    4.000000 ^ input external delay
     1    0.003493    0.016407    0.009104    4.009104 ^ res_n (in)
                                                         res_n (net)
                      0.016409    0.000000    4.009104 ^ input43/A (sky130_fd_sc_hd__buf_1)
     2    0.013486    0.122283    0.110420    4.119524 ^ input43/X (sky130_fd_sc_hd__buf_1)
                                                         net43 (net)
                      0.122293    0.000936    4.120460 ^ fanout245/A (sky130_fd_sc_hd__clkbuf_4)
    10    0.050333    0.119187    0.173882    4.294343 ^ fanout245/X (sky130_fd_sc_hd__clkbuf_4)
                                                         net245 (net)
                      0.119409    0.004202    4.298545 ^ _1105_/RESET_B (sky130_fd_sc_hd__dfrtp_1)
                                              4.298545   data arrival time

                                 20.000000   20.000000   clock clk (rise edge)
                                  0.000000   20.000000   clock source latency
     1    0.016820    0.060981    0.042210   20.042210 ^ clk (in)
                                                         clk (net)
                      0.061053    0.000000   20.042210 ^ clkbuf_0_clk/A (sky130_fd_sc_hd__clkbuf_16)
     2    0.019386    0.030991    0.092220   20.134430 ^ clkbuf_0_clk/X (sky130_fd_sc_hd__clkbuf_16)
                                                         clknet_0_clk (net)
                      0.031010    0.001238   20.135668 ^ clkbuf_1_0__f_clk/A (sky130_fd_sc_hd__clkbuf_16)
    10    0.030098    0.038443    0.090340   20.226007 ^ clkbuf_1_0__f_clk/X (sky130_fd_sc_hd__clkbuf_16)
                                                         clknet_1_0__leaf_clk (net)
                      0.038760    0.002705   20.228714 ^ _1105_/CLK (sky130_fd_sc_hd__dfrtp_1)
                                 -0.250000   19.978714   clock uncertainty
                                  0.000000   19.978714   clock reconvergence pessimism
                                  0.128314   20.107027   library recovery time
                                             20.107027   data required time
---------------------------------------------------------------------------------------------
                                             20.107027   data required time
                                             -4.298545   data arrival time
---------------------------------------------------------------------------------------------
                                             15.808482   slack (MET)


Startpoint: res_n (input port clocked by clk)
Endpoint: _1106_ (recovery check against rising-edge clock clk)
Path Group: asynchronous
Path Type: max

Fanout         Cap        Slew       Delay        Time   Description
---------------------------------------------------------------------------------------------
                                  0.000000    0.000000   clock clk (rise edge)
                                  0.000000    0.000000   clock network delay (propagated)
                                  4.000000    4.000000 ^ input external delay
     1    0.003493    0.016407    0.009104    4.009104 ^ res_n (in)
                                                         res_n (net)
                      0.016409    0.000000    4.009104 ^ input43/A (sky130_fd_sc_hd__buf_1)
     2    0.013486    0.122283    0.110420    4.119524 ^ input43/X (sky130_fd_sc_hd__buf_1)
                                                         net43 (net)
                      0.122293    0.000936    4.120460 ^ fanout245/A (sky130_fd_sc_hd__clkbuf_4)
    10    0.050333    0.119187    0.173882    4.294343 ^ fanout245/X (sky130_fd_sc_hd__clkbuf_4)
                                                         net245 (net)
                      0.119399    0.004104    4.298446 ^ _1106_/RESET_B (sky130_fd_sc_hd__dfrtp_1)
                                              4.298446   data arrival time

                                 20.000000   20.000000   clock clk (rise edge)
                                  0.000000   20.000000   clock source latency
     1    0.016820    0.060981    0.042210   20.042210 ^ clk (in)
                                                         clk (net)
                      0.061053    0.000000   20.042210 ^ clkbuf_0_clk/A (sky130_fd_sc_hd__clkbuf_16)
     2    0.019386    0.030991    0.092220   20.134430 ^ clkbuf_0_clk/X (sky130_fd_sc_hd__clkbuf_16)
                                                         clknet_0_clk (net)
                      0.031010    0.001238   20.135668 ^ clkbuf_1_0__f_clk/A (sky130_fd_sc_hd__clkbuf_16)
    10    0.030098    0.038443    0.090340   20.226007 ^ clkbuf_1_0__f_clk/X (sky130_fd_sc_hd__clkbuf_16)
                                                         clknet_1_0__leaf_clk (net)
                      0.038769    0.002746   20.228754 ^ _1106_/CLK (sky130_fd_sc_hd__dfrtp_1)
                                 -0.250000   19.978756   clock uncertainty
                                  0.000000   19.978756   clock reconvergence pessimism
                                  0.128318   20.107073   library recovery time
                                             20.107073   data required time
---------------------------------------------------------------------------------------------
                                             20.107073   data required time
                                             -4.298446   data arrival time
---------------------------------------------------------------------------------------------
                                             15.808626   slack (MET)


Startpoint: res_n (input port clocked by clk)
Endpoint: _1100_ (recovery check against rising-edge clock clk)
Path Group: asynchronous
Path Type: max

Fanout         Cap        Slew       Delay        Time   Description
---------------------------------------------------------------------------------------------
                                  0.000000    0.000000   clock clk (rise edge)
                                  0.000000    0.000000   clock network delay (propagated)
                                  4.000000    4.000000 ^ input external delay
     1    0.003493    0.016407    0.009104    4.009104 ^ res_n (in)
                                                         res_n (net)
                      0.016409    0.000000    4.009104 ^ input43/A (sky130_fd_sc_hd__buf_1)
     2    0.013486    0.122283    0.110420    4.119524 ^ input43/X (sky130_fd_sc_hd__buf_1)
                                                         net43 (net)
                      0.122293    0.000936    4.120460 ^ fanout245/A (sky130_fd_sc_hd__clkbuf_4)
    10    0.050333    0.119187    0.173882    4.294343 ^ fanout245/X (sky130_fd_sc_hd__clkbuf_4)
                                                         net245 (net)
                      0.119369    0.003814    4.298157 ^ _1100_/RESET_B (sky130_fd_sc_hd__dfrtp_1)
                                              4.298157   data arrival time

                                 20.000000   20.000000   clock clk (rise edge)
                                  0.000000   20.000000   clock source latency
     1    0.016820    0.060981    0.042210   20.042210 ^ clk (in)
                                                         clk (net)
                      0.061053    0.000000   20.042210 ^ clkbuf_0_clk/A (sky130_fd_sc_hd__clkbuf_16)
     2    0.019386    0.030991    0.092220   20.134430 ^ clkbuf_0_clk/X (sky130_fd_sc_hd__clkbuf_16)
                                                         clknet_0_clk (net)
                      0.031010    0.001238   20.135668 ^ clkbuf_1_0__f_clk/A (sky130_fd_sc_hd__clkbuf_16)
    10    0.030098    0.038443    0.090340   20.226007 ^ clkbuf_1_0__f_clk/X (sky130_fd_sc_hd__clkbuf_16)
                                                         clknet_1_0__leaf_clk (net)
                      0.038788    0.002828   20.228836 ^ _1100_/CLK (sky130_fd_sc_hd__dfrtp_1)
                                 -0.250000   19.978836   clock uncertainty
                                  0.000000   19.978836   clock reconvergence pessimism
                                  0.128326   20.107162   library recovery time
                                             20.107162   data required time
---------------------------------------------------------------------------------------------
                                             20.107162   data required time
                                             -4.298157   data arrival time
---------------------------------------------------------------------------------------------
                                             15.809006   slack (MET)


Startpoint: res_n (input port clocked by clk)
Endpoint: _1101_ (recovery check against rising-edge clock clk)
Path Group: asynchronous
Path Type: max

Fanout         Cap        Slew       Delay        Time   Description
---------------------------------------------------------------------------------------------
                                  0.000000    0.000000   clock clk (rise edge)
                                  0.000000    0.000000   clock network delay (propagated)
                                  4.000000    4.000000 ^ input external delay
     1    0.003493    0.016407    0.009104    4.009104 ^ res_n (in)
                                                         res_n (net)
                      0.016409    0.000000    4.009104 ^ input43/A (sky130_fd_sc_hd__buf_1)
     2    0.013486    0.122283    0.110420    4.119524 ^ input43/X (sky130_fd_sc_hd__buf_1)
                                                         net43 (net)
                      0.122293    0.000936    4.120460 ^ fanout245/A (sky130_fd_sc_hd__clkbuf_4)
    10    0.050333    0.119187    0.173882    4.294343 ^ fanout245/X (sky130_fd_sc_hd__clkbuf_4)
                                                         net245 (net)
                      0.119304    0.003071    4.297413 ^ _1101_/RESET_B (sky130_fd_sc_hd__dfrtp_1)
                                              4.297413   data arrival time

                                 20.000000   20.000000   clock clk (rise edge)
                                  0.000000   20.000000   clock source latency
     1    0.016820    0.060981    0.042210   20.042210 ^ clk (in)
                                                         clk (net)
                      0.061053    0.000000   20.042210 ^ clkbuf_0_clk/A (sky130_fd_sc_hd__clkbuf_16)
     2    0.019386    0.030991    0.092220   20.134430 ^ clkbuf_0_clk/X (sky130_fd_sc_hd__clkbuf_16)
                                                         clknet_0_clk (net)
                      0.031010    0.001238   20.135668 ^ clkbuf_1_0__f_clk/A (sky130_fd_sc_hd__clkbuf_16)
    10    0.030098    0.038443    0.090340   20.226007 ^ clkbuf_1_0__f_clk/X (sky130_fd_sc_hd__clkbuf_16)
                                                         clknet_1_0__leaf_clk (net)
                      0.038794    0.002853   20.228861 ^ _1101_/CLK (sky130_fd_sc_hd__dfrtp_1)
                                 -0.250000   19.978861   clock uncertainty
                                  0.000000   19.978861   clock reconvergence pessimism
                                  0.128339   20.107201   library recovery time
                                             20.107201   data required time
---------------------------------------------------------------------------------------------
                                             20.107201   data required time
                                             -4.297413   data arrival time
---------------------------------------------------------------------------------------------
                                             15.809786   slack (MET)


Startpoint: res_n (input port clocked by clk)
Endpoint: _0796_ (recovery check against rising-edge clock clk)
Path Group: asynchronous
Path Type: max

Fanout         Cap        Slew       Delay        Time   Description
---------------------------------------------------------------------------------------------
                                  0.000000    0.000000   clock clk (rise edge)
                                  0.000000    0.000000   clock network delay (propagated)
                                  4.000000    4.000000 ^ input external delay
     1    0.003493    0.016407    0.009104    4.009104 ^ res_n (in)
                                                         res_n (net)
                      0.016409    0.000000    4.009104 ^ input43/A (sky130_fd_sc_hd__buf_1)
     2    0.013486    0.122283    0.110420    4.119524 ^ input43/X (sky130_fd_sc_hd__buf_1)
                                                         net43 (net)
                      0.122293    0.000936    4.120460 ^ fanout245/A (sky130_fd_sc_hd__clkbuf_4)
    10    0.050333    0.119187    0.173882    4.294343 ^ fanout245/X (sky130_fd_sc_hd__clkbuf_4)
                                                         net245 (net)
                      0.119584    0.005565    4.299907 ^ _0796_/RESET_B (sky130_fd_sc_hd__dfrtp_1)
                                              4.299907   data arrival time

                                 20.000000   20.000000   clock clk (rise edge)
                                  0.000000   20.000000   clock source latency
     1    0.016820    0.060981    0.042210   20.042210 ^ clk (in)
                                                         clk (net)
                      0.061053    0.000000   20.042210 ^ clkbuf_0_clk/A (sky130_fd_sc_hd__clkbuf_16)
     2    0.019386    0.030991    0.092220   20.134430 ^ clkbuf_0_clk/X (sky130_fd_sc_hd__clkbuf_16)
                                                         clknet_0_clk (net)
                      0.031007    0.001126   20.135555 ^ clkbuf_1_1__f_clk/A (sky130_fd_sc_hd__clkbuf_16)
    10    0.036003    0.042228    0.094438   20.229994 ^ clkbuf_1_1__f_clk/X (sky130_fd_sc_hd__clkbuf_16)
                                                         clknet_1_1__leaf_clk (net)
                      0.042328    0.001471   20.231464 ^ _0796_/CLK (sky130_fd_sc_hd__dfrtp_1)
                                 -0.250000   19.981466   clock uncertainty
                                  0.000000   19.981466   clock reconvergence pessimism
                                  0.128828   20.110294   library recovery time
                                             20.110294   data required time
---------------------------------------------------------------------------------------------
                                             20.110294   data required time
                                             -4.299907   data arrival time
---------------------------------------------------------------------------------------------
                                             15.810387   slack (MET)


Startpoint: res_n (input port clocked by clk)
Endpoint: _1099_ (recovery check against rising-edge clock clk)
Path Group: asynchronous
Path Type: max

Fanout         Cap        Slew       Delay        Time   Description
---------------------------------------------------------------------------------------------
                                  0.000000    0.000000   clock clk (rise edge)
                                  0.000000    0.000000   clock network delay (propagated)
                                  4.000000    4.000000 ^ input external delay
     1    0.003493    0.016407    0.009104    4.009104 ^ res_n (in)
                                                         res_n (net)
                      0.016409    0.000000    4.009104 ^ input43/A (sky130_fd_sc_hd__buf_1)
     2    0.013486    0.122283    0.110420    4.119524 ^ input43/X (sky130_fd_sc_hd__buf_1)
                                                         net43 (net)
                      0.122293    0.000936    4.120460 ^ fanout245/A (sky130_fd_sc_hd__clkbuf_4)
    10    0.050333    0.119187    0.173882    4.294343 ^ fanout245/X (sky130_fd_sc_hd__clkbuf_4)
                                                         net245 (net)
                      0.119255    0.002351    4.296693 ^ _1099_/RESET_B (sky130_fd_sc_hd__dfrtp_1)
                                              4.296693   data arrival time

                                 20.000000   20.000000   clock clk (rise edge)
                                  0.000000   20.000000   clock source latency
     1    0.016820    0.060981    0.042210   20.042210 ^ clk (in)
                                                         clk (net)
                      0.061053    0.000000   20.042210 ^ clkbuf_0_clk/A (sky130_fd_sc_hd__clkbuf_16)
     2    0.019386    0.030991    0.092220   20.134430 ^ clkbuf_0_clk/X (sky130_fd_sc_hd__clkbuf_16)
                                                         clknet_0_clk (net)
                      0.031010    0.001238   20.135668 ^ clkbuf_1_0__f_clk/A (sky130_fd_sc_hd__clkbuf_16)
    10    0.030098    0.038443    0.090340   20.226007 ^ clkbuf_1_0__f_clk/X (sky130_fd_sc_hd__clkbuf_16)
                                                         clknet_1_0__leaf_clk (net)
                      0.038798    0.002871   20.228878 ^ _1099_/CLK (sky130_fd_sc_hd__dfrtp_1)
                                 -0.250000   19.978880   clock uncertainty
                                  0.000000   19.978880   clock reconvergence pessimism
                                  0.128349   20.107229   library recovery time
                                             20.107229   data required time
---------------------------------------------------------------------------------------------
                                             20.107229   data required time
                                             -4.296693   data arrival time
---------------------------------------------------------------------------------------------
                                             15.810535   slack (MET)


Startpoint: res_n (input port clocked by clk)
Endpoint: _1098_ (recovery check against rising-edge clock clk)
Path Group: asynchronous
Path Type: max

Fanout         Cap        Slew       Delay        Time   Description
---------------------------------------------------------------------------------------------
                                  0.000000    0.000000   clock clk (rise edge)
                                  0.000000    0.000000   clock network delay (propagated)
                                  4.000000    4.000000 ^ input external delay
     1    0.003493    0.016407    0.009104    4.009104 ^ res_n (in)
                                                         res_n (net)
                      0.016409    0.000000    4.009104 ^ input43/A (sky130_fd_sc_hd__buf_1)
     2    0.013486    0.122283    0.110420    4.119524 ^ input43/X (sky130_fd_sc_hd__buf_1)
                                                         net43 (net)
                      0.122293    0.000936    4.120460 ^ fanout245/A (sky130_fd_sc_hd__clkbuf_4)
    10    0.050333    0.119187    0.173882    4.294343 ^ fanout245/X (sky130_fd_sc_hd__clkbuf_4)
                                                         net245 (net)
                      0.119245    0.002172    4.296515 ^ _1098_/RESET_B (sky130_fd_sc_hd__dfrtp_1)
                                              4.296515   data arrival time

                                 20.000000   20.000000   clock clk (rise edge)
                                  0.000000   20.000000   clock source latency
     1    0.016820    0.060981    0.042210   20.042210 ^ clk (in)
                                                         clk (net)
                      0.061053    0.000000   20.042210 ^ clkbuf_0_clk/A (sky130_fd_sc_hd__clkbuf_16)
     2    0.019386    0.030991    0.092220   20.134430 ^ clkbuf_0_clk/X (sky130_fd_sc_hd__clkbuf_16)
                                                         clknet_0_clk (net)
                      0.031010    0.001238   20.135668 ^ clkbuf_1_0__f_clk/A (sky130_fd_sc_hd__clkbuf_16)
    10    0.030098    0.038443    0.090340   20.226007 ^ clkbuf_1_0__f_clk/X (sky130_fd_sc_hd__clkbuf_16)
                                                         clknet_1_0__leaf_clk (net)
                      0.038806    0.002904   20.228912 ^ _1098_/CLK (sky130_fd_sc_hd__dfrtp_1)
                                 -0.250000   19.978914   clock uncertainty
                                  0.000000   19.978914   clock reconvergence pessimism
                                  0.128352   20.107265   library recovery time
                                             20.107265   data required time
---------------------------------------------------------------------------------------------
                                             20.107265   data required time
                                             -4.296515   data arrival time
---------------------------------------------------------------------------------------------
                                             15.810752   slack (MET)


Startpoint: res_n (input port clocked by clk)
Endpoint: _1103_ (recovery check against rising-edge clock clk)
Path Group: asynchronous
Path Type: max

Fanout         Cap        Slew       Delay        Time   Description
---------------------------------------------------------------------------------------------
                                  0.000000    0.000000   clock clk (rise edge)
                                  0.000000    0.000000   clock network delay (propagated)
                                  4.000000    4.000000 ^ input external delay
     1    0.003493    0.016407    0.009104    4.009104 ^ res_n (in)
                                                         res_n (net)
                      0.016409    0.000000    4.009104 ^ input43/A (sky130_fd_sc_hd__buf_1)
     2    0.013486    0.122283    0.110420    4.119524 ^ input43/X (sky130_fd_sc_hd__buf_1)
                                                         net43 (net)
                      0.122300    0.001185    4.120710 ^ fanout246/A (sky130_fd_sc_hd__clkbuf_4)
     9    0.048835    0.115964    0.172083    4.292792 ^ fanout246/X (sky130_fd_sc_hd__clkbuf_4)
                                                         net246 (net)
                      0.116173    0.004011    4.296803 ^ _1103_/RESET_B (sky130_fd_sc_hd__dfrtp_1)
                                              4.296803   data arrival time

                                 20.000000   20.000000   clock clk (rise edge)
                                  0.000000   20.000000   clock source latency
     1    0.016820    0.060981    0.042210   20.042210 ^ clk (in)
                                                         clk (net)
                      0.061053    0.000000   20.042210 ^ clkbuf_0_clk/A (sky130_fd_sc_hd__clkbuf_16)
     2    0.019386    0.030991    0.092220   20.134430 ^ clkbuf_0_clk/X (sky130_fd_sc_hd__clkbuf_16)
                                                         clknet_0_clk (net)
                      0.031007    0.001126   20.135555 ^ clkbuf_1_1__f_clk/A (sky130_fd_sc_hd__clkbuf_16)
    10    0.036003    0.042228    0.094438   20.229994 ^ clkbuf_1_1__f_clk/X (sky130_fd_sc_hd__clkbuf_16)
                                                         clknet_1_1__leaf_clk (net)
                      0.042286    0.001030   20.231024 ^ _1103_/CLK (sky130_fd_sc_hd__dfrtp_1)
                                 -0.250000   19.981026   clock uncertainty
                                  0.000000   19.981026   clock reconvergence pessimism
                                  0.129458   20.110485   library recovery time
                                             20.110485   data required time
---------------------------------------------------------------------------------------------
                                             20.110485   data required time
                                             -4.296803   data arrival time
---------------------------------------------------------------------------------------------
                                             15.813682   slack (MET)


Startpoint: res_n (input port clocked by clk)
Endpoint: _1102_ (recovery check against rising-edge clock clk)
Path Group: asynchronous
Path Type: max

Fanout         Cap        Slew       Delay        Time   Description
---------------------------------------------------------------------------------------------
                                  0.000000    0.000000   clock clk (rise edge)
                                  0.000000    0.000000   clock network delay (propagated)
                                  4.000000    4.000000 ^ input external delay
     1    0.003493    0.016407    0.009104    4.009104 ^ res_n (in)
                                                         res_n (net)
                      0.016409    0.000000    4.009104 ^ input43/A (sky130_fd_sc_hd__buf_1)
     2    0.013486    0.122283    0.110420    4.119524 ^ input43/X (sky130_fd_sc_hd__buf_1)
                                                         net43 (net)
                      0.122300    0.001185    4.120710 ^ fanout246/A (sky130_fd_sc_hd__clkbuf_4)
     9    0.048835    0.115964    0.172083    4.292792 ^ fanout246/X (sky130_fd_sc_hd__clkbuf_4)
                                                         net246 (net)
                      0.116183    0.004105    4.296897 ^ _1102_/RESET_B (sky130_fd_sc_hd__dfrtp_1)
                                              4.296897   data arrival time

                                 20.000000   20.000000   clock clk (rise edge)
                                  0.000000   20.000000   clock source latency
     1    0.016820    0.060981    0.042210   20.042210 ^ clk (in)
                                                         clk (net)
                      0.061053    0.000000   20.042210 ^ clkbuf_0_clk/A (sky130_fd_sc_hd__clkbuf_16)
     2    0.019386    0.030991    0.092220   20.134430 ^ clkbuf_0_clk/X (sky130_fd_sc_hd__clkbuf_16)
                                                         clknet_0_clk (net)
                      0.031007    0.001126   20.135555 ^ clkbuf_1_1__f_clk/A (sky130_fd_sc_hd__clkbuf_16)
    10    0.036003    0.042228    0.094438   20.229994 ^ clkbuf_1_1__f_clk/X (sky130_fd_sc_hd__clkbuf_16)
                                                         clknet_1_1__leaf_clk (net)
                      0.042307    0.001254   20.231249 ^ _1102_/CLK (sky130_fd_sc_hd__dfrtp_1)
                                 -0.250000   19.981249   clock uncertainty
                                  0.000000   19.981249   clock reconvergence pessimism
                                  0.129460   20.110708   library recovery time
                                             20.110708   data required time
---------------------------------------------------------------------------------------------
                                             20.110708   data required time
                                             -4.296897   data arrival time
---------------------------------------------------------------------------------------------
                                             15.813811   slack (MET)


Startpoint: res_n (input port clocked by clk)
Endpoint: _1104_ (recovery check against rising-edge clock clk)
Path Group: asynchronous
Path Type: max

Fanout         Cap        Slew       Delay        Time   Description
---------------------------------------------------------------------------------------------
                                  0.000000    0.000000   clock clk (rise edge)
                                  0.000000    0.000000   clock network delay (propagated)
                                  4.000000    4.000000 ^ input external delay
     1    0.003493    0.016407    0.009104    4.009104 ^ res_n (in)
                                                         res_n (net)
                      0.016409    0.000000    4.009104 ^ input43/A (sky130_fd_sc_hd__buf_1)
     2    0.013486    0.122283    0.110420    4.119524 ^ input43/X (sky130_fd_sc_hd__buf_1)
                                                         net43 (net)
                      0.122300    0.001185    4.120710 ^ fanout246/A (sky130_fd_sc_hd__clkbuf_4)
     9    0.048835    0.115964    0.172083    4.292792 ^ fanout246/X (sky130_fd_sc_hd__clkbuf_4)
                                                         net246 (net)
                      0.116175    0.004027    4.296820 ^ _1104_/RESET_B (sky130_fd_sc_hd__dfrtp_1)
                                              4.296820   data arrival time

                                 20.000000   20.000000   clock clk (rise edge)
                                  0.000000   20.000000   clock source latency
     1    0.016820    0.060981    0.042210   20.042210 ^ clk (in)
                                                         clk (net)
                      0.061053    0.000000   20.042210 ^ clkbuf_0_clk/A (sky130_fd_sc_hd__clkbuf_16)
     2    0.019386    0.030991    0.092220   20.134430 ^ clkbuf_0_clk/X (sky130_fd_sc_hd__clkbuf_16)
                                                         clknet_0_clk (net)
                      0.031007    0.001126   20.135555 ^ clkbuf_1_1__f_clk/A (sky130_fd_sc_hd__clkbuf_16)
    10    0.036003    0.042228    0.094438   20.229994 ^ clkbuf_1_1__f_clk/X (sky130_fd_sc_hd__clkbuf_16)
                                                         clknet_1_1__leaf_clk (net)
                      0.042299    0.001169   20.231163 ^ _1104_/CLK (sky130_fd_sc_hd__dfrtp_1)
                                 -0.250000   19.981163   clock uncertainty
                                  0.000000   19.981163   clock reconvergence pessimism
                                  0.129460   20.110622   library recovery time
                                             20.110622   data required time
---------------------------------------------------------------------------------------------
                                             20.110622   data required time
                                             -4.296820   data arrival time
---------------------------------------------------------------------------------------------
                                             15.813804   slack (MET)


Startpoint: res_n (input port clocked by clk)
Endpoint: _0800_ (recovery check against rising-edge clock clk)
Path Group: asynchronous
Path Type: max

Fanout         Cap        Slew       Delay        Time   Description
---------------------------------------------------------------------------------------------
                                  0.000000    0.000000   clock clk (rise edge)
                                  0.000000    0.000000   clock network delay (propagated)
                                  4.000000    4.000000 ^ input external delay
     1    0.003493    0.016407    0.009104    4.009104 ^ res_n (in)
                                                         res_n (net)
                      0.016409    0.000000    4.009104 ^ input43/A (sky130_fd_sc_hd__buf_1)
     2    0.013486    0.122283    0.110420    4.119524 ^ input43/X (sky130_fd_sc_hd__buf_1)
                                                         net43 (net)
                      0.122300    0.001185    4.120710 ^ fanout246/A (sky130_fd_sc_hd__clkbuf_4)
     9    0.048835    0.115964    0.172083    4.292792 ^ fanout246/X (sky130_fd_sc_hd__clkbuf_4)
                                                         net246 (net)
                      0.116149    0.003782    4.296575 ^ _0800_/RESET_B (sky130_fd_sc_hd__dfrtp_1)
                                              4.296575   data arrival time

                                 20.000000   20.000000   clock clk (rise edge)
                                  0.000000   20.000000   clock source latency
     1    0.016820    0.060981    0.042210   20.042210 ^ clk (in)
                                                         clk (net)
                      0.061053    0.000000   20.042210 ^ clkbuf_0_clk/A (sky130_fd_sc_hd__clkbuf_16)
     2    0.019386    0.030991    0.092220   20.134430 ^ clkbuf_0_clk/X (sky130_fd_sc_hd__clkbuf_16)
                                                         clknet_0_clk (net)
                      0.031007    0.001126   20.135555 ^ clkbuf_1_1__f_clk/A (sky130_fd_sc_hd__clkbuf_16)
    10    0.036003    0.042228    0.094438   20.229994 ^ clkbuf_1_1__f_clk/X (sky130_fd_sc_hd__clkbuf_16)
                                                         clknet_1_1__leaf_clk (net)
                      0.042316    0.001357   20.231352 ^ _0800_/CLK (sky130_fd_sc_hd__dfrtp_1)
                                 -0.250000   19.981352   clock uncertainty
                                  0.000000   19.981352   clock reconvergence pessimism
                                  0.129467   20.110821   library recovery time
                                             20.110821   data required time
---------------------------------------------------------------------------------------------
                                             20.110821   data required time
                                             -4.296575   data arrival time
---------------------------------------------------------------------------------------------
                                             15.814244   slack (MET)


Startpoint: res_n (input port clocked by clk)
Endpoint: _0801_ (recovery check against rising-edge clock clk)
Path Group: asynchronous
Path Type: max

Fanout         Cap        Slew       Delay        Time   Description
---------------------------------------------------------------------------------------------
                                  0.000000    0.000000   clock clk (rise edge)
                                  0.000000    0.000000   clock network delay (propagated)
                                  4.000000    4.000000 ^ input external delay
     1    0.003493    0.016407    0.009104    4.009104 ^ res_n (in)
                                                         res_n (net)
                      0.016409    0.000000    4.009104 ^ input43/A (sky130_fd_sc_hd__buf_1)
     2    0.013486    0.122283    0.110420    4.119524 ^ input43/X (sky130_fd_sc_hd__buf_1)
                                                         net43 (net)
                      0.122300    0.001185    4.120710 ^ fanout246/A (sky130_fd_sc_hd__clkbuf_4)
     9    0.048835    0.115964    0.172083    4.292792 ^ fanout246/X (sky130_fd_sc_hd__clkbuf_4)
                                                         net246 (net)
                      0.116152    0.003807    4.296600 ^ _0801_/RESET_B (sky130_fd_sc_hd__dfrtp_1)
                                              4.296600   data arrival time

                                 20.000000   20.000000   clock clk (rise edge)
                                  0.000000   20.000000   clock source latency
     1    0.016820    0.060981    0.042210   20.042210 ^ clk (in)
                                                         clk (net)
                      0.061053    0.000000   20.042210 ^ clkbuf_0_clk/A (sky130_fd_sc_hd__clkbuf_16)
     2    0.019386    0.030991    0.092220   20.134430 ^ clkbuf_0_clk/X (sky130_fd_sc_hd__clkbuf_16)
                                                         clknet_0_clk (net)
                      0.031007    0.001126   20.135555 ^ clkbuf_1_1__f_clk/A (sky130_fd_sc_hd__clkbuf_16)
    10    0.036003    0.042228    0.094438   20.229994 ^ clkbuf_1_1__f_clk/X (sky130_fd_sc_hd__clkbuf_16)
                                                         clknet_1_1__leaf_clk (net)
                      0.042326    0.001455   20.231449 ^ _0801_/CLK (sky130_fd_sc_hd__dfrtp_1)
                                 -0.250000   19.981449   clock uncertainty
                                  0.000000   19.981449   clock reconvergence pessimism
                                  0.129468   20.110918   library recovery time
                                             20.110918   data required time
---------------------------------------------------------------------------------------------
                                             20.110918   data required time
                                             -4.296600   data arrival time
---------------------------------------------------------------------------------------------
                                             15.814320   slack (MET)


Startpoint: res_n (input port clocked by clk)
Endpoint: _0802_ (recovery check against rising-edge clock clk)
Path Group: asynchronous
Path Type: max

Fanout         Cap        Slew       Delay        Time   Description
---------------------------------------------------------------------------------------------
                                  0.000000    0.000000   clock clk (rise edge)
                                  0.000000    0.000000   clock network delay (propagated)
                                  4.000000    4.000000 ^ input external delay
     1    0.003493    0.016407    0.009104    4.009104 ^ res_n (in)
                                                         res_n (net)
                      0.016409    0.000000    4.009104 ^ input43/A (sky130_fd_sc_hd__buf_1)
     2    0.013486    0.122283    0.110420    4.119524 ^ input43/X (sky130_fd_sc_hd__buf_1)
                                                         net43 (net)
                      0.122300    0.001185    4.120710 ^ fanout246/A (sky130_fd_sc_hd__clkbuf_4)
     9    0.048835    0.115964    0.172083    4.292792 ^ fanout246/X (sky130_fd_sc_hd__clkbuf_4)
                                                         net246 (net)
                      0.116091    0.003154    4.295947 ^ _0802_/RESET_B (sky130_fd_sc_hd__dfrtp_1)
                                              4.295947   data arrival time

                                 20.000000   20.000000   clock clk (rise edge)
                                  0.000000   20.000000   clock source latency
     1    0.016820    0.060981    0.042210   20.042210 ^ clk (in)
                                                         clk (net)
                      0.061053    0.000000   20.042210 ^ clkbuf_0_clk/A (sky130_fd_sc_hd__clkbuf_16)
     2    0.019386    0.030991    0.092220   20.134430 ^ clkbuf_0_clk/X (sky130_fd_sc_hd__clkbuf_16)
                                                         clknet_0_clk (net)
                      0.031007    0.001126   20.135555 ^ clkbuf_1_1__f_clk/A (sky130_fd_sc_hd__clkbuf_16)
    10    0.036003    0.042228    0.094438   20.229994 ^ clkbuf_1_1__f_clk/X (sky130_fd_sc_hd__clkbuf_16)
                                                         clknet_1_1__leaf_clk (net)
                      0.042280    0.000965   20.230959 ^ _0802_/CLK (sky130_fd_sc_hd__dfrtp_1)
                                 -0.250000   19.980959   clock uncertainty
                                  0.000000   19.980959   clock reconvergence pessimism
                                  0.129473   20.110434   library recovery time
                                             20.110434   data required time
---------------------------------------------------------------------------------------------
                                             20.110434   data required time
                                             -4.295947   data arrival time
---------------------------------------------------------------------------------------------
                                             15.814487   slack (MET)


Startpoint: res_n (input port clocked by clk)
Endpoint: _0798_ (recovery check against rising-edge clock clk)
Path Group: asynchronous
Path Type: max

Fanout         Cap        Slew       Delay        Time   Description
---------------------------------------------------------------------------------------------
                                  0.000000    0.000000   clock clk (rise edge)
                                  0.000000    0.000000   clock network delay (propagated)
                                  4.000000    4.000000 ^ input external delay
     1    0.003493    0.016407    0.009104    4.009104 ^ res_n (in)
                                                         res_n (net)
                      0.016409    0.000000    4.009104 ^ input43/A (sky130_fd_sc_hd__buf_1)
     2    0.013486    0.122283    0.110420    4.119524 ^ input43/X (sky130_fd_sc_hd__buf_1)
                                                         net43 (net)
                      0.122300    0.001185    4.120710 ^ fanout246/A (sky130_fd_sc_hd__clkbuf_4)
     9    0.048835    0.115964    0.172083    4.292792 ^ fanout246/X (sky130_fd_sc_hd__clkbuf_4)
                                                         net246 (net)
                      0.116080    0.003017    4.295809 ^ _0798_/RESET_B (sky130_fd_sc_hd__dfrtp_1)
                                              4.295809   data arrival time

                                 20.000000   20.000000   clock clk (rise edge)
                                  0.000000   20.000000   clock source latency
     1    0.016820    0.060981    0.042210   20.042210 ^ clk (in)
                                                         clk (net)
                      0.061053    0.000000   20.042210 ^ clkbuf_0_clk/A (sky130_fd_sc_hd__clkbuf_16)
     2    0.019386    0.030991    0.092220   20.134430 ^ clkbuf_0_clk/X (sky130_fd_sc_hd__clkbuf_16)
                                                         clknet_0_clk (net)
                      0.031007    0.001126   20.135555 ^ clkbuf_1_1__f_clk/A (sky130_fd_sc_hd__clkbuf_16)
    10    0.036003    0.042228    0.094438   20.229994 ^ clkbuf_1_1__f_clk/X (sky130_fd_sc_hd__clkbuf_16)
                                                         clknet_1_1__leaf_clk (net)
                      0.042346    0.001648   20.231642 ^ _0798_/CLK (sky130_fd_sc_hd__dfrtp_1)
                                 -0.250000   19.981644   clock uncertainty
                                  0.000000   19.981644   clock reconvergence pessimism
                                  0.129485   20.111128   library recovery time
                                             20.111128   data required time
---------------------------------------------------------------------------------------------
                                             20.111128   data required time
                                             -4.295809   data arrival time
---------------------------------------------------------------------------------------------
                                             15.815317   slack (MET)


Startpoint: res_n (input port clocked by clk)
Endpoint: _0797_ (recovery check against rising-edge clock clk)
Path Group: asynchronous
Path Type: max

Fanout         Cap        Slew       Delay        Time   Description
---------------------------------------------------------------------------------------------
                                  0.000000    0.000000   clock clk (rise edge)
                                  0.000000    0.000000   clock network delay (propagated)
                                  4.000000    4.000000 ^ input external delay
     1    0.003493    0.016407    0.009104    4.009104 ^ res_n (in)
                                                         res_n (net)
                      0.016409    0.000000    4.009104 ^ input43/A (sky130_fd_sc_hd__buf_1)
     2    0.013486    0.122283    0.110420    4.119524 ^ input43/X (sky130_fd_sc_hd__buf_1)
                                                         net43 (net)
                      0.122300    0.001185    4.120710 ^ fanout246/A (sky130_fd_sc_hd__clkbuf_4)
     9    0.048835    0.115964    0.172083    4.292792 ^ fanout246/X (sky130_fd_sc_hd__clkbuf_4)
                                                         net246 (net)
                      0.116070    0.002879    4.295671 ^ _0797_/RESET_B (sky130_fd_sc_hd__dfrtp_1)
                                              4.295671   data arrival time

                                 20.000000   20.000000   clock clk (rise edge)
                                  0.000000   20.000000   clock source latency
     1    0.016820    0.060981    0.042210   20.042210 ^ clk (in)
                                                         clk (net)
                      0.061053    0.000000   20.042210 ^ clkbuf_0_clk/A (sky130_fd_sc_hd__clkbuf_16)
     2    0.019386    0.030991    0.092220   20.134430 ^ clkbuf_0_clk/X (sky130_fd_sc_hd__clkbuf_16)
                                                         clknet_0_clk (net)
                      0.031007    0.001126   20.135555 ^ clkbuf_1_1__f_clk/A (sky130_fd_sc_hd__clkbuf_16)
    10    0.036003    0.042228    0.094438   20.229994 ^ clkbuf_1_1__f_clk/X (sky130_fd_sc_hd__clkbuf_16)
                                                         clknet_1_1__leaf_clk (net)
                      0.042356    0.001748   20.231743 ^ _0797_/CLK (sky130_fd_sc_hd__dfrtp_1)
                                 -0.250000   19.981743   clock uncertainty
                                  0.000000   19.981743   clock reconvergence pessimism
                                  0.129488   20.111231   library recovery time
                                             20.111231   data required time
---------------------------------------------------------------------------------------------
                                             20.111231   data required time
                                             -4.295671   data arrival time
---------------------------------------------------------------------------------------------
                                             15.815559   slack (MET)


Startpoint: res_n (input port clocked by clk)
Endpoint: _0799_ (recovery check against rising-edge clock clk)
Path Group: asynchronous
Path Type: max

Fanout         Cap        Slew       Delay        Time   Description
---------------------------------------------------------------------------------------------
                                  0.000000    0.000000   clock clk (rise edge)
                                  0.000000    0.000000   clock network delay (propagated)
                                  4.000000    4.000000 ^ input external delay
     1    0.003493    0.016407    0.009104    4.009104 ^ res_n (in)
                                                         res_n (net)
                      0.016409    0.000000    4.009104 ^ input43/A (sky130_fd_sc_hd__buf_1)
     2    0.013486    0.122283    0.110420    4.119524 ^ input43/X (sky130_fd_sc_hd__buf_1)
                                                         net43 (net)
                      0.122300    0.001185    4.120710 ^ fanout246/A (sky130_fd_sc_hd__clkbuf_4)
     9    0.048835    0.115964    0.172083    4.292792 ^ fanout246/X (sky130_fd_sc_hd__clkbuf_4)
                                                         net246 (net)
                      0.116020    0.002117    4.294910 ^ _0799_/RESET_B (sky130_fd_sc_hd__dfrtp_1)
                                              4.294910   data arrival time

                                 20.000000   20.000000   clock clk (rise edge)
                                  0.000000   20.000000   clock source latency
     1    0.016820    0.060981    0.042210   20.042210 ^ clk (in)
                                                         clk (net)
                      0.061053    0.000000   20.042210 ^ clkbuf_0_clk/A (sky130_fd_sc_hd__clkbuf_16)
     2    0.019386    0.030991    0.092220   20.134430 ^ clkbuf_0_clk/X (sky130_fd_sc_hd__clkbuf_16)
                                                         clknet_0_clk (net)
                      0.031007    0.001126   20.135555 ^ clkbuf_1_1__f_clk/A (sky130_fd_sc_hd__clkbuf_16)
    10    0.036003    0.042228    0.094438   20.229994 ^ clkbuf_1_1__f_clk/X (sky130_fd_sc_hd__clkbuf_16)
                                                         clknet_1_1__leaf_clk (net)
                      0.042334    0.001531   20.231525 ^ _0799_/CLK (sky130_fd_sc_hd__dfrtp_1)
                                 -0.250000   19.981525   clock uncertainty
                                  0.000000   19.981525   clock reconvergence pessimism
                                  0.129494   20.111021   library recovery time
                                             20.111021   data required time
---------------------------------------------------------------------------------------------
                                             20.111021   data required time
                                             -4.294910   data arrival time
---------------------------------------------------------------------------------------------
                                             15.816112   slack (MET)



